Timestamp;MoveID;SelectedColor;Score;FreeSlots;UnblockValue;TargetBus;Status
13:56:07;1;RGBA(0.055, 0.218, 0.753, 0.000);50000,00;5;7000,00;RGBA(0.055, 0.218, 0.753, 0.000);Executed
13:56:07;2;RGBA(0.055, 0.218, 0.753, 0.000);50000,00;5;7000,00;RGBA(0.055, 0.218, 0.753, 0.000);Executed
13:56:08;3;RGBA(0.055, 0.218, 0.753, 0.000);50000,00;5;7000,00;RGBA(0.055, 0.218, 0.753, 0.000);Executed
13:56:09;4;RGBA(0.753, 0.055, 0.736, 0.000);50100,00;5;0,00;RGBA(0.753, 0.055, 0.736, 0.000);Executed
13:56:09;5;RGBA(0.753, 0.055, 0.736, 0.000);50100,00;5;0,00;RGBA(0.753, 0.055, 0.736, 0.000);Executed
13:56:09;6;RGBA(0.753, 0.055, 0.736, 0.000);50100,00;5;0,00;RGBA(0.753, 0.055, 0.736, 0.000);Executed
13:56:11;7;RGBA(0.755, 0.055, 0.055, 0.000);50000,00;5;20000,00;RGBA(0.755, 0.055, 0.055, 0.000);Executed
13:56:11;8;RGBA(0.755, 0.055, 0.055, 0.000);50100,00;5;20000,00;RGBA(0.755, 0.055, 0.055, 0.000);Executed
13:56:11;9;RGBA(0.755, 0.055, 0.055, 0.000);50200,00;5;0,00;RGBA(0.755, 0.055, 0.055, 0.000);Executed
13:56:12;10;RGBA(0.055, 0.218, 0.753, 0.000);50200,00;5;0,00;RGBA(0.055, 0.218, 0.753, 0.000);Executed
13:56:13;11;RGBA(0.055, 0.218, 0.753, 0.000);50100,00;5;0,00;RGBA(0.055, 0.218, 0.753, 0.000);Executed
13:56:13;12;RGBA(0.055, 0.218, 0.753, 0.000);50000,00;5;0,00;RGBA(0.055, 0.218, 0.753, 0.000);Executed
13:56:14;13;RGBA(0.753, 0.055, 0.736, 0.000);50000,00;5;7000,00;RGBA(0.753, 0.055, 0.736, 0.000);Executed
13:56:14;14;RGBA(0.085, 0.753, 0.055, 0.000);28700,00;5;20000,00;RGBA(0.753, 0.055, 0.736, 0.000);Executed
13:56:15;15;RGBA(0.753, 0.055, 0.736, 0.000);50200,00;4;0,00;RGBA(0.753, 0.055, 0.736, 0.000);Executed
13:56:15;16;RGBA(0.753, 0.055, 0.736, 0.000);50100,00;4;7000,00;RGBA(0.753, 0.055, 0.736, 0.000);Executed
13:56:16;17;RGBA(0.085, 0.753, 0.055, 0.000);50200,00;5;0,00;RGBA(0.085, 0.753, 0.055, 0.000);Executed
13:56:16;18;RGBA(0.085, 0.753, 0.055, 0.000);50000,00;5;0,00;RGBA(0.085, 0.753, 0.055, 0.000);Executed
13:56:18;19;RGBA(0.755, 0.055, 0.055, 0.000);50000,00;5;20000,00;RGBA(0.755, 0.055, 0.055, 0.000);Executed
13:56:18;20;RGBA(0.755, 0.055, 0.055, 0.000);50100,00;5;20000,00;RGBA(0.755, 0.055, 0.055, 0.000);Executed
13:56:18;21;RGBA(0.755, 0.055, 0.055, 0.000);50200,00;5;0,00;RGBA(0.755, 0.055, 0.055, 0.000);Executed
13:56:19;22;RGBA(0.753, 0.055, 0.736, 0.000);50000,00;5;7000,00;RGBA(0.753, 0.055, 0.736, 0.000);Executed
13:56:20;23;RGBA(0.753, 0.055, 0.736, 0.000);50000,00;5;20000,00;RGBA(0.753, 0.055, 0.736, 0.000);Executed
13:56:20;24;RGBA(0.753, 0.055, 0.736, 0.000);50100,00;5;7000,00;RGBA(0.753, 0.055, 0.736, 0.000);Executed
13:56:21;25;RGBA(0.968, 1.000, 0.000, 0.000);50200,00;5;0,00;RGBA(0.968, 1.000, 0.000, 0.000);Executed
13:56:21;26;RGBA(0.968, 1.000, 0.000, 0.000);50200,00;5;0,00;RGBA(0.968, 1.000, 0.000, 0.000);Executed
13:56:22;27;RGBA(0.968, 1.000, 0.000, 0.000);50100,00;5;0,00;RGBA(0.968, 1.000, 0.000, 0.000);Executed
13:56:23;28;RGBA(0.085, 0.753, 0.055, 0.000);50000,00;5;0,00;RGBA(0.085, 0.753, 0.055, 0.000);Executed
13:56:23;29;RGBA(0.753, 0.055, 0.736, 0.000);20600,00;5;20000,00;RGBA(0.085, 0.753, 0.055, 0.000);Executed
13:56:23;30;RGBA(0.085, 0.753, 0.055, 0.000);50100,00;4;20000,00;RGBA(0.085, 0.753, 0.055, 0.000);Executed
13:56:24;31;RGBA(0.085, 0.753, 0.055, 0.000);50200,00;4;0,00;RGBA(0.085, 0.753, 0.055, 0.000);Executed
13:56:25;32;RGBA(0.969, 0.619, 0.143, 0.000);50200,00;4;0,00;RGBA(0.969, 0.619, 0.143, 0.000);Executed
13:56:25;33;RGBA(0.969, 0.619, 0.143, 0.000);50100,00;4;0,00;RGBA(0.969, 0.619, 0.143, 0.000);Executed
13:56:26;34;RGBA(0.969, 0.619, 0.143, 0.000);50000,00;4;0,00;RGBA(0.969, 0.619, 0.143, 0.000);Executed
13:56:27;35;RGBA(0.753, 0.055, 0.736, 0.000);50300,00;5;0,00;RGBA(0.753, 0.055, 0.736, 0.000);Executed
13:56:27;36;RGBA(0.753, 0.055, 0.736, 0.000);50000,00;5;7000,00;RGBA(0.753, 0.055, 0.736, 0.000);Executed
13:56:28;37;RGBA(0.968, 1.000, 0.000, 0.000);50300,00;5;0,00;RGBA(0.968, 1.000, 0.000, 0.000);Executed
13:56:28;38;RGBA(0.968, 1.000, 0.000, 0.000);50100,00;5;0,00;RGBA(0.968, 1.000, 0.000, 0.000);Executed
13:56:28;39;RGBA(0.968, 1.000, 0.000, 0.000);50100,00;5;0,00;RGBA(0.968, 1.000, 0.000, 0.000);Executed
13:56:30;40;RGBA(0.755, 0.055, 0.055, 0.000);50200,00;5;0,00;RGBA(0.755, 0.055, 0.055, 0.000);Executed
13:56:30;41;RGBA(0.755, 0.055, 0.055, 0.000);50000,00;5;7000,00;RGBA(0.755, 0.055, 0.055, 0.000);Executed
13:56:30;42;RGBA(0.055, 0.218, 0.753, 0.000);21500,00;5;20000,00;RGBA(0.755, 0.055, 0.055, 0.000);Executed
13:56:31;43;RGBA(0.755, 0.055, 0.055, 0.000);50400,00;4;7000,00;RGBA(0.755, 0.055, 0.055, 0.000);Executed
13:56:32;44;RGBA(0.968, 1.000, 0.000, 0.000);50500,00;4;0,00;RGBA(0.968, 1.000, 0.000, 0.000);Executed
13:56:32;45;RGBA(0.968, 1.000, 0.000, 0.000);50300,00;4;7000,00;RGBA(0.968, 1.000, 0.000, 0.000);Executed
13:56:32;46;RGBA(0.968, 1.000, 0.000, 0.000);50300,00;4;7000,00;RGBA(0.968, 1.000, 0.000, 0.000);Executed
13:56:33;47;RGBA(0.968, 1.000, 0.000, 0.000);50200,00;4;7000,00;RGBA(0.968, 1.000, 0.000, 0.000);Executed
13:56:34;48;RGBA(0.969, 0.619, 0.143, 0.000);50500,00;4;0,00;RGBA(0.969, 0.619, 0.143, 0.000);Executed
13:56:34;49;RGBA(0.969, 0.619, 0.143, 0.000);50400,00;4;0,00;RGBA(0.969, 0.619, 0.143, 0.000);Executed
13:56:34;50;RGBA(0.969, 0.619, 0.143, 0.000);50400,00;4;0,00;RGBA(0.969, 0.619, 0.143, 0.000);Executed
13:56:35;51;RGBA(0.969, 0.619, 0.143, 0.000);50300,00;4;0,00;RGBA(0.969, 0.619, 0.143, 0.000);Executed
13:56:36;52;RGBA(0.000, 0.000, 0.000, 0.000);50300,00;4;0,00;RGBA(0.000, 0.000, 0.000, 0.000);Executed
13:56:36;53;RGBA(0.000, 0.000, 0.000, 0.000);50300,00;4;0,00;RGBA(0.000, 0.000, 0.000, 0.000);Executed
13:56:37;54;RGBA(0.000, 0.000, 0.000, 0.000);50100,00;4;0,00;RGBA(0.000, 0.000, 0.000, 0.000);Executed
13:56:38;55;RGBA(0.755, 0.055, 0.055, 0.000);50200,00;4;0,00;RGBA(0.755, 0.055, 0.055, 0.000);Executed
13:56:38;56;RGBA(0.058, 0.799, 0.659, 0.000);20900,00;4;20000,00;RGBA(0.755, 0.055, 0.055, 0.000);Executed
13:56:38;57;RGBA(0.755, 0.055, 0.055, 0.000);50400,00;3;0,00;RGBA(0.755, 0.055, 0.055, 0.000);Executed
13:56:39;58;RGBA(0.055, 0.218, 0.753, 0.000);9500,00;3;0,00;RGBA(0.755, 0.055, 0.055, 0.000);Executed
13:56:39;59;RGBA(0.055, 0.218, 0.753, 0.000);9200,00;3;0,00;RGBA(0.755, 0.055, 0.055, 0.000);Executed
13:56:39;60;RGBA(0.055, 0.218, 0.753, 0.000);9200,00;2;0,00;RGBA(0.755, 0.055, 0.055, 0.000);Executed
13:56:40;61;RGBA(0.055, 0.218, 0.753, 0.000);8800,00;2;0,00;RGBA(0.755, 0.055, 0.055, 0.000);Executed
13:56:40;62;RGBA(0.969, 0.619, 0.143, 0.000);-1000000,00;1;0,00;RGBA(0.755, 0.055, 0.055, 0.000);Rejected_Deadlock_Avoidance
13:56:40;63;RGBA(0.969, 0.619, 0.143, 0.000);-1000000,00;1;0,00;RGBA(0.755, 0.055, 0.055, 0.000);Rejected_Deadlock_Avoidance
13:56:40;64;RGBA(0.969, 0.619, 0.143, 0.000);-1000000,00;1;0,00;RGBA(0.755, 0.055, 0.055, 0.000);Rejected_Deadlock_Avoidance
13:56:40;65;RGBA(0.969, 0.619, 0.143, 0.000);-1000000,00;1;0,00;RGBA(0.755, 0.055, 0.055, 0.000);Rejected_Deadlock_Avoidance
13:56:40;66;RGBA(0.969, 0.619, 0.143, 0.000);-1000000,00;1;0,00;RGBA(0.755, 0.055, 0.055, 0.000);Rejected_Deadlock_Avoidance
13:56:40;67;RGBA(0.969, 0.619, 0.143, 0.000);-1000000,00;1;0,00;RGBA(0.755, 0.055, 0.055, 0.000);Rejected_Deadlock_Avoidance
13:56:40;68;RGBA(0.969, 0.619, 0.143, 0.000);-1000000,00;1;0,00;RGBA(0.755, 0.055, 0.055, 0.000);Rejected_Deadlock_Avoidance
13:56:40;69;RGBA(0.969, 0.619, 0.143, 0.000);-1000000,00;1;0,00;RGBA(0.755, 0.055, 0.055, 0.000);Rejected_Deadlock_Avoidance
13:56:40;70;RGBA(0.969, 0.619, 0.143, 0.000);-1000000,00;1;0,00;RGBA(0.755, 0.055, 0.055, 0.000);Rejected_Deadlock_Avoidance
13:56:40;71;RGBA(0.969, 0.619, 0.143, 0.000);-1000000,00;1;0,00;RGBA(0.755, 0.055, 0.055, 0.000);Rejected_Deadlock_Avoidance
13:56:40;72;RGBA(0.969, 0.619, 0.143, 0.000);-1000000,00;1;0,00;RGBA(0.755, 0.055, 0.055, 0.000);Rejected_Deadlock_Avoidance
13:56:40;73;RGBA(0.969, 0.619, 0.143, 0.000);-1000000,00;1;0,00;RGBA(0.755, 0.055, 0.055, 0.000);Rejected_Deadlock_Avoidance
13:56:40;74;RGBA(0.969, 0.619, 0.143, 0.000);-1000000,00;1;0,00;RGBA(0.755, 0.055, 0.055, 0.000);Rejected_Deadlock_Avoidance
13:56:40;75;RGBA(0.969, 0.619, 0.143, 0.000);-1000000,00;1;0,00;RGBA(0.755, 0.055, 0.055, 0.000);Rejected_Deadlock_Avoidance
13:56:40;76;RGBA(0.969, 0.619, 0.143, 0.000);-1000000,00;1;0,00;RGBA(0.755, 0.055, 0.055, 0.000);Rejected_Deadlock_Avoidance
13:56:40;77;RGBA(0.969, 0.619, 0.143, 0.000);-1000000,00;1;0,00;RGBA(0.755, 0.055, 0.055, 0.000);Rejected_Deadlock_Avoidance
13:56:40;78;RGBA(0.969, 0.619, 0.143, 0.000);-1000000,00;1;0,00;RGBA(0.755, 0.055, 0.055, 0.000);Rejected_Deadlock_Avoidance
13:56:40;79;RGBA(0.969, 0.619, 0.143, 0.000);-1000000,00;1;0,00;RGBA(0.755, 0.055, 0.055, 0.000);Rejected_Deadlock_Avoidance
13:56:40;80;RGBA(0.969, 0.619, 0.143, 0.000);-1000000,00;1;0,00;RGBA(0.755, 0.055, 0.055, 0.000);Rejected_Deadlock_Avoidance
13:56:40;81;RGBA(0.969, 0.619, 0.143, 0.000);-1000000,00;1;0,00;RGBA(0.755, 0.055, 0.055, 0.000);Rejected_Deadlock_Avoidance
13:56:40;82;RGBA(0.969, 0.619, 0.143, 0.000);-1000000,00;1;0,00;RGBA(0.755, 0.055, 0.055, 0.000);Rejected_Deadlock_Avoidance
13:56:40;83;RGBA(0.969, 0.619, 0.143, 0.000);-1000000,00;1;0,00;RGBA(0.755, 0.055, 0.055, 0.000);Rejected_Deadlock_Avoidance
13:56:40;84;RGBA(0.969, 0.619, 0.143, 0.000);-1000000,00;1;0,00;RGBA(0.755, 0.055, 0.055, 0.000);Rejected_Deadlock_Avoidance
13:56:40;85;RGBA(0.969, 0.619, 0.143, 0.000);-1000000,00;1;0,00;RGBA(0.755, 0.055, 0.055, 0.000);Rejected_Deadlock_Avoidance
13:56:40;86;RGBA(0.969, 0.619, 0.143, 0.000);-1000000,00;1;0,00;RGBA(0.755, 0.055, 0.055, 0.000);Rejected_Deadlock_Avoidance
13:56:40;87;RGBA(0.969, 0.619, 0.143, 0.000);-1000000,00;1;0,00;RGBA(0.755, 0.055, 0.055, 0.000);Rejected_Deadlock_Avoidance
13:56:40;88;RGBA(0.969, 0.619, 0.143, 0.000);-1000000,00;1;0,00;RGBA(0.755, 0.055, 0.055, 0.000);Rejected_Deadlock_Avoidance
13:56:40;89;RGBA(0.969, 0.619, 0.143, 0.000);-1000000,00;1;0,00;RGBA(0.755, 0.055, 0.055, 0.000);Rejected_Deadlock_Avoidance
13:56:40;90;RGBA(0.969, 0.619, 0.143, 0.000);-1000000,00;1;0,00;RGBA(0.755, 0.055, 0.055, 0.000);Rejected_Deadlock_Avoidance
13:56:40;91;RGBA(0.969, 0.619, 0.143, 0.000);-1000000,00;1;0,00;RGBA(0.755, 0.055, 0.055, 0.000);Rejected_Deadlock_Avoidance
13:56:40;92;RGBA(0.969, 0.619, 0.143, 0.000);-1000000,00;1;0,00;RGBA(0.755, 0.055, 0.055, 0.000);Rejected_Deadlock_Avoidance
13:56:40;93;RGBA(0.969, 0.619, 0.143, 0.000);-1000000,00;1;0,00;RGBA(0.755, 0.055, 0.055, 0.000);Rejected_Deadlock_Avoidance
13:56:40;94;RGBA(0.969, 0.619, 0.143, 0.000);-1000000,00;1;0,00;RGBA(0.755, 0.055, 0.055, 0.000);Rejected_Deadlock_Avoidance
13:56:40;95;RGBA(0.969, 0.619, 0.143, 0.000);-1000000,00;1;0,00;RGBA(0.755, 0.055, 0.055, 0.000);Rejected_Deadlock_Avoidance
13:56:40;96;RGBA(0.969, 0.619, 0.143, 0.000);-1000000,00;1;0,00;RGBA(0.755, 0.055, 0.055, 0.000);Rejected_Deadlock_Avoidance
13:56:40;97;RGBA(0.969, 0.619, 0.143, 0.000);-1000000,00;1;0,00;RGBA(0.755, 0.055, 0.055, 0.000);Rejected_Deadlock_Avoidance
13:56:40;98;RGBA(0.969, 0.619, 0.143, 0.000);-1000000,00;1;0,00;RGBA(0.755, 0.055, 0.055, 0.000);Rejected_Deadlock_Avoidance
13:56:40;99;RGBA(0.969, 0.619, 0.143, 0.000);-1000000,00;1;0,00;RGBA(0.755, 0.055, 0.055, 0.000);Rejected_Deadlock_Avoidance
13:56:40;100;RGBA(0.969, 0.619, 0.143, 0.000);-1000000,00;1;0,00;RGBA(0.755, 0.055, 0.055, 0.000);Rejected_Deadlock_Avoidance
13:56:40;101;RGBA(0.969, 0.619, 0.143, 0.000);-1000000,00;1;0,00;RGBA(0.755, 0.055, 0.055, 0.000);Rejected_Deadlock_Avoidance
13:56:40;102;RGBA(0.969, 0.619, 0.143, 0.000);-1000000,00;1;0,00;RGBA(0.755, 0.055, 0.055, 0.000);Rejected_Deadlock_Avoidance
13:56:40;103;RGBA(0.969, 0.619, 0.143, 0.000);-1000000,00;1;0,00;RGBA(0.755, 0.055, 0.055, 0.000);Rejected_Deadlock_Avoidance
13:56:40;104;RGBA(0.969, 0.619, 0.143, 0.000);-1000000,00;1;0,00;RGBA(0.755, 0.055, 0.055, 0.000);Rejected_Deadlock_Avoidance
13:56:40;105;RGBA(0.969, 0.619, 0.143, 0.000);-1000000,00;1;0,00;RGBA(0.755, 0.055, 0.055, 0.000);Rejected_Deadlock_Avoidance
13:56:40;106;RGBA(0.969, 0.619, 0.143, 0.000);-1000000,00;1;0,00;RGBA(0.755, 0.055, 0.055, 0.000);Rejected_Deadlock_Avoidance
13:56:41;107;RGBA(0.969, 0.619, 0.143, 0.000);-1000000,00;1;0,00;RGBA(0.755, 0.055, 0.055, 0.000);Rejected_Deadlock_Avoidance
13:56:41;108;RGBA(0.969, 0.619, 0.143, 0.000);-1000000,00;1;0,00;RGBA(0.755, 0.055, 0.055, 0.000);Rejected_Deadlock_Avoidance
13:56:41;109;RGBA(0.969, 0.619, 0.143, 0.000);-1000000,00;1;0,00;RGBA(0.755, 0.055, 0.055, 0.000);Rejected_Deadlock_Avoidance
13:56:41;110;RGBA(0.969, 0.619, 0.143, 0.000);-1000000,00;1;0,00;RGBA(0.755, 0.055, 0.055, 0.000);Rejected_Deadlock_Avoidance
13:56:41;111;RGBA(0.969, 0.619, 0.143, 0.000);-1000000,00;1;0,00;RGBA(0.755, 0.055, 0.055, 0.000);Rejected_Deadlock_Avoidance
13:56:41;112;RGBA(0.969, 0.619, 0.143, 0.000);-1000000,00;1;0,00;RGBA(0.755, 0.055, 0.055, 0.000);Rejected_Deadlock_Avoidance
13:56:41;113;RGBA(0.969, 0.619, 0.143, 0.000);-1000000,00;1;0,00;RGBA(0.755, 0.055, 0.055, 0.000);Rejected_Deadlock_Avoidance
13:56:41;114;RGBA(0.969, 0.619, 0.143, 0.000);-1000000,00;1;0,00;RGBA(0.755, 0.055, 0.055, 0.000);Rejected_Deadlock_Avoidance
13:56:41;115;RGBA(0.969, 0.619, 0.143, 0.000);-1000000,00;1;0,00;RGBA(0.755, 0.055, 0.055, 0.000);Rejected_Deadlock_Avoidance
13:56:41;116;RGBA(0.969, 0.619, 0.143, 0.000);-1000000,00;1;0,00;RGBA(0.755, 0.055, 0.055, 0.000);Rejected_Deadlock_Avoidance
13:56:41;117;RGBA(0.969, 0.619, 0.143, 0.000);-1000000,00;1;0,00;RGBA(0.755, 0.055, 0.055, 0.000);Rejected_Deadlock_Avoidance
13:56:41;118;RGBA(0.969, 0.619, 0.143, 0.000);-1000000,00;1;0,00;RGBA(0.755, 0.055, 0.055, 0.000);Rejected_Deadlock_Avoidance
13:56:41;119;RGBA(0.969, 0.619, 0.143, 0.000);-1000000,00;1;0,00;RGBA(0.755, 0.055, 0.055, 0.000);Rejected_Deadlock_Avoidance
13:56:41;120;RGBA(0.969, 0.619, 0.143, 0.000);-1000000,00;1;0,00;RGBA(0.755, 0.055, 0.055, 0.000);Rejected_Deadlock_Avoidance
13:56:41;121;RGBA(0.969, 0.619, 0.143, 0.000);-1000000,00;1;0,00;RGBA(0.755, 0.055, 0.055, 0.000);Rejected_Deadlock_Avoidance
13:56:41;122;RGBA(0.969, 0.619, 0.143, 0.000);-1000000,00;1;0,00;RGBA(0.755, 0.055, 0.055, 0.000);Rejected_Deadlock_Avoidance
13:56:41;123;RGBA(0.969, 0.619, 0.143, 0.000);-1000000,00;1;0,00;RGBA(0.755, 0.055, 0.055, 0.000);Rejected_Deadlock_Avoidance
13:56:41;124;RGBA(0.969, 0.619, 0.143, 0.000);-1000000,00;1;0,00;RGBA(0.755, 0.055, 0.055, 0.000);Rejected_Deadlock_Avoidance
13:56:41;125;RGBA(0.969, 0.619, 0.143, 0.000);-1000000,00;1;0,00;RGBA(0.755, 0.055, 0.055, 0.000);Rejected_Deadlock_Avoidance
13:56:41;126;RGBA(0.969, 0.619, 0.143, 0.000);-1000000,00;1;0,00;RGBA(0.755, 0.055, 0.055, 0.000);Rejected_Deadlock_Avoidance
13:56:41;127;RGBA(0.969, 0.619, 0.143, 0.000);-1000000,00;1;0,00;RGBA(0.755, 0.055, 0.055, 0.000);Rejected_Deadlock_Avoidance
13:56:41;128;RGBA(0.969, 0.619, 0.143, 0.000);-1000000,00;1;0,00;RGBA(0.755, 0.055, 0.055, 0.000);Rejected_Deadlock_Avoidance
13:56:41;129;RGBA(0.969, 0.619, 0.143, 0.000);-1000000,00;1;0,00;RGBA(0.755, 0.055, 0.055, 0.000);Rejected_Deadlock_Avoidance
13:56:41;130;RGBA(0.969, 0.619, 0.143, 0.000);-1000000,00;1;0,00;RGBA(0.755, 0.055, 0.055, 0.000);Rejected_Deadlock_Avoidance
13:56:41;131;RGBA(0.969, 0.619, 0.143, 0.000);-1000000,00;1;0,00;RGBA(0.755, 0.055, 0.055, 0.000);Rejected_Deadlock_Avoidance
13:56:41;132;RGBA(0.969, 0.619, 0.143, 0.000);-1000000,00;1;0,00;RGBA(0.755, 0.055, 0.055, 0.000);Rejected_Deadlock_Avoidance
13:56:41;133;RGBA(0.969, 0.619, 0.143, 0.000);-1000000,00;1;0,00;RGBA(0.755, 0.055, 0.055, 0.000);Rejected_Deadlock_Avoidance
13:56:41;134;RGBA(0.969, 0.619, 0.143, 0.000);-1000000,00;1;0,00;RGBA(0.755, 0.055, 0.055, 0.000);Rejected_Deadlock_Avoidance
13:56:41;135;RGBA(0.969, 0.619, 0.143, 0.000);-1000000,00;1;0,00;RGBA(0.755, 0.055, 0.055, 0.000);Rejected_Deadlock_Avoidance
13:56:41;136;RGBA(0.969, 0.619, 0.143, 0.000);-1000000,00;1;0,00;RGBA(0.755, 0.055, 0.055, 0.000);Rejected_Deadlock_Avoidance
13:56:41;137;RGBA(0.969, 0.619, 0.143, 0.000);-1000000,00;1;0,00;RGBA(0.755, 0.055, 0.055, 0.000);Rejected_Deadlock_Avoidance
13:56:41;138;RGBA(0.969, 0.619, 0.143, 0.000);-1000000,00;1;0,00;RGBA(0.755, 0.055, 0.055, 0.000);Rejected_Deadlock_Avoidance
13:56:41;139;RGBA(0.969, 0.619, 0.143, 0.000);-1000000,00;1;0,00;RGBA(0.755, 0.055, 0.055, 0.000);Rejected_Deadlock_Avoidance
13:56:41;140;RGBA(0.969, 0.619, 0.143, 0.000);-1000000,00;1;0,00;RGBA(0.755, 0.055, 0.055, 0.000);Rejected_Deadlock_Avoidance
13:56:41;141;RGBA(0.969, 0.619, 0.143, 0.000);-1000000,00;1;0,00;RGBA(0.755, 0.055, 0.055, 0.000);Rejected_Deadlock_Avoidance
13:56:41;142;RGBA(0.969, 0.619, 0.143, 0.000);-1000000,00;1;0,00;RGBA(0.755, 0.055, 0.055, 0.000);Rejected_Deadlock_Avoidance
13:56:41;143;RGBA(0.969, 0.619, 0.143, 0.000);-1000000,00;1;0,00;RGBA(0.755, 0.055, 0.055, 0.000);Rejected_Deadlock_Avoidance
13:56:41;144;RGBA(0.969, 0.619, 0.143, 0.000);-1000000,00;1;0,00;RGBA(0.755, 0.055, 0.055, 0.000);Rejected_Deadlock_Avoidance
13:56:41;145;RGBA(0.969, 0.619, 0.143, 0.000);-1000000,00;1;0,00;RGBA(0.755, 0.055, 0.055, 0.000);Rejected_Deadlock_Avoidance
13:56:41;146;RGBA(0.969, 0.619, 0.143, 0.000);-1000000,00;1;0,00;RGBA(0.755, 0.055, 0.055, 0.000);Rejected_Deadlock_Avoidance
13:56:41;147;RGBA(0.969, 0.619, 0.143, 0.000);-1000000,00;1;0,00;RGBA(0.755, 0.055, 0.055, 0.000);Rejected_Deadlock_Avoidance
13:56:41;148;RGBA(0.969, 0.619, 0.143, 0.000);-1000000,00;1;0,00;RGBA(0.755, 0.055, 0.055, 0.000);Rejected_Deadlock_Avoidance
13:56:41;149;RGBA(0.969, 0.619, 0.143, 0.000);-1000000,00;1;0,00;RGBA(0.755, 0.055, 0.055, 0.000);Rejected_Deadlock_Avoidance
13:56:41;150;RGBA(0.969, 0.619, 0.143, 0.000);-1000000,00;1;0,00;RGBA(0.755, 0.055, 0.055, 0.000);Rejected_Deadlock_Avoidance
13:56:41;151;RGBA(0.969, 0.619, 0.143, 0.000);-1000000,00;1;0,00;RGBA(0.755, 0.055, 0.055, 0.000);Rejected_Deadlock_Avoidance
13:56:41;152;RGBA(0.969, 0.619, 0.143, 0.000);-1000000,00;1;0,00;RGBA(0.755, 0.055, 0.055, 0.000);Rejected_Deadlock_Avoidance
13:56:41;153;RGBA(0.969, 0.619, 0.143, 0.000);-1000000,00;1;0,00;RGBA(0.755, 0.055, 0.055, 0.000);Rejected_Deadlock_Avoidance
13:56:41;154;RGBA(0.969, 0.619, 0.143, 0.000);-1000000,00;1;0,00;RGBA(0.755, 0.055, 0.055, 0.000);Rejected_Deadlock_Avoidance
13:56:41;155;RGBA(0.969, 0.619, 0.143, 0.000);-1000000,00;1;0,00;RGBA(0.755, 0.055, 0.055, 0.000);Rejected_Deadlock_Avoidance
13:56:41;156;RGBA(0.969, 0.619, 0.143, 0.000);-1000000,00;1;0,00;RGBA(0.755, 0.055, 0.055, 0.000);Rejected_Deadlock_Avoidance
13:56:41;157;RGBA(0.969, 0.619, 0.143, 0.000);-1000000,00;1;0,00;RGBA(0.755, 0.055, 0.055, 0.000);Rejected_Deadlock_Avoidance
13:56:41;158;RGBA(0.969, 0.619, 0.143, 0.000);-1000000,00;1;0,00;RGBA(0.755, 0.055, 0.055, 0.000);Rejected_Deadlock_Avoidance
13:56:41;159;RGBA(0.969, 0.619, 0.143, 0.000);-1000000,00;1;0,00;RGBA(0.755, 0.055, 0.055, 0.000);Rejected_Deadlock_Avoidance
13:56:41;160;RGBA(0.969, 0.619, 0.143, 0.000);-1000000,00;1;0,00;RGBA(0.755, 0.055, 0.055, 0.000);Rejected_Deadlock_Avoidance
13:56:41;161;RGBA(0.969, 0.619, 0.143, 0.000);-1000000,00;1;0,00;RGBA(0.755, 0.055, 0.055, 0.000);Rejected_Deadlock_Avoidance
13:56:41;162;RGBA(0.969, 0.619, 0.143, 0.000);-1000000,00;1;0,00;RGBA(0.755, 0.055, 0.055, 0.000);Rejected_Deadlock_Avoidance
13:56:41;163;RGBA(0.969, 0.619, 0.143, 0.000);-1000000,00;1;0,00;RGBA(0.755, 0.055, 0.055, 0.000);Rejected_Deadlock_Avoidance
13:56:41;164;RGBA(0.969, 0.619, 0.143, 0.000);-1000000,00;1;0,00;RGBA(0.755, 0.055, 0.055, 0.000);Rejected_Deadlock_Avoidance
13:56:41;165;RGBA(0.969, 0.619, 0.143, 0.000);-1000000,00;1;0,00;RGBA(0.755, 0.055, 0.055, 0.000);Rejected_Deadlock_Avoidance
13:56:41;166;RGBA(0.969, 0.619, 0.143, 0.000);-1000000,00;1;0,00;RGBA(0.755, 0.055, 0.055, 0.000);Rejected_Deadlock_Avoidance
13:56:41;167;RGBA(0.969, 0.619, 0.143, 0.000);-1000000,00;1;0,00;RGBA(0.755, 0.055, 0.055, 0.000);Rejected_Deadlock_Avoidance
13:56:41;168;RGBA(0.969, 0.619, 0.143, 0.000);-1000000,00;1;0,00;RGBA(0.755, 0.055, 0.055, 0.000);Rejected_Deadlock_Avoidance
13:56:41;169;RGBA(0.969, 0.619, 0.143, 0.000);-1000000,00;1;0,00;RGBA(0.755, 0.055, 0.055, 0.000);Rejected_Deadlock_Avoidance
13:56:41;170;RGBA(0.969, 0.619, 0.143, 0.000);-1000000,00;1;0,00;RGBA(0.755, 0.055, 0.055, 0.000);Rejected_Deadlock_Avoidance
13:56:41;171;RGBA(0.969, 0.619, 0.143, 0.000);-1000000,00;1;0,00;RGBA(0.755, 0.055, 0.055, 0.000);Rejected_Deadlock_Avoidance
13:56:41;172;RGBA(0.969, 0.619, 0.143, 0.000);-1000000,00;1;0,00;RGBA(0.755, 0.055, 0.055, 0.000);Rejected_Deadlock_Avoidance
13:56:41;173;RGBA(0.969, 0.619, 0.143, 0.000);-1000000,00;1;0,00;RGBA(0.755, 0.055, 0.055, 0.000);Rejected_Deadlock_Avoidance
13:56:41;174;RGBA(0.969, 0.619, 0.143, 0.000);-1000000,00;1;0,00;RGBA(0.755, 0.055, 0.055, 0.000);Rejected_Deadlock_Avoidance
13:56:41;175;RGBA(0.969, 0.619, 0.143, 0.000);-1000000,00;1;0,00;RGBA(0.755, 0.055, 0.055, 0.000);Rejected_Deadlock_Avoidance
13:56:41;176;RGBA(0.969, 0.619, 0.143, 0.000);-1000000,00;1;0,00;RGBA(0.755, 0.055, 0.055, 0.000);Rejected_Deadlock_Avoidance
13:56:41;177;RGBA(0.969, 0.619, 0.143, 0.000);-1000000,00;1;0,00;RGBA(0.755, 0.055, 0.055, 0.000);Rejected_Deadlock_Avoidance
13:56:41;178;RGBA(0.969, 0.619, 0.143, 0.000);-1000000,00;1;0,00;RGBA(0.755, 0.055, 0.055, 0.000);Rejected_Deadlock_Avoidance
13:56:41;179;RGBA(0.969, 0.619, 0.143, 0.000);-1000000,00;1;0,00;RGBA(0.755, 0.055, 0.055, 0.000);Rejected_Deadlock_Avoidance
13:56:41;180;RGBA(0.969, 0.619, 0.143, 0.000);-1000000,00;1;0,00;RGBA(0.755, 0.055, 0.055, 0.000);Rejected_Deadlock_Avoidance
13:56:41;181;RGBA(0.969, 0.619, 0.143, 0.000);-1000000,00;1;0,00;RGBA(0.755, 0.055, 0.055, 0.000);Rejected_Deadlock_Avoidance
13:56:41;182;RGBA(0.969, 0.619, 0.143, 0.000);-1000000,00;1;0,00;RGBA(0.755, 0.055, 0.055, 0.000);Rejected_Deadlock_Avoidance
13:56:41;183;RGBA(0.969, 0.619, 0.143, 0.000);-1000000,00;1;0,00;RGBA(0.755, 0.055, 0.055, 0.000);Rejected_Deadlock_Avoidance
13:56:41;184;RGBA(0.969, 0.619, 0.143, 0.000);-1000000,00;1;0,00;RGBA(0.755, 0.055, 0.055, 0.000);Rejected_Deadlock_Avoidance
13:56:41;185;RGBA(0.969, 0.619, 0.143, 0.000);-1000000,00;1;0,00;RGBA(0.755, 0.055, 0.055, 0.000);Rejected_Deadlock_Avoidance
13:56:41;186;RGBA(0.969, 0.619, 0.143, 0.000);-1000000,00;1;0,00;RGBA(0.755, 0.055, 0.055, 0.000);Rejected_Deadlock_Avoidance
13:56:42;187;RGBA(0.969, 0.619, 0.143, 0.000);-1000000,00;1;0,00;RGBA(0.755, 0.055, 0.055, 0.000);Rejected_Deadlock_Avoidance
13:56:42;188;RGBA(0.969, 0.619, 0.143, 0.000);-1000000,00;1;0,00;RGBA(0.755, 0.055, 0.055, 0.000);Rejected_Deadlock_Avoidance
13:56:42;189;RGBA(0.969, 0.619, 0.143, 0.000);-1000000,00;1;0,00;RGBA(0.755, 0.055, 0.055, 0.000);Rejected_Deadlock_Avoidance
13:56:42;190;RGBA(0.969, 0.619, 0.143, 0.000);-1000000,00;1;0,00;RGBA(0.755, 0.055, 0.055, 0.000);Rejected_Deadlock_Avoidance
13:56:42;191;RGBA(0.969, 0.619, 0.143, 0.000);-1000000,00;1;0,00;RGBA(0.755, 0.055, 0.055, 0.000);Rejected_Deadlock_Avoidance
13:56:42;192;RGBA(0.969, 0.619, 0.143, 0.000);-1000000,00;1;0,00;RGBA(0.755, 0.055, 0.055, 0.000);Rejected_Deadlock_Avoidance
13:56:42;193;RGBA(0.969, 0.619, 0.143, 0.000);-1000000,00;1;0,00;RGBA(0.755, 0.055, 0.055, 0.000);Rejected_Deadlock_Avoidance
13:56:42;194;RGBA(0.969, 0.619, 0.143, 0.000);-1000000,00;1;0,00;RGBA(0.755, 0.055, 0.055, 0.000);Rejected_Deadlock_Avoidance
13:56:42;195;RGBA(0.969, 0.619, 0.143, 0.000);-1000000,00;1;0,00;RGBA(0.755, 0.055, 0.055, 0.000);Rejected_Deadlock_Avoidance
13:56:42;196;RGBA(0.969, 0.619, 0.143, 0.000);-1000000,00;1;0,00;RGBA(0.755, 0.055, 0.055, 0.000);Rejected_Deadlock_Avoidance
13:56:42;197;RGBA(0.969, 0.619, 0.143, 0.000);-1000000,00;1;0,00;RGBA(0.755, 0.055, 0.055, 0.000);Rejected_Deadlock_Avoidance
13:56:42;198;RGBA(0.969, 0.619, 0.143, 0.000);-1000000,00;1;0,00;RGBA(0.755, 0.055, 0.055, 0.000);Rejected_Deadlock_Avoidance
13:56:42;199;RGBA(0.969, 0.619, 0.143, 0.000);-1000000,00;1;0,00;RGBA(0.755, 0.055, 0.055, 0.000);Rejected_Deadlock_Avoidance
13:56:42;200;RGBA(0.969, 0.619, 0.143, 0.000);-1000000,00;1;0,00;RGBA(0.755, 0.055, 0.055, 0.000);Rejected_Deadlock_Avoidance
13:56:42;201;RGBA(0.969, 0.619, 0.143, 0.000);-1000000,00;1;0,00;RGBA(0.755, 0.055, 0.055, 0.000);Rejected_Deadlock_Avoidance
13:56:42;202;RGBA(0.969, 0.619, 0.143, 0.000);-1000000,00;1;0,00;RGBA(0.755, 0.055, 0.055, 0.000);Rejected_Deadlock_Avoidance
13:56:42;203;RGBA(0.969, 0.619, 0.143, 0.000);-1000000,00;1;0,00;RGBA(0.755, 0.055, 0.055, 0.000);Rejected_Deadlock_Avoidance
13:56:42;204;RGBA(0.969, 0.619, 0.143, 0.000);-1000000,00;1;0,00;RGBA(0.755, 0.055, 0.055, 0.000);Rejected_Deadlock_Avoidance
13:56:42;205;RGBA(0.969, 0.619, 0.143, 0.000);-1000000,00;1;0,00;RGBA(0.755, 0.055, 0.055, 0.000);Rejected_Deadlock_Avoidance
13:56:42;206;RGBA(0.969, 0.619, 0.143, 0.000);-1000000,00;1;0,00;RGBA(0.755, 0.055, 0.055, 0.000);Rejected_Deadlock_Avoidance
13:56:42;207;RGBA(0.969, 0.619, 0.143, 0.000);-1000000,00;1;0,00;RGBA(0.755, 0.055, 0.055, 0.000);Rejected_Deadlock_Avoidance
13:56:42;208;RGBA(0.969, 0.619, 0.143, 0.000);-1000000,00;1;0,00;RGBA(0.755, 0.055, 0.055, 0.000);Rejected_Deadlock_Avoidance
13:56:42;209;RGBA(0.969, 0.619, 0.143, 0.000);-1000000,00;1;0,00;RGBA(0.755, 0.055, 0.055, 0.000);Rejected_Deadlock_Avoidance
13:56:42;210;RGBA(0.969, 0.619, 0.143, 0.000);-1000000,00;1;0,00;RGBA(0.755, 0.055, 0.055, 0.000);Rejected_Deadlock_Avoidance
13:56:42;211;RGBA(0.969, 0.619, 0.143, 0.000);-1000000,00;1;0,00;RGBA(0.755, 0.055, 0.055, 0.000);Rejected_Deadlock_Avoidance
13:56:42;212;RGBA(0.969, 0.619, 0.143, 0.000);-1000000,00;1;0,00;RGBA(0.755, 0.055, 0.055, 0.000);Rejected_Deadlock_Avoidance
13:56:42;213;RGBA(0.969, 0.619, 0.143, 0.000);-1000000,00;1;0,00;RGBA(0.755, 0.055, 0.055, 0.000);Rejected_Deadlock_Avoidance
13:56:42;214;RGBA(0.969, 0.619, 0.143, 0.000);-1000000,00;1;0,00;RGBA(0.755, 0.055, 0.055, 0.000);Rejected_Deadlock_Avoidance
13:56:42;215;RGBA(0.969, 0.619, 0.143, 0.000);-1000000,00;1;0,00;RGBA(0.755, 0.055, 0.055, 0.000);Rejected_Deadlock_Avoidance
13:56:42;216;RGBA(0.969, 0.619, 0.143, 0.000);-1000000,00;1;0,00;RGBA(0.755, 0.055, 0.055, 0.000);Rejected_Deadlock_Avoidance
13:56:42;217;RGBA(0.969, 0.619, 0.143, 0.000);-1000000,00;1;0,00;RGBA(0.755, 0.055, 0.055, 0.000);Rejected_Deadlock_Avoidance
13:56:42;218;RGBA(0.969, 0.619, 0.143, 0.000);-1000000,00;1;0,00;RGBA(0.755, 0.055, 0.055, 0.000);Rejected_Deadlock_Avoidance
13:56:42;219;RGBA(0.969, 0.619, 0.143, 0.000);-1000000,00;1;0,00;RGBA(0.755, 0.055, 0.055, 0.000);Rejected_Deadlock_Avoidance
13:56:42;220;RGBA(0.969, 0.619, 0.143, 0.000);-1000000,00;1;0,00;RGBA(0.755, 0.055, 0.055, 0.000);Rejected_Deadlock_Avoidance
13:56:42;221;RGBA(0.969, 0.619, 0.143, 0.000);-1000000,00;1;0,00;RGBA(0.755, 0.055, 0.055, 0.000);Rejected_Deadlock_Avoidance
13:56:42;222;RGBA(0.969, 0.619, 0.143, 0.000);-1000000,00;1;0,00;RGBA(0.755, 0.055, 0.055, 0.000);Rejected_Deadlock_Avoidance
13:56:42;223;RGBA(0.969, 0.619, 0.143, 0.000);-1000000,00;1;0,00;RGBA(0.755, 0.055, 0.055, 0.000);Rejected_Deadlock_Avoidance
13:56:42;224;RGBA(0.969, 0.619, 0.143, 0.000);-1000000,00;1;0,00;RGBA(0.755, 0.055, 0.055, 0.000);Rejected_Deadlock_Avoidance
13:56:42;225;RGBA(0.969, 0.619, 0.143, 0.000);-1000000,00;1;0,00;RGBA(0.755, 0.055, 0.055, 0.000);Rejected_Deadlock_Avoidance
13:56:42;226;RGBA(0.969, 0.619, 0.143, 0.000);-1000000,00;1;0,00;RGBA(0.755, 0.055, 0.055, 0.000);Rejected_Deadlock_Avoidance
13:56:42;227;RGBA(0.969, 0.619, 0.143, 0.000);-1000000,00;1;0,00;RGBA(0.755, 0.055, 0.055, 0.000);Rejected_Deadlock_Avoidance
13:56:42;228;RGBA(0.969, 0.619, 0.143, 0.000);-1000000,00;1;0,00;RGBA(0.755, 0.055, 0.055, 0.000);Rejected_Deadlock_Avoidance
13:56:42;229;RGBA(0.969, 0.619, 0.143, 0.000);-1000000,00;1;0,00;RGBA(0.755, 0.055, 0.055, 0.000);Rejected_Deadlock_Avoidance
13:56:42;230;RGBA(0.969, 0.619, 0.143, 0.000);-1000000,00;1;0,00;RGBA(0.755, 0.055, 0.055, 0.000);Rejected_Deadlock_Avoidance
13:56:42;231;RGBA(0.969, 0.619, 0.143, 0.000);-1000000,00;1;0,00;RGBA(0.755, 0.055, 0.055, 0.000);Rejected_Deadlock_Avoidance
13:56:42;232;RGBA(0.969, 0.619, 0.143, 0.000);-1000000,00;1;0,00;RGBA(0.755, 0.055, 0.055, 0.000);Rejected_Deadlock_Avoidance
13:56:42;233;RGBA(0.969, 0.619, 0.143, 0.000);-1000000,00;1;0,00;RGBA(0.755, 0.055, 0.055, 0.000);Rejected_Deadlock_Avoidance
13:56:42;234;RGBA(0.969, 0.619, 0.143, 0.000);-1000000,00;1;0,00;RGBA(0.755, 0.055, 0.055, 0.000);Rejected_Deadlock_Avoidance
13:56:42;235;RGBA(0.969, 0.619, 0.143, 0.000);-1000000,00;1;0,00;RGBA(0.755, 0.055, 0.055, 0.000);Rejected_Deadlock_Avoidance
13:56:42;236;RGBA(0.969, 0.619, 0.143, 0.000);-1000000,00;1;0,00;RGBA(0.755, 0.055, 0.055, 0.000);Rejected_Deadlock_Avoidance
13:56:42;237;RGBA(0.969, 0.619, 0.143, 0.000);-1000000,00;1;0,00;RGBA(0.755, 0.055, 0.055, 0.000);Rejected_Deadlock_Avoidance
13:56:42;238;RGBA(0.969, 0.619, 0.143, 0.000);-1000000,00;1;0,00;RGBA(0.755, 0.055, 0.055, 0.000);Rejected_Deadlock_Avoidance
13:56:42;239;RGBA(0.969, 0.619, 0.143, 0.000);-1000000,00;1;0,00;RGBA(0.755, 0.055, 0.055, 0.000);Rejected_Deadlock_Avoidance
13:56:42;240;RGBA(0.969, 0.619, 0.143, 0.000);-1000000,00;1;0,00;RGBA(0.755, 0.055, 0.055, 0.000);Rejected_Deadlock_Avoidance
13:56:42;241;RGBA(0.969, 0.619, 0.143, 0.000);-1000000,00;1;0,00;RGBA(0.755, 0.055, 0.055, 0.000);Rejected_Deadlock_Avoidance
13:56:42;242;RGBA(0.969, 0.619, 0.143, 0.000);-1000000,00;1;0,00;RGBA(0.755, 0.055, 0.055, 0.000);Rejected_Deadlock_Avoidance
13:56:42;243;RGBA(0.969, 0.619, 0.143, 0.000);-1000000,00;1;0,00;RGBA(0.755, 0.055, 0.055, 0.000);Rejected_Deadlock_Avoidance
13:56:42;244;RGBA(0.969, 0.619, 0.143, 0.000);-1000000,00;1;0,00;RGBA(0.755, 0.055, 0.055, 0.000);Rejected_Deadlock_Avoidance
13:56:42;245;RGBA(0.969, 0.619, 0.143, 0.000);-1000000,00;1;0,00;RGBA(0.755, 0.055, 0.055, 0.000);Rejected_Deadlock_Avoidance
13:56:42;246;RGBA(0.969, 0.619, 0.143, 0.000);-1000000,00;1;0,00;RGBA(0.755, 0.055, 0.055, 0.000);Rejected_Deadlock_Avoidance
13:56:42;247;RGBA(0.969, 0.619, 0.143, 0.000);-1000000,00;1;0,00;RGBA(0.755, 0.055, 0.055, 0.000);Rejected_Deadlock_Avoidance
13:56:42;248;RGBA(0.969, 0.619, 0.143, 0.000);-1000000,00;1;0,00;RGBA(0.755, 0.055, 0.055, 0.000);Rejected_Deadlock_Avoidance
13:56:42;249;RGBA(0.969, 0.619, 0.143, 0.000);-1000000,00;1;0,00;RGBA(0.755, 0.055, 0.055, 0.000);Rejected_Deadlock_Avoidance
13:56:42;250;RGBA(0.969, 0.619, 0.143, 0.000);-1000000,00;1;0,00;RGBA(0.755, 0.055, 0.055, 0.000);Rejected_Deadlock_Avoidance
13:56:42;251;RGBA(0.969, 0.619, 0.143, 0.000);-1000000,00;1;0,00;RGBA(0.755, 0.055, 0.055, 0.000);Rejected_Deadlock_Avoidance
13:56:42;252;RGBA(0.969, 0.619, 0.143, 0.000);-1000000,00;1;0,00;RGBA(0.755, 0.055, 0.055, 0.000);Rejected_Deadlock_Avoidance
13:56:42;253;RGBA(0.969, 0.619, 0.143, 0.000);-1000000,00;1;0,00;RGBA(0.755, 0.055, 0.055, 0.000);Rejected_Deadlock_Avoidance
13:56:42;254;RGBA(0.969, 0.619, 0.143, 0.000);-1000000,00;1;0,00;RGBA(0.755, 0.055, 0.055, 0.000);Rejected_Deadlock_Avoidance
13:56:42;255;RGBA(0.969, 0.619, 0.143, 0.000);-1000000,00;1;0,00;RGBA(0.755, 0.055, 0.055, 0.000);Rejected_Deadlock_Avoidance
13:56:42;256;RGBA(0.969, 0.619, 0.143, 0.000);-1000000,00;1;0,00;RGBA(0.755, 0.055, 0.055, 0.000);Rejected_Deadlock_Avoidance
13:56:42;257;RGBA(0.969, 0.619, 0.143, 0.000);-1000000,00;1;0,00;RGBA(0.755, 0.055, 0.055, 0.000);Rejected_Deadlock_Avoidance
13:56:42;258;RGBA(0.969, 0.619, 0.143, 0.000);-1000000,00;1;0,00;RGBA(0.755, 0.055, 0.055, 0.000);Rejected_Deadlock_Avoidance
13:56:42;259;RGBA(0.969, 0.619, 0.143, 0.000);-1000000,00;1;0,00;RGBA(0.755, 0.055, 0.055, 0.000);Rejected_Deadlock_Avoidance
13:56:42;260;RGBA(0.969, 0.619, 0.143, 0.000);-1000000,00;1;0,00;RGBA(0.755, 0.055, 0.055, 0.000);Rejected_Deadlock_Avoidance
13:56:42;261;RGBA(0.969, 0.619, 0.143, 0.000);-1000000,00;1;0,00;RGBA(0.755, 0.055, 0.055, 0.000);Rejected_Deadlock_Avoidance
13:56:42;262;RGBA(0.969, 0.619, 0.143, 0.000);-1000000,00;1;0,00;RGBA(0.755, 0.055, 0.055, 0.000);Rejected_Deadlock_Avoidance
13:56:42;263;RGBA(0.969, 0.619, 0.143, 0.000);-1000000,00;1;0,00;RGBA(0.755, 0.055, 0.055, 0.000);Rejected_Deadlock_Avoidance
13:56:42;264;RGBA(0.969, 0.619, 0.143, 0.000);-1000000,00;1;0,00;RGBA(0.755, 0.055, 0.055, 0.000);Rejected_Deadlock_Avoidance
13:56:42;265;RGBA(0.969, 0.619, 0.143, 0.000);-1000000,00;1;0,00;RGBA(0.755, 0.055, 0.055, 0.000);Rejected_Deadlock_Avoidance
13:56:42;266;RGBA(0.969, 0.619, 0.143, 0.000);-1000000,00;1;0,00;RGBA(0.755, 0.055, 0.055, 0.000);Rejected_Deadlock_Avoidance
13:56:43;267;RGBA(0.969, 0.619, 0.143, 0.000);-1000000,00;1;0,00;RGBA(0.755, 0.055, 0.055, 0.000);Rejected_Deadlock_Avoidance
13:56:43;268;RGBA(0.969, 0.619, 0.143, 0.000);-1000000,00;1;0,00;RGBA(0.755, 0.055, 0.055, 0.000);Rejected_Deadlock_Avoidance
13:56:43;269;RGBA(0.969, 0.619, 0.143, 0.000);-1000000,00;1;0,00;RGBA(0.755, 0.055, 0.055, 0.000);Rejected_Deadlock_Avoidance
13:56:43;270;RGBA(0.969, 0.619, 0.143, 0.000);-1000000,00;1;0,00;RGBA(0.755, 0.055, 0.055, 0.000);Rejected_Deadlock_Avoidance
13:56:43;271;RGBA(0.969, 0.619, 0.143, 0.000);-1000000,00;1;0,00;RGBA(0.755, 0.055, 0.055, 0.000);Rejected_Deadlock_Avoidance
13:56:43;272;RGBA(0.969, 0.619, 0.143, 0.000);-1000000,00;1;0,00;RGBA(0.755, 0.055, 0.055, 0.000);Rejected_Deadlock_Avoidance
13:56:43;273;RGBA(0.969, 0.619, 0.143, 0.000);-1000000,00;1;0,00;RGBA(0.755, 0.055, 0.055, 0.000);Rejected_Deadlock_Avoidance
13:56:43;274;RGBA(0.969, 0.619, 0.143, 0.000);-1000000,00;1;0,00;RGBA(0.755, 0.055, 0.055, 0.000);Rejected_Deadlock_Avoidance
13:56:43;275;RGBA(0.969, 0.619, 0.143, 0.000);-1000000,00;1;0,00;RGBA(0.755, 0.055, 0.055, 0.000);Rejected_Deadlock_Avoidance
13:56:43;276;RGBA(0.969, 0.619, 0.143, 0.000);-1000000,00;1;0,00;RGBA(0.755, 0.055, 0.055, 0.000);Rejected_Deadlock_Avoidance
13:56:43;277;RGBA(0.969, 0.619, 0.143, 0.000);-1000000,00;1;0,00;RGBA(0.755, 0.055, 0.055, 0.000);Rejected_Deadlock_Avoidance
13:56:43;278;RGBA(0.969, 0.619, 0.143, 0.000);-1000000,00;1;0,00;RGBA(0.755, 0.055, 0.055, 0.000);Rejected_Deadlock_Avoidance
13:56:43;279;RGBA(0.969, 0.619, 0.143, 0.000);-1000000,00;1;0,00;RGBA(0.755, 0.055, 0.055, 0.000);Rejected_Deadlock_Avoidance
13:56:43;280;RGBA(0.969, 0.619, 0.143, 0.000);-1000000,00;1;0,00;RGBA(0.755, 0.055, 0.055, 0.000);Rejected_Deadlock_Avoidance
13:56:43;281;RGBA(0.969, 0.619, 0.143, 0.000);-1000000,00;1;0,00;RGBA(0.755, 0.055, 0.055, 0.000);Rejected_Deadlock_Avoidance
13:56:43;282;RGBA(0.969, 0.619, 0.143, 0.000);-1000000,00;1;0,00;RGBA(0.755, 0.055, 0.055, 0.000);Rejected_Deadlock_Avoidance
13:56:43;283;RGBA(0.969, 0.619, 0.143, 0.000);-1000000,00;1;0,00;RGBA(0.755, 0.055, 0.055, 0.000);Rejected_Deadlock_Avoidance
13:56:43;284;RGBA(0.969, 0.619, 0.143, 0.000);-1000000,00;1;0,00;RGBA(0.755, 0.055, 0.055, 0.000);Rejected_Deadlock_Avoidance
13:56:43;285;RGBA(0.969, 0.619, 0.143, 0.000);-1000000,00;1;0,00;RGBA(0.755, 0.055, 0.055, 0.000);Rejected_Deadlock_Avoidance
13:56:43;286;RGBA(0.969, 0.619, 0.143, 0.000);-1000000,00;1;0,00;RGBA(0.755, 0.055, 0.055, 0.000);Rejected_Deadlock_Avoidance
13:56:43;287;RGBA(0.969, 0.619, 0.143, 0.000);-1000000,00;1;0,00;RGBA(0.755, 0.055, 0.055, 0.000);Rejected_Deadlock_Avoidance
13:56:43;288;RGBA(0.969, 0.619, 0.143, 0.000);-1000000,00;1;0,00;RGBA(0.755, 0.055, 0.055, 0.000);Rejected_Deadlock_Avoidance
13:56:43;289;RGBA(0.969, 0.619, 0.143, 0.000);-1000000,00;1;0,00;RGBA(0.755, 0.055, 0.055, 0.000);Rejected_Deadlock_Avoidance
13:56:43;290;RGBA(0.969, 0.619, 0.143, 0.000);-1000000,00;1;0,00;RGBA(0.755, 0.055, 0.055, 0.000);Rejected_Deadlock_Avoidance
13:56:43;291;RGBA(0.969, 0.619, 0.143, 0.000);-1000000,00;1;0,00;RGBA(0.755, 0.055, 0.055, 0.000);Rejected_Deadlock_Avoidance
13:56:43;292;RGBA(0.969, 0.619, 0.143, 0.000);-1000000,00;1;0,00;RGBA(0.755, 0.055, 0.055, 0.000);Rejected_Deadlock_Avoidance
13:56:43;293;RGBA(0.969, 0.619, 0.143, 0.000);-1000000,00;1;0,00;RGBA(0.755, 0.055, 0.055, 0.000);Rejected_Deadlock_Avoidance
13:56:43;294;RGBA(0.969, 0.619, 0.143, 0.000);-1000000,00;1;0,00;RGBA(0.755, 0.055, 0.055, 0.000);Rejected_Deadlock_Avoidance
13:56:43;295;RGBA(0.969, 0.619, 0.143, 0.000);-1000000,00;1;0,00;RGBA(0.755, 0.055, 0.055, 0.000);Rejected_Deadlock_Avoidance
13:56:43;296;RGBA(0.969, 0.619, 0.143, 0.000);-1000000,00;1;0,00;RGBA(0.755, 0.055, 0.055, 0.000);Rejected_Deadlock_Avoidance
13:56:43;297;RGBA(0.969, 0.619, 0.143, 0.000);-1000000,00;1;0,00;RGBA(0.755, 0.055, 0.055, 0.000);Rejected_Deadlock_Avoidance
13:56:43;298;RGBA(0.969, 0.619, 0.143, 0.000);-1000000,00;1;0,00;RGBA(0.755, 0.055, 0.055, 0.000);Rejected_Deadlock_Avoidance
13:56:43;299;RGBA(0.969, 0.619, 0.143, 0.000);-1000000,00;1;0,00;RGBA(0.755, 0.055, 0.055, 0.000);Rejected_Deadlock_Avoidance
13:56:43;300;RGBA(0.969, 0.619, 0.143, 0.000);-1000000,00;1;0,00;RGBA(0.755, 0.055, 0.055, 0.000);Rejected_Deadlock_Avoidance
13:56:43;301;RGBA(0.969, 0.619, 0.143, 0.000);-1000000,00;1;0,00;RGBA(0.755, 0.055, 0.055, 0.000);Rejected_Deadlock_Avoidance
13:56:43;302;RGBA(0.969, 0.619, 0.143, 0.000);-1000000,00;1;0,00;RGBA(0.755, 0.055, 0.055, 0.000);Rejected_Deadlock_Avoidance
13:56:43;303;RGBA(0.969, 0.619, 0.143, 0.000);-1000000,00;1;0,00;RGBA(0.755, 0.055, 0.055, 0.000);Rejected_Deadlock_Avoidance
13:56:43;304;RGBA(0.969, 0.619, 0.143, 0.000);-1000000,00;1;0,00;RGBA(0.755, 0.055, 0.055, 0.000);Rejected_Deadlock_Avoidance
13:56:43;305;RGBA(0.969, 0.619, 0.143, 0.000);-1000000,00;1;0,00;RGBA(0.755, 0.055, 0.055, 0.000);Rejected_Deadlock_Avoidance
13:56:43;306;RGBA(0.969, 0.619, 0.143, 0.000);-1000000,00;1;0,00;RGBA(0.755, 0.055, 0.055, 0.000);Rejected_Deadlock_Avoidance
13:56:43;307;RGBA(0.969, 0.619, 0.143, 0.000);-1000000,00;1;0,00;RGBA(0.755, 0.055, 0.055, 0.000);Rejected_Deadlock_Avoidance
13:56:43;308;RGBA(0.969, 0.619, 0.143, 0.000);-1000000,00;1;0,00;RGBA(0.755, 0.055, 0.055, 0.000);Rejected_Deadlock_Avoidance
13:56:43;309;RGBA(0.969, 0.619, 0.143, 0.000);-1000000,00;1;0,00;RGBA(0.755, 0.055, 0.055, 0.000);Rejected_Deadlock_Avoidance
13:56:43;310;RGBA(0.969, 0.619, 0.143, 0.000);-1000000,00;1;0,00;RGBA(0.755, 0.055, 0.055, 0.000);Rejected_Deadlock_Avoidance
13:56:43;311;RGBA(0.969, 0.619, 0.143, 0.000);-1000000,00;1;0,00;RGBA(0.755, 0.055, 0.055, 0.000);Rejected_Deadlock_Avoidance
13:56:43;312;RGBA(0.969, 0.619, 0.143, 0.000);-1000000,00;1;0,00;RGBA(0.755, 0.055, 0.055, 0.000);Rejected_Deadlock_Avoidance
13:56:43;313;RGBA(0.969, 0.619, 0.143, 0.000);-1000000,00;1;0,00;RGBA(0.755, 0.055, 0.055, 0.000);Rejected_Deadlock_Avoidance
13:56:43;314;RGBA(0.969, 0.619, 0.143, 0.000);-1000000,00;1;0,00;RGBA(0.755, 0.055, 0.055, 0.000);Rejected_Deadlock_Avoidance
13:56:43;315;RGBA(0.969, 0.619, 0.143, 0.000);-1000000,00;1;0,00;RGBA(0.755, 0.055, 0.055, 0.000);Rejected_Deadlock_Avoidance
13:56:43;316;RGBA(0.969, 0.619, 0.143, 0.000);-1000000,00;1;0,00;RGBA(0.755, 0.055, 0.055, 0.000);Rejected_Deadlock_Avoidance
13:56:43;317;RGBA(0.969, 0.619, 0.143, 0.000);-1000000,00;1;0,00;RGBA(0.755, 0.055, 0.055, 0.000);Rejected_Deadlock_Avoidance
13:56:43;318;RGBA(0.969, 0.619, 0.143, 0.000);-1000000,00;1;0,00;RGBA(0.755, 0.055, 0.055, 0.000);Rejected_Deadlock_Avoidance
13:56:43;319;RGBA(0.969, 0.619, 0.143, 0.000);-1000000,00;1;0,00;RGBA(0.755, 0.055, 0.055, 0.000);Rejected_Deadlock_Avoidance
13:56:43;320;RGBA(0.969, 0.619, 0.143, 0.000);-1000000,00;1;0,00;RGBA(0.755, 0.055, 0.055, 0.000);Rejected_Deadlock_Avoidance
13:56:43;321;RGBA(0.969, 0.619, 0.143, 0.000);-1000000,00;1;0,00;RGBA(0.755, 0.055, 0.055, 0.000);Rejected_Deadlock_Avoidance
13:56:43;322;RGBA(0.969, 0.619, 0.143, 0.000);-1000000,00;1;0,00;RGBA(0.755, 0.055, 0.055, 0.000);Rejected_Deadlock_Avoidance
13:56:43;323;RGBA(0.969, 0.619, 0.143, 0.000);-1000000,00;1;0,00;RGBA(0.755, 0.055, 0.055, 0.000);Rejected_Deadlock_Avoidance
13:56:43;324;RGBA(0.969, 0.619, 0.143, 0.000);-1000000,00;1;0,00;RGBA(0.755, 0.055, 0.055, 0.000);Rejected_Deadlock_Avoidance
13:56:43;325;RGBA(0.969, 0.619, 0.143, 0.000);-1000000,00;1;0,00;RGBA(0.755, 0.055, 0.055, 0.000);Rejected_Deadlock_Avoidance
13:56:43;326;RGBA(0.969, 0.619, 0.143, 0.000);-1000000,00;1;0,00;RGBA(0.755, 0.055, 0.055, 0.000);Rejected_Deadlock_Avoidance
13:56:43;327;RGBA(0.969, 0.619, 0.143, 0.000);-1000000,00;1;0,00;RGBA(0.755, 0.055, 0.055, 0.000);Rejected_Deadlock_Avoidance
13:56:43;328;RGBA(0.969, 0.619, 0.143, 0.000);-1000000,00;1;0,00;RGBA(0.755, 0.055, 0.055, 0.000);Rejected_Deadlock_Avoidance
13:56:43;329;RGBA(0.969, 0.619, 0.143, 0.000);-1000000,00;1;0,00;RGBA(0.755, 0.055, 0.055, 0.000);Rejected_Deadlock_Avoidance
13:56:43;330;RGBA(0.969, 0.619, 0.143, 0.000);-1000000,00;1;0,00;RGBA(0.755, 0.055, 0.055, 0.000);Rejected_Deadlock_Avoidance
13:56:43;331;RGBA(0.969, 0.619, 0.143, 0.000);-1000000,00;1;0,00;RGBA(0.755, 0.055, 0.055, 0.000);Rejected_Deadlock_Avoidance
13:56:43;332;RGBA(0.969, 0.619, 0.143, 0.000);-1000000,00;1;0,00;RGBA(0.755, 0.055, 0.055, 0.000);Rejected_Deadlock_Avoidance
13:56:43;333;RGBA(0.969, 0.619, 0.143, 0.000);-1000000,00;1;0,00;RGBA(0.755, 0.055, 0.055, 0.000);Rejected_Deadlock_Avoidance
13:56:43;334;RGBA(0.969, 0.619, 0.143, 0.000);-1000000,00;1;0,00;RGBA(0.755, 0.055, 0.055, 0.000);Rejected_Deadlock_Avoidance
13:56:43;335;RGBA(0.969, 0.619, 0.143, 0.000);-1000000,00;1;0,00;RGBA(0.755, 0.055, 0.055, 0.000);Rejected_Deadlock_Avoidance
13:56:43;336;RGBA(0.969, 0.619, 0.143, 0.000);-1000000,00;1;0,00;RGBA(0.755, 0.055, 0.055, 0.000);Rejected_Deadlock_Avoidance
13:56:43;337;RGBA(0.969, 0.619, 0.143, 0.000);-1000000,00;1;0,00;RGBA(0.755, 0.055, 0.055, 0.000);Rejected_Deadlock_Avoidance
13:56:43;338;RGBA(0.969, 0.619, 0.143, 0.000);-1000000,00;1;0,00;RGBA(0.755, 0.055, 0.055, 0.000);Rejected_Deadlock_Avoidance
13:56:43;339;RGBA(0.969, 0.619, 0.143, 0.000);-1000000,00;1;0,00;RGBA(0.755, 0.055, 0.055, 0.000);Rejected_Deadlock_Avoidance
13:56:43;340;RGBA(0.969, 0.619, 0.143, 0.000);-1000000,00;1;0,00;RGBA(0.755, 0.055, 0.055, 0.000);Rejected_Deadlock_Avoidance
13:56:43;341;RGBA(0.969, 0.619, 0.143, 0.000);-1000000,00;1;0,00;RGBA(0.755, 0.055, 0.055, 0.000);Rejected_Deadlock_Avoidance
13:56:43;342;RGBA(0.969, 0.619, 0.143, 0.000);-1000000,00;1;0,00;RGBA(0.755, 0.055, 0.055, 0.000);Rejected_Deadlock_Avoidance
13:56:43;343;RGBA(0.969, 0.619, 0.143, 0.000);-1000000,00;1;0,00;RGBA(0.755, 0.055, 0.055, 0.000);Rejected_Deadlock_Avoidance
13:56:43;344;RGBA(0.969, 0.619, 0.143, 0.000);-1000000,00;1;0,00;RGBA(0.755, 0.055, 0.055, 0.000);Rejected_Deadlock_Avoidance
13:56:43;345;RGBA(0.969, 0.619, 0.143, 0.000);-1000000,00;1;0,00;RGBA(0.755, 0.055, 0.055, 0.000);Rejected_Deadlock_Avoidance
13:56:44;346;RGBA(0.969, 0.619, 0.143, 0.000);-1000000,00;1;0,00;RGBA(0.755, 0.055, 0.055, 0.000);Rejected_Deadlock_Avoidance
13:56:44;347;RGBA(0.969, 0.619, 0.143, 0.000);-1000000,00;1;0,00;RGBA(0.755, 0.055, 0.055, 0.000);Rejected_Deadlock_Avoidance
13:56:44;348;RGBA(0.969, 0.619, 0.143, 0.000);-1000000,00;1;0,00;RGBA(0.755, 0.055, 0.055, 0.000);Rejected_Deadlock_Avoidance
13:56:44;349;RGBA(0.969, 0.619, 0.143, 0.000);-1000000,00;1;0,00;RGBA(0.755, 0.055, 0.055, 0.000);Rejected_Deadlock_Avoidance
13:56:44;350;RGBA(0.969, 0.619, 0.143, 0.000);-1000000,00;1;0,00;RGBA(0.755, 0.055, 0.055, 0.000);Rejected_Deadlock_Avoidance
13:56:44;351;RGBA(0.969, 0.619, 0.143, 0.000);-1000000,00;1;0,00;RGBA(0.755, 0.055, 0.055, 0.000);Rejected_Deadlock_Avoidance
13:56:44;352;RGBA(0.969, 0.619, 0.143, 0.000);-1000000,00;1;0,00;RGBA(0.755, 0.055, 0.055, 0.000);Rejected_Deadlock_Avoidance
13:56:44;353;RGBA(0.969, 0.619, 0.143, 0.000);-1000000,00;1;0,00;RGBA(0.755, 0.055, 0.055, 0.000);Rejected_Deadlock_Avoidance
13:56:44;354;RGBA(0.969, 0.619, 0.143, 0.000);-1000000,00;1;0,00;RGBA(0.755, 0.055, 0.055, 0.000);Rejected_Deadlock_Avoidance
13:56:44;355;RGBA(0.969, 0.619, 0.143, 0.000);-1000000,00;1;0,00;RGBA(0.755, 0.055, 0.055, 0.000);Rejected_Deadlock_Avoidance
13:56:44;356;RGBA(0.969, 0.619, 0.143, 0.000);-1000000,00;1;0,00;RGBA(0.755, 0.055, 0.055, 0.000);Rejected_Deadlock_Avoidance
13:56:44;357;RGBA(0.969, 0.619, 0.143, 0.000);-1000000,00;1;0,00;RGBA(0.755, 0.055, 0.055, 0.000);Rejected_Deadlock_Avoidance
13:56:44;358;RGBA(0.969, 0.619, 0.143, 0.000);-1000000,00;1;0,00;RGBA(0.755, 0.055, 0.055, 0.000);Rejected_Deadlock_Avoidance
13:56:44;359;RGBA(0.969, 0.619, 0.143, 0.000);-1000000,00;1;0,00;RGBA(0.755, 0.055, 0.055, 0.000);Rejected_Deadlock_Avoidance
13:56:44;360;RGBA(0.969, 0.619, 0.143, 0.000);-1000000,00;1;0,00;RGBA(0.755, 0.055, 0.055, 0.000);Rejected_Deadlock_Avoidance
13:56:44;361;RGBA(0.969, 0.619, 0.143, 0.000);-1000000,00;1;0,00;RGBA(0.755, 0.055, 0.055, 0.000);Rejected_Deadlock_Avoidance
13:56:44;362;RGBA(0.969, 0.619, 0.143, 0.000);-1000000,00;1;0,00;RGBA(0.755, 0.055, 0.055, 0.000);Rejected_Deadlock_Avoidance
13:56:44;363;RGBA(0.969, 0.619, 0.143, 0.000);-1000000,00;1;0,00;RGBA(0.755, 0.055, 0.055, 0.000);Rejected_Deadlock_Avoidance
13:56:44;364;RGBA(0.969, 0.619, 0.143, 0.000);-1000000,00;1;0,00;RGBA(0.755, 0.055, 0.055, 0.000);Rejected_Deadlock_Avoidance
13:56:44;365;RGBA(0.969, 0.619, 0.143, 0.000);-1000000,00;1;0,00;RGBA(0.755, 0.055, 0.055, 0.000);Rejected_Deadlock_Avoidance
13:56:44;366;RGBA(0.969, 0.619, 0.143, 0.000);-1000000,00;1;0,00;RGBA(0.755, 0.055, 0.055, 0.000);Rejected_Deadlock_Avoidance
13:56:44;367;RGBA(0.969, 0.619, 0.143, 0.000);-1000000,00;1;0,00;RGBA(0.755, 0.055, 0.055, 0.000);Rejected_Deadlock_Avoidance
13:56:44;368;RGBA(0.969, 0.619, 0.143, 0.000);-1000000,00;1;0,00;RGBA(0.755, 0.055, 0.055, 0.000);Rejected_Deadlock_Avoidance
13:56:44;369;RGBA(0.969, 0.619, 0.143, 0.000);-1000000,00;1;0,00;RGBA(0.755, 0.055, 0.055, 0.000);Rejected_Deadlock_Avoidance
13:56:44;370;RGBA(0.969, 0.619, 0.143, 0.000);-1000000,00;1;0,00;RGBA(0.755, 0.055, 0.055, 0.000);Rejected_Deadlock_Avoidance
13:56:44;371;RGBA(0.969, 0.619, 0.143, 0.000);-1000000,00;1;0,00;RGBA(0.755, 0.055, 0.055, 0.000);Rejected_Deadlock_Avoidance
13:56:44;372;RGBA(0.969, 0.619, 0.143, 0.000);-1000000,00;1;0,00;RGBA(0.755, 0.055, 0.055, 0.000);Rejected_Deadlock_Avoidance
13:56:44;373;RGBA(0.969, 0.619, 0.143, 0.000);-1000000,00;1;0,00;RGBA(0.755, 0.055, 0.055, 0.000);Rejected_Deadlock_Avoidance
13:56:44;374;RGBA(0.969, 0.619, 0.143, 0.000);-1000000,00;1;0,00;RGBA(0.755, 0.055, 0.055, 0.000);Rejected_Deadlock_Avoidance
13:56:44;375;RGBA(0.969, 0.619, 0.143, 0.000);-1000000,00;1;0,00;RGBA(0.755, 0.055, 0.055, 0.000);Rejected_Deadlock_Avoidance
13:56:44;376;RGBA(0.969, 0.619, 0.143, 0.000);-1000000,00;1;0,00;RGBA(0.755, 0.055, 0.055, 0.000);Rejected_Deadlock_Avoidance
13:56:44;377;RGBA(0.969, 0.619, 0.143, 0.000);-1000000,00;1;0,00;RGBA(0.755, 0.055, 0.055, 0.000);Rejected_Deadlock_Avoidance
13:56:44;378;RGBA(0.969, 0.619, 0.143, 0.000);-1000000,00;1;0,00;RGBA(0.755, 0.055, 0.055, 0.000);Rejected_Deadlock_Avoidance
13:56:44;379;RGBA(0.969, 0.619, 0.143, 0.000);-1000000,00;1;0,00;RGBA(0.755, 0.055, 0.055, 0.000);Rejected_Deadlock_Avoidance
13:56:44;380;RGBA(0.969, 0.619, 0.143, 0.000);-1000000,00;1;0,00;RGBA(0.755, 0.055, 0.055, 0.000);Rejected_Deadlock_Avoidance
13:56:44;381;RGBA(0.969, 0.619, 0.143, 0.000);-1000000,00;1;0,00;RGBA(0.755, 0.055, 0.055, 0.000);Rejected_Deadlock_Avoidance
13:56:44;382;RGBA(0.969, 0.619, 0.143, 0.000);-1000000,00;1;0,00;RGBA(0.755, 0.055, 0.055, 0.000);Rejected_Deadlock_Avoidance
13:56:44;383;RGBA(0.969, 0.619, 0.143, 0.000);-1000000,00;1;0,00;RGBA(0.755, 0.055, 0.055, 0.000);Rejected_Deadlock_Avoidance
13:56:44;384;RGBA(0.969, 0.619, 0.143, 0.000);-1000000,00;1;0,00;RGBA(0.755, 0.055, 0.055, 0.000);Rejected_Deadlock_Avoidance
13:56:44;385;RGBA(0.969, 0.619, 0.143, 0.000);-1000000,00;1;0,00;RGBA(0.755, 0.055, 0.055, 0.000);Rejected_Deadlock_Avoidance
13:56:44;386;RGBA(0.969, 0.619, 0.143, 0.000);-1000000,00;1;0,00;RGBA(0.755, 0.055, 0.055, 0.000);Rejected_Deadlock_Avoidance
13:56:44;387;RGBA(0.969, 0.619, 0.143, 0.000);-1000000,00;1;0,00;RGBA(0.755, 0.055, 0.055, 0.000);Rejected_Deadlock_Avoidance
13:56:44;388;RGBA(0.969, 0.619, 0.143, 0.000);-1000000,00;1;0,00;RGBA(0.755, 0.055, 0.055, 0.000);Rejected_Deadlock_Avoidance
13:56:44;389;RGBA(0.969, 0.619, 0.143, 0.000);-1000000,00;1;0,00;RGBA(0.755, 0.055, 0.055, 0.000);Rejected_Deadlock_Avoidance
13:56:44;390;RGBA(0.969, 0.619, 0.143, 0.000);-1000000,00;1;0,00;RGBA(0.755, 0.055, 0.055, 0.000);Rejected_Deadlock_Avoidance
13:56:44;391;RGBA(0.969, 0.619, 0.143, 0.000);-1000000,00;1;0,00;RGBA(0.755, 0.055, 0.055, 0.000);Rejected_Deadlock_Avoidance
13:56:44;392;RGBA(0.969, 0.619, 0.143, 0.000);-1000000,00;1;0,00;RGBA(0.755, 0.055, 0.055, 0.000);Rejected_Deadlock_Avoidance
13:56:44;393;RGBA(0.969, 0.619, 0.143, 0.000);-1000000,00;1;0,00;RGBA(0.755, 0.055, 0.055, 0.000);Rejected_Deadlock_Avoidance
13:56:44;394;RGBA(0.969, 0.619, 0.143, 0.000);-1000000,00;1;0,00;RGBA(0.755, 0.055, 0.055, 0.000);Rejected_Deadlock_Avoidance
13:56:44;395;RGBA(0.969, 0.619, 0.143, 0.000);-1000000,00;1;0,00;RGBA(0.755, 0.055, 0.055, 0.000);Rejected_Deadlock_Avoidance
13:56:44;396;RGBA(0.969, 0.619, 0.143, 0.000);-1000000,00;1;0,00;RGBA(0.755, 0.055, 0.055, 0.000);Rejected_Deadlock_Avoidance
13:56:44;397;RGBA(0.969, 0.619, 0.143, 0.000);-1000000,00;1;0,00;RGBA(0.755, 0.055, 0.055, 0.000);Rejected_Deadlock_Avoidance
13:56:44;398;RGBA(0.969, 0.619, 0.143, 0.000);-1000000,00;1;0,00;RGBA(0.755, 0.055, 0.055, 0.000);Rejected_Deadlock_Avoidance
13:56:44;399;RGBA(0.969, 0.619, 0.143, 0.000);-1000000,00;1;0,00;RGBA(0.755, 0.055, 0.055, 0.000);Rejected_Deadlock_Avoidance
13:56:44;400;RGBA(0.969, 0.619, 0.143, 0.000);-1000000,00;1;0,00;RGBA(0.755, 0.055, 0.055, 0.000);Rejected_Deadlock_Avoidance
13:56:44;401;RGBA(0.969, 0.619, 0.143, 0.000);-1000000,00;1;0,00;RGBA(0.755, 0.055, 0.055, 0.000);Rejected_Deadlock_Avoidance
13:56:44;402;RGBA(0.969, 0.619, 0.143, 0.000);-1000000,00;1;0,00;RGBA(0.755, 0.055, 0.055, 0.000);Rejected_Deadlock_Avoidance
13:56:44;403;RGBA(0.969, 0.619, 0.143, 0.000);-1000000,00;1;0,00;RGBA(0.755, 0.055, 0.055, 0.000);Rejected_Deadlock_Avoidance
13:56:44;404;RGBA(0.969, 0.619, 0.143, 0.000);-1000000,00;1;0,00;RGBA(0.755, 0.055, 0.055, 0.000);Rejected_Deadlock_Avoidance
13:56:44;405;RGBA(0.969, 0.619, 0.143, 0.000);-1000000,00;1;0,00;RGBA(0.755, 0.055, 0.055, 0.000);Rejected_Deadlock_Avoidance
13:56:44;406;RGBA(0.969, 0.619, 0.143, 0.000);-1000000,00;1;0,00;RGBA(0.755, 0.055, 0.055, 0.000);Rejected_Deadlock_Avoidance
13:56:44;407;RGBA(0.969, 0.619, 0.143, 0.000);-1000000,00;1;0,00;RGBA(0.755, 0.055, 0.055, 0.000);Rejected_Deadlock_Avoidance
13:56:44;408;RGBA(0.969, 0.619, 0.143, 0.000);-1000000,00;1;0,00;RGBA(0.755, 0.055, 0.055, 0.000);Rejected_Deadlock_Avoidance
13:56:44;409;RGBA(0.969, 0.619, 0.143, 0.000);-1000000,00;1;0,00;RGBA(0.755, 0.055, 0.055, 0.000);Rejected_Deadlock_Avoidance
13:56:44;410;RGBA(0.969, 0.619, 0.143, 0.000);-1000000,00;1;0,00;RGBA(0.755, 0.055, 0.055, 0.000);Rejected_Deadlock_Avoidance
13:56:44;411;RGBA(0.969, 0.619, 0.143, 0.000);-1000000,00;1;0,00;RGBA(0.755, 0.055, 0.055, 0.000);Rejected_Deadlock_Avoidance
13:56:44;412;RGBA(0.969, 0.619, 0.143, 0.000);-1000000,00;1;0,00;RGBA(0.755, 0.055, 0.055, 0.000);Rejected_Deadlock_Avoidance
13:56:44;413;RGBA(0.969, 0.619, 0.143, 0.000);-1000000,00;1;0,00;RGBA(0.755, 0.055, 0.055, 0.000);Rejected_Deadlock_Avoidance
13:56:44;414;RGBA(0.969, 0.619, 0.143, 0.000);-1000000,00;1;0,00;RGBA(0.755, 0.055, 0.055, 0.000);Rejected_Deadlock_Avoidance
13:56:44;415;RGBA(0.969, 0.619, 0.143, 0.000);-1000000,00;1;0,00;RGBA(0.755, 0.055, 0.055, 0.000);Rejected_Deadlock_Avoidance
13:56:44;416;RGBA(0.969, 0.619, 0.143, 0.000);-1000000,00;1;0,00;RGBA(0.755, 0.055, 0.055, 0.000);Rejected_Deadlock_Avoidance
13:56:44;417;RGBA(0.969, 0.619, 0.143, 0.000);-1000000,00;1;0,00;RGBA(0.755, 0.055, 0.055, 0.000);Rejected_Deadlock_Avoidance
13:56:44;418;RGBA(0.969, 0.619, 0.143, 0.000);-1000000,00;1;0,00;RGBA(0.755, 0.055, 0.055, 0.000);Rejected_Deadlock_Avoidance
13:56:44;419;RGBA(0.969, 0.619, 0.143, 0.000);-1000000,00;1;0,00;RGBA(0.755, 0.055, 0.055, 0.000);Rejected_Deadlock_Avoidance
13:56:44;420;RGBA(0.969, 0.619, 0.143, 0.000);-1000000,00;1;0,00;RGBA(0.755, 0.055, 0.055, 0.000);Rejected_Deadlock_Avoidance
13:56:44;421;RGBA(0.969, 0.619, 0.143, 0.000);-1000000,00;1;0,00;RGBA(0.755, 0.055, 0.055, 0.000);Rejected_Deadlock_Avoidance
13:56:44;422;RGBA(0.969, 0.619, 0.143, 0.000);-1000000,00;1;0,00;RGBA(0.755, 0.055, 0.055, 0.000);Rejected_Deadlock_Avoidance
13:56:44;423;RGBA(0.969, 0.619, 0.143, 0.000);-1000000,00;1;0,00;RGBA(0.755, 0.055, 0.055, 0.000);Rejected_Deadlock_Avoidance
13:56:44;424;RGBA(0.969, 0.619, 0.143, 0.000);-1000000,00;1;0,00;RGBA(0.755, 0.055, 0.055, 0.000);Rejected_Deadlock_Avoidance
13:56:44;425;RGBA(0.969, 0.619, 0.143, 0.000);-1000000,00;1;0,00;RGBA(0.755, 0.055, 0.055, 0.000);Rejected_Deadlock_Avoidance
13:56:45;426;RGBA(0.969, 0.619, 0.143, 0.000);-1000000,00;1;0,00;RGBA(0.755, 0.055, 0.055, 0.000);Rejected_Deadlock_Avoidance
13:56:45;427;RGBA(0.969, 0.619, 0.143, 0.000);-1000000,00;1;0,00;RGBA(0.755, 0.055, 0.055, 0.000);Rejected_Deadlock_Avoidance
13:56:45;428;RGBA(0.969, 0.619, 0.143, 0.000);-1000000,00;1;0,00;RGBA(0.755, 0.055, 0.055, 0.000);Rejected_Deadlock_Avoidance
13:56:45;429;RGBA(0.969, 0.619, 0.143, 0.000);-1000000,00;1;0,00;RGBA(0.755, 0.055, 0.055, 0.000);Rejected_Deadlock_Avoidance
13:56:45;430;RGBA(0.969, 0.619, 0.143, 0.000);-1000000,00;1;0,00;RGBA(0.755, 0.055, 0.055, 0.000);Rejected_Deadlock_Avoidance
13:56:45;431;RGBA(0.969, 0.619, 0.143, 0.000);-1000000,00;1;0,00;RGBA(0.755, 0.055, 0.055, 0.000);Rejected_Deadlock_Avoidance
13:56:45;432;RGBA(0.969, 0.619, 0.143, 0.000);-1000000,00;1;0,00;RGBA(0.755, 0.055, 0.055, 0.000);Rejected_Deadlock_Avoidance
13:56:45;433;RGBA(0.969, 0.619, 0.143, 0.000);-1000000,00;1;0,00;RGBA(0.755, 0.055, 0.055, 0.000);Rejected_Deadlock_Avoidance
13:56:45;434;RGBA(0.969, 0.619, 0.143, 0.000);-1000000,00;1;0,00;RGBA(0.755, 0.055, 0.055, 0.000);Rejected_Deadlock_Avoidance
13:56:45;435;RGBA(0.969, 0.619, 0.143, 0.000);-1000000,00;1;0,00;RGBA(0.755, 0.055, 0.055, 0.000);Rejected_Deadlock_Avoidance
13:56:45;436;RGBA(0.969, 0.619, 0.143, 0.000);-1000000,00;1;0,00;RGBA(0.755, 0.055, 0.055, 0.000);Rejected_Deadlock_Avoidance
13:56:45;437;RGBA(0.969, 0.619, 0.143, 0.000);-1000000,00;1;0,00;RGBA(0.755, 0.055, 0.055, 0.000);Rejected_Deadlock_Avoidance
13:56:45;438;RGBA(0.969, 0.619, 0.143, 0.000);-1000000,00;1;0,00;RGBA(0.755, 0.055, 0.055, 0.000);Rejected_Deadlock_Avoidance
13:56:45;439;RGBA(0.969, 0.619, 0.143, 0.000);-1000000,00;1;0,00;RGBA(0.755, 0.055, 0.055, 0.000);Rejected_Deadlock_Avoidance
13:56:45;440;RGBA(0.969, 0.619, 0.143, 0.000);-1000000,00;1;0,00;RGBA(0.755, 0.055, 0.055, 0.000);Rejected_Deadlock_Avoidance
13:56:45;441;RGBA(0.969, 0.619, 0.143, 0.000);-1000000,00;1;0,00;RGBA(0.755, 0.055, 0.055, 0.000);Rejected_Deadlock_Avoidance
13:56:45;442;RGBA(0.969, 0.619, 0.143, 0.000);-1000000,00;1;0,00;RGBA(0.755, 0.055, 0.055, 0.000);Rejected_Deadlock_Avoidance
13:56:45;443;RGBA(0.969, 0.619, 0.143, 0.000);-1000000,00;1;0,00;RGBA(0.755, 0.055, 0.055, 0.000);Rejected_Deadlock_Avoidance
13:56:45;444;RGBA(0.969, 0.619, 0.143, 0.000);-1000000,00;1;0,00;RGBA(0.755, 0.055, 0.055, 0.000);Rejected_Deadlock_Avoidance
13:56:45;445;RGBA(0.969, 0.619, 0.143, 0.000);-1000000,00;1;0,00;RGBA(0.755, 0.055, 0.055, 0.000);Rejected_Deadlock_Avoidance
13:56:45;446;RGBA(0.969, 0.619, 0.143, 0.000);-1000000,00;1;0,00;RGBA(0.755, 0.055, 0.055, 0.000);Rejected_Deadlock_Avoidance
13:56:45;447;RGBA(0.969, 0.619, 0.143, 0.000);-1000000,00;1;0,00;RGBA(0.755, 0.055, 0.055, 0.000);Rejected_Deadlock_Avoidance
13:56:45;448;RGBA(0.969, 0.619, 0.143, 0.000);-1000000,00;1;0,00;RGBA(0.755, 0.055, 0.055, 0.000);Rejected_Deadlock_Avoidance
13:56:45;449;RGBA(0.969, 0.619, 0.143, 0.000);-1000000,00;1;0,00;RGBA(0.755, 0.055, 0.055, 0.000);Rejected_Deadlock_Avoidance
13:56:45;450;RGBA(0.969, 0.619, 0.143, 0.000);-1000000,00;1;0,00;RGBA(0.755, 0.055, 0.055, 0.000);Rejected_Deadlock_Avoidance
13:56:45;451;RGBA(0.969, 0.619, 0.143, 0.000);-1000000,00;1;0,00;RGBA(0.755, 0.055, 0.055, 0.000);Rejected_Deadlock_Avoidance
13:56:45;452;RGBA(0.969, 0.619, 0.143, 0.000);-1000000,00;1;0,00;RGBA(0.755, 0.055, 0.055, 0.000);Rejected_Deadlock_Avoidance
13:56:45;453;RGBA(0.969, 0.619, 0.143, 0.000);-1000000,00;1;0,00;RGBA(0.755, 0.055, 0.055, 0.000);Rejected_Deadlock_Avoidance
13:56:45;454;RGBA(0.969, 0.619, 0.143, 0.000);-1000000,00;1;0,00;RGBA(0.755, 0.055, 0.055, 0.000);Rejected_Deadlock_Avoidance
13:56:45;455;RGBA(0.969, 0.619, 0.143, 0.000);-1000000,00;1;0,00;RGBA(0.755, 0.055, 0.055, 0.000);Rejected_Deadlock_Avoidance
13:56:45;456;RGBA(0.969, 0.619, 0.143, 0.000);-1000000,00;1;0,00;RGBA(0.755, 0.055, 0.055, 0.000);Rejected_Deadlock_Avoidance
13:56:45;457;RGBA(0.969, 0.619, 0.143, 0.000);-1000000,00;1;0,00;RGBA(0.755, 0.055, 0.055, 0.000);Rejected_Deadlock_Avoidance
13:56:45;458;RGBA(0.969, 0.619, 0.143, 0.000);-1000000,00;1;0,00;RGBA(0.755, 0.055, 0.055, 0.000);Rejected_Deadlock_Avoidance
13:56:45;459;RGBA(0.969, 0.619, 0.143, 0.000);-1000000,00;1;0,00;RGBA(0.755, 0.055, 0.055, 0.000);Rejected_Deadlock_Avoidance
13:56:45;460;RGBA(0.969, 0.619, 0.143, 0.000);-1000000,00;1;0,00;RGBA(0.755, 0.055, 0.055, 0.000);Rejected_Deadlock_Avoidance
13:56:45;461;RGBA(0.969, 0.619, 0.143, 0.000);-1000000,00;1;0,00;RGBA(0.755, 0.055, 0.055, 0.000);Rejected_Deadlock_Avoidance
13:56:45;462;RGBA(0.969, 0.619, 0.143, 0.000);-1000000,00;1;0,00;RGBA(0.755, 0.055, 0.055, 0.000);Rejected_Deadlock_Avoidance
13:56:45;463;RGBA(0.969, 0.619, 0.143, 0.000);-1000000,00;1;0,00;RGBA(0.755, 0.055, 0.055, 0.000);Rejected_Deadlock_Avoidance
13:56:45;464;RGBA(0.969, 0.619, 0.143, 0.000);-1000000,00;1;0,00;RGBA(0.755, 0.055, 0.055, 0.000);Rejected_Deadlock_Avoidance
13:56:45;465;RGBA(0.969, 0.619, 0.143, 0.000);-1000000,00;1;0,00;RGBA(0.755, 0.055, 0.055, 0.000);Rejected_Deadlock_Avoidance
13:56:45;466;RGBA(0.969, 0.619, 0.143, 0.000);-1000000,00;1;0,00;RGBA(0.755, 0.055, 0.055, 0.000);Rejected_Deadlock_Avoidance
13:56:45;467;RGBA(0.969, 0.619, 0.143, 0.000);-1000000,00;1;0,00;RGBA(0.755, 0.055, 0.055, 0.000);Rejected_Deadlock_Avoidance
13:56:45;468;RGBA(0.969, 0.619, 0.143, 0.000);-1000000,00;1;0,00;RGBA(0.755, 0.055, 0.055, 0.000);Rejected_Deadlock_Avoidance
13:56:45;469;RGBA(0.969, 0.619, 0.143, 0.000);-1000000,00;1;0,00;RGBA(0.755, 0.055, 0.055, 0.000);Rejected_Deadlock_Avoidance
13:56:45;470;RGBA(0.969, 0.619, 0.143, 0.000);-1000000,00;1;0,00;RGBA(0.755, 0.055, 0.055, 0.000);Rejected_Deadlock_Avoidance
13:56:45;471;RGBA(0.969, 0.619, 0.143, 0.000);-1000000,00;1;0,00;RGBA(0.755, 0.055, 0.055, 0.000);Rejected_Deadlock_Avoidance
13:56:45;472;RGBA(0.969, 0.619, 0.143, 0.000);-1000000,00;1;0,00;RGBA(0.755, 0.055, 0.055, 0.000);Rejected_Deadlock_Avoidance
13:56:45;473;RGBA(0.969, 0.619, 0.143, 0.000);-1000000,00;1;0,00;RGBA(0.755, 0.055, 0.055, 0.000);Rejected_Deadlock_Avoidance
13:56:45;474;RGBA(0.969, 0.619, 0.143, 0.000);-1000000,00;1;0,00;RGBA(0.755, 0.055, 0.055, 0.000);Rejected_Deadlock_Avoidance
13:56:45;475;RGBA(0.969, 0.619, 0.143, 0.000);-1000000,00;1;0,00;RGBA(0.755, 0.055, 0.055, 0.000);Rejected_Deadlock_Avoidance
13:56:45;476;RGBA(0.969, 0.619, 0.143, 0.000);-1000000,00;1;0,00;RGBA(0.755, 0.055, 0.055, 0.000);Rejected_Deadlock_Avoidance
13:56:45;477;RGBA(0.969, 0.619, 0.143, 0.000);-1000000,00;1;0,00;RGBA(0.755, 0.055, 0.055, 0.000);Rejected_Deadlock_Avoidance
13:56:45;478;RGBA(0.969, 0.619, 0.143, 0.000);-1000000,00;1;0,00;RGBA(0.755, 0.055, 0.055, 0.000);Rejected_Deadlock_Avoidance
13:56:45;479;RGBA(0.969, 0.619, 0.143, 0.000);-1000000,00;1;0,00;RGBA(0.755, 0.055, 0.055, 0.000);Rejected_Deadlock_Avoidance
13:56:45;480;RGBA(0.969, 0.619, 0.143, 0.000);-1000000,00;1;0,00;RGBA(0.755, 0.055, 0.055, 0.000);Rejected_Deadlock_Avoidance
13:56:45;481;RGBA(0.969, 0.619, 0.143, 0.000);-1000000,00;1;0,00;RGBA(0.755, 0.055, 0.055, 0.000);Rejected_Deadlock_Avoidance
13:56:45;482;RGBA(0.969, 0.619, 0.143, 0.000);-1000000,00;1;0,00;RGBA(0.755, 0.055, 0.055, 0.000);Rejected_Deadlock_Avoidance
13:56:45;483;RGBA(0.969, 0.619, 0.143, 0.000);-1000000,00;1;0,00;RGBA(0.755, 0.055, 0.055, 0.000);Rejected_Deadlock_Avoidance
13:56:45;484;RGBA(0.969, 0.619, 0.143, 0.000);-1000000,00;1;0,00;RGBA(0.755, 0.055, 0.055, 0.000);Rejected_Deadlock_Avoidance
13:56:45;485;RGBA(0.969, 0.619, 0.143, 0.000);-1000000,00;1;0,00;RGBA(0.755, 0.055, 0.055, 0.000);Rejected_Deadlock_Avoidance
13:56:45;486;RGBA(0.969, 0.619, 0.143, 0.000);-1000000,00;1;0,00;RGBA(0.755, 0.055, 0.055, 0.000);Rejected_Deadlock_Avoidance
13:56:45;487;RGBA(0.969, 0.619, 0.143, 0.000);-1000000,00;1;0,00;RGBA(0.755, 0.055, 0.055, 0.000);Rejected_Deadlock_Avoidance
13:56:45;488;RGBA(0.969, 0.619, 0.143, 0.000);-1000000,00;1;0,00;RGBA(0.755, 0.055, 0.055, 0.000);Rejected_Deadlock_Avoidance
13:56:45;489;RGBA(0.969, 0.619, 0.143, 0.000);-1000000,00;1;0,00;RGBA(0.755, 0.055, 0.055, 0.000);Rejected_Deadlock_Avoidance
13:56:45;490;RGBA(0.969, 0.619, 0.143, 0.000);-1000000,00;1;0,00;RGBA(0.755, 0.055, 0.055, 0.000);Rejected_Deadlock_Avoidance
13:56:45;491;RGBA(0.969, 0.619, 0.143, 0.000);-1000000,00;1;0,00;RGBA(0.755, 0.055, 0.055, 0.000);Rejected_Deadlock_Avoidance
13:56:45;492;RGBA(0.969, 0.619, 0.143, 0.000);-1000000,00;1;0,00;RGBA(0.755, 0.055, 0.055, 0.000);Rejected_Deadlock_Avoidance
13:56:45;493;RGBA(0.969, 0.619, 0.143, 0.000);-1000000,00;1;0,00;RGBA(0.755, 0.055, 0.055, 0.000);Rejected_Deadlock_Avoidance
13:56:45;494;RGBA(0.969, 0.619, 0.143, 0.000);-1000000,00;1;0,00;RGBA(0.755, 0.055, 0.055, 0.000);Rejected_Deadlock_Avoidance
13:56:45;495;RGBA(0.969, 0.619, 0.143, 0.000);-1000000,00;1;0,00;RGBA(0.755, 0.055, 0.055, 0.000);Rejected_Deadlock_Avoidance
13:56:45;496;RGBA(0.969, 0.619, 0.143, 0.000);-1000000,00;1;0,00;RGBA(0.755, 0.055, 0.055, 0.000);Rejected_Deadlock_Avoidance
13:56:45;497;RGBA(0.969, 0.619, 0.143, 0.000);-1000000,00;1;0,00;RGBA(0.755, 0.055, 0.055, 0.000);Rejected_Deadlock_Avoidance
13:56:45;498;RGBA(0.969, 0.619, 0.143, 0.000);-1000000,00;1;0,00;RGBA(0.755, 0.055, 0.055, 0.000);Rejected_Deadlock_Avoidance
13:56:45;499;RGBA(0.969, 0.619, 0.143, 0.000);-1000000,00;1;0,00;RGBA(0.755, 0.055, 0.055, 0.000);Rejected_Deadlock_Avoidance
13:56:45;500;RGBA(0.969, 0.619, 0.143, 0.000);-1000000,00;1;0,00;RGBA(0.755, 0.055, 0.055, 0.000);Rejected_Deadlock_Avoidance
13:56:45;501;RGBA(0.969, 0.619, 0.143, 0.000);-1000000,00;1;0,00;RGBA(0.755, 0.055, 0.055, 0.000);Rejected_Deadlock_Avoidance
13:56:45;502;RGBA(0.969, 0.619, 0.143, 0.000);-1000000,00;1;0,00;RGBA(0.755, 0.055, 0.055, 0.000);Rejected_Deadlock_Avoidance
13:56:45;503;RGBA(0.969, 0.619, 0.143, 0.000);-1000000,00;1;0,00;RGBA(0.755, 0.055, 0.055, 0.000);Rejected_Deadlock_Avoidance
13:56:45;504;RGBA(0.969, 0.619, 0.143, 0.000);-1000000,00;1;0,00;RGBA(0.755, 0.055, 0.055, 0.000);Rejected_Deadlock_Avoidance
13:56:45;505;RGBA(0.969, 0.619, 0.143, 0.000);-1000000,00;1;0,00;RGBA(0.755, 0.055, 0.055, 0.000);Rejected_Deadlock_Avoidance
13:56:46;506;RGBA(0.969, 0.619, 0.143, 0.000);-1000000,00;1;0,00;RGBA(0.755, 0.055, 0.055, 0.000);Rejected_Deadlock_Avoidance
13:56:46;507;RGBA(0.969, 0.619, 0.143, 0.000);-1000000,00;1;0,00;RGBA(0.755, 0.055, 0.055, 0.000);Rejected_Deadlock_Avoidance
13:56:46;508;RGBA(0.969, 0.619, 0.143, 0.000);-1000000,00;1;0,00;RGBA(0.755, 0.055, 0.055, 0.000);Rejected_Deadlock_Avoidance
13:56:46;509;RGBA(0.969, 0.619, 0.143, 0.000);-1000000,00;1;0,00;RGBA(0.755, 0.055, 0.055, 0.000);Rejected_Deadlock_Avoidance
13:56:46;510;RGBA(0.969, 0.619, 0.143, 0.000);-1000000,00;1;0,00;RGBA(0.755, 0.055, 0.055, 0.000);Rejected_Deadlock_Avoidance
13:56:46;511;RGBA(0.969, 0.619, 0.143, 0.000);-1000000,00;1;0,00;RGBA(0.755, 0.055, 0.055, 0.000);Rejected_Deadlock_Avoidance
13:56:46;512;RGBA(0.969, 0.619, 0.143, 0.000);-1000000,00;1;0,00;RGBA(0.755, 0.055, 0.055, 0.000);Rejected_Deadlock_Avoidance
13:56:46;513;RGBA(0.969, 0.619, 0.143, 0.000);-1000000,00;1;0,00;RGBA(0.755, 0.055, 0.055, 0.000);Rejected_Deadlock_Avoidance
13:56:46;514;RGBA(0.969, 0.619, 0.143, 0.000);-1000000,00;1;0,00;RGBA(0.755, 0.055, 0.055, 0.000);Rejected_Deadlock_Avoidance
13:56:46;515;RGBA(0.969, 0.619, 0.143, 0.000);-1000000,00;1;0,00;RGBA(0.755, 0.055, 0.055, 0.000);Rejected_Deadlock_Avoidance
13:56:46;516;RGBA(0.969, 0.619, 0.143, 0.000);-1000000,00;1;0,00;RGBA(0.755, 0.055, 0.055, 0.000);Rejected_Deadlock_Avoidance
13:56:46;517;RGBA(0.969, 0.619, 0.143, 0.000);-1000000,00;1;0,00;RGBA(0.755, 0.055, 0.055, 0.000);Rejected_Deadlock_Avoidance
13:56:46;518;RGBA(0.969, 0.619, 0.143, 0.000);-1000000,00;1;0,00;RGBA(0.755, 0.055, 0.055, 0.000);Rejected_Deadlock_Avoidance
13:56:46;519;RGBA(0.969, 0.619, 0.143, 0.000);-1000000,00;1;0,00;RGBA(0.755, 0.055, 0.055, 0.000);Rejected_Deadlock_Avoidance
13:56:46;520;RGBA(0.969, 0.619, 0.143, 0.000);-1000000,00;1;0,00;RGBA(0.755, 0.055, 0.055, 0.000);Rejected_Deadlock_Avoidance
13:56:46;521;RGBA(0.969, 0.619, 0.143, 0.000);-1000000,00;1;0,00;RGBA(0.755, 0.055, 0.055, 0.000);Rejected_Deadlock_Avoidance
13:56:46;522;RGBA(0.969, 0.619, 0.143, 0.000);-1000000,00;1;0,00;RGBA(0.755, 0.055, 0.055, 0.000);Rejected_Deadlock_Avoidance
13:56:46;523;RGBA(0.969, 0.619, 0.143, 0.000);-1000000,00;1;0,00;RGBA(0.755, 0.055, 0.055, 0.000);Rejected_Deadlock_Avoidance
13:56:46;524;RGBA(0.969, 0.619, 0.143, 0.000);-1000000,00;1;0,00;RGBA(0.755, 0.055, 0.055, 0.000);Rejected_Deadlock_Avoidance
13:56:46;525;RGBA(0.969, 0.619, 0.143, 0.000);-1000000,00;1;0,00;RGBA(0.755, 0.055, 0.055, 0.000);Rejected_Deadlock_Avoidance
13:56:46;526;RGBA(0.969, 0.619, 0.143, 0.000);-1000000,00;1;0,00;RGBA(0.755, 0.055, 0.055, 0.000);Rejected_Deadlock_Avoidance
13:56:46;527;RGBA(0.969, 0.619, 0.143, 0.000);-1000000,00;1;0,00;RGBA(0.755, 0.055, 0.055, 0.000);Rejected_Deadlock_Avoidance
13:56:46;528;RGBA(0.969, 0.619, 0.143, 0.000);-1000000,00;1;0,00;RGBA(0.755, 0.055, 0.055, 0.000);Rejected_Deadlock_Avoidance
13:56:46;529;RGBA(0.969, 0.619, 0.143, 0.000);-1000000,00;1;0,00;RGBA(0.755, 0.055, 0.055, 0.000);Rejected_Deadlock_Avoidance
13:56:46;530;RGBA(0.969, 0.619, 0.143, 0.000);-1000000,00;1;0,00;RGBA(0.755, 0.055, 0.055, 0.000);Rejected_Deadlock_Avoidance
13:56:46;531;RGBA(0.969, 0.619, 0.143, 0.000);-1000000,00;1;0,00;RGBA(0.755, 0.055, 0.055, 0.000);Rejected_Deadlock_Avoidance
13:56:46;532;RGBA(0.969, 0.619, 0.143, 0.000);-1000000,00;1;0,00;RGBA(0.755, 0.055, 0.055, 0.000);Rejected_Deadlock_Avoidance
13:56:46;533;RGBA(0.969, 0.619, 0.143, 0.000);-1000000,00;1;0,00;RGBA(0.755, 0.055, 0.055, 0.000);Rejected_Deadlock_Avoidance
13:56:46;534;RGBA(0.969, 0.619, 0.143, 0.000);-1000000,00;1;0,00;RGBA(0.755, 0.055, 0.055, 0.000);Rejected_Deadlock_Avoidance
13:56:46;535;RGBA(0.969, 0.619, 0.143, 0.000);-1000000,00;1;0,00;RGBA(0.755, 0.055, 0.055, 0.000);Rejected_Deadlock_Avoidance
13:56:46;536;RGBA(0.969, 0.619, 0.143, 0.000);-1000000,00;1;0,00;RGBA(0.755, 0.055, 0.055, 0.000);Rejected_Deadlock_Avoidance
13:56:46;537;RGBA(0.969, 0.619, 0.143, 0.000);-1000000,00;1;0,00;RGBA(0.755, 0.055, 0.055, 0.000);Rejected_Deadlock_Avoidance
13:56:46;538;RGBA(0.969, 0.619, 0.143, 0.000);-1000000,00;1;0,00;RGBA(0.755, 0.055, 0.055, 0.000);Rejected_Deadlock_Avoidance
13:56:46;539;RGBA(0.969, 0.619, 0.143, 0.000);-1000000,00;1;0,00;RGBA(0.755, 0.055, 0.055, 0.000);Rejected_Deadlock_Avoidance
13:56:46;540;RGBA(0.969, 0.619, 0.143, 0.000);-1000000,00;1;0,00;RGBA(0.755, 0.055, 0.055, 0.000);Rejected_Deadlock_Avoidance
13:56:46;541;RGBA(0.969, 0.619, 0.143, 0.000);-1000000,00;1;0,00;RGBA(0.755, 0.055, 0.055, 0.000);Rejected_Deadlock_Avoidance
13:56:46;542;RGBA(0.969, 0.619, 0.143, 0.000);-1000000,00;1;0,00;RGBA(0.755, 0.055, 0.055, 0.000);Rejected_Deadlock_Avoidance
13:56:46;543;RGBA(0.969, 0.619, 0.143, 0.000);-1000000,00;1;0,00;RGBA(0.755, 0.055, 0.055, 0.000);Rejected_Deadlock_Avoidance
13:56:46;544;RGBA(0.969, 0.619, 0.143, 0.000);-1000000,00;1;0,00;RGBA(0.755, 0.055, 0.055, 0.000);Rejected_Deadlock_Avoidance
13:56:46;545;RGBA(0.969, 0.619, 0.143, 0.000);-1000000,00;1;0,00;RGBA(0.755, 0.055, 0.055, 0.000);Rejected_Deadlock_Avoidance
13:56:46;546;RGBA(0.969, 0.619, 0.143, 0.000);-1000000,00;1;0,00;RGBA(0.755, 0.055, 0.055, 0.000);Rejected_Deadlock_Avoidance
13:56:46;547;RGBA(0.969, 0.619, 0.143, 0.000);-1000000,00;1;0,00;RGBA(0.755, 0.055, 0.055, 0.000);Rejected_Deadlock_Avoidance
13:56:46;548;RGBA(0.969, 0.619, 0.143, 0.000);-1000000,00;1;0,00;RGBA(0.755, 0.055, 0.055, 0.000);Rejected_Deadlock_Avoidance
13:56:46;549;RGBA(0.969, 0.619, 0.143, 0.000);-1000000,00;1;0,00;RGBA(0.755, 0.055, 0.055, 0.000);Rejected_Deadlock_Avoidance
13:56:46;550;RGBA(0.969, 0.619, 0.143, 0.000);-1000000,00;1;0,00;RGBA(0.755, 0.055, 0.055, 0.000);Rejected_Deadlock_Avoidance
13:56:46;551;RGBA(0.969, 0.619, 0.143, 0.000);-1000000,00;1;0,00;RGBA(0.755, 0.055, 0.055, 0.000);Rejected_Deadlock_Avoidance
13:56:46;552;RGBA(0.969, 0.619, 0.143, 0.000);-1000000,00;1;0,00;RGBA(0.755, 0.055, 0.055, 0.000);Rejected_Deadlock_Avoidance
13:56:46;553;RGBA(0.969, 0.619, 0.143, 0.000);-1000000,00;1;0,00;RGBA(0.755, 0.055, 0.055, 0.000);Rejected_Deadlock_Avoidance
13:56:46;554;RGBA(0.969, 0.619, 0.143, 0.000);-1000000,00;1;0,00;RGBA(0.755, 0.055, 0.055, 0.000);Rejected_Deadlock_Avoidance
13:56:46;555;RGBA(0.969, 0.619, 0.143, 0.000);-1000000,00;1;0,00;RGBA(0.755, 0.055, 0.055, 0.000);Rejected_Deadlock_Avoidance
13:56:46;556;RGBA(0.969, 0.619, 0.143, 0.000);-1000000,00;1;0,00;RGBA(0.755, 0.055, 0.055, 0.000);Rejected_Deadlock_Avoidance
13:56:46;557;RGBA(0.969, 0.619, 0.143, 0.000);-1000000,00;1;0,00;RGBA(0.755, 0.055, 0.055, 0.000);Rejected_Deadlock_Avoidance
13:56:46;558;RGBA(0.969, 0.619, 0.143, 0.000);-1000000,00;1;0,00;RGBA(0.755, 0.055, 0.055, 0.000);Rejected_Deadlock_Avoidance
13:56:46;559;RGBA(0.969, 0.619, 0.143, 0.000);-1000000,00;1;0,00;RGBA(0.755, 0.055, 0.055, 0.000);Rejected_Deadlock_Avoidance
13:56:46;560;RGBA(0.969, 0.619, 0.143, 0.000);-1000000,00;1;0,00;RGBA(0.755, 0.055, 0.055, 0.000);Rejected_Deadlock_Avoidance
13:56:46;561;RGBA(0.969, 0.619, 0.143, 0.000);-1000000,00;1;0,00;RGBA(0.755, 0.055, 0.055, 0.000);Rejected_Deadlock_Avoidance
13:56:46;562;RGBA(0.969, 0.619, 0.143, 0.000);-1000000,00;1;0,00;RGBA(0.755, 0.055, 0.055, 0.000);Rejected_Deadlock_Avoidance
13:56:46;563;RGBA(0.969, 0.619, 0.143, 0.000);-1000000,00;1;0,00;RGBA(0.755, 0.055, 0.055, 0.000);Rejected_Deadlock_Avoidance
13:56:46;564;RGBA(0.969, 0.619, 0.143, 0.000);-1000000,00;1;0,00;RGBA(0.755, 0.055, 0.055, 0.000);Rejected_Deadlock_Avoidance
13:56:46;565;RGBA(0.969, 0.619, 0.143, 0.000);-1000000,00;1;0,00;RGBA(0.755, 0.055, 0.055, 0.000);Rejected_Deadlock_Avoidance
13:56:46;566;RGBA(0.969, 0.619, 0.143, 0.000);-1000000,00;1;0,00;RGBA(0.755, 0.055, 0.055, 0.000);Rejected_Deadlock_Avoidance
13:56:46;567;RGBA(0.969, 0.619, 0.143, 0.000);-1000000,00;1;0,00;RGBA(0.755, 0.055, 0.055, 0.000);Rejected_Deadlock_Avoidance
13:56:46;568;RGBA(0.969, 0.619, 0.143, 0.000);-1000000,00;1;0,00;RGBA(0.755, 0.055, 0.055, 0.000);Rejected_Deadlock_Avoidance
13:56:46;569;RGBA(0.969, 0.619, 0.143, 0.000);-1000000,00;1;0,00;RGBA(0.755, 0.055, 0.055, 0.000);Rejected_Deadlock_Avoidance
13:56:46;570;RGBA(0.969, 0.619, 0.143, 0.000);-1000000,00;1;0,00;RGBA(0.755, 0.055, 0.055, 0.000);Rejected_Deadlock_Avoidance
13:56:46;571;RGBA(0.969, 0.619, 0.143, 0.000);-1000000,00;1;0,00;RGBA(0.755, 0.055, 0.055, 0.000);Rejected_Deadlock_Avoidance
13:56:46;572;RGBA(0.969, 0.619, 0.143, 0.000);-1000000,00;1;0,00;RGBA(0.755, 0.055, 0.055, 0.000);Rejected_Deadlock_Avoidance
13:56:46;573;RGBA(0.969, 0.619, 0.143, 0.000);-1000000,00;1;0,00;RGBA(0.755, 0.055, 0.055, 0.000);Rejected_Deadlock_Avoidance
13:56:46;574;RGBA(0.969, 0.619, 0.143, 0.000);-1000000,00;1;0,00;RGBA(0.755, 0.055, 0.055, 0.000);Rejected_Deadlock_Avoidance
13:56:46;575;RGBA(0.969, 0.619, 0.143, 0.000);-1000000,00;1;0,00;RGBA(0.755, 0.055, 0.055, 0.000);Rejected_Deadlock_Avoidance
13:56:46;576;RGBA(0.969, 0.619, 0.143, 0.000);-1000000,00;1;0,00;RGBA(0.755, 0.055, 0.055, 0.000);Rejected_Deadlock_Avoidance
13:56:46;577;RGBA(0.969, 0.619, 0.143, 0.000);-1000000,00;1;0,00;RGBA(0.755, 0.055, 0.055, 0.000);Rejected_Deadlock_Avoidance
13:56:46;578;RGBA(0.969, 0.619, 0.143, 0.000);-1000000,00;1;0,00;RGBA(0.755, 0.055, 0.055, 0.000);Rejected_Deadlock_Avoidance
13:56:46;579;RGBA(0.969, 0.619, 0.143, 0.000);-1000000,00;1;0,00;RGBA(0.755, 0.055, 0.055, 0.000);Rejected_Deadlock_Avoidance
13:56:46;580;RGBA(0.969, 0.619, 0.143, 0.000);-1000000,00;1;0,00;RGBA(0.755, 0.055, 0.055, 0.000);Rejected_Deadlock_Avoidance
13:56:46;581;RGBA(0.969, 0.619, 0.143, 0.000);-1000000,00;1;0,00;RGBA(0.755, 0.055, 0.055, 0.000);Rejected_Deadlock_Avoidance
13:56:46;582;RGBA(0.969, 0.619, 0.143, 0.000);-1000000,00;1;0,00;RGBA(0.755, 0.055, 0.055, 0.000);Rejected_Deadlock_Avoidance
13:56:46;583;RGBA(0.969, 0.619, 0.143, 0.000);-1000000,00;1;0,00;RGBA(0.755, 0.055, 0.055, 0.000);Rejected_Deadlock_Avoidance
13:56:46;584;RGBA(0.969, 0.619, 0.143, 0.000);-1000000,00;1;0,00;RGBA(0.755, 0.055, 0.055, 0.000);Rejected_Deadlock_Avoidance
13:56:47;585;RGBA(0.969, 0.619, 0.143, 0.000);-1000000,00;1;0,00;RGBA(0.755, 0.055, 0.055, 0.000);Rejected_Deadlock_Avoidance
13:56:47;586;RGBA(0.969, 0.619, 0.143, 0.000);-1000000,00;1;0,00;RGBA(0.755, 0.055, 0.055, 0.000);Rejected_Deadlock_Avoidance
13:56:47;587;RGBA(0.969, 0.619, 0.143, 0.000);-1000000,00;1;0,00;RGBA(0.755, 0.055, 0.055, 0.000);Rejected_Deadlock_Avoidance
13:56:47;588;RGBA(0.969, 0.619, 0.143, 0.000);-1000000,00;1;0,00;RGBA(0.755, 0.055, 0.055, 0.000);Rejected_Deadlock_Avoidance
13:56:47;589;RGBA(0.969, 0.619, 0.143, 0.000);-1000000,00;1;0,00;RGBA(0.755, 0.055, 0.055, 0.000);Rejected_Deadlock_Avoidance
13:56:47;590;RGBA(0.969, 0.619, 0.143, 0.000);-1000000,00;1;0,00;RGBA(0.755, 0.055, 0.055, 0.000);Rejected_Deadlock_Avoidance
13:56:47;591;RGBA(0.969, 0.619, 0.143, 0.000);-1000000,00;1;0,00;RGBA(0.755, 0.055, 0.055, 0.000);Rejected_Deadlock_Avoidance
13:56:47;592;RGBA(0.969, 0.619, 0.143, 0.000);-1000000,00;1;0,00;RGBA(0.755, 0.055, 0.055, 0.000);Rejected_Deadlock_Avoidance
13:56:47;593;RGBA(0.969, 0.619, 0.143, 0.000);-1000000,00;1;0,00;RGBA(0.755, 0.055, 0.055, 0.000);Rejected_Deadlock_Avoidance
13:56:47;594;RGBA(0.969, 0.619, 0.143, 0.000);-1000000,00;1;0,00;RGBA(0.755, 0.055, 0.055, 0.000);Rejected_Deadlock_Avoidance
13:56:47;595;RGBA(0.969, 0.619, 0.143, 0.000);-1000000,00;1;0,00;RGBA(0.755, 0.055, 0.055, 0.000);Rejected_Deadlock_Avoidance
13:56:47;596;RGBA(0.969, 0.619, 0.143, 0.000);-1000000,00;1;0,00;RGBA(0.755, 0.055, 0.055, 0.000);Rejected_Deadlock_Avoidance
13:56:47;597;RGBA(0.969, 0.619, 0.143, 0.000);-1000000,00;1;0,00;RGBA(0.755, 0.055, 0.055, 0.000);Rejected_Deadlock_Avoidance
13:56:47;598;RGBA(0.969, 0.619, 0.143, 0.000);-1000000,00;1;0,00;RGBA(0.755, 0.055, 0.055, 0.000);Rejected_Deadlock_Avoidance
13:56:47;599;RGBA(0.969, 0.619, 0.143, 0.000);-1000000,00;1;0,00;RGBA(0.755, 0.055, 0.055, 0.000);Rejected_Deadlock_Avoidance
13:56:47;600;RGBA(0.969, 0.619, 0.143, 0.000);-1000000,00;1;0,00;RGBA(0.755, 0.055, 0.055, 0.000);Rejected_Deadlock_Avoidance
13:56:47;601;RGBA(0.969, 0.619, 0.143, 0.000);-1000000,00;1;0,00;RGBA(0.755, 0.055, 0.055, 0.000);Rejected_Deadlock_Avoidance
13:56:47;602;RGBA(0.969, 0.619, 0.143, 0.000);-1000000,00;1;0,00;RGBA(0.755, 0.055, 0.055, 0.000);Rejected_Deadlock_Avoidance
13:56:47;603;RGBA(0.969, 0.619, 0.143, 0.000);-1000000,00;1;0,00;RGBA(0.755, 0.055, 0.055, 0.000);Rejected_Deadlock_Avoidance
13:56:47;604;RGBA(0.969, 0.619, 0.143, 0.000);-1000000,00;1;0,00;RGBA(0.755, 0.055, 0.055, 0.000);Rejected_Deadlock_Avoidance
13:56:47;605;RGBA(0.969, 0.619, 0.143, 0.000);-1000000,00;1;0,00;RGBA(0.755, 0.055, 0.055, 0.000);Rejected_Deadlock_Avoidance
13:56:47;606;RGBA(0.969, 0.619, 0.143, 0.000);-1000000,00;1;0,00;RGBA(0.755, 0.055, 0.055, 0.000);Rejected_Deadlock_Avoidance
13:56:47;607;RGBA(0.969, 0.619, 0.143, 0.000);-1000000,00;1;0,00;RGBA(0.755, 0.055, 0.055, 0.000);Rejected_Deadlock_Avoidance
13:56:47;608;RGBA(0.969, 0.619, 0.143, 0.000);-1000000,00;1;0,00;RGBA(0.755, 0.055, 0.055, 0.000);Rejected_Deadlock_Avoidance
13:56:47;609;RGBA(0.969, 0.619, 0.143, 0.000);-1000000,00;1;0,00;RGBA(0.755, 0.055, 0.055, 0.000);Rejected_Deadlock_Avoidance
13:56:47;610;RGBA(0.969, 0.619, 0.143, 0.000);-1000000,00;1;0,00;RGBA(0.755, 0.055, 0.055, 0.000);Rejected_Deadlock_Avoidance
13:56:47;611;RGBA(0.969, 0.619, 0.143, 0.000);-1000000,00;1;0,00;RGBA(0.755, 0.055, 0.055, 0.000);Rejected_Deadlock_Avoidance
13:56:47;612;RGBA(0.969, 0.619, 0.143, 0.000);-1000000,00;1;0,00;RGBA(0.755, 0.055, 0.055, 0.000);Rejected_Deadlock_Avoidance
13:56:47;613;RGBA(0.969, 0.619, 0.143, 0.000);-1000000,00;1;0,00;RGBA(0.755, 0.055, 0.055, 0.000);Rejected_Deadlock_Avoidance
13:56:47;614;RGBA(0.969, 0.619, 0.143, 0.000);-1000000,00;1;0,00;RGBA(0.755, 0.055, 0.055, 0.000);Rejected_Deadlock_Avoidance
13:56:47;615;RGBA(0.969, 0.619, 0.143, 0.000);-1000000,00;1;0,00;RGBA(0.755, 0.055, 0.055, 0.000);Rejected_Deadlock_Avoidance
13:56:47;616;RGBA(0.969, 0.619, 0.143, 0.000);-1000000,00;1;0,00;RGBA(0.755, 0.055, 0.055, 0.000);Rejected_Deadlock_Avoidance
13:56:47;617;RGBA(0.969, 0.619, 0.143, 0.000);-1000000,00;1;0,00;RGBA(0.755, 0.055, 0.055, 0.000);Rejected_Deadlock_Avoidance
13:56:47;618;RGBA(0.969, 0.619, 0.143, 0.000);-1000000,00;1;0,00;RGBA(0.755, 0.055, 0.055, 0.000);Rejected_Deadlock_Avoidance
13:56:47;619;RGBA(0.969, 0.619, 0.143, 0.000);-1000000,00;1;0,00;RGBA(0.755, 0.055, 0.055, 0.000);Rejected_Deadlock_Avoidance
13:56:47;620;RGBA(0.969, 0.619, 0.143, 0.000);-1000000,00;1;0,00;RGBA(0.755, 0.055, 0.055, 0.000);Rejected_Deadlock_Avoidance
13:56:47;621;RGBA(0.969, 0.619, 0.143, 0.000);-1000000,00;1;0,00;RGBA(0.755, 0.055, 0.055, 0.000);Rejected_Deadlock_Avoidance
13:56:47;622;RGBA(0.969, 0.619, 0.143, 0.000);-1000000,00;1;0,00;RGBA(0.755, 0.055, 0.055, 0.000);Rejected_Deadlock_Avoidance
13:56:47;623;RGBA(0.969, 0.619, 0.143, 0.000);-1000000,00;1;0,00;RGBA(0.755, 0.055, 0.055, 0.000);Rejected_Deadlock_Avoidance
13:56:47;624;RGBA(0.969, 0.619, 0.143, 0.000);-1000000,00;1;0,00;RGBA(0.755, 0.055, 0.055, 0.000);Rejected_Deadlock_Avoidance
13:56:47;625;RGBA(0.969, 0.619, 0.143, 0.000);-1000000,00;1;0,00;RGBA(0.755, 0.055, 0.055, 0.000);Rejected_Deadlock_Avoidance
13:56:47;626;RGBA(0.969, 0.619, 0.143, 0.000);-1000000,00;1;0,00;RGBA(0.755, 0.055, 0.055, 0.000);Rejected_Deadlock_Avoidance
13:56:47;627;RGBA(0.969, 0.619, 0.143, 0.000);-1000000,00;1;0,00;RGBA(0.755, 0.055, 0.055, 0.000);Rejected_Deadlock_Avoidance
13:56:47;628;RGBA(0.969, 0.619, 0.143, 0.000);-1000000,00;1;0,00;RGBA(0.755, 0.055, 0.055, 0.000);Rejected_Deadlock_Avoidance
13:56:47;629;RGBA(0.969, 0.619, 0.143, 0.000);-1000000,00;1;0,00;RGBA(0.755, 0.055, 0.055, 0.000);Rejected_Deadlock_Avoidance
13:56:47;630;RGBA(0.969, 0.619, 0.143, 0.000);-1000000,00;1;0,00;RGBA(0.755, 0.055, 0.055, 0.000);Rejected_Deadlock_Avoidance
13:56:47;631;RGBA(0.969, 0.619, 0.143, 0.000);-1000000,00;1;0,00;RGBA(0.755, 0.055, 0.055, 0.000);Rejected_Deadlock_Avoidance
13:56:47;632;RGBA(0.969, 0.619, 0.143, 0.000);-1000000,00;1;0,00;RGBA(0.755, 0.055, 0.055, 0.000);Rejected_Deadlock_Avoidance
13:56:47;633;RGBA(0.969, 0.619, 0.143, 0.000);-1000000,00;1;0,00;RGBA(0.755, 0.055, 0.055, 0.000);Rejected_Deadlock_Avoidance
13:56:47;634;RGBA(0.969, 0.619, 0.143, 0.000);-1000000,00;1;0,00;RGBA(0.755, 0.055, 0.055, 0.000);Rejected_Deadlock_Avoidance
13:56:47;635;RGBA(0.969, 0.619, 0.143, 0.000);-1000000,00;1;0,00;RGBA(0.755, 0.055, 0.055, 0.000);Rejected_Deadlock_Avoidance
13:56:47;636;RGBA(0.969, 0.619, 0.143, 0.000);-1000000,00;1;0,00;RGBA(0.755, 0.055, 0.055, 0.000);Rejected_Deadlock_Avoidance
13:56:47;637;RGBA(0.969, 0.619, 0.143, 0.000);-1000000,00;1;0,00;RGBA(0.755, 0.055, 0.055, 0.000);Rejected_Deadlock_Avoidance
13:56:47;638;RGBA(0.969, 0.619, 0.143, 0.000);-1000000,00;1;0,00;RGBA(0.755, 0.055, 0.055, 0.000);Rejected_Deadlock_Avoidance
13:56:47;639;RGBA(0.969, 0.619, 0.143, 0.000);-1000000,00;1;0,00;RGBA(0.755, 0.055, 0.055, 0.000);Rejected_Deadlock_Avoidance
13:56:47;640;RGBA(0.969, 0.619, 0.143, 0.000);-1000000,00;1;0,00;RGBA(0.755, 0.055, 0.055, 0.000);Rejected_Deadlock_Avoidance
13:56:47;641;RGBA(0.969, 0.619, 0.143, 0.000);-1000000,00;1;0,00;RGBA(0.755, 0.055, 0.055, 0.000);Rejected_Deadlock_Avoidance
13:56:47;642;RGBA(0.969, 0.619, 0.143, 0.000);-1000000,00;1;0,00;RGBA(0.755, 0.055, 0.055, 0.000);Rejected_Deadlock_Avoidance
13:56:47;643;RGBA(0.969, 0.619, 0.143, 0.000);-1000000,00;1;0,00;RGBA(0.755, 0.055, 0.055, 0.000);Rejected_Deadlock_Avoidance
13:56:47;644;RGBA(0.969, 0.619, 0.143, 0.000);-1000000,00;1;0,00;RGBA(0.755, 0.055, 0.055, 0.000);Rejected_Deadlock_Avoidance
13:56:47;645;RGBA(0.969, 0.619, 0.143, 0.000);-1000000,00;1;0,00;RGBA(0.755, 0.055, 0.055, 0.000);Rejected_Deadlock_Avoidance
13:56:47;646;RGBA(0.969, 0.619, 0.143, 0.000);-1000000,00;1;0,00;RGBA(0.755, 0.055, 0.055, 0.000);Rejected_Deadlock_Avoidance
13:56:47;647;RGBA(0.969, 0.619, 0.143, 0.000);-1000000,00;1;0,00;RGBA(0.755, 0.055, 0.055, 0.000);Rejected_Deadlock_Avoidance
13:56:47;648;RGBA(0.969, 0.619, 0.143, 0.000);-1000000,00;1;0,00;RGBA(0.755, 0.055, 0.055, 0.000);Rejected_Deadlock_Avoidance
13:56:47;649;RGBA(0.969, 0.619, 0.143, 0.000);-1000000,00;1;0,00;RGBA(0.755, 0.055, 0.055, 0.000);Rejected_Deadlock_Avoidance
13:56:47;650;RGBA(0.969, 0.619, 0.143, 0.000);-1000000,00;1;0,00;RGBA(0.755, 0.055, 0.055, 0.000);Rejected_Deadlock_Avoidance
13:56:47;651;RGBA(0.969, 0.619, 0.143, 0.000);-1000000,00;1;0,00;RGBA(0.755, 0.055, 0.055, 0.000);Rejected_Deadlock_Avoidance
13:56:47;652;RGBA(0.969, 0.619, 0.143, 0.000);-1000000,00;1;0,00;RGBA(0.755, 0.055, 0.055, 0.000);Rejected_Deadlock_Avoidance
13:56:47;653;RGBA(0.969, 0.619, 0.143, 0.000);-1000000,00;1;0,00;RGBA(0.755, 0.055, 0.055, 0.000);Rejected_Deadlock_Avoidance
13:56:47;654;RGBA(0.969, 0.619, 0.143, 0.000);-1000000,00;1;0,00;RGBA(0.755, 0.055, 0.055, 0.000);Rejected_Deadlock_Avoidance
13:56:47;655;RGBA(0.969, 0.619, 0.143, 0.000);-1000000,00;1;0,00;RGBA(0.755, 0.055, 0.055, 0.000);Rejected_Deadlock_Avoidance
13:56:47;656;RGBA(0.969, 0.619, 0.143, 0.000);-1000000,00;1;0,00;RGBA(0.755, 0.055, 0.055, 0.000);Rejected_Deadlock_Avoidance
13:56:47;657;RGBA(0.969, 0.619, 0.143, 0.000);-1000000,00;1;0,00;RGBA(0.755, 0.055, 0.055, 0.000);Rejected_Deadlock_Avoidance
13:56:47;658;RGBA(0.969, 0.619, 0.143, 0.000);-1000000,00;1;0,00;RGBA(0.755, 0.055, 0.055, 0.000);Rejected_Deadlock_Avoidance
13:56:47;659;RGBA(0.969, 0.619, 0.143, 0.000);-1000000,00;1;0,00;RGBA(0.755, 0.055, 0.055, 0.000);Rejected_Deadlock_Avoidance
13:56:47;660;RGBA(0.969, 0.619, 0.143, 0.000);-1000000,00;1;0,00;RGBA(0.755, 0.055, 0.055, 0.000);Rejected_Deadlock_Avoidance
13:56:47;661;RGBA(0.969, 0.619, 0.143, 0.000);-1000000,00;1;0,00;RGBA(0.755, 0.055, 0.055, 0.000);Rejected_Deadlock_Avoidance
13:56:47;662;RGBA(0.969, 0.619, 0.143, 0.000);-1000000,00;1;0,00;RGBA(0.755, 0.055, 0.055, 0.000);Rejected_Deadlock_Avoidance
13:56:48;663;RGBA(0.969, 0.619, 0.143, 0.000);-1000000,00;1;0,00;RGBA(0.755, 0.055, 0.055, 0.000);Rejected_Deadlock_Avoidance
13:56:48;664;RGBA(0.969, 0.619, 0.143, 0.000);-1000000,00;1;0,00;RGBA(0.755, 0.055, 0.055, 0.000);Rejected_Deadlock_Avoidance
13:56:48;665;RGBA(0.969, 0.619, 0.143, 0.000);-1000000,00;1;0,00;RGBA(0.755, 0.055, 0.055, 0.000);Rejected_Deadlock_Avoidance
13:56:48;666;RGBA(0.969, 0.619, 0.143, 0.000);-1000000,00;1;0,00;RGBA(0.755, 0.055, 0.055, 0.000);Rejected_Deadlock_Avoidance
13:56:48;667;RGBA(0.969, 0.619, 0.143, 0.000);-1000000,00;1;0,00;RGBA(0.755, 0.055, 0.055, 0.000);Rejected_Deadlock_Avoidance
13:56:48;668;RGBA(0.969, 0.619, 0.143, 0.000);-1000000,00;1;0,00;RGBA(0.755, 0.055, 0.055, 0.000);Rejected_Deadlock_Avoidance
13:56:48;669;RGBA(0.969, 0.619, 0.143, 0.000);-1000000,00;1;0,00;RGBA(0.755, 0.055, 0.055, 0.000);Rejected_Deadlock_Avoidance
13:56:48;670;RGBA(0.969, 0.619, 0.143, 0.000);-1000000,00;1;0,00;RGBA(0.755, 0.055, 0.055, 0.000);Rejected_Deadlock_Avoidance
13:56:48;671;RGBA(0.969, 0.619, 0.143, 0.000);-1000000,00;1;0,00;RGBA(0.755, 0.055, 0.055, 0.000);Rejected_Deadlock_Avoidance
13:56:48;672;RGBA(0.969, 0.619, 0.143, 0.000);-1000000,00;1;0,00;RGBA(0.755, 0.055, 0.055, 0.000);Rejected_Deadlock_Avoidance
13:56:48;673;RGBA(0.969, 0.619, 0.143, 0.000);-1000000,00;1;0,00;RGBA(0.755, 0.055, 0.055, 0.000);Rejected_Deadlock_Avoidance
13:56:48;674;RGBA(0.969, 0.619, 0.143, 0.000);-1000000,00;1;0,00;RGBA(0.755, 0.055, 0.055, 0.000);Rejected_Deadlock_Avoidance
13:56:48;675;RGBA(0.969, 0.619, 0.143, 0.000);-1000000,00;1;0,00;RGBA(0.755, 0.055, 0.055, 0.000);Rejected_Deadlock_Avoidance
13:56:48;676;RGBA(0.969, 0.619, 0.143, 0.000);-1000000,00;1;0,00;RGBA(0.755, 0.055, 0.055, 0.000);Rejected_Deadlock_Avoidance
13:56:48;677;RGBA(0.969, 0.619, 0.143, 0.000);-1000000,00;1;0,00;RGBA(0.755, 0.055, 0.055, 0.000);Rejected_Deadlock_Avoidance
13:56:48;678;RGBA(0.969, 0.619, 0.143, 0.000);-1000000,00;1;0,00;RGBA(0.755, 0.055, 0.055, 0.000);Rejected_Deadlock_Avoidance
13:56:48;679;RGBA(0.969, 0.619, 0.143, 0.000);-1000000,00;1;0,00;RGBA(0.755, 0.055, 0.055, 0.000);Rejected_Deadlock_Avoidance
13:56:48;680;RGBA(0.969, 0.619, 0.143, 0.000);-1000000,00;1;0,00;RGBA(0.755, 0.055, 0.055, 0.000);Rejected_Deadlock_Avoidance
13:56:48;681;RGBA(0.969, 0.619, 0.143, 0.000);-1000000,00;1;0,00;RGBA(0.755, 0.055, 0.055, 0.000);Rejected_Deadlock_Avoidance
13:56:48;682;RGBA(0.969, 0.619, 0.143, 0.000);-1000000,00;1;0,00;RGBA(0.755, 0.055, 0.055, 0.000);Rejected_Deadlock_Avoidance
13:56:48;683;RGBA(0.969, 0.619, 0.143, 0.000);-1000000,00;1;0,00;RGBA(0.755, 0.055, 0.055, 0.000);Rejected_Deadlock_Avoidance
13:56:48;684;RGBA(0.969, 0.619, 0.143, 0.000);-1000000,00;1;0,00;RGBA(0.755, 0.055, 0.055, 0.000);Rejected_Deadlock_Avoidance
13:56:48;685;RGBA(0.969, 0.619, 0.143, 0.000);-1000000,00;1;0,00;RGBA(0.755, 0.055, 0.055, 0.000);Rejected_Deadlock_Avoidance
13:56:48;686;RGBA(0.969, 0.619, 0.143, 0.000);-1000000,00;1;0,00;RGBA(0.755, 0.055, 0.055, 0.000);Rejected_Deadlock_Avoidance
13:56:48;687;RGBA(0.969, 0.619, 0.143, 0.000);-1000000,00;1;0,00;RGBA(0.755, 0.055, 0.055, 0.000);Rejected_Deadlock_Avoidance
13:56:48;688;RGBA(0.969, 0.619, 0.143, 0.000);-1000000,00;1;0,00;RGBA(0.755, 0.055, 0.055, 0.000);Rejected_Deadlock_Avoidance
13:56:48;689;RGBA(0.969, 0.619, 0.143, 0.000);-1000000,00;1;0,00;RGBA(0.755, 0.055, 0.055, 0.000);Rejected_Deadlock_Avoidance
13:56:48;690;RGBA(0.969, 0.619, 0.143, 0.000);-1000000,00;1;0,00;RGBA(0.755, 0.055, 0.055, 0.000);Rejected_Deadlock_Avoidance
13:56:48;691;RGBA(0.969, 0.619, 0.143, 0.000);-1000000,00;1;0,00;RGBA(0.755, 0.055, 0.055, 0.000);Rejected_Deadlock_Avoidance
13:56:48;692;RGBA(0.969, 0.619, 0.143, 0.000);-1000000,00;1;0,00;RGBA(0.755, 0.055, 0.055, 0.000);Rejected_Deadlock_Avoidance
13:56:48;693;RGBA(0.969, 0.619, 0.143, 0.000);-1000000,00;1;0,00;RGBA(0.755, 0.055, 0.055, 0.000);Rejected_Deadlock_Avoidance
13:56:48;694;RGBA(0.969, 0.619, 0.143, 0.000);-1000000,00;1;0,00;RGBA(0.755, 0.055, 0.055, 0.000);Rejected_Deadlock_Avoidance
13:56:48;695;RGBA(0.969, 0.619, 0.143, 0.000);-1000000,00;1;0,00;RGBA(0.755, 0.055, 0.055, 0.000);Rejected_Deadlock_Avoidance
13:56:48;696;RGBA(0.969, 0.619, 0.143, 0.000);-1000000,00;1;0,00;RGBA(0.755, 0.055, 0.055, 0.000);Rejected_Deadlock_Avoidance
13:56:48;697;RGBA(0.969, 0.619, 0.143, 0.000);-1000000,00;1;0,00;RGBA(0.755, 0.055, 0.055, 0.000);Rejected_Deadlock_Avoidance
13:56:48;698;RGBA(0.969, 0.619, 0.143, 0.000);-1000000,00;1;0,00;RGBA(0.755, 0.055, 0.055, 0.000);Rejected_Deadlock_Avoidance
13:56:48;699;RGBA(0.969, 0.619, 0.143, 0.000);-1000000,00;1;0,00;RGBA(0.755, 0.055, 0.055, 0.000);Rejected_Deadlock_Avoidance
13:56:48;700;RGBA(0.969, 0.619, 0.143, 0.000);-1000000,00;1;0,00;RGBA(0.755, 0.055, 0.055, 0.000);Rejected_Deadlock_Avoidance
13:56:48;701;RGBA(0.969, 0.619, 0.143, 0.000);-1000000,00;1;0,00;RGBA(0.755, 0.055, 0.055, 0.000);Rejected_Deadlock_Avoidance
13:56:48;702;RGBA(0.969, 0.619, 0.143, 0.000);-1000000,00;1;0,00;RGBA(0.755, 0.055, 0.055, 0.000);Rejected_Deadlock_Avoidance
13:56:48;703;RGBA(0.969, 0.619, 0.143, 0.000);-1000000,00;1;0,00;RGBA(0.755, 0.055, 0.055, 0.000);Rejected_Deadlock_Avoidance
13:56:48;704;RGBA(0.969, 0.619, 0.143, 0.000);-1000000,00;1;0,00;RGBA(0.755, 0.055, 0.055, 0.000);Rejected_Deadlock_Avoidance
13:56:48;705;RGBA(0.969, 0.619, 0.143, 0.000);-1000000,00;1;0,00;RGBA(0.755, 0.055, 0.055, 0.000);Rejected_Deadlock_Avoidance
13:56:48;706;RGBA(0.969, 0.619, 0.143, 0.000);-1000000,00;1;0,00;RGBA(0.755, 0.055, 0.055, 0.000);Rejected_Deadlock_Avoidance
13:56:48;707;RGBA(0.969, 0.619, 0.143, 0.000);-1000000,00;1;0,00;RGBA(0.755, 0.055, 0.055, 0.000);Rejected_Deadlock_Avoidance
13:56:48;708;RGBA(0.969, 0.619, 0.143, 0.000);-1000000,00;1;0,00;RGBA(0.755, 0.055, 0.055, 0.000);Rejected_Deadlock_Avoidance
13:56:48;709;RGBA(0.969, 0.619, 0.143, 0.000);-1000000,00;1;0,00;RGBA(0.755, 0.055, 0.055, 0.000);Rejected_Deadlock_Avoidance
13:56:48;710;RGBA(0.969, 0.619, 0.143, 0.000);-1000000,00;1;0,00;RGBA(0.755, 0.055, 0.055, 0.000);Rejected_Deadlock_Avoidance
13:56:48;711;RGBA(0.969, 0.619, 0.143, 0.000);-1000000,00;1;0,00;RGBA(0.755, 0.055, 0.055, 0.000);Rejected_Deadlock_Avoidance
13:56:48;712;RGBA(0.969, 0.619, 0.143, 0.000);-1000000,00;1;0,00;RGBA(0.755, 0.055, 0.055, 0.000);Rejected_Deadlock_Avoidance
13:56:48;713;RGBA(0.969, 0.619, 0.143, 0.000);-1000000,00;1;0,00;RGBA(0.755, 0.055, 0.055, 0.000);Rejected_Deadlock_Avoidance
13:56:48;714;RGBA(0.969, 0.619, 0.143, 0.000);-1000000,00;1;0,00;RGBA(0.755, 0.055, 0.055, 0.000);Rejected_Deadlock_Avoidance
13:56:48;715;RGBA(0.969, 0.619, 0.143, 0.000);-1000000,00;1;0,00;RGBA(0.755, 0.055, 0.055, 0.000);Rejected_Deadlock_Avoidance
13:56:48;716;RGBA(0.969, 0.619, 0.143, 0.000);-1000000,00;1;0,00;RGBA(0.755, 0.055, 0.055, 0.000);Rejected_Deadlock_Avoidance
13:56:48;717;RGBA(0.969, 0.619, 0.143, 0.000);-1000000,00;1;0,00;RGBA(0.755, 0.055, 0.055, 0.000);Rejected_Deadlock_Avoidance
13:56:48;718;RGBA(0.969, 0.619, 0.143, 0.000);-1000000,00;1;0,00;RGBA(0.755, 0.055, 0.055, 0.000);Rejected_Deadlock_Avoidance
13:56:48;719;RGBA(0.969, 0.619, 0.143, 0.000);-1000000,00;1;0,00;RGBA(0.755, 0.055, 0.055, 0.000);Rejected_Deadlock_Avoidance
13:56:48;720;RGBA(0.969, 0.619, 0.143, 0.000);-1000000,00;1;0,00;RGBA(0.755, 0.055, 0.055, 0.000);Rejected_Deadlock_Avoidance
13:56:48;721;RGBA(0.969, 0.619, 0.143, 0.000);-1000000,00;1;0,00;RGBA(0.755, 0.055, 0.055, 0.000);Rejected_Deadlock_Avoidance
13:56:48;722;RGBA(0.969, 0.619, 0.143, 0.000);-1000000,00;1;0,00;RGBA(0.755, 0.055, 0.055, 0.000);Rejected_Deadlock_Avoidance
13:56:48;723;RGBA(0.969, 0.619, 0.143, 0.000);-1000000,00;1;0,00;RGBA(0.755, 0.055, 0.055, 0.000);Rejected_Deadlock_Avoidance
13:56:48;724;RGBA(0.969, 0.619, 0.143, 0.000);-1000000,00;1;0,00;RGBA(0.755, 0.055, 0.055, 0.000);Rejected_Deadlock_Avoidance
13:56:48;725;RGBA(0.969, 0.619, 0.143, 0.000);-1000000,00;1;0,00;RGBA(0.755, 0.055, 0.055, 0.000);Rejected_Deadlock_Avoidance
13:56:48;726;RGBA(0.969, 0.619, 0.143, 0.000);-1000000,00;1;0,00;RGBA(0.755, 0.055, 0.055, 0.000);Rejected_Deadlock_Avoidance
13:56:48;727;RGBA(0.969, 0.619, 0.143, 0.000);-1000000,00;1;0,00;RGBA(0.755, 0.055, 0.055, 0.000);Rejected_Deadlock_Avoidance
13:56:48;728;RGBA(0.969, 0.619, 0.143, 0.000);-1000000,00;1;0,00;RGBA(0.755, 0.055, 0.055, 0.000);Rejected_Deadlock_Avoidance
13:56:48;729;RGBA(0.969, 0.619, 0.143, 0.000);-1000000,00;1;0,00;RGBA(0.755, 0.055, 0.055, 0.000);Rejected_Deadlock_Avoidance
13:56:48;730;RGBA(0.969, 0.619, 0.143, 0.000);-1000000,00;1;0,00;RGBA(0.755, 0.055, 0.055, 0.000);Rejected_Deadlock_Avoidance
13:56:48;731;RGBA(0.969, 0.619, 0.143, 0.000);-1000000,00;1;0,00;RGBA(0.755, 0.055, 0.055, 0.000);Rejected_Deadlock_Avoidance
13:56:48;732;RGBA(0.969, 0.619, 0.143, 0.000);-1000000,00;1;0,00;RGBA(0.755, 0.055, 0.055, 0.000);Rejected_Deadlock_Avoidance
13:56:48;733;RGBA(0.969, 0.619, 0.143, 0.000);-1000000,00;1;0,00;RGBA(0.755, 0.055, 0.055, 0.000);Rejected_Deadlock_Avoidance
13:56:48;734;RGBA(0.969, 0.619, 0.143, 0.000);-1000000,00;1;0,00;RGBA(0.755, 0.055, 0.055, 0.000);Rejected_Deadlock_Avoidance
13:56:48;735;RGBA(0.969, 0.619, 0.143, 0.000);-1000000,00;1;0,00;RGBA(0.755, 0.055, 0.055, 0.000);Rejected_Deadlock_Avoidance
13:56:48;736;RGBA(0.969, 0.619, 0.143, 0.000);-1000000,00;1;0,00;RGBA(0.755, 0.055, 0.055, 0.000);Rejected_Deadlock_Avoidance
13:56:48;737;RGBA(0.969, 0.619, 0.143, 0.000);-1000000,00;1;0,00;RGBA(0.755, 0.055, 0.055, 0.000);Rejected_Deadlock_Avoidance
13:56:48;738;RGBA(0.969, 0.619, 0.143, 0.000);-1000000,00;1;0,00;RGBA(0.755, 0.055, 0.055, 0.000);Rejected_Deadlock_Avoidance
13:56:48;739;RGBA(0.969, 0.619, 0.143, 0.000);-1000000,00;1;0,00;RGBA(0.755, 0.055, 0.055, 0.000);Rejected_Deadlock_Avoidance
13:56:48;740;RGBA(0.969, 0.619, 0.143, 0.000);-1000000,00;1;0,00;RGBA(0.755, 0.055, 0.055, 0.000);Rejected_Deadlock_Avoidance
13:56:48;741;RGBA(0.969, 0.619, 0.143, 0.000);-1000000,00;1;0,00;RGBA(0.755, 0.055, 0.055, 0.000);Rejected_Deadlock_Avoidance
13:56:48;742;RGBA(0.969, 0.619, 0.143, 0.000);-1000000,00;1;0,00;RGBA(0.755, 0.055, 0.055, 0.000);Rejected_Deadlock_Avoidance
13:56:48;743;RGBA(0.969, 0.619, 0.143, 0.000);-1000000,00;1;0,00;RGBA(0.755, 0.055, 0.055, 0.000);Rejected_Deadlock_Avoidance
13:56:49;744;RGBA(0.969, 0.619, 0.143, 0.000);-1000000,00;1;0,00;RGBA(0.755, 0.055, 0.055, 0.000);Rejected_Deadlock_Avoidance
13:56:49;745;RGBA(0.969, 0.619, 0.143, 0.000);-1000000,00;1;0,00;RGBA(0.755, 0.055, 0.055, 0.000);Rejected_Deadlock_Avoidance
13:56:49;746;RGBA(0.969, 0.619, 0.143, 0.000);-1000000,00;1;0,00;RGBA(0.755, 0.055, 0.055, 0.000);Rejected_Deadlock_Avoidance
13:56:49;747;RGBA(0.969, 0.619, 0.143, 0.000);-1000000,00;1;0,00;RGBA(0.755, 0.055, 0.055, 0.000);Rejected_Deadlock_Avoidance
13:56:49;748;RGBA(0.969, 0.619, 0.143, 0.000);-1000000,00;1;0,00;RGBA(0.755, 0.055, 0.055, 0.000);Rejected_Deadlock_Avoidance
13:56:49;749;RGBA(0.969, 0.619, 0.143, 0.000);-1000000,00;1;0,00;RGBA(0.755, 0.055, 0.055, 0.000);Rejected_Deadlock_Avoidance
13:56:49;750;RGBA(0.969, 0.619, 0.143, 0.000);-1000000,00;1;0,00;RGBA(0.755, 0.055, 0.055, 0.000);Rejected_Deadlock_Avoidance
13:56:49;751;RGBA(0.969, 0.619, 0.143, 0.000);-1000000,00;1;0,00;RGBA(0.755, 0.055, 0.055, 0.000);Rejected_Deadlock_Avoidance
13:56:49;752;RGBA(0.969, 0.619, 0.143, 0.000);-1000000,00;1;0,00;RGBA(0.755, 0.055, 0.055, 0.000);Rejected_Deadlock_Avoidance
13:56:49;753;RGBA(0.969, 0.619, 0.143, 0.000);-1000000,00;1;0,00;RGBA(0.755, 0.055, 0.055, 0.000);Rejected_Deadlock_Avoidance
13:56:49;754;RGBA(0.969, 0.619, 0.143, 0.000);-1000000,00;1;0,00;RGBA(0.755, 0.055, 0.055, 0.000);Rejected_Deadlock_Avoidance
13:56:49;755;RGBA(0.969, 0.619, 0.143, 0.000);-1000000,00;1;0,00;RGBA(0.755, 0.055, 0.055, 0.000);Rejected_Deadlock_Avoidance
13:56:49;756;RGBA(0.969, 0.619, 0.143, 0.000);-1000000,00;1;0,00;RGBA(0.755, 0.055, 0.055, 0.000);Rejected_Deadlock_Avoidance
13:56:49;757;RGBA(0.969, 0.619, 0.143, 0.000);-1000000,00;1;0,00;RGBA(0.755, 0.055, 0.055, 0.000);Rejected_Deadlock_Avoidance
13:56:49;758;RGBA(0.969, 0.619, 0.143, 0.000);-1000000,00;1;0,00;RGBA(0.755, 0.055, 0.055, 0.000);Rejected_Deadlock_Avoidance
13:56:49;759;RGBA(0.969, 0.619, 0.143, 0.000);-1000000,00;1;0,00;RGBA(0.755, 0.055, 0.055, 0.000);Rejected_Deadlock_Avoidance
13:56:49;760;RGBA(0.969, 0.619, 0.143, 0.000);-1000000,00;1;0,00;RGBA(0.755, 0.055, 0.055, 0.000);Rejected_Deadlock_Avoidance
13:56:49;761;RGBA(0.969, 0.619, 0.143, 0.000);-1000000,00;1;0,00;RGBA(0.755, 0.055, 0.055, 0.000);Rejected_Deadlock_Avoidance
13:56:49;762;RGBA(0.969, 0.619, 0.143, 0.000);-1000000,00;1;0,00;RGBA(0.755, 0.055, 0.055, 0.000);Rejected_Deadlock_Avoidance
13:56:49;763;RGBA(0.969, 0.619, 0.143, 0.000);-1000000,00;1;0,00;RGBA(0.755, 0.055, 0.055, 0.000);Rejected_Deadlock_Avoidance
13:56:49;764;RGBA(0.969, 0.619, 0.143, 0.000);-1000000,00;1;0,00;RGBA(0.755, 0.055, 0.055, 0.000);Rejected_Deadlock_Avoidance
13:56:49;765;RGBA(0.969, 0.619, 0.143, 0.000);-1000000,00;1;0,00;RGBA(0.755, 0.055, 0.055, 0.000);Rejected_Deadlock_Avoidance
13:56:49;766;RGBA(0.969, 0.619, 0.143, 0.000);-1000000,00;1;0,00;RGBA(0.755, 0.055, 0.055, 0.000);Rejected_Deadlock_Avoidance
13:56:49;767;RGBA(0.969, 0.619, 0.143, 0.000);-1000000,00;1;0,00;RGBA(0.755, 0.055, 0.055, 0.000);Rejected_Deadlock_Avoidance
13:56:49;768;RGBA(0.969, 0.619, 0.143, 0.000);-1000000,00;1;0,00;RGBA(0.755, 0.055, 0.055, 0.000);Rejected_Deadlock_Avoidance
13:56:49;769;RGBA(0.969, 0.619, 0.143, 0.000);-1000000,00;1;0,00;RGBA(0.755, 0.055, 0.055, 0.000);Rejected_Deadlock_Avoidance
13:56:49;770;RGBA(0.969, 0.619, 0.143, 0.000);-1000000,00;1;0,00;RGBA(0.755, 0.055, 0.055, 0.000);Rejected_Deadlock_Avoidance
13:56:49;771;RGBA(0.969, 0.619, 0.143, 0.000);-1000000,00;1;0,00;RGBA(0.755, 0.055, 0.055, 0.000);Rejected_Deadlock_Avoidance
13:56:49;772;RGBA(0.969, 0.619, 0.143, 0.000);-1000000,00;1;0,00;RGBA(0.755, 0.055, 0.055, 0.000);Rejected_Deadlock_Avoidance
13:56:49;773;RGBA(0.969, 0.619, 0.143, 0.000);-1000000,00;1;0,00;RGBA(0.755, 0.055, 0.055, 0.000);Rejected_Deadlock_Avoidance
13:56:49;774;RGBA(0.969, 0.619, 0.143, 0.000);-1000000,00;1;0,00;RGBA(0.755, 0.055, 0.055, 0.000);Rejected_Deadlock_Avoidance
13:56:49;775;RGBA(0.969, 0.619, 0.143, 0.000);-1000000,00;1;0,00;RGBA(0.755, 0.055, 0.055, 0.000);Rejected_Deadlock_Avoidance
13:56:49;776;RGBA(0.969, 0.619, 0.143, 0.000);-1000000,00;1;0,00;RGBA(0.755, 0.055, 0.055, 0.000);Rejected_Deadlock_Avoidance
13:56:49;777;RGBA(0.969, 0.619, 0.143, 0.000);-1000000,00;1;0,00;RGBA(0.755, 0.055, 0.055, 0.000);Rejected_Deadlock_Avoidance
13:56:49;778;RGBA(0.969, 0.619, 0.143, 0.000);-1000000,00;1;0,00;RGBA(0.755, 0.055, 0.055, 0.000);Rejected_Deadlock_Avoidance
13:56:49;779;RGBA(0.969, 0.619, 0.143, 0.000);-1000000,00;1;0,00;RGBA(0.755, 0.055, 0.055, 0.000);Rejected_Deadlock_Avoidance
13:56:49;780;RGBA(0.969, 0.619, 0.143, 0.000);-1000000,00;1;0,00;RGBA(0.755, 0.055, 0.055, 0.000);Rejected_Deadlock_Avoidance
13:56:49;781;RGBA(0.969, 0.619, 0.143, 0.000);-1000000,00;1;0,00;RGBA(0.755, 0.055, 0.055, 0.000);Rejected_Deadlock_Avoidance
13:56:49;782;RGBA(0.969, 0.619, 0.143, 0.000);-1000000,00;1;0,00;RGBA(0.755, 0.055, 0.055, 0.000);Rejected_Deadlock_Avoidance
13:56:49;783;RGBA(0.969, 0.619, 0.143, 0.000);-1000000,00;1;0,00;RGBA(0.755, 0.055, 0.055, 0.000);Rejected_Deadlock_Avoidance
13:56:49;784;RGBA(0.969, 0.619, 0.143, 0.000);-1000000,00;1;0,00;RGBA(0.755, 0.055, 0.055, 0.000);Rejected_Deadlock_Avoidance
13:56:49;785;RGBA(0.969, 0.619, 0.143, 0.000);-1000000,00;1;0,00;RGBA(0.755, 0.055, 0.055, 0.000);Rejected_Deadlock_Avoidance
13:56:49;786;RGBA(0.969, 0.619, 0.143, 0.000);-1000000,00;1;0,00;RGBA(0.755, 0.055, 0.055, 0.000);Rejected_Deadlock_Avoidance
13:56:49;787;RGBA(0.969, 0.619, 0.143, 0.000);-1000000,00;1;0,00;RGBA(0.755, 0.055, 0.055, 0.000);Rejected_Deadlock_Avoidance
13:56:49;788;RGBA(0.969, 0.619, 0.143, 0.000);-1000000,00;1;0,00;RGBA(0.755, 0.055, 0.055, 0.000);Rejected_Deadlock_Avoidance
13:56:49;789;RGBA(0.969, 0.619, 0.143, 0.000);-1000000,00;1;0,00;RGBA(0.755, 0.055, 0.055, 0.000);Rejected_Deadlock_Avoidance
13:56:49;790;RGBA(0.969, 0.619, 0.143, 0.000);-1000000,00;1;0,00;RGBA(0.755, 0.055, 0.055, 0.000);Rejected_Deadlock_Avoidance
13:56:49;791;RGBA(0.969, 0.619, 0.143, 0.000);-1000000,00;1;0,00;RGBA(0.755, 0.055, 0.055, 0.000);Rejected_Deadlock_Avoidance
13:56:49;792;RGBA(0.969, 0.619, 0.143, 0.000);-1000000,00;1;0,00;RGBA(0.755, 0.055, 0.055, 0.000);Rejected_Deadlock_Avoidance
13:56:49;793;RGBA(0.969, 0.619, 0.143, 0.000);-1000000,00;1;0,00;RGBA(0.755, 0.055, 0.055, 0.000);Rejected_Deadlock_Avoidance
13:56:49;794;RGBA(0.969, 0.619, 0.143, 0.000);-1000000,00;1;0,00;RGBA(0.755, 0.055, 0.055, 0.000);Rejected_Deadlock_Avoidance
13:56:49;795;RGBA(0.969, 0.619, 0.143, 0.000);-1000000,00;1;0,00;RGBA(0.755, 0.055, 0.055, 0.000);Rejected_Deadlock_Avoidance
13:56:49;796;RGBA(0.969, 0.619, 0.143, 0.000);-1000000,00;1;0,00;RGBA(0.755, 0.055, 0.055, 0.000);Rejected_Deadlock_Avoidance
13:56:49;797;RGBA(0.969, 0.619, 0.143, 0.000);-1000000,00;1;0,00;RGBA(0.755, 0.055, 0.055, 0.000);Rejected_Deadlock_Avoidance
13:56:49;798;RGBA(0.969, 0.619, 0.143, 0.000);-1000000,00;1;0,00;RGBA(0.755, 0.055, 0.055, 0.000);Rejected_Deadlock_Avoidance
13:56:49;799;RGBA(0.969, 0.619, 0.143, 0.000);-1000000,00;1;0,00;RGBA(0.755, 0.055, 0.055, 0.000);Rejected_Deadlock_Avoidance
13:56:49;800;RGBA(0.969, 0.619, 0.143, 0.000);-1000000,00;1;0,00;RGBA(0.755, 0.055, 0.055, 0.000);Rejected_Deadlock_Avoidance
13:56:49;801;RGBA(0.969, 0.619, 0.143, 0.000);-1000000,00;1;0,00;RGBA(0.755, 0.055, 0.055, 0.000);Rejected_Deadlock_Avoidance
13:56:49;802;RGBA(0.969, 0.619, 0.143, 0.000);-1000000,00;1;0,00;RGBA(0.755, 0.055, 0.055, 0.000);Rejected_Deadlock_Avoidance
13:56:49;803;RGBA(0.969, 0.619, 0.143, 0.000);-1000000,00;1;0,00;RGBA(0.755, 0.055, 0.055, 0.000);Rejected_Deadlock_Avoidance
13:56:49;804;RGBA(0.969, 0.619, 0.143, 0.000);-1000000,00;1;0,00;RGBA(0.755, 0.055, 0.055, 0.000);Rejected_Deadlock_Avoidance
13:56:49;805;RGBA(0.969, 0.619, 0.143, 0.000);-1000000,00;1;0,00;RGBA(0.755, 0.055, 0.055, 0.000);Rejected_Deadlock_Avoidance
13:56:49;806;RGBA(0.969, 0.619, 0.143, 0.000);-1000000,00;1;0,00;RGBA(0.755, 0.055, 0.055, 0.000);Rejected_Deadlock_Avoidance
13:56:49;807;RGBA(0.969, 0.619, 0.143, 0.000);-1000000,00;1;0,00;RGBA(0.755, 0.055, 0.055, 0.000);Rejected_Deadlock_Avoidance
13:56:49;808;RGBA(0.969, 0.619, 0.143, 0.000);-1000000,00;1;0,00;RGBA(0.755, 0.055, 0.055, 0.000);Rejected_Deadlock_Avoidance
13:56:49;809;RGBA(0.969, 0.619, 0.143, 0.000);-1000000,00;1;0,00;RGBA(0.755, 0.055, 0.055, 0.000);Rejected_Deadlock_Avoidance
13:56:49;810;RGBA(0.969, 0.619, 0.143, 0.000);-1000000,00;1;0,00;RGBA(0.755, 0.055, 0.055, 0.000);Rejected_Deadlock_Avoidance
13:56:49;811;RGBA(0.969, 0.619, 0.143, 0.000);-1000000,00;1;0,00;RGBA(0.755, 0.055, 0.055, 0.000);Rejected_Deadlock_Avoidance
13:56:49;812;RGBA(0.969, 0.619, 0.143, 0.000);-1000000,00;1;0,00;RGBA(0.755, 0.055, 0.055, 0.000);Rejected_Deadlock_Avoidance
13:56:49;813;RGBA(0.969, 0.619, 0.143, 0.000);-1000000,00;1;0,00;RGBA(0.755, 0.055, 0.055, 0.000);Rejected_Deadlock_Avoidance
13:56:49;814;RGBA(0.969, 0.619, 0.143, 0.000);-1000000,00;1;0,00;RGBA(0.755, 0.055, 0.055, 0.000);Rejected_Deadlock_Avoidance
13:56:49;815;RGBA(0.969, 0.619, 0.143, 0.000);-1000000,00;1;0,00;RGBA(0.755, 0.055, 0.055, 0.000);Rejected_Deadlock_Avoidance
13:56:49;816;RGBA(0.969, 0.619, 0.143, 0.000);-1000000,00;1;0,00;RGBA(0.755, 0.055, 0.055, 0.000);Rejected_Deadlock_Avoidance
13:56:49;817;RGBA(0.969, 0.619, 0.143, 0.000);-1000000,00;1;0,00;RGBA(0.755, 0.055, 0.055, 0.000);Rejected_Deadlock_Avoidance
13:56:49;818;RGBA(0.969, 0.619, 0.143, 0.000);-1000000,00;1;0,00;RGBA(0.755, 0.055, 0.055, 0.000);Rejected_Deadlock_Avoidance
13:56:49;819;RGBA(0.969, 0.619, 0.143, 0.000);-1000000,00;1;0,00;RGBA(0.755, 0.055, 0.055, 0.000);Rejected_Deadlock_Avoidance
13:56:49;820;RGBA(0.969, 0.619, 0.143, 0.000);-1000000,00;1;0,00;RGBA(0.755, 0.055, 0.055, 0.000);Rejected_Deadlock_Avoidance
13:56:49;821;RGBA(0.969, 0.619, 0.143, 0.000);-1000000,00;1;0,00;RGBA(0.755, 0.055, 0.055, 0.000);Rejected_Deadlock_Avoidance
13:56:49;822;RGBA(0.969, 0.619, 0.143, 0.000);-1000000,00;1;0,00;RGBA(0.755, 0.055, 0.055, 0.000);Rejected_Deadlock_Avoidance
13:56:50;823;RGBA(0.969, 0.619, 0.143, 0.000);-1000000,00;1;0,00;RGBA(0.755, 0.055, 0.055, 0.000);Rejected_Deadlock_Avoidance
13:56:50;824;RGBA(0.969, 0.619, 0.143, 0.000);-1000000,00;1;0,00;RGBA(0.755, 0.055, 0.055, 0.000);Rejected_Deadlock_Avoidance
13:56:50;825;RGBA(0.969, 0.619, 0.143, 0.000);-1000000,00;1;0,00;RGBA(0.755, 0.055, 0.055, 0.000);Rejected_Deadlock_Avoidance
13:56:50;826;RGBA(0.969, 0.619, 0.143, 0.000);-1000000,00;1;0,00;RGBA(0.755, 0.055, 0.055, 0.000);Rejected_Deadlock_Avoidance
13:56:50;827;RGBA(0.969, 0.619, 0.143, 0.000);-1000000,00;1;0,00;RGBA(0.755, 0.055, 0.055, 0.000);Rejected_Deadlock_Avoidance
13:56:50;828;RGBA(0.969, 0.619, 0.143, 0.000);-1000000,00;1;0,00;RGBA(0.755, 0.055, 0.055, 0.000);Rejected_Deadlock_Avoidance
13:56:50;829;RGBA(0.969, 0.619, 0.143, 0.000);-1000000,00;1;0,00;RGBA(0.755, 0.055, 0.055, 0.000);Rejected_Deadlock_Avoidance
13:56:50;830;RGBA(0.969, 0.619, 0.143, 0.000);-1000000,00;1;0,00;RGBA(0.755, 0.055, 0.055, 0.000);Rejected_Deadlock_Avoidance
13:56:50;831;RGBA(0.969, 0.619, 0.143, 0.000);-1000000,00;1;0,00;RGBA(0.755, 0.055, 0.055, 0.000);Rejected_Deadlock_Avoidance
13:56:50;832;RGBA(0.969, 0.619, 0.143, 0.000);-1000000,00;1;0,00;RGBA(0.755, 0.055, 0.055, 0.000);Rejected_Deadlock_Avoidance
13:56:50;833;RGBA(0.969, 0.619, 0.143, 0.000);-1000000,00;1;0,00;RGBA(0.755, 0.055, 0.055, 0.000);Rejected_Deadlock_Avoidance
13:56:50;834;RGBA(0.969, 0.619, 0.143, 0.000);-1000000,00;1;0,00;RGBA(0.755, 0.055, 0.055, 0.000);Rejected_Deadlock_Avoidance
13:56:50;835;RGBA(0.969, 0.619, 0.143, 0.000);-1000000,00;1;0,00;RGBA(0.755, 0.055, 0.055, 0.000);Rejected_Deadlock_Avoidance
13:56:50;836;RGBA(0.969, 0.619, 0.143, 0.000);-1000000,00;1;0,00;RGBA(0.755, 0.055, 0.055, 0.000);Rejected_Deadlock_Avoidance
13:56:50;837;RGBA(0.969, 0.619, 0.143, 0.000);-1000000,00;1;0,00;RGBA(0.755, 0.055, 0.055, 0.000);Rejected_Deadlock_Avoidance
13:56:50;838;RGBA(0.969, 0.619, 0.143, 0.000);-1000000,00;1;0,00;RGBA(0.755, 0.055, 0.055, 0.000);Rejected_Deadlock_Avoidance
13:56:50;839;RGBA(0.969, 0.619, 0.143, 0.000);-1000000,00;1;0,00;RGBA(0.755, 0.055, 0.055, 0.000);Rejected_Deadlock_Avoidance
13:56:50;840;RGBA(0.969, 0.619, 0.143, 0.000);-1000000,00;1;0,00;RGBA(0.755, 0.055, 0.055, 0.000);Rejected_Deadlock_Avoidance
13:56:50;841;RGBA(0.969, 0.619, 0.143, 0.000);-1000000,00;1;0,00;RGBA(0.755, 0.055, 0.055, 0.000);Rejected_Deadlock_Avoidance
13:56:50;842;RGBA(0.969, 0.619, 0.143, 0.000);-1000000,00;1;0,00;RGBA(0.755, 0.055, 0.055, 0.000);Rejected_Deadlock_Avoidance
13:56:50;843;RGBA(0.969, 0.619, 0.143, 0.000);-1000000,00;1;0,00;RGBA(0.755, 0.055, 0.055, 0.000);Rejected_Deadlock_Avoidance
13:56:50;844;RGBA(0.969, 0.619, 0.143, 0.000);-1000000,00;1;0,00;RGBA(0.755, 0.055, 0.055, 0.000);Rejected_Deadlock_Avoidance
13:56:50;845;RGBA(0.969, 0.619, 0.143, 0.000);-1000000,00;1;0,00;RGBA(0.755, 0.055, 0.055, 0.000);Rejected_Deadlock_Avoidance
13:56:50;846;RGBA(0.969, 0.619, 0.143, 0.000);-1000000,00;1;0,00;RGBA(0.755, 0.055, 0.055, 0.000);Rejected_Deadlock_Avoidance
13:56:50;847;RGBA(0.969, 0.619, 0.143, 0.000);-1000000,00;1;0,00;RGBA(0.755, 0.055, 0.055, 0.000);Rejected_Deadlock_Avoidance
13:56:50;848;RGBA(0.969, 0.619, 0.143, 0.000);-1000000,00;1;0,00;RGBA(0.755, 0.055, 0.055, 0.000);Rejected_Deadlock_Avoidance
13:56:50;849;RGBA(0.969, 0.619, 0.143, 0.000);-1000000,00;1;0,00;RGBA(0.755, 0.055, 0.055, 0.000);Rejected_Deadlock_Avoidance
13:56:50;850;RGBA(0.969, 0.619, 0.143, 0.000);-1000000,00;1;0,00;RGBA(0.755, 0.055, 0.055, 0.000);Rejected_Deadlock_Avoidance
13:56:50;851;RGBA(0.969, 0.619, 0.143, 0.000);-1000000,00;1;0,00;RGBA(0.755, 0.055, 0.055, 0.000);Rejected_Deadlock_Avoidance
13:56:50;852;RGBA(0.969, 0.619, 0.143, 0.000);-1000000,00;1;0,00;RGBA(0.755, 0.055, 0.055, 0.000);Rejected_Deadlock_Avoidance
13:56:50;853;RGBA(0.969, 0.619, 0.143, 0.000);-1000000,00;1;0,00;RGBA(0.755, 0.055, 0.055, 0.000);Rejected_Deadlock_Avoidance
13:56:50;854;RGBA(0.969, 0.619, 0.143, 0.000);-1000000,00;1;0,00;RGBA(0.755, 0.055, 0.055, 0.000);Rejected_Deadlock_Avoidance
13:56:50;855;RGBA(0.969, 0.619, 0.143, 0.000);-1000000,00;1;0,00;RGBA(0.755, 0.055, 0.055, 0.000);Rejected_Deadlock_Avoidance
13:56:50;856;RGBA(0.969, 0.619, 0.143, 0.000);-1000000,00;1;0,00;RGBA(0.755, 0.055, 0.055, 0.000);Rejected_Deadlock_Avoidance
13:56:50;857;RGBA(0.969, 0.619, 0.143, 0.000);-1000000,00;1;0,00;RGBA(0.755, 0.055, 0.055, 0.000);Rejected_Deadlock_Avoidance
13:56:50;858;RGBA(0.969, 0.619, 0.143, 0.000);-1000000,00;1;0,00;RGBA(0.755, 0.055, 0.055, 0.000);Rejected_Deadlock_Avoidance
13:56:50;859;RGBA(0.969, 0.619, 0.143, 0.000);-1000000,00;1;0,00;RGBA(0.755, 0.055, 0.055, 0.000);Rejected_Deadlock_Avoidance
13:56:50;860;RGBA(0.969, 0.619, 0.143, 0.000);-1000000,00;1;0,00;RGBA(0.755, 0.055, 0.055, 0.000);Rejected_Deadlock_Avoidance
13:56:50;861;RGBA(0.969, 0.619, 0.143, 0.000);-1000000,00;1;0,00;RGBA(0.755, 0.055, 0.055, 0.000);Rejected_Deadlock_Avoidance
13:56:50;862;RGBA(0.969, 0.619, 0.143, 0.000);-1000000,00;1;0,00;RGBA(0.755, 0.055, 0.055, 0.000);Rejected_Deadlock_Avoidance
13:56:50;863;RGBA(0.969, 0.619, 0.143, 0.000);-1000000,00;1;0,00;RGBA(0.755, 0.055, 0.055, 0.000);Rejected_Deadlock_Avoidance
13:56:50;864;RGBA(0.969, 0.619, 0.143, 0.000);-1000000,00;1;0,00;RGBA(0.755, 0.055, 0.055, 0.000);Rejected_Deadlock_Avoidance
13:56:50;865;RGBA(0.969, 0.619, 0.143, 0.000);-1000000,00;1;0,00;RGBA(0.755, 0.055, 0.055, 0.000);Rejected_Deadlock_Avoidance
13:56:50;866;RGBA(0.969, 0.619, 0.143, 0.000);-1000000,00;1;0,00;RGBA(0.755, 0.055, 0.055, 0.000);Rejected_Deadlock_Avoidance
13:56:50;867;RGBA(0.969, 0.619, 0.143, 0.000);-1000000,00;1;0,00;RGBA(0.755, 0.055, 0.055, 0.000);Rejected_Deadlock_Avoidance
13:56:50;868;RGBA(0.969, 0.619, 0.143, 0.000);-1000000,00;1;0,00;RGBA(0.755, 0.055, 0.055, 0.000);Rejected_Deadlock_Avoidance
13:56:50;869;RGBA(0.969, 0.619, 0.143, 0.000);-1000000,00;1;0,00;RGBA(0.755, 0.055, 0.055, 0.000);Rejected_Deadlock_Avoidance
13:56:50;870;RGBA(0.969, 0.619, 0.143, 0.000);-1000000,00;1;0,00;RGBA(0.755, 0.055, 0.055, 0.000);Rejected_Deadlock_Avoidance
13:56:50;871;RGBA(0.969, 0.619, 0.143, 0.000);-1000000,00;1;0,00;RGBA(0.755, 0.055, 0.055, 0.000);Rejected_Deadlock_Avoidance
13:56:50;872;RGBA(0.969, 0.619, 0.143, 0.000);-1000000,00;1;0,00;RGBA(0.755, 0.055, 0.055, 0.000);Rejected_Deadlock_Avoidance
13:56:50;873;RGBA(0.969, 0.619, 0.143, 0.000);-1000000,00;1;0,00;RGBA(0.755, 0.055, 0.055, 0.000);Rejected_Deadlock_Avoidance
13:56:50;874;RGBA(0.969, 0.619, 0.143, 0.000);-1000000,00;1;0,00;RGBA(0.755, 0.055, 0.055, 0.000);Rejected_Deadlock_Avoidance
13:56:50;875;RGBA(0.969, 0.619, 0.143, 0.000);-1000000,00;1;0,00;RGBA(0.755, 0.055, 0.055, 0.000);Rejected_Deadlock_Avoidance
13:56:50;876;RGBA(0.969, 0.619, 0.143, 0.000);-1000000,00;1;0,00;RGBA(0.755, 0.055, 0.055, 0.000);Rejected_Deadlock_Avoidance
13:56:50;877;RGBA(0.969, 0.619, 0.143, 0.000);-1000000,00;1;0,00;RGBA(0.755, 0.055, 0.055, 0.000);Rejected_Deadlock_Avoidance
13:56:50;878;RGBA(0.969, 0.619, 0.143, 0.000);-1000000,00;1;0,00;RGBA(0.755, 0.055, 0.055, 0.000);Rejected_Deadlock_Avoidance
13:56:50;879;RGBA(0.969, 0.619, 0.143, 0.000);-1000000,00;1;0,00;RGBA(0.755, 0.055, 0.055, 0.000);Rejected_Deadlock_Avoidance
13:56:50;880;RGBA(0.969, 0.619, 0.143, 0.000);-1000000,00;1;0,00;RGBA(0.755, 0.055, 0.055, 0.000);Rejected_Deadlock_Avoidance
13:56:50;881;RGBA(0.969, 0.619, 0.143, 0.000);-1000000,00;1;0,00;RGBA(0.755, 0.055, 0.055, 0.000);Rejected_Deadlock_Avoidance
13:56:50;882;RGBA(0.969, 0.619, 0.143, 0.000);-1000000,00;1;0,00;RGBA(0.755, 0.055, 0.055, 0.000);Rejected_Deadlock_Avoidance
13:56:50;883;RGBA(0.969, 0.619, 0.143, 0.000);-1000000,00;1;0,00;RGBA(0.755, 0.055, 0.055, 0.000);Rejected_Deadlock_Avoidance
13:56:50;884;RGBA(0.969, 0.619, 0.143, 0.000);-1000000,00;1;0,00;RGBA(0.755, 0.055, 0.055, 0.000);Rejected_Deadlock_Avoidance
13:56:50;885;RGBA(0.969, 0.619, 0.143, 0.000);-1000000,00;1;0,00;RGBA(0.755, 0.055, 0.055, 0.000);Rejected_Deadlock_Avoidance
13:56:50;886;RGBA(0.969, 0.619, 0.143, 0.000);-1000000,00;1;0,00;RGBA(0.755, 0.055, 0.055, 0.000);Rejected_Deadlock_Avoidance
13:56:50;887;RGBA(0.969, 0.619, 0.143, 0.000);-1000000,00;1;0,00;RGBA(0.755, 0.055, 0.055, 0.000);Rejected_Deadlock_Avoidance
13:56:50;888;RGBA(0.969, 0.619, 0.143, 0.000);-1000000,00;1;0,00;RGBA(0.755, 0.055, 0.055, 0.000);Rejected_Deadlock_Avoidance
13:56:50;889;RGBA(0.969, 0.619, 0.143, 0.000);-1000000,00;1;0,00;RGBA(0.755, 0.055, 0.055, 0.000);Rejected_Deadlock_Avoidance
13:56:50;890;RGBA(0.969, 0.619, 0.143, 0.000);-1000000,00;1;0,00;RGBA(0.755, 0.055, 0.055, 0.000);Rejected_Deadlock_Avoidance
13:56:50;891;RGBA(0.969, 0.619, 0.143, 0.000);-1000000,00;1;0,00;RGBA(0.755, 0.055, 0.055, 0.000);Rejected_Deadlock_Avoidance
13:56:50;892;RGBA(0.969, 0.619, 0.143, 0.000);-1000000,00;1;0,00;RGBA(0.755, 0.055, 0.055, 0.000);Rejected_Deadlock_Avoidance
13:56:50;893;RGBA(0.969, 0.619, 0.143, 0.000);-1000000,00;1;0,00;RGBA(0.755, 0.055, 0.055, 0.000);Rejected_Deadlock_Avoidance
13:56:50;894;RGBA(0.969, 0.619, 0.143, 0.000);-1000000,00;1;0,00;RGBA(0.755, 0.055, 0.055, 0.000);Rejected_Deadlock_Avoidance
13:56:50;895;RGBA(0.969, 0.619, 0.143, 0.000);-1000000,00;1;0,00;RGBA(0.755, 0.055, 0.055, 0.000);Rejected_Deadlock_Avoidance
13:56:50;896;RGBA(0.969, 0.619, 0.143, 0.000);-1000000,00;1;0,00;RGBA(0.755, 0.055, 0.055, 0.000);Rejected_Deadlock_Avoidance
13:56:50;897;RGBA(0.969, 0.619, 0.143, 0.000);-1000000,00;1;0,00;RGBA(0.755, 0.055, 0.055, 0.000);Rejected_Deadlock_Avoidance
13:56:50;898;RGBA(0.969, 0.619, 0.143, 0.000);-1000000,00;1;0,00;RGBA(0.755, 0.055, 0.055, 0.000);Rejected_Deadlock_Avoidance
13:56:50;899;RGBA(0.969, 0.619, 0.143, 0.000);-1000000,00;1;0,00;RGBA(0.755, 0.055, 0.055, 0.000);Rejected_Deadlock_Avoidance
13:56:50;900;RGBA(0.969, 0.619, 0.143, 0.000);-1000000,00;1;0,00;RGBA(0.755, 0.055, 0.055, 0.000);Rejected_Deadlock_Avoidance
13:56:50;901;RGBA(0.969, 0.619, 0.143, 0.000);-1000000,00;1;0,00;RGBA(0.755, 0.055, 0.055, 0.000);Rejected_Deadlock_Avoidance
13:56:50;902;RGBA(0.969, 0.619, 0.143, 0.000);-1000000,00;1;0,00;RGBA(0.755, 0.055, 0.055, 0.000);Rejected_Deadlock_Avoidance
13:56:51;903;RGBA(0.969, 0.619, 0.143, 0.000);-1000000,00;1;0,00;RGBA(0.755, 0.055, 0.055, 0.000);Rejected_Deadlock_Avoidance
13:56:51;904;RGBA(0.969, 0.619, 0.143, 0.000);-1000000,00;1;0,00;RGBA(0.755, 0.055, 0.055, 0.000);Rejected_Deadlock_Avoidance
13:56:51;905;RGBA(0.969, 0.619, 0.143, 0.000);-1000000,00;1;0,00;RGBA(0.755, 0.055, 0.055, 0.000);Rejected_Deadlock_Avoidance
13:56:51;906;RGBA(0.969, 0.619, 0.143, 0.000);-1000000,00;1;0,00;RGBA(0.755, 0.055, 0.055, 0.000);Rejected_Deadlock_Avoidance
13:56:51;907;RGBA(0.969, 0.619, 0.143, 0.000);-1000000,00;1;0,00;RGBA(0.755, 0.055, 0.055, 0.000);Rejected_Deadlock_Avoidance
13:56:51;908;RGBA(0.969, 0.619, 0.143, 0.000);-1000000,00;1;0,00;RGBA(0.755, 0.055, 0.055, 0.000);Rejected_Deadlock_Avoidance
13:56:51;909;RGBA(0.969, 0.619, 0.143, 0.000);-1000000,00;1;0,00;RGBA(0.755, 0.055, 0.055, 0.000);Rejected_Deadlock_Avoidance
13:56:51;910;RGBA(0.969, 0.619, 0.143, 0.000);-1000000,00;1;0,00;RGBA(0.755, 0.055, 0.055, 0.000);Rejected_Deadlock_Avoidance
13:56:51;911;RGBA(0.969, 0.619, 0.143, 0.000);-1000000,00;1;0,00;RGBA(0.755, 0.055, 0.055, 0.000);Rejected_Deadlock_Avoidance
13:56:51;912;RGBA(0.969, 0.619, 0.143, 0.000);-1000000,00;1;0,00;RGBA(0.755, 0.055, 0.055, 0.000);Rejected_Deadlock_Avoidance
13:56:51;913;RGBA(0.969, 0.619, 0.143, 0.000);-1000000,00;1;0,00;RGBA(0.755, 0.055, 0.055, 0.000);Rejected_Deadlock_Avoidance
13:56:51;914;RGBA(0.969, 0.619, 0.143, 0.000);-1000000,00;1;0,00;RGBA(0.755, 0.055, 0.055, 0.000);Rejected_Deadlock_Avoidance
13:56:51;915;RGBA(0.969, 0.619, 0.143, 0.000);-1000000,00;1;0,00;RGBA(0.755, 0.055, 0.055, 0.000);Rejected_Deadlock_Avoidance
13:56:51;916;RGBA(0.969, 0.619, 0.143, 0.000);-1000000,00;1;0,00;RGBA(0.755, 0.055, 0.055, 0.000);Rejected_Deadlock_Avoidance
13:56:51;917;RGBA(0.969, 0.619, 0.143, 0.000);-1000000,00;1;0,00;RGBA(0.755, 0.055, 0.055, 0.000);Rejected_Deadlock_Avoidance
13:56:51;918;RGBA(0.969, 0.619, 0.143, 0.000);-1000000,00;1;0,00;RGBA(0.755, 0.055, 0.055, 0.000);Rejected_Deadlock_Avoidance
13:56:51;919;RGBA(0.969, 0.619, 0.143, 0.000);-1000000,00;1;0,00;RGBA(0.755, 0.055, 0.055, 0.000);Rejected_Deadlock_Avoidance
13:56:51;920;RGBA(0.969, 0.619, 0.143, 0.000);-1000000,00;1;0,00;RGBA(0.755, 0.055, 0.055, 0.000);Rejected_Deadlock_Avoidance
13:56:51;921;RGBA(0.969, 0.619, 0.143, 0.000);-1000000,00;1;0,00;RGBA(0.755, 0.055, 0.055, 0.000);Rejected_Deadlock_Avoidance
13:56:51;922;RGBA(0.969, 0.619, 0.143, 0.000);-1000000,00;1;0,00;RGBA(0.755, 0.055, 0.055, 0.000);Rejected_Deadlock_Avoidance
13:56:51;923;RGBA(0.969, 0.619, 0.143, 0.000);-1000000,00;1;0,00;RGBA(0.755, 0.055, 0.055, 0.000);Rejected_Deadlock_Avoidance
13:56:51;924;RGBA(0.969, 0.619, 0.143, 0.000);-1000000,00;1;0,00;RGBA(0.755, 0.055, 0.055, 0.000);Rejected_Deadlock_Avoidance
13:56:51;925;RGBA(0.969, 0.619, 0.143, 0.000);-1000000,00;1;0,00;RGBA(0.755, 0.055, 0.055, 0.000);Rejected_Deadlock_Avoidance
