Timestamp;MoveID;SelectedColor;Score;FreeSlots;UnblockValue;TargetBus;Status
14:37:46;1;RGBA(0.055, 0.218, 0.753, 0.000);100,00;5;0,00;RGBA(0.055, 0.218, 0.753, 0.000);Executed
14:37:47;2;RGBA(0.055, 0.218, 0.753, 0.000);100,00;5;0,00;RGBA(0.055, 0.218, 0.753, 0.000);Executed
14:37:47;3;RGBA(0.055, 0.218, 0.753, 0.000);100,00;5;0,00;RGBA(0.055, 0.218, 0.753, 0.000);Executed
14:37:48;4;RGBA(0.753, 0.055, 0.736, 0.000);102,00;5;0,00;RGBA(0.753, 0.055, 0.736, 0.000);Executed
14:37:48;5;RGBA(0.753, 0.055, 0.736, 0.000);102,00;5;0,00;RGBA(0.753, 0.055, 0.736, 0.000);Executed
14:37:49;6;RGBA(0.753, 0.055, 0.736, 0.000);102,00;5;0,00;RGBA(0.753, 0.055, 0.736, 0.000);Executed
14:37:50;7;RGBA(0.755, 0.055, 0.055, 0.000);100,00;5;0,00;RGBA(0.755, 0.055, 0.055, 0.000);Executed
14:37:50;8;RGBA(0.755, 0.055, 0.055, 0.000);102,00;5;0,00;RGBA(0.755, 0.055, 0.055, 0.000);Executed
14:37:50;9;RGBA(0.755, 0.055, 0.055, 0.000);104,00;5;0,00;RGBA(0.755, 0.055, 0.055, 0.000);Executed
14:37:52;10;RGBA(0.055, 0.218, 0.753, 0.000);104,00;5;0,00;RGBA(0.055, 0.218, 0.753, 0.000);Executed
14:37:52;11;RGBA(0.055, 0.218, 0.753, 0.000);102,00;5;0,00;RGBA(0.055, 0.218, 0.753, 0.000);Executed
14:37:52;12;RGBA(0.055, 0.218, 0.753, 0.000);100,00;5;0,00;RGBA(0.055, 0.218, 0.753, 0.000);Executed
14:37:53;13;RGBA(0.753, 0.055, 0.736, 0.000);100,00;5;0,00;RGBA(0.753, 0.055, 0.736, 0.000);Executed
14:37:54;14;RGBA(0.085, 0.753, 0.055, 0.000);2,00;5;0,00;RGBA(0.753, 0.055, 0.736, 0.000);Executed
14:37:54;15;RGBA(0.753, 0.055, 0.736, 0.000);104,00;4;0,00;RGBA(0.753, 0.055, 0.736, 0.000);Executed
14:37:54;16;RGBA(0.753, 0.055, 0.736, 0.000);102,00;4;0,00;RGBA(0.753, 0.055, 0.736, 0.000);Executed
14:37:55;17;RGBA(0.085, 0.753, 0.055, 0.000);104,00;5;0,00;RGBA(0.085, 0.753, 0.055, 0.000);Executed
14:37:55;18;RGBA(0.085, 0.753, 0.055, 0.000);100,00;5;0,00;RGBA(0.085, 0.753, 0.055, 0.000);Executed
14:37:57;19;RGBA(0.755, 0.055, 0.055, 0.000);100,00;5;0,00;RGBA(0.755, 0.055, 0.055, 0.000);Executed
14:37:57;20;RGBA(0.755, 0.055, 0.055, 0.000);102,00;5;0,00;RGBA(0.755, 0.055, 0.055, 0.000);Executed
14:37:57;21;RGBA(0.755, 0.055, 0.055, 0.000);104,00;5;0,00;RGBA(0.755, 0.055, 0.055, 0.000);Executed
14:37:58;22;RGBA(0.753, 0.055, 0.736, 0.000);100,00;5;0,00;RGBA(0.753, 0.055, 0.736, 0.000);Executed
14:37:59;23;RGBA(0.753, 0.055, 0.736, 0.000);100,00;5;0,00;RGBA(0.753, 0.055, 0.736, 0.000);Executed
14:37:59;24;RGBA(0.753, 0.055, 0.736, 0.000);102,00;5;0,00;RGBA(0.753, 0.055, 0.736, 0.000);Executed
14:38:00;25;RGBA(0.968, 1.000, 0.000, 0.000);104,00;5;0,00;RGBA(0.968, 1.000, 0.000, 0.000);Executed
14:38:00;26;RGBA(0.968, 1.000, 0.000, 0.000);104,00;5;0,00;RGBA(0.968, 1.000, 0.000, 0.000);Executed
14:38:00;27;RGBA(0.968, 1.000, 0.000, 0.000);102,00;5;0,00;RGBA(0.968, 1.000, 0.000, 0.000);Executed
14:38:02;28;RGBA(0.085, 0.753, 0.055, 0.000);100,00;5;0,00;RGBA(0.085, 0.753, 0.055, 0.000);Executed
14:38:02;29;RGBA(0.968, 1.000, 0.000, 0.000);2,00;5;0,00;RGBA(0.085, 0.753, 0.055, 0.000);Executed
14:38:02;30;RGBA(0.085, 0.753, 0.055, 0.000);102,00;4;0,00;RGBA(0.085, 0.753, 0.055, 0.000);Executed
14:38:02;31;RGBA(0.085, 0.753, 0.055, 0.000);104,00;4;0,00;RGBA(0.085, 0.753, 0.055, 0.000);Executed
14:38:04;32;RGBA(0.969, 0.619, 0.143, 0.000);104,00;4;0,00;RGBA(0.969, 0.619, 0.143, 0.000);Executed
14:38:04;33;RGBA(0.969, 0.619, 0.143, 0.000);102,00;4;0,00;RGBA(0.969, 0.619, 0.143, 0.000);Executed
14:38:04;34;RGBA(0.969, 0.619, 0.143, 0.000);100,00;4;0,00;RGBA(0.969, 0.619, 0.143, 0.000);Executed
14:38:05;35;RGBA(0.753, 0.055, 0.736, 0.000);106,00;4;0,00;RGBA(0.753, 0.055, 0.736, 0.000);Executed
14:38:05;36;RGBA(0.753, 0.055, 0.736, 0.000);100,00;4;0,00;RGBA(0.753, 0.055, 0.736, 0.000);Executed
14:38:06;37;RGBA(0.753, 0.055, 0.736, 0.000);100,00;4;0,00;RGBA(0.753, 0.055, 0.736, 0.000);Executed
14:38:07;38;RGBA(0.968, 1.000, 0.000, 0.000);106,00;5;0,00;RGBA(0.968, 1.000, 0.000, 0.000);Executed
14:38:07;39;RGBA(0.968, 1.000, 0.000, 0.000);102,00;5;0,00;RGBA(0.968, 1.000, 0.000, 0.000);Executed
14:38:08;40;RGBA(0.755, 0.055, 0.055, 0.000);104,00;5;0,00;RGBA(0.755, 0.055, 0.055, 0.000);Executed
14:38:08;41;RGBA(0.755, 0.055, 0.055, 0.000);100,00;5;0,00;RGBA(0.755, 0.055, 0.055, 0.000);Executed
14:38:09;42;RGBA(0.058, 0.799, 0.659, 0.000);6,00;5;0,00;RGBA(0.755, 0.055, 0.055, 0.000);Executed
14:38:09;43;RGBA(0.755, 0.055, 0.055, 0.000);108,00;4;0,00;RGBA(0.755, 0.055, 0.055, 0.000);Executed
14:38:10;44;RGBA(0.968, 1.000, 0.000, 0.000);106,00;4;0,00;RGBA(0.968, 1.000, 0.000, 0.000);Executed
14:38:10;45;RGBA(0.968, 1.000, 0.000, 0.000);104,00;4;0,00;RGBA(0.968, 1.000, 0.000, 0.000);Executed
14:38:11;46;RGBA(0.968, 1.000, 0.000, 0.000);102,00;4;0,00;RGBA(0.968, 1.000, 0.000, 0.000);Executed
14:38:12;47;RGBA(0.969, 0.619, 0.143, 0.000);110,00;4;0,00;RGBA(0.969, 0.619, 0.143, 0.000);Executed
14:38:12;48;RGBA(0.969, 0.619, 0.143, 0.000);108,00;4;0,00;RGBA(0.969, 0.619, 0.143, 0.000);Executed
14:38:12;49;RGBA(0.969, 0.619, 0.143, 0.000);108,00;4;0,00;RGBA(0.969, 0.619, 0.143, 0.000);Executed
14:38:13;50;RGBA(0.969, 0.619, 0.143, 0.000);106,00;4;0,00;RGBA(0.969, 0.619, 0.143, 0.000);Executed
14:38:14;51;RGBA(0.000, 0.000, 0.000, 0.000);110,00;4;0,00;RGBA(0.000, 0.000, 0.000, 0.000);Executed
14:38:14;52;RGBA(0.000, 0.000, 0.000, 0.000);106,00;4;0,00;RGBA(0.000, 0.000, 0.000, 0.000);Executed
14:38:14;53;RGBA(0.000, 0.000, 0.000, 0.000);106,00;4;0,00;RGBA(0.000, 0.000, 0.000, 0.000);Executed
14:38:15;54;RGBA(0.000, 0.000, 0.000, 0.000);102,00;4;0,00;RGBA(0.000, 0.000, 0.000, 0.000);Executed
14:38:16;55;RGBA(0.755, 0.055, 0.055, 0.000);108,00;4;0,00;RGBA(0.755, 0.055, 0.055, 0.000);Executed
14:38:16;56;RGBA(0.755, 0.055, 0.055, 0.000);104,00;4;0,00;RGBA(0.755, 0.055, 0.055, 0.000);Executed
14:38:16;57;RGBA(0.755, 0.055, 0.055, 0.000);104,00;4;0,00;RGBA(0.755, 0.055, 0.055, 0.000);Executed
14:38:17;58;RGBA(0.058, 0.799, 0.659, 0.000);12,00;4;0,00;RGBA(0.755, 0.055, 0.055, 0.000);Executed
14:38:17;59;RGBA(0.755, 0.055, 0.055, 0.000);112,00;4;0,00;RGBA(0.755, 0.055, 0.055, 0.000);Executed
14:38:17;60;RGBA(0.755, 0.055, 0.055, 0.000);112,00;3;0,00;RGBA(0.755, 0.055, 0.055, 0.000);Executed
14:38:18;61;RGBA(0.000, 0.000, 0.000, 0.000);14,00;3;0,00;RGBA(0.755, 0.055, 0.055, 0.000);Executed
14:38:19;62;RGBA(0.055, 0.218, 0.753, 0.000);110,00;3;0,00;RGBA(0.055, 0.218, 0.753, 0.000);Executed
14:38:19;63;RGBA(0.055, 0.218, 0.753, 0.000);110,00;3;0,00;RGBA(0.055, 0.218, 0.753, 0.000);Executed
14:38:19;64;RGBA(0.055, 0.218, 0.753, 0.000);110,00;3;0,00;RGBA(0.055, 0.218, 0.753, 0.000);Executed
14:38:20;65;RGBA(0.055, 0.218, 0.753, 0.000);108,00;3;0,00;RGBA(0.055, 0.218, 0.753, 0.000);Executed
14:38:20;66;RGBA(0.055, 0.218, 0.753, 0.000);108,00;3;0,00;RGBA(0.055, 0.218, 0.753, 0.000);Executed
14:38:21;67;RGBA(0.968, 1.000, 0.000, 0.000);110,00;3;0,00;RGBA(0.968, 1.000, 0.000, 0.000);Executed
14:38:21;68;RGBA(0.968, 1.000, 0.000, 0.000);106,00;3;0,00;RGBA(0.968, 1.000, 0.000, 0.000);Executed
14:38:22;69;RGBA(0.968, 1.000, 0.000, 0.000);106,00;3;0,00;RGBA(0.968, 1.000, 0.000, 0.000);Executed
14:38:22;70;RGBA(0.000, 0.000, 0.000, 0.000);14,00;3;0,00;RGBA(0.968, 1.000, 0.000, 0.000);Executed
14:38:22;71;RGBA(0.000, 0.000, 0.000, 0.000);14,00;3;0,00;RGBA(0.968, 1.000, 0.000, 0.000);Executed
14:38:23;72;RGBA(0.058, 0.799, 0.659, 0.000);14,00;3;0,00;RGBA(0.968, 1.000, 0.000, 0.000);Executed
14:38:23;73;RGBA(0.058, 0.799, 0.659, 0.000);14,00;2;0,00;RGBA(0.968, 1.000, 0.000, 0.000);Executed
14:38:23;74;RGBA(1.000, 1.000, 1.000, 0.000);14,00;2;0,00;RGBA(0.968, 1.000, 0.000, 0.000);Executed
14:38:23;75;None;0,00;1;0,00;Unknown;NO_MOVE_FOUND
14:38:23;76;None;0,00;1;0,00;Unknown;NO_MOVE_FOUND
14:38:23;77;None;0,00;1;0,00;Unknown;NO_MOVE_FOUND
14:38:23;78;None;0,00;1;0,00;Unknown;NO_MOVE_FOUND
14:38:23;79;None;0,00;1;0,00;Unknown;NO_MOVE_FOUND
14:38:23;80;None;0,00;1;0,00;Unknown;NO_MOVE_FOUND
14:38:23;81;None;0,00;1;0,00;Unknown;NO_MOVE_FOUND
14:38:23;82;None;0,00;1;0,00;Unknown;NO_MOVE_FOUND
14:38:23;83;None;0,00;1;0,00;Unknown;NO_MOVE_FOUND
14:38:23;84;None;0,00;1;0,00;Unknown;NO_MOVE_FOUND
14:38:23;85;None;0,00;1;0,00;Unknown;NO_MOVE_FOUND
14:38:23;86;None;0,00;1;0,00;Unknown;NO_MOVE_FOUND
14:38:23;87;None;0,00;1;0,00;Unknown;NO_MOVE_FOUND
14:38:24;88;None;0,00;1;0,00;Unknown;NO_MOVE_FOUND
14:38:24;89;None;0,00;1;0,00;Unknown;NO_MOVE_FOUND
14:38:24;90;None;0,00;1;0,00;Unknown;NO_MOVE_FOUND
14:38:24;91;None;0,00;1;0,00;Unknown;NO_MOVE_FOUND
14:38:24;92;None;0,00;1;0,00;Unknown;NO_MOVE_FOUND
14:38:24;93;None;0,00;1;0,00;Unknown;NO_MOVE_FOUND
14:38:24;94;None;0,00;1;0,00;Unknown;NO_MOVE_FOUND
14:38:24;95;None;0,00;1;0,00;Unknown;NO_MOVE_FOUND
14:38:24;96;None;0,00;1;0,00;Unknown;NO_MOVE_FOUND
14:38:24;97;None;0,00;1;0,00;Unknown;NO_MOVE_FOUND
14:38:24;98;None;0,00;1;0,00;Unknown;NO_MOVE_FOUND
14:38:24;99;None;0,00;1;0,00;Unknown;NO_MOVE_FOUND
14:38:24;100;None;0,00;1;0,00;Unknown;NO_MOVE_FOUND
14:38:24;101;None;0,00;1;0,00;Unknown;NO_MOVE_FOUND
14:38:24;102;None;0,00;1;0,00;Unknown;NO_MOVE_FOUND
14:38:24;103;None;0,00;1;0,00;Unknown;NO_MOVE_FOUND
14:38:24;104;None;0,00;1;0,00;Unknown;NO_MOVE_FOUND
14:38:24;105;None;0,00;1;0,00;Unknown;NO_MOVE_FOUND
14:38:24;106;None;0,00;1;0,00;Unknown;NO_MOVE_FOUND
14:38:24;107;None;0,00;1;0,00;Unknown;NO_MOVE_FOUND
14:38:24;108;None;0,00;1;0,00;Unknown;NO_MOVE_FOUND
14:38:24;109;None;0,00;1;0,00;Unknown;NO_MOVE_FOUND
14:38:24;110;None;0,00;1;0,00;Unknown;NO_MOVE_FOUND
14:38:24;111;None;0,00;1;0,00;Unknown;NO_MOVE_FOUND
14:38:24;112;None;0,00;1;0,00;Unknown;NO_MOVE_FOUND
14:38:24;113;None;0,00;1;0,00;Unknown;NO_MOVE_FOUND
14:38:24;114;None;0,00;1;0,00;Unknown;NO_MOVE_FOUND
14:38:24;115;None;0,00;1;0,00;Unknown;NO_MOVE_FOUND
14:38:24;116;None;0,00;1;0,00;Unknown;NO_MOVE_FOUND
14:38:24;117;None;0,00;1;0,00;Unknown;NO_MOVE_FOUND
14:38:24;118;None;0,00;1;0,00;Unknown;NO_MOVE_FOUND
14:38:24;119;None;0,00;1;0,00;Unknown;NO_MOVE_FOUND
14:38:24;120;None;0,00;1;0,00;Unknown;NO_MOVE_FOUND
14:38:24;121;None;0,00;1;0,00;Unknown;NO_MOVE_FOUND
14:38:24;122;None;0,00;1;0,00;Unknown;NO_MOVE_FOUND
14:38:24;123;None;0,00;1;0,00;Unknown;NO_MOVE_FOUND
14:38:24;124;None;0,00;1;0,00;Unknown;NO_MOVE_FOUND
14:38:24;125;None;0,00;1;0,00;Unknown;NO_MOVE_FOUND
14:38:24;126;None;0,00;1;0,00;Unknown;NO_MOVE_FOUND
14:38:24;127;None;0,00;1;0,00;Unknown;NO_MOVE_FOUND
14:38:24;128;None;0,00;1;0,00;Unknown;NO_MOVE_FOUND
14:38:24;129;None;0,00;1;0,00;Unknown;NO_MOVE_FOUND
14:38:24;130;None;0,00;1;0,00;Unknown;NO_MOVE_FOUND
14:38:24;131;None;0,00;1;0,00;Unknown;NO_MOVE_FOUND
14:38:24;132;None;0,00;1;0,00;Unknown;NO_MOVE_FOUND
14:38:24;133;None;0,00;1;0,00;Unknown;NO_MOVE_FOUND
14:38:24;134;None;0,00;1;0,00;Unknown;NO_MOVE_FOUND
14:38:24;135;None;0,00;1;0,00;Unknown;NO_MOVE_FOUND
14:38:24;136;None;0,00;1;0,00;Unknown;NO_MOVE_FOUND
14:38:24;137;None;0,00;1;0,00;Unknown;NO_MOVE_FOUND
14:38:24;138;None;0,00;1;0,00;Unknown;NO_MOVE_FOUND
14:38:24;139;None;0,00;1;0,00;Unknown;NO_MOVE_FOUND
14:38:24;140;None;0,00;1;0,00;Unknown;NO_MOVE_FOUND
14:38:24;141;None;0,00;1;0,00;Unknown;NO_MOVE_FOUND
14:38:24;142;None;0,00;1;0,00;Unknown;NO_MOVE_FOUND
14:38:24;143;None;0,00;1;0,00;Unknown;NO_MOVE_FOUND
14:38:24;144;None;0,00;1;0,00;Unknown;NO_MOVE_FOUND
14:38:24;145;None;0,00;1;0,00;Unknown;NO_MOVE_FOUND
14:38:24;146;None;0,00;1;0,00;Unknown;NO_MOVE_FOUND
14:38:24;147;None;0,00;1;0,00;Unknown;NO_MOVE_FOUND
14:38:24;148;None;0,00;1;0,00;Unknown;NO_MOVE_FOUND
14:38:24;149;None;0,00;1;0,00;Unknown;NO_MOVE_FOUND
14:38:24;150;None;0,00;1;0,00;Unknown;NO_MOVE_FOUND
14:38:24;151;None;0,00;1;0,00;Unknown;NO_MOVE_FOUND
14:38:24;152;None;0,00;1;0,00;Unknown;NO_MOVE_FOUND
14:38:24;153;None;0,00;1;0,00;Unknown;NO_MOVE_FOUND
14:38:24;154;None;0,00;1;0,00;Unknown;NO_MOVE_FOUND
14:38:24;155;None;0,00;1;0,00;Unknown;NO_MOVE_FOUND
14:38:24;156;None;0,00;1;0,00;Unknown;NO_MOVE_FOUND
14:38:24;157;None;0,00;1;0,00;Unknown;NO_MOVE_FOUND
14:38:24;158;None;0,00;1;0,00;Unknown;NO_MOVE_FOUND
14:38:24;159;None;0,00;1;0,00;Unknown;NO_MOVE_FOUND
14:38:24;160;None;0,00;1;0,00;Unknown;NO_MOVE_FOUND
14:38:24;161;None;0,00;1;0,00;Unknown;NO_MOVE_FOUND
14:38:24;162;None;0,00;1;0,00;Unknown;NO_MOVE_FOUND
14:38:24;163;None;0,00;1;0,00;Unknown;NO_MOVE_FOUND
14:38:24;164;None;0,00;1;0,00;Unknown;NO_MOVE_FOUND
14:38:24;165;None;0,00;1;0,00;Unknown;NO_MOVE_FOUND
14:38:24;166;None;0,00;1;0,00;Unknown;NO_MOVE_FOUND
14:38:24;167;None;0,00;1;0,00;Unknown;NO_MOVE_FOUND
14:38:24;168;None;0,00;1;0,00;Unknown;NO_MOVE_FOUND
14:38:24;169;None;0,00;1;0,00;Unknown;NO_MOVE_FOUND
14:38:24;170;None;0,00;1;0,00;Unknown;NO_MOVE_FOUND
14:38:24;171;None;0,00;1;0,00;Unknown;NO_MOVE_FOUND
14:38:24;172;None;0,00;1;0,00;Unknown;NO_MOVE_FOUND
14:38:24;173;None;0,00;1;0,00;Unknown;NO_MOVE_FOUND
14:38:24;174;None;0,00;1;0,00;Unknown;NO_MOVE_FOUND
14:38:24;175;None;0,00;1;0,00;Unknown;NO_MOVE_FOUND
14:38:24;176;None;0,00;1;0,00;Unknown;NO_MOVE_FOUND
14:38:24;177;None;0,00;1;0,00;Unknown;NO_MOVE_FOUND
14:38:24;178;None;0,00;1;0,00;Unknown;NO_MOVE_FOUND
14:38:24;179;None;0,00;1;0,00;Unknown;NO_MOVE_FOUND
14:38:24;180;None;0,00;1;0,00;Unknown;NO_MOVE_FOUND
14:38:24;181;None;0,00;1;0,00;Unknown;NO_MOVE_FOUND
14:38:24;182;None;0,00;1;0,00;Unknown;NO_MOVE_FOUND
14:38:24;183;None;0,00;1;0,00;Unknown;NO_MOVE_FOUND
14:38:24;184;None;0,00;1;0,00;Unknown;NO_MOVE_FOUND
14:38:24;185;None;0,00;1;0,00;Unknown;NO_MOVE_FOUND
14:38:24;186;None;0,00;1;0,00;Unknown;NO_MOVE_FOUND
14:38:24;187;None;0,00;1;0,00;Unknown;NO_MOVE_FOUND
14:38:24;188;None;0,00;1;0,00;Unknown;NO_MOVE_FOUND
14:38:24;189;None;0,00;1;0,00;Unknown;NO_MOVE_FOUND
14:38:24;190;None;0,00;1;0,00;Unknown;NO_MOVE_FOUND
14:38:24;191;None;0,00;1;0,00;Unknown;NO_MOVE_FOUND
14:38:24;192;None;0,00;1;0,00;Unknown;NO_MOVE_FOUND
14:38:24;193;None;0,00;1;0,00;Unknown;NO_MOVE_FOUND
14:38:24;194;None;0,00;1;0,00;Unknown;NO_MOVE_FOUND
14:38:24;195;None;0,00;1;0,00;Unknown;NO_MOVE_FOUND
14:38:24;196;None;0,00;1;0,00;Unknown;NO_MOVE_FOUND
14:38:24;197;None;0,00;1;0,00;Unknown;NO_MOVE_FOUND
14:38:24;198;None;0,00;1;0,00;Unknown;NO_MOVE_FOUND
14:38:24;199;None;0,00;1;0,00;Unknown;NO_MOVE_FOUND
14:38:24;200;None;0,00;1;0,00;Unknown;NO_MOVE_FOUND
14:38:24;201;None;0,00;1;0,00;Unknown;NO_MOVE_FOUND
14:38:24;202;None;0,00;1;0,00;Unknown;NO_MOVE_FOUND
14:38:24;203;None;0,00;1;0,00;Unknown;NO_MOVE_FOUND
14:38:24;204;None;0,00;1;0,00;Unknown;NO_MOVE_FOUND
14:38:24;205;None;0,00;1;0,00;Unknown;NO_MOVE_FOUND
14:38:24;206;None;0,00;1;0,00;Unknown;NO_MOVE_FOUND
14:38:24;207;None;0,00;1;0,00;Unknown;NO_MOVE_FOUND
14:38:24;208;None;0,00;1;0,00;Unknown;NO_MOVE_FOUND
14:38:24;209;None;0,00;1;0,00;Unknown;NO_MOVE_FOUND
14:38:24;210;None;0,00;1;0,00;Unknown;NO_MOVE_FOUND
14:38:24;211;None;0,00;1;0,00;Unknown;NO_MOVE_FOUND
14:38:24;212;None;0,00;1;0,00;Unknown;NO_MOVE_FOUND
14:38:24;213;None;0,00;1;0,00;Unknown;NO_MOVE_FOUND
14:38:24;214;None;0,00;1;0,00;Unknown;NO_MOVE_FOUND
14:38:24;215;None;0,00;1;0,00;Unknown;NO_MOVE_FOUND
14:38:24;216;None;0,00;1;0,00;Unknown;NO_MOVE_FOUND
14:38:24;217;None;0,00;1;0,00;Unknown;NO_MOVE_FOUND
14:38:24;218;None;0,00;1;0,00;Unknown;NO_MOVE_FOUND
14:38:24;219;None;0,00;1;0,00;Unknown;NO_MOVE_FOUND
14:38:24;220;None;0,00;1;0,00;Unknown;NO_MOVE_FOUND
14:38:24;221;None;0,00;1;0,00;Unknown;NO_MOVE_FOUND
14:38:24;222;None;0,00;1;0,00;Unknown;NO_MOVE_FOUND
14:38:24;223;None;0,00;1;0,00;Unknown;NO_MOVE_FOUND
14:38:24;224;None;0,00;1;0,00;Unknown;NO_MOVE_FOUND
14:38:24;225;None;0,00;1;0,00;Unknown;NO_MOVE_FOUND
14:38:24;226;None;0,00;1;0,00;Unknown;NO_MOVE_FOUND
14:38:24;227;None;0,00;1;0,00;Unknown;NO_MOVE_FOUND
14:38:24;228;None;0,00;1;0,00;Unknown;NO_MOVE_FOUND
14:38:24;229;None;0,00;1;0,00;Unknown;NO_MOVE_FOUND
14:38:24;230;None;0,00;1;0,00;Unknown;NO_MOVE_FOUND
14:38:24;231;None;0,00;1;0,00;Unknown;NO_MOVE_FOUND
14:38:24;232;None;0,00;1;0,00;Unknown;NO_MOVE_FOUND
14:38:24;233;None;0,00;1;0,00;Unknown;NO_MOVE_FOUND
14:38:24;234;None;0,00;1;0,00;Unknown;NO_MOVE_FOUND
14:38:24;235;None;0,00;1;0,00;Unknown;NO_MOVE_FOUND
14:38:24;236;None;0,00;1;0,00;Unknown;NO_MOVE_FOUND
14:38:24;237;None;0,00;1;0,00;Unknown;NO_MOVE_FOUND
14:38:24;238;None;0,00;1;0,00;Unknown;NO_MOVE_FOUND
14:38:24;239;None;0,00;1;0,00;Unknown;NO_MOVE_FOUND
14:38:24;240;None;0,00;1;0,00;Unknown;NO_MOVE_FOUND
14:38:24;241;None;0,00;1;0,00;Unknown;NO_MOVE_FOUND
14:38:24;242;None;0,00;1;0,00;Unknown;NO_MOVE_FOUND
14:38:24;243;None;0,00;1;0,00;Unknown;NO_MOVE_FOUND
14:38:24;244;None;0,00;1;0,00;Unknown;NO_MOVE_FOUND
14:38:24;245;None;0,00;1;0,00;Unknown;NO_MOVE_FOUND
14:38:24;246;None;0,00;1;0,00;Unknown;NO_MOVE_FOUND
14:38:24;247;None;0,00;1;0,00;Unknown;NO_MOVE_FOUND
14:38:24;248;None;0,00;1;0,00;Unknown;NO_MOVE_FOUND
14:38:24;249;None;0,00;1;0,00;Unknown;NO_MOVE_FOUND
14:38:24;250;None;0,00;1;0,00;Unknown;NO_MOVE_FOUND
14:38:24;251;None;0,00;1;0,00;Unknown;NO_MOVE_FOUND
14:38:24;252;None;0,00;1;0,00;Unknown;NO_MOVE_FOUND
14:38:24;253;None;0,00;1;0,00;Unknown;NO_MOVE_FOUND
14:38:24;254;None;0,00;1;0,00;Unknown;NO_MOVE_FOUND
14:38:24;255;None;0,00;1;0,00;Unknown;NO_MOVE_FOUND
14:38:24;256;None;0,00;1;0,00;Unknown;NO_MOVE_FOUND
14:38:24;257;None;0,00;1;0,00;Unknown;NO_MOVE_FOUND
14:38:24;258;None;0,00;1;0,00;Unknown;NO_MOVE_FOUND
14:38:24;259;None;0,00;1;0,00;Unknown;NO_MOVE_FOUND
14:38:24;260;None;0,00;1;0,00;Unknown;NO_MOVE_FOUND
14:38:24;261;None;0,00;1;0,00;Unknown;NO_MOVE_FOUND
14:38:24;262;None;0,00;1;0,00;Unknown;NO_MOVE_FOUND
14:38:24;263;None;0,00;1;0,00;Unknown;NO_MOVE_FOUND
14:38:24;264;None;0,00;1;0,00;Unknown;NO_MOVE_FOUND
14:38:24;265;None;0,00;1;0,00;Unknown;NO_MOVE_FOUND
14:38:24;266;None;0,00;1;0,00;Unknown;NO_MOVE_FOUND
14:38:24;267;None;0,00;1;0,00;Unknown;NO_MOVE_FOUND
14:38:24;268;None;0,00;1;0,00;Unknown;NO_MOVE_FOUND
14:38:24;269;None;0,00;1;0,00;Unknown;NO_MOVE_FOUND
14:38:24;270;None;0,00;1;0,00;Unknown;NO_MOVE_FOUND
14:38:24;271;None;0,00;1;0,00;Unknown;NO_MOVE_FOUND
14:38:24;272;None;0,00;1;0,00;Unknown;NO_MOVE_FOUND
14:38:24;273;None;0,00;1;0,00;Unknown;NO_MOVE_FOUND
14:38:24;274;None;0,00;1;0,00;Unknown;NO_MOVE_FOUND
14:38:24;275;None;0,00;1;0,00;Unknown;NO_MOVE_FOUND
14:38:24;276;None;0,00;1;0,00;Unknown;NO_MOVE_FOUND
14:38:24;277;None;0,00;1;0,00;Unknown;NO_MOVE_FOUND
14:38:24;278;None;0,00;1;0,00;Unknown;NO_MOVE_FOUND
14:38:24;279;None;0,00;1;0,00;Unknown;NO_MOVE_FOUND
14:38:24;280;None;0,00;1;0,00;Unknown;NO_MOVE_FOUND
14:38:24;281;None;0,00;1;0,00;Unknown;NO_MOVE_FOUND
14:38:24;282;None;0,00;1;0,00;Unknown;NO_MOVE_FOUND
14:38:24;283;None;0,00;1;0,00;Unknown;NO_MOVE_FOUND
14:38:24;284;None;0,00;1;0,00;Unknown;NO_MOVE_FOUND
14:38:24;285;None;0,00;1;0,00;Unknown;NO_MOVE_FOUND
14:38:24;286;None;0,00;1;0,00;Unknown;NO_MOVE_FOUND
14:38:24;287;None;0,00;1;0,00;Unknown;NO_MOVE_FOUND
14:38:24;288;None;0,00;1;0,00;Unknown;NO_MOVE_FOUND
14:38:24;289;None;0,00;1;0,00;Unknown;NO_MOVE_FOUND
14:38:24;290;None;0,00;1;0,00;Unknown;NO_MOVE_FOUND
14:38:24;291;None;0,00;1;0,00;Unknown;NO_MOVE_FOUND
14:38:24;292;None;0,00;1;0,00;Unknown;NO_MOVE_FOUND
14:38:24;293;None;0,00;1;0,00;Unknown;NO_MOVE_FOUND
14:38:24;294;None;0,00;1;0,00;Unknown;NO_MOVE_FOUND
14:38:24;295;None;0,00;1;0,00;Unknown;NO_MOVE_FOUND
14:38:24;296;None;0,00;1;0,00;Unknown;NO_MOVE_FOUND
14:38:24;297;None;0,00;1;0,00;Unknown;NO_MOVE_FOUND
14:38:24;298;None;0,00;1;0,00;Unknown;NO_MOVE_FOUND
14:38:24;299;None;0,00;1;0,00;Unknown;NO_MOVE_FOUND
14:38:24;300;None;0,00;1;0,00;Unknown;NO_MOVE_FOUND
14:38:24;301;None;0,00;1;0,00;Unknown;NO_MOVE_FOUND
14:38:24;302;None;0,00;1;0,00;Unknown;NO_MOVE_FOUND
14:38:24;303;None;0,00;1;0,00;Unknown;NO_MOVE_FOUND
14:38:24;304;None;0,00;1;0,00;Unknown;NO_MOVE_FOUND
14:38:24;305;None;0,00;1;0,00;Unknown;NO_MOVE_FOUND
14:38:24;306;None;0,00;1;0,00;Unknown;NO_MOVE_FOUND
14:38:24;307;None;0,00;1;0,00;Unknown;NO_MOVE_FOUND
14:38:24;308;None;0,00;1;0,00;Unknown;NO_MOVE_FOUND
14:38:24;309;None;0,00;1;0,00;Unknown;NO_MOVE_FOUND
14:38:24;310;None;0,00;1;0,00;Unknown;NO_MOVE_FOUND
14:38:24;311;None;0,00;1;0,00;Unknown;NO_MOVE_FOUND
14:38:24;312;None;0,00;1;0,00;Unknown;NO_MOVE_FOUND
14:38:24;313;None;0,00;1;0,00;Unknown;NO_MOVE_FOUND
14:38:24;314;None;0,00;1;0,00;Unknown;NO_MOVE_FOUND
14:38:24;315;None;0,00;1;0,00;Unknown;NO_MOVE_FOUND
14:38:24;316;None;0,00;1;0,00;Unknown;NO_MOVE_FOUND
14:38:24;317;None;0,00;1;0,00;Unknown;NO_MOVE_FOUND
14:38:24;318;None;0,00;1;0,00;Unknown;NO_MOVE_FOUND
14:38:24;319;None;0,00;1;0,00;Unknown;NO_MOVE_FOUND
14:38:24;320;None;0,00;1;0,00;Unknown;NO_MOVE_FOUND
14:38:24;321;None;0,00;1;0,00;Unknown;NO_MOVE_FOUND
14:38:24;322;None;0,00;1;0,00;Unknown;NO_MOVE_FOUND
14:38:24;323;None;0,00;1;0,00;Unknown;NO_MOVE_FOUND
14:38:24;324;None;0,00;1;0,00;Unknown;NO_MOVE_FOUND
14:38:24;325;None;0,00;1;0,00;Unknown;NO_MOVE_FOUND
14:38:24;326;None;0,00;1;0,00;Unknown;NO_MOVE_FOUND
14:38:24;327;None;0,00;1;0,00;Unknown;NO_MOVE_FOUND
14:38:24;328;None;0,00;1;0,00;Unknown;NO_MOVE_FOUND
14:38:24;329;None;0,00;1;0,00;Unknown;NO_MOVE_FOUND
14:38:24;330;None;0,00;1;0,00;Unknown;NO_MOVE_FOUND
14:38:24;331;None;0,00;1;0,00;Unknown;NO_MOVE_FOUND
14:38:24;332;None;0,00;1;0,00;Unknown;NO_MOVE_FOUND
14:38:24;333;None;0,00;1;0,00;Unknown;NO_MOVE_FOUND
14:38:24;334;None;0,00;1;0,00;Unknown;NO_MOVE_FOUND
14:38:24;335;None;0,00;1;0,00;Unknown;NO_MOVE_FOUND
14:38:24;336;None;0,00;1;0,00;Unknown;NO_MOVE_FOUND
14:38:24;337;None;0,00;1;0,00;Unknown;NO_MOVE_FOUND
14:38:24;338;None;0,00;1;0,00;Unknown;NO_MOVE_FOUND
14:38:24;339;None;0,00;1;0,00;Unknown;NO_MOVE_FOUND
14:38:24;340;None;0,00;1;0,00;Unknown;NO_MOVE_FOUND
14:38:24;341;None;0,00;1;0,00;Unknown;NO_MOVE_FOUND
14:38:24;342;None;0,00;1;0,00;Unknown;NO_MOVE_FOUND
14:38:24;343;None;0,00;1;0,00;Unknown;NO_MOVE_FOUND
14:38:24;344;None;0,00;1;0,00;Unknown;NO_MOVE_FOUND
14:38:24;345;None;0,00;1;0,00;Unknown;NO_MOVE_FOUND
14:38:24;346;None;0,00;1;0,00;Unknown;NO_MOVE_FOUND
14:38:24;347;None;0,00;1;0,00;Unknown;NO_MOVE_FOUND
14:38:24;348;None;0,00;1;0,00;Unknown;NO_MOVE_FOUND
14:38:24;349;None;0,00;1;0,00;Unknown;NO_MOVE_FOUND
14:38:24;350;None;0,00;1;0,00;Unknown;NO_MOVE_FOUND
14:38:24;351;None;0,00;1;0,00;Unknown;NO_MOVE_FOUND
14:38:24;352;None;0,00;1;0,00;Unknown;NO_MOVE_FOUND
14:38:24;353;None;0,00;1;0,00;Unknown;NO_MOVE_FOUND
14:38:24;354;None;0,00;1;0,00;Unknown;NO_MOVE_FOUND
14:38:24;355;None;0,00;1;0,00;Unknown;NO_MOVE_FOUND
14:38:24;356;None;0,00;1;0,00;Unknown;NO_MOVE_FOUND
14:38:24;357;None;0,00;1;0,00;Unknown;NO_MOVE_FOUND
14:38:24;358;None;0,00;1;0,00;Unknown;NO_MOVE_FOUND
14:38:24;359;None;0,00;1;0,00;Unknown;NO_MOVE_FOUND
14:38:24;360;None;0,00;1;0,00;Unknown;NO_MOVE_FOUND
14:38:24;361;None;0,00;1;0,00;Unknown;NO_MOVE_FOUND
14:38:24;362;None;0,00;1;0,00;Unknown;NO_MOVE_FOUND
14:38:24;363;None;0,00;1;0,00;Unknown;NO_MOVE_FOUND
14:38:24;364;None;0,00;1;0,00;Unknown;NO_MOVE_FOUND
14:38:24;365;None;0,00;1;0,00;Unknown;NO_MOVE_FOUND
14:38:24;366;None;0,00;1;0,00;Unknown;NO_MOVE_FOUND
14:38:24;367;None;0,00;1;0,00;Unknown;NO_MOVE_FOUND
14:38:24;368;None;0,00;1;0,00;Unknown;NO_MOVE_FOUND
14:38:24;369;None;0,00;1;0,00;Unknown;NO_MOVE_FOUND
14:38:24;370;None;0,00;1;0,00;Unknown;NO_MOVE_FOUND
14:38:24;371;None;0,00;1;0,00;Unknown;NO_MOVE_FOUND
14:38:24;372;None;0,00;1;0,00;Unknown;NO_MOVE_FOUND
14:38:24;373;None;0,00;1;0,00;Unknown;NO_MOVE_FOUND
14:38:24;374;None;0,00;1;0,00;Unknown;NO_MOVE_FOUND
14:38:24;375;None;0,00;1;0,00;Unknown;NO_MOVE_FOUND
14:38:24;376;None;0,00;1;0,00;Unknown;NO_MOVE_FOUND
14:38:24;377;None;0,00;1;0,00;Unknown;NO_MOVE_FOUND
14:38:24;378;None;0,00;1;0,00;Unknown;NO_MOVE_FOUND
14:38:24;379;None;0,00;1;0,00;Unknown;NO_MOVE_FOUND
14:38:24;380;None;0,00;1;0,00;Unknown;NO_MOVE_FOUND
14:38:24;381;None;0,00;1;0,00;Unknown;NO_MOVE_FOUND
14:38:24;382;None;0,00;1;0,00;Unknown;NO_MOVE_FOUND
14:38:24;383;None;0,00;1;0,00;Unknown;NO_MOVE_FOUND
14:38:24;384;None;0,00;1;0,00;Unknown;NO_MOVE_FOUND
14:38:24;385;None;0,00;1;0,00;Unknown;NO_MOVE_FOUND
14:38:24;386;None;0,00;1;0,00;Unknown;NO_MOVE_FOUND
14:38:24;387;None;0,00;1;0,00;Unknown;NO_MOVE_FOUND
14:38:24;388;None;0,00;1;0,00;Unknown;NO_MOVE_FOUND
14:38:24;389;None;0,00;1;0,00;Unknown;NO_MOVE_FOUND
14:38:24;390;None;0,00;1;0,00;Unknown;NO_MOVE_FOUND
14:38:24;391;None;0,00;1;0,00;Unknown;NO_MOVE_FOUND
14:38:24;392;None;0,00;1;0,00;Unknown;NO_MOVE_FOUND
14:38:24;393;None;0,00;1;0,00;Unknown;NO_MOVE_FOUND
14:38:24;394;None;0,00;1;0,00;Unknown;NO_MOVE_FOUND
14:38:24;395;None;0,00;1;0,00;Unknown;NO_MOVE_FOUND
14:38:24;396;None;0,00;1;0,00;Unknown;NO_MOVE_FOUND
14:38:24;397;None;0,00;1;0,00;Unknown;NO_MOVE_FOUND
14:38:24;398;None;0,00;1;0,00;Unknown;NO_MOVE_FOUND
14:38:24;399;None;0,00;1;0,00;Unknown;NO_MOVE_FOUND
14:38:24;400;None;0,00;1;0,00;Unknown;NO_MOVE_FOUND
14:38:24;401;None;0,00;1;0,00;Unknown;NO_MOVE_FOUND
14:38:24;402;None;0,00;1;0,00;Unknown;NO_MOVE_FOUND
14:38:24;403;None;0,00;1;0,00;Unknown;NO_MOVE_FOUND
14:38:24;404;None;0,00;1;0,00;Unknown;NO_MOVE_FOUND
14:38:24;405;None;0,00;1;0,00;Unknown;NO_MOVE_FOUND
14:38:24;406;None;0,00;1;0,00;Unknown;NO_MOVE_FOUND
14:38:24;407;None;0,00;1;0,00;Unknown;NO_MOVE_FOUND
14:38:24;408;None;0,00;1;0,00;Unknown;NO_MOVE_FOUND
14:38:24;409;None;0,00;1;0,00;Unknown;NO_MOVE_FOUND
14:38:24;410;None;0,00;1;0,00;Unknown;NO_MOVE_FOUND
14:38:24;411;None;0,00;1;0,00;Unknown;NO_MOVE_FOUND
14:38:24;412;None;0,00;1;0,00;Unknown;NO_MOVE_FOUND
14:38:24;413;None;0,00;1;0,00;Unknown;NO_MOVE_FOUND
14:38:24;414;None;0,00;1;0,00;Unknown;NO_MOVE_FOUND
14:38:24;415;None;0,00;1;0,00;Unknown;NO_MOVE_FOUND
14:38:24;416;None;0,00;1;0,00;Unknown;NO_MOVE_FOUND
14:38:24;417;None;0,00;1;0,00;Unknown;NO_MOVE_FOUND
14:38:24;418;None;0,00;1;0,00;Unknown;NO_MOVE_FOUND
14:38:24;419;None;0,00;1;0,00;Unknown;NO_MOVE_FOUND
14:38:24;420;None;0,00;1;0,00;Unknown;NO_MOVE_FOUND
14:38:24;421;None;0,00;1;0,00;Unknown;NO_MOVE_FOUND
14:38:24;422;None;0,00;1;0,00;Unknown;NO_MOVE_FOUND
14:38:24;423;None;0,00;1;0,00;Unknown;NO_MOVE_FOUND
14:38:24;424;None;0,00;1;0,00;Unknown;NO_MOVE_FOUND
14:38:24;425;None;0,00;1;0,00;Unknown;NO_MOVE_FOUND
14:38:24;426;None;0,00;1;0,00;Unknown;NO_MOVE_FOUND
14:38:24;427;None;0,00;1;0,00;Unknown;NO_MOVE_FOUND
14:38:24;428;None;0,00;1;0,00;Unknown;NO_MOVE_FOUND
14:38:24;429;None;0,00;1;0,00;Unknown;NO_MOVE_FOUND
14:38:24;430;None;0,00;1;0,00;Unknown;NO_MOVE_FOUND
14:38:24;431;None;0,00;1;0,00;Unknown;NO_MOVE_FOUND
14:38:24;432;None;0,00;1;0,00;Unknown;NO_MOVE_FOUND
14:38:24;433;None;0,00;1;0,00;Unknown;NO_MOVE_FOUND
14:38:24;434;None;0,00;1;0,00;Unknown;NO_MOVE_FOUND
14:38:24;435;None;0,00;1;0,00;Unknown;NO_MOVE_FOUND
14:38:24;436;None;0,00;1;0,00;Unknown;NO_MOVE_FOUND
14:38:24;437;None;0,00;1;0,00;Unknown;NO_MOVE_FOUND
14:38:24;438;None;0,00;1;0,00;Unknown;NO_MOVE_FOUND
14:38:24;439;None;0,00;1;0,00;Unknown;NO_MOVE_FOUND
14:38:24;440;None;0,00;1;0,00;Unknown;NO_MOVE_FOUND
14:38:24;441;None;0,00;1;0,00;Unknown;NO_MOVE_FOUND
14:38:24;442;None;0,00;1;0,00;Unknown;NO_MOVE_FOUND
14:38:24;443;None;0,00;1;0,00;Unknown;NO_MOVE_FOUND
14:38:24;444;None;0,00;1;0,00;Unknown;NO_MOVE_FOUND
14:38:24;445;None;0,00;1;0,00;Unknown;NO_MOVE_FOUND
14:38:24;446;None;0,00;1;0,00;Unknown;NO_MOVE_FOUND
14:38:24;447;None;0,00;1;0,00;Unknown;NO_MOVE_FOUND
14:38:24;448;None;0,00;1;0,00;Unknown;NO_MOVE_FOUND
14:38:24;449;None;0,00;1;0,00;Unknown;NO_MOVE_FOUND
14:38:24;450;None;0,00;1;0,00;Unknown;NO_MOVE_FOUND
14:38:25;451;None;0,00;1;0,00;Unknown;NO_MOVE_FOUND
14:38:25;452;None;0,00;1;0,00;Unknown;NO_MOVE_FOUND
14:38:25;453;None;0,00;1;0,00;Unknown;NO_MOVE_FOUND
14:38:25;454;None;0,00;1;0,00;Unknown;NO_MOVE_FOUND
14:38:25;455;None;0,00;1;0,00;Unknown;NO_MOVE_FOUND
14:38:25;456;None;0,00;1;0,00;Unknown;NO_MOVE_FOUND
14:38:25;457;None;0,00;1;0,00;Unknown;NO_MOVE_FOUND
14:38:25;458;None;0,00;1;0,00;Unknown;NO_MOVE_FOUND
14:38:25;459;None;0,00;1;0,00;Unknown;NO_MOVE_FOUND
14:38:25;460;None;0,00;1;0,00;Unknown;NO_MOVE_FOUND
14:38:25;461;None;0,00;1;0,00;Unknown;NO_MOVE_FOUND
14:38:25;462;None;0,00;1;0,00;Unknown;NO_MOVE_FOUND
14:38:25;463;None;0,00;1;0,00;Unknown;NO_MOVE_FOUND
14:38:25;464;None;0,00;1;0,00;Unknown;NO_MOVE_FOUND
14:38:25;465;None;0,00;1;0,00;Unknown;NO_MOVE_FOUND
14:38:25;466;None;0,00;1;0,00;Unknown;NO_MOVE_FOUND
14:38:25;467;None;0,00;1;0,00;Unknown;NO_MOVE_FOUND
14:38:25;468;None;0,00;1;0,00;Unknown;NO_MOVE_FOUND
14:38:25;469;None;0,00;1;0,00;Unknown;NO_MOVE_FOUND
14:38:25;470;None;0,00;1;0,00;Unknown;NO_MOVE_FOUND
14:38:25;471;None;0,00;1;0,00;Unknown;NO_MOVE_FOUND
14:38:25;472;None;0,00;1;0,00;Unknown;NO_MOVE_FOUND
14:38:25;473;None;0,00;1;0,00;Unknown;NO_MOVE_FOUND
14:38:25;474;None;0,00;1;0,00;Unknown;NO_MOVE_FOUND
14:38:25;475;None;0,00;1;0,00;Unknown;NO_MOVE_FOUND
14:38:25;476;None;0,00;1;0,00;Unknown;NO_MOVE_FOUND
14:38:25;477;None;0,00;1;0,00;Unknown;NO_MOVE_FOUND
14:38:25;478;None;0,00;1;0,00;Unknown;NO_MOVE_FOUND
14:38:25;479;None;0,00;1;0,00;Unknown;NO_MOVE_FOUND
14:38:25;480;None;0,00;1;0,00;Unknown;NO_MOVE_FOUND
14:38:25;481;None;0,00;1;0,00;Unknown;NO_MOVE_FOUND
14:38:25;482;None;0,00;1;0,00;Unknown;NO_MOVE_FOUND
14:38:25;483;None;0,00;1;0,00;Unknown;NO_MOVE_FOUND
14:38:25;484;None;0,00;1;0,00;Unknown;NO_MOVE_FOUND
14:38:25;485;None;0,00;1;0,00;Unknown;NO_MOVE_FOUND
14:38:25;486;None;0,00;1;0,00;Unknown;NO_MOVE_FOUND
14:38:25;487;None;0,00;1;0,00;Unknown;NO_MOVE_FOUND
14:38:25;488;None;0,00;1;0,00;Unknown;NO_MOVE_FOUND
14:38:25;489;None;0,00;1;0,00;Unknown;NO_MOVE_FOUND
14:38:25;490;None;0,00;1;0,00;Unknown;NO_MOVE_FOUND
14:38:25;491;None;0,00;1;0,00;Unknown;NO_MOVE_FOUND
14:38:25;492;None;0,00;1;0,00;Unknown;NO_MOVE_FOUND
14:38:25;493;None;0,00;1;0,00;Unknown;NO_MOVE_FOUND
14:38:25;494;None;0,00;1;0,00;Unknown;NO_MOVE_FOUND
14:38:25;495;None;0,00;1;0,00;Unknown;NO_MOVE_FOUND
14:38:25;496;None;0,00;1;0,00;Unknown;NO_MOVE_FOUND
14:38:25;497;None;0,00;1;0,00;Unknown;NO_MOVE_FOUND
14:38:25;498;None;0,00;1;0,00;Unknown;NO_MOVE_FOUND
14:38:25;499;None;0,00;1;0,00;Unknown;NO_MOVE_FOUND
14:38:25;500;None;0,00;1;0,00;Unknown;NO_MOVE_FOUND
14:38:25;501;None;0,00;1;0,00;Unknown;NO_MOVE_FOUND
14:38:25;502;None;0,00;1;0,00;Unknown;NO_MOVE_FOUND
14:38:25;503;None;0,00;1;0,00;Unknown;NO_MOVE_FOUND
14:38:25;504;None;0,00;1;0,00;Unknown;NO_MOVE_FOUND
14:38:25;505;None;0,00;1;0,00;Unknown;NO_MOVE_FOUND
14:38:25;506;None;0,00;1;0,00;Unknown;NO_MOVE_FOUND
14:38:25;507;None;0,00;1;0,00;Unknown;NO_MOVE_FOUND
14:38:25;508;None;0,00;1;0,00;Unknown;NO_MOVE_FOUND
14:38:25;509;None;0,00;1;0,00;Unknown;NO_MOVE_FOUND
14:38:25;510;None;0,00;1;0,00;Unknown;NO_MOVE_FOUND
14:38:25;511;None;0,00;1;0,00;Unknown;NO_MOVE_FOUND
14:38:25;512;None;0,00;1;0,00;Unknown;NO_MOVE_FOUND
14:38:25;513;None;0,00;1;0,00;Unknown;NO_MOVE_FOUND
14:38:25;514;None;0,00;1;0,00;Unknown;NO_MOVE_FOUND
14:38:25;515;None;0,00;1;0,00;Unknown;NO_MOVE_FOUND
14:38:25;516;None;0,00;1;0,00;Unknown;NO_MOVE_FOUND
14:38:25;517;None;0,00;1;0,00;Unknown;NO_MOVE_FOUND
14:38:25;518;None;0,00;1;0,00;Unknown;NO_MOVE_FOUND
14:38:25;519;None;0,00;1;0,00;Unknown;NO_MOVE_FOUND
14:38:25;520;None;0,00;1;0,00;Unknown;NO_MOVE_FOUND
14:38:25;521;None;0,00;1;0,00;Unknown;NO_MOVE_FOUND
14:38:25;522;None;0,00;1;0,00;Unknown;NO_MOVE_FOUND
14:38:25;523;None;0,00;1;0,00;Unknown;NO_MOVE_FOUND
14:38:25;524;None;0,00;1;0,00;Unknown;NO_MOVE_FOUND
14:38:25;525;None;0,00;1;0,00;Unknown;NO_MOVE_FOUND
14:38:25;526;None;0,00;1;0,00;Unknown;NO_MOVE_FOUND
14:38:25;527;None;0,00;1;0,00;Unknown;NO_MOVE_FOUND
14:38:25;528;None;0,00;1;0,00;Unknown;NO_MOVE_FOUND
14:38:25;529;None;0,00;1;0,00;Unknown;NO_MOVE_FOUND
14:38:25;530;None;0,00;1;0,00;Unknown;NO_MOVE_FOUND
14:38:25;531;None;0,00;1;0,00;Unknown;NO_MOVE_FOUND
14:38:25;532;None;0,00;1;0,00;Unknown;NO_MOVE_FOUND
14:38:25;533;None;0,00;1;0,00;Unknown;NO_MOVE_FOUND
14:38:25;534;None;0,00;1;0,00;Unknown;NO_MOVE_FOUND
14:38:25;535;None;0,00;1;0,00;Unknown;NO_MOVE_FOUND
14:38:25;536;None;0,00;1;0,00;Unknown;NO_MOVE_FOUND
14:38:25;537;None;0,00;1;0,00;Unknown;NO_MOVE_FOUND
14:38:25;538;None;0,00;1;0,00;Unknown;NO_MOVE_FOUND
14:38:25;539;None;0,00;1;0,00;Unknown;NO_MOVE_FOUND
14:38:25;540;None;0,00;1;0,00;Unknown;NO_MOVE_FOUND
14:38:25;541;None;0,00;1;0,00;Unknown;NO_MOVE_FOUND
14:38:25;542;None;0,00;1;0,00;Unknown;NO_MOVE_FOUND
14:38:25;543;None;0,00;1;0,00;Unknown;NO_MOVE_FOUND
14:38:25;544;None;0,00;1;0,00;Unknown;NO_MOVE_FOUND
14:38:25;545;None;0,00;1;0,00;Unknown;NO_MOVE_FOUND
14:38:25;546;None;0,00;1;0,00;Unknown;NO_MOVE_FOUND
14:38:25;547;None;0,00;1;0,00;Unknown;NO_MOVE_FOUND
14:38:25;548;None;0,00;1;0,00;Unknown;NO_MOVE_FOUND
14:38:25;549;None;0,00;1;0,00;Unknown;NO_MOVE_FOUND
14:38:25;550;None;0,00;1;0,00;Unknown;NO_MOVE_FOUND
14:38:25;551;None;0,00;1;0,00;Unknown;NO_MOVE_FOUND
14:38:25;552;None;0,00;1;0,00;Unknown;NO_MOVE_FOUND
14:38:25;553;None;0,00;1;0,00;Unknown;NO_MOVE_FOUND
14:38:25;554;None;0,00;1;0,00;Unknown;NO_MOVE_FOUND
14:38:25;555;None;0,00;1;0,00;Unknown;NO_MOVE_FOUND
14:38:25;556;None;0,00;1;0,00;Unknown;NO_MOVE_FOUND
14:38:25;557;None;0,00;1;0,00;Unknown;NO_MOVE_FOUND
14:38:25;558;None;0,00;1;0,00;Unknown;NO_MOVE_FOUND
14:38:25;559;None;0,00;1;0,00;Unknown;NO_MOVE_FOUND
14:38:25;560;None;0,00;1;0,00;Unknown;NO_MOVE_FOUND
14:38:25;561;None;0,00;1;0,00;Unknown;NO_MOVE_FOUND
14:38:25;562;None;0,00;1;0,00;Unknown;NO_MOVE_FOUND
14:38:25;563;None;0,00;1;0,00;Unknown;NO_MOVE_FOUND
14:38:25;564;None;0,00;1;0,00;Unknown;NO_MOVE_FOUND
14:38:25;565;None;0,00;1;0,00;Unknown;NO_MOVE_FOUND
14:38:25;566;None;0,00;1;0,00;Unknown;NO_MOVE_FOUND
14:38:25;567;None;0,00;1;0,00;Unknown;NO_MOVE_FOUND
14:38:25;568;None;0,00;1;0,00;Unknown;NO_MOVE_FOUND
14:38:25;569;None;0,00;1;0,00;Unknown;NO_MOVE_FOUND
14:38:25;570;None;0,00;1;0,00;Unknown;NO_MOVE_FOUND
14:38:25;571;None;0,00;1;0,00;Unknown;NO_MOVE_FOUND
14:38:25;572;None;0,00;1;0,00;Unknown;NO_MOVE_FOUND
14:38:25;573;None;0,00;1;0,00;Unknown;NO_MOVE_FOUND
14:38:25;574;None;0,00;1;0,00;Unknown;NO_MOVE_FOUND
14:38:25;575;None;0,00;1;0,00;Unknown;NO_MOVE_FOUND
14:38:25;576;None;0,00;1;0,00;Unknown;NO_MOVE_FOUND
14:38:25;577;None;0,00;1;0,00;Unknown;NO_MOVE_FOUND
14:38:25;578;None;0,00;1;0,00;Unknown;NO_MOVE_FOUND
14:38:25;579;None;0,00;1;0,00;Unknown;NO_MOVE_FOUND
14:38:25;580;None;0,00;1;0,00;Unknown;NO_MOVE_FOUND
14:38:25;581;None;0,00;1;0,00;Unknown;NO_MOVE_FOUND
14:38:25;582;None;0,00;1;0,00;Unknown;NO_MOVE_FOUND
14:38:25;583;None;0,00;1;0,00;Unknown;NO_MOVE_FOUND
14:38:25;584;None;0,00;1;0,00;Unknown;NO_MOVE_FOUND
14:38:25;585;None;0,00;1;0,00;Unknown;NO_MOVE_FOUND
14:38:25;586;None;0,00;1;0,00;Unknown;NO_MOVE_FOUND
14:38:25;587;None;0,00;1;0,00;Unknown;NO_MOVE_FOUND
14:38:25;588;None;0,00;1;0,00;Unknown;NO_MOVE_FOUND
14:38:25;589;None;0,00;1;0,00;Unknown;NO_MOVE_FOUND
14:38:25;590;None;0,00;1;0,00;Unknown;NO_MOVE_FOUND
14:38:25;591;None;0,00;1;0,00;Unknown;NO_MOVE_FOUND
14:38:25;592;None;0,00;1;0,00;Unknown;NO_MOVE_FOUND
14:38:25;593;None;0,00;1;0,00;Unknown;NO_MOVE_FOUND
14:38:25;594;None;0,00;1;0,00;Unknown;NO_MOVE_FOUND
14:38:25;595;None;0,00;1;0,00;Unknown;NO_MOVE_FOUND
14:38:25;596;None;0,00;1;0,00;Unknown;NO_MOVE_FOUND
14:38:25;597;None;0,00;1;0,00;Unknown;NO_MOVE_FOUND
14:38:25;598;None;0,00;1;0,00;Unknown;NO_MOVE_FOUND
14:38:25;599;None;0,00;1;0,00;Unknown;NO_MOVE_FOUND
14:38:25;600;None;0,00;1;0,00;Unknown;NO_MOVE_FOUND
14:38:25;601;None;0,00;1;0,00;Unknown;NO_MOVE_FOUND
14:38:25;602;None;0,00;1;0,00;Unknown;NO_MOVE_FOUND
14:38:25;603;None;0,00;1;0,00;Unknown;NO_MOVE_FOUND
14:38:25;604;None;0,00;1;0,00;Unknown;NO_MOVE_FOUND
14:38:25;605;None;0,00;1;0,00;Unknown;NO_MOVE_FOUND
14:38:25;606;None;0,00;1;0,00;Unknown;NO_MOVE_FOUND
14:38:25;607;None;0,00;1;0,00;Unknown;NO_MOVE_FOUND
14:38:25;608;None;0,00;1;0,00;Unknown;NO_MOVE_FOUND
14:38:25;609;None;0,00;1;0,00;Unknown;NO_MOVE_FOUND
14:38:25;610;None;0,00;1;0,00;Unknown;NO_MOVE_FOUND
14:38:25;611;None;0,00;1;0,00;Unknown;NO_MOVE_FOUND
14:38:25;612;None;0,00;1;0,00;Unknown;NO_MOVE_FOUND
14:38:25;613;None;0,00;1;0,00;Unknown;NO_MOVE_FOUND
14:38:25;614;None;0,00;1;0,00;Unknown;NO_MOVE_FOUND
14:38:25;615;None;0,00;1;0,00;Unknown;NO_MOVE_FOUND
14:38:25;616;None;0,00;1;0,00;Unknown;NO_MOVE_FOUND
14:38:25;617;None;0,00;1;0,00;Unknown;NO_MOVE_FOUND
14:38:25;618;None;0,00;1;0,00;Unknown;NO_MOVE_FOUND
14:38:25;619;None;0,00;1;0,00;Unknown;NO_MOVE_FOUND
14:38:25;620;None;0,00;1;0,00;Unknown;NO_MOVE_FOUND
14:38:25;621;None;0,00;1;0,00;Unknown;NO_MOVE_FOUND
14:38:25;622;None;0,00;1;0,00;Unknown;NO_MOVE_FOUND
14:38:25;623;None;0,00;1;0,00;Unknown;NO_MOVE_FOUND
14:38:25;624;None;0,00;1;0,00;Unknown;NO_MOVE_FOUND
14:38:25;625;None;0,00;1;0,00;Unknown;NO_MOVE_FOUND
14:38:25;626;None;0,00;1;0,00;Unknown;NO_MOVE_FOUND
14:38:25;627;None;0,00;1;0,00;Unknown;NO_MOVE_FOUND
14:38:25;628;None;0,00;1;0,00;Unknown;NO_MOVE_FOUND
14:38:25;629;None;0,00;1;0,00;Unknown;NO_MOVE_FOUND
14:38:25;630;None;0,00;1;0,00;Unknown;NO_MOVE_FOUND
14:38:25;631;None;0,00;1;0,00;Unknown;NO_MOVE_FOUND
14:38:25;632;None;0,00;1;0,00;Unknown;NO_MOVE_FOUND
14:38:25;633;None;0,00;1;0,00;Unknown;NO_MOVE_FOUND
14:38:25;634;None;0,00;1;0,00;Unknown;NO_MOVE_FOUND
14:38:25;635;None;0,00;1;0,00;Unknown;NO_MOVE_FOUND
14:38:25;636;None;0,00;1;0,00;Unknown;NO_MOVE_FOUND
14:38:25;637;None;0,00;1;0,00;Unknown;NO_MOVE_FOUND
14:38:25;638;None;0,00;1;0,00;Unknown;NO_MOVE_FOUND
14:38:25;639;None;0,00;1;0,00;Unknown;NO_MOVE_FOUND
14:38:25;640;None;0,00;1;0,00;Unknown;NO_MOVE_FOUND
14:38:25;641;None;0,00;1;0,00;Unknown;NO_MOVE_FOUND
14:38:25;642;None;0,00;1;0,00;Unknown;NO_MOVE_FOUND
14:38:25;643;None;0,00;1;0,00;Unknown;NO_MOVE_FOUND
14:38:25;644;None;0,00;1;0,00;Unknown;NO_MOVE_FOUND
14:38:25;645;None;0,00;1;0,00;Unknown;NO_MOVE_FOUND
14:38:25;646;None;0,00;1;0,00;Unknown;NO_MOVE_FOUND
14:38:25;647;None;0,00;1;0,00;Unknown;NO_MOVE_FOUND
14:38:25;648;None;0,00;1;0,00;Unknown;NO_MOVE_FOUND
14:38:25;649;None;0,00;1;0,00;Unknown;NO_MOVE_FOUND
14:38:25;650;None;0,00;1;0,00;Unknown;NO_MOVE_FOUND
14:38:25;651;None;0,00;1;0,00;Unknown;NO_MOVE_FOUND
14:38:25;652;None;0,00;1;0,00;Unknown;NO_MOVE_FOUND
14:38:25;653;None;0,00;1;0,00;Unknown;NO_MOVE_FOUND
14:38:25;654;None;0,00;1;0,00;Unknown;NO_MOVE_FOUND
14:38:25;655;None;0,00;1;0,00;Unknown;NO_MOVE_FOUND
14:38:25;656;None;0,00;1;0,00;Unknown;NO_MOVE_FOUND
14:38:25;657;None;0,00;1;0,00;Unknown;NO_MOVE_FOUND
14:38:25;658;None;0,00;1;0,00;Unknown;NO_MOVE_FOUND
14:38:25;659;None;0,00;1;0,00;Unknown;NO_MOVE_FOUND
14:38:25;660;None;0,00;1;0,00;Unknown;NO_MOVE_FOUND
14:38:25;661;None;0,00;1;0,00;Unknown;NO_MOVE_FOUND
14:38:25;662;None;0,00;1;0,00;Unknown;NO_MOVE_FOUND
14:38:25;663;None;0,00;1;0,00;Unknown;NO_MOVE_FOUND
14:38:25;664;None;0,00;1;0,00;Unknown;NO_MOVE_FOUND
14:38:25;665;None;0,00;1;0,00;Unknown;NO_MOVE_FOUND
14:38:25;666;None;0,00;1;0,00;Unknown;NO_MOVE_FOUND
14:38:25;667;None;0,00;1;0,00;Unknown;NO_MOVE_FOUND
14:38:25;668;None;0,00;1;0,00;Unknown;NO_MOVE_FOUND
14:38:25;669;None;0,00;1;0,00;Unknown;NO_MOVE_FOUND
14:38:25;670;None;0,00;1;0,00;Unknown;NO_MOVE_FOUND
14:38:25;671;None;0,00;1;0,00;Unknown;NO_MOVE_FOUND
14:38:25;672;None;0,00;1;0,00;Unknown;NO_MOVE_FOUND
14:38:25;673;None;0,00;1;0,00;Unknown;NO_MOVE_FOUND
14:38:25;674;None;0,00;1;0,00;Unknown;NO_MOVE_FOUND
14:38:25;675;None;0,00;1;0,00;Unknown;NO_MOVE_FOUND
14:38:25;676;None;0,00;1;0,00;Unknown;NO_MOVE_FOUND
14:38:25;677;None;0,00;1;0,00;Unknown;NO_MOVE_FOUND
14:38:25;678;None;0,00;1;0,00;Unknown;NO_MOVE_FOUND
14:38:25;679;None;0,00;1;0,00;Unknown;NO_MOVE_FOUND
14:38:25;680;None;0,00;1;0,00;Unknown;NO_MOVE_FOUND
14:38:25;681;None;0,00;1;0,00;Unknown;NO_MOVE_FOUND
14:38:25;682;None;0,00;1;0,00;Unknown;NO_MOVE_FOUND
14:38:25;683;None;0,00;1;0,00;Unknown;NO_MOVE_FOUND
14:38:25;684;None;0,00;1;0,00;Unknown;NO_MOVE_FOUND
14:38:25;685;None;0,00;1;0,00;Unknown;NO_MOVE_FOUND
14:38:25;686;None;0,00;1;0,00;Unknown;NO_MOVE_FOUND
14:38:25;687;None;0,00;1;0,00;Unknown;NO_MOVE_FOUND
14:38:25;688;None;0,00;1;0,00;Unknown;NO_MOVE_FOUND
14:38:25;689;None;0,00;1;0,00;Unknown;NO_MOVE_FOUND
14:38:25;690;None;0,00;1;0,00;Unknown;NO_MOVE_FOUND
14:38:25;691;None;0,00;1;0,00;Unknown;NO_MOVE_FOUND
14:38:25;692;None;0,00;1;0,00;Unknown;NO_MOVE_FOUND
14:38:25;693;None;0,00;1;0,00;Unknown;NO_MOVE_FOUND
14:38:25;694;None;0,00;1;0,00;Unknown;NO_MOVE_FOUND
14:38:25;695;None;0,00;1;0,00;Unknown;NO_MOVE_FOUND
14:38:25;696;None;0,00;1;0,00;Unknown;NO_MOVE_FOUND
14:38:25;697;None;0,00;1;0,00;Unknown;NO_MOVE_FOUND
14:38:25;698;None;0,00;1;0,00;Unknown;NO_MOVE_FOUND
14:38:25;699;None;0,00;1;0,00;Unknown;NO_MOVE_FOUND
14:38:25;700;None;0,00;1;0,00;Unknown;NO_MOVE_FOUND
14:38:25;701;None;0,00;1;0,00;Unknown;NO_MOVE_FOUND
14:38:25;702;None;0,00;1;0,00;Unknown;NO_MOVE_FOUND
14:38:25;703;None;0,00;1;0,00;Unknown;NO_MOVE_FOUND
14:38:25;704;None;0,00;1;0,00;Unknown;NO_MOVE_FOUND
14:38:25;705;None;0,00;1;0,00;Unknown;NO_MOVE_FOUND
14:38:25;706;None;0,00;1;0,00;Unknown;NO_MOVE_FOUND
14:38:25;707;None;0,00;1;0,00;Unknown;NO_MOVE_FOUND
14:38:25;708;None;0,00;1;0,00;Unknown;NO_MOVE_FOUND
14:38:25;709;None;0,00;1;0,00;Unknown;NO_MOVE_FOUND
14:38:25;710;None;0,00;1;0,00;Unknown;NO_MOVE_FOUND
14:38:25;711;None;0,00;1;0,00;Unknown;NO_MOVE_FOUND
14:38:25;712;None;0,00;1;0,00;Unknown;NO_MOVE_FOUND
14:38:25;713;None;0,00;1;0,00;Unknown;NO_MOVE_FOUND
14:38:25;714;None;0,00;1;0,00;Unknown;NO_MOVE_FOUND
14:38:25;715;None;0,00;1;0,00;Unknown;NO_MOVE_FOUND
14:38:25;716;None;0,00;1;0,00;Unknown;NO_MOVE_FOUND
14:38:25;717;None;0,00;1;0,00;Unknown;NO_MOVE_FOUND
14:38:25;718;None;0,00;1;0,00;Unknown;NO_MOVE_FOUND
14:38:25;719;None;0,00;1;0,00;Unknown;NO_MOVE_FOUND
14:38:25;720;None;0,00;1;0,00;Unknown;NO_MOVE_FOUND
14:38:25;721;None;0,00;1;0,00;Unknown;NO_MOVE_FOUND
14:38:25;722;None;0,00;1;0,00;Unknown;NO_MOVE_FOUND
14:38:25;723;None;0,00;1;0,00;Unknown;NO_MOVE_FOUND
14:38:25;724;None;0,00;1;0,00;Unknown;NO_MOVE_FOUND
14:38:25;725;None;0,00;1;0,00;Unknown;NO_MOVE_FOUND
14:38:25;726;None;0,00;1;0,00;Unknown;NO_MOVE_FOUND
14:38:25;727;None;0,00;1;0,00;Unknown;NO_MOVE_FOUND
14:38:25;728;None;0,00;1;0,00;Unknown;NO_MOVE_FOUND
14:38:25;729;None;0,00;1;0,00;Unknown;NO_MOVE_FOUND
14:38:25;730;None;0,00;1;0,00;Unknown;NO_MOVE_FOUND
14:38:25;731;None;0,00;1;0,00;Unknown;NO_MOVE_FOUND
14:38:25;732;None;0,00;1;0,00;Unknown;NO_MOVE_FOUND
14:38:25;733;None;0,00;1;0,00;Unknown;NO_MOVE_FOUND
14:38:25;734;None;0,00;1;0,00;Unknown;NO_MOVE_FOUND
14:38:25;735;None;0,00;1;0,00;Unknown;NO_MOVE_FOUND
14:38:25;736;None;0,00;1;0,00;Unknown;NO_MOVE_FOUND
14:38:25;737;None;0,00;1;0,00;Unknown;NO_MOVE_FOUND
14:38:25;738;None;0,00;1;0,00;Unknown;NO_MOVE_FOUND
14:38:25;739;None;0,00;1;0,00;Unknown;NO_MOVE_FOUND
14:38:25;740;None;0,00;1;0,00;Unknown;NO_MOVE_FOUND
14:38:25;741;None;0,00;1;0,00;Unknown;NO_MOVE_FOUND
14:38:25;742;None;0,00;1;0,00;Unknown;NO_MOVE_FOUND
14:38:25;743;None;0,00;1;0,00;Unknown;NO_MOVE_FOUND
14:38:25;744;None;0,00;1;0,00;Unknown;NO_MOVE_FOUND
14:38:25;745;None;0,00;1;0,00;Unknown;NO_MOVE_FOUND
14:38:25;746;None;0,00;1;0,00;Unknown;NO_MOVE_FOUND
14:38:25;747;None;0,00;1;0,00;Unknown;NO_MOVE_FOUND
14:38:25;748;None;0,00;1;0,00;Unknown;NO_MOVE_FOUND
14:38:25;749;None;0,00;1;0,00;Unknown;NO_MOVE_FOUND
14:38:25;750;None;0,00;1;0,00;Unknown;NO_MOVE_FOUND
14:38:25;751;None;0,00;1;0,00;Unknown;NO_MOVE_FOUND
14:38:25;752;None;0,00;1;0,00;Unknown;NO_MOVE_FOUND
14:38:25;753;None;0,00;1;0,00;Unknown;NO_MOVE_FOUND
14:38:25;754;None;0,00;1;0,00;Unknown;NO_MOVE_FOUND
14:38:25;755;None;0,00;1;0,00;Unknown;NO_MOVE_FOUND
14:38:25;756;None;0,00;1;0,00;Unknown;NO_MOVE_FOUND
14:38:25;757;None;0,00;1;0,00;Unknown;NO_MOVE_FOUND
14:38:25;758;None;0,00;1;0,00;Unknown;NO_MOVE_FOUND
14:38:25;759;None;0,00;1;0,00;Unknown;NO_MOVE_FOUND
14:38:25;760;None;0,00;1;0,00;Unknown;NO_MOVE_FOUND
14:38:25;761;None;0,00;1;0,00;Unknown;NO_MOVE_FOUND
14:38:25;762;None;0,00;1;0,00;Unknown;NO_MOVE_FOUND
14:38:25;763;None;0,00;1;0,00;Unknown;NO_MOVE_FOUND
14:38:25;764;None;0,00;1;0,00;Unknown;NO_MOVE_FOUND
14:38:25;765;None;0,00;1;0,00;Unknown;NO_MOVE_FOUND
14:38:25;766;None;0,00;1;0,00;Unknown;NO_MOVE_FOUND
14:38:25;767;None;0,00;1;0,00;Unknown;NO_MOVE_FOUND
14:38:25;768;None;0,00;1;0,00;Unknown;NO_MOVE_FOUND
14:38:25;769;None;0,00;1;0,00;Unknown;NO_MOVE_FOUND
14:38:25;770;None;0,00;1;0,00;Unknown;NO_MOVE_FOUND
14:38:25;771;None;0,00;1;0,00;Unknown;NO_MOVE_FOUND
14:38:25;772;None;0,00;1;0,00;Unknown;NO_MOVE_FOUND
14:38:25;773;None;0,00;1;0,00;Unknown;NO_MOVE_FOUND
14:38:25;774;None;0,00;1;0,00;Unknown;NO_MOVE_FOUND
14:38:25;775;None;0,00;1;0,00;Unknown;NO_MOVE_FOUND
14:38:25;776;None;0,00;1;0,00;Unknown;NO_MOVE_FOUND
14:38:25;777;None;0,00;1;0,00;Unknown;NO_MOVE_FOUND
14:38:25;778;None;0,00;1;0,00;Unknown;NO_MOVE_FOUND
14:38:25;779;None;0,00;1;0,00;Unknown;NO_MOVE_FOUND
14:38:25;780;None;0,00;1;0,00;Unknown;NO_MOVE_FOUND
14:38:25;781;None;0,00;1;0,00;Unknown;NO_MOVE_FOUND
14:38:25;782;None;0,00;1;0,00;Unknown;NO_MOVE_FOUND
14:38:25;783;None;0,00;1;0,00;Unknown;NO_MOVE_FOUND
14:38:25;784;None;0,00;1;0,00;Unknown;NO_MOVE_FOUND
14:38:25;785;None;0,00;1;0,00;Unknown;NO_MOVE_FOUND
14:38:25;786;None;0,00;1;0,00;Unknown;NO_MOVE_FOUND
14:38:25;787;None;0,00;1;0,00;Unknown;NO_MOVE_FOUND
14:38:25;788;None;0,00;1;0,00;Unknown;NO_MOVE_FOUND
14:38:25;789;None;0,00;1;0,00;Unknown;NO_MOVE_FOUND
14:38:25;790;None;0,00;1;0,00;Unknown;NO_MOVE_FOUND
14:38:26;791;None;0,00;1;0,00;Unknown;NO_MOVE_FOUND
14:38:26;792;None;0,00;1;0,00;Unknown;NO_MOVE_FOUND
14:38:26;793;None;0,00;1;0,00;Unknown;NO_MOVE_FOUND
14:38:26;794;None;0,00;1;0,00;Unknown;NO_MOVE_FOUND
14:38:26;795;None;0,00;1;0,00;Unknown;NO_MOVE_FOUND
14:38:26;796;None;0,00;1;0,00;Unknown;NO_MOVE_FOUND
14:38:26;797;None;0,00;1;0,00;Unknown;NO_MOVE_FOUND
14:38:26;798;None;0,00;1;0,00;Unknown;NO_MOVE_FOUND
14:38:26;799;None;0,00;1;0,00;Unknown;NO_MOVE_FOUND
14:38:26;800;None;0,00;1;0,00;Unknown;NO_MOVE_FOUND
14:38:26;801;None;0,00;1;0,00;Unknown;NO_MOVE_FOUND
14:38:26;802;None;0,00;1;0,00;Unknown;NO_MOVE_FOUND
14:38:26;803;None;0,00;1;0,00;Unknown;NO_MOVE_FOUND
14:38:26;804;None;0,00;1;0,00;Unknown;NO_MOVE_FOUND
14:38:26;805;None;0,00;1;0,00;Unknown;NO_MOVE_FOUND
14:38:26;806;None;0,00;1;0,00;Unknown;NO_MOVE_FOUND
14:38:26;807;None;0,00;1;0,00;Unknown;NO_MOVE_FOUND
14:38:26;808;None;0,00;1;0,00;Unknown;NO_MOVE_FOUND
14:38:26;809;None;0,00;1;0,00;Unknown;NO_MOVE_FOUND
14:38:26;810;None;0,00;1;0,00;Unknown;NO_MOVE_FOUND
14:38:26;811;None;0,00;1;0,00;Unknown;NO_MOVE_FOUND
14:38:26;812;None;0,00;1;0,00;Unknown;NO_MOVE_FOUND
14:38:26;813;None;0,00;1;0,00;Unknown;NO_MOVE_FOUND
14:38:26;814;None;0,00;1;0,00;Unknown;NO_MOVE_FOUND
14:38:26;815;None;0,00;1;0,00;Unknown;NO_MOVE_FOUND
14:38:26;816;None;0,00;1;0,00;Unknown;NO_MOVE_FOUND
14:38:26;817;None;0,00;1;0,00;Unknown;NO_MOVE_FOUND
14:38:26;818;None;0,00;1;0,00;Unknown;NO_MOVE_FOUND
14:38:26;819;None;0,00;1;0,00;Unknown;NO_MOVE_FOUND
14:38:26;820;None;0,00;1;0,00;Unknown;NO_MOVE_FOUND
14:38:26;821;None;0,00;1;0,00;Unknown;NO_MOVE_FOUND
14:38:26;822;None;0,00;1;0,00;Unknown;NO_MOVE_FOUND
14:38:26;823;None;0,00;1;0,00;Unknown;NO_MOVE_FOUND
14:38:26;824;None;0,00;1;0,00;Unknown;NO_MOVE_FOUND
14:38:26;825;None;0,00;1;0,00;Unknown;NO_MOVE_FOUND
14:38:26;826;None;0,00;1;0,00;Unknown;NO_MOVE_FOUND
14:38:26;827;None;0,00;1;0,00;Unknown;NO_MOVE_FOUND
14:38:26;828;None;0,00;1;0,00;Unknown;NO_MOVE_FOUND
14:38:26;829;None;0,00;1;0,00;Unknown;NO_MOVE_FOUND
14:38:26;830;None;0,00;1;0,00;Unknown;NO_MOVE_FOUND
14:38:26;831;None;0,00;1;0,00;Unknown;NO_MOVE_FOUND
14:38:26;832;None;0,00;1;0,00;Unknown;NO_MOVE_FOUND
14:38:26;833;None;0,00;1;0,00;Unknown;NO_MOVE_FOUND
14:38:26;834;None;0,00;1;0,00;Unknown;NO_MOVE_FOUND
14:38:26;835;None;0,00;1;0,00;Unknown;NO_MOVE_FOUND
14:38:26;836;None;0,00;1;0,00;Unknown;NO_MOVE_FOUND
14:38:26;837;None;0,00;1;0,00;Unknown;NO_MOVE_FOUND
14:38:26;838;None;0,00;1;0,00;Unknown;NO_MOVE_FOUND
14:38:26;839;None;0,00;1;0,00;Unknown;NO_MOVE_FOUND
14:38:26;840;None;0,00;1;0,00;Unknown;NO_MOVE_FOUND
14:38:26;841;None;0,00;1;0,00;Unknown;NO_MOVE_FOUND
14:38:26;842;None;0,00;1;0,00;Unknown;NO_MOVE_FOUND
14:38:26;843;None;0,00;1;0,00;Unknown;NO_MOVE_FOUND
14:38:26;844;None;0,00;1;0,00;Unknown;NO_MOVE_FOUND
14:38:26;845;None;0,00;1;0,00;Unknown;NO_MOVE_FOUND
14:38:26;846;None;0,00;1;0,00;Unknown;NO_MOVE_FOUND
14:38:26;847;None;0,00;1;0,00;Unknown;NO_MOVE_FOUND
14:38:26;848;None;0,00;1;0,00;Unknown;NO_MOVE_FOUND
14:38:26;849;None;0,00;1;0,00;Unknown;NO_MOVE_FOUND
14:38:26;850;None;0,00;1;0,00;Unknown;NO_MOVE_FOUND
14:38:26;851;None;0,00;1;0,00;Unknown;NO_MOVE_FOUND
14:38:26;852;None;0,00;1;0,00;Unknown;NO_MOVE_FOUND
14:38:26;853;None;0,00;1;0,00;Unknown;NO_MOVE_FOUND
14:38:26;854;None;0,00;1;0,00;Unknown;NO_MOVE_FOUND
14:38:26;855;None;0,00;1;0,00;Unknown;NO_MOVE_FOUND
14:38:26;856;None;0,00;1;0,00;Unknown;NO_MOVE_FOUND
14:38:26;857;None;0,00;1;0,00;Unknown;NO_MOVE_FOUND
14:38:26;858;None;0,00;1;0,00;Unknown;NO_MOVE_FOUND
14:38:26;859;None;0,00;1;0,00;Unknown;NO_MOVE_FOUND
14:38:26;860;None;0,00;1;0,00;Unknown;NO_MOVE_FOUND
14:38:26;861;None;0,00;1;0,00;Unknown;NO_MOVE_FOUND
14:38:26;862;None;0,00;1;0,00;Unknown;NO_MOVE_FOUND
14:38:26;863;None;0,00;1;0,00;Unknown;NO_MOVE_FOUND
14:38:26;864;None;0,00;1;0,00;Unknown;NO_MOVE_FOUND
14:38:26;865;None;0,00;1;0,00;Unknown;NO_MOVE_FOUND
14:38:26;866;None;0,00;1;0,00;Unknown;NO_MOVE_FOUND
14:38:26;867;None;0,00;1;0,00;Unknown;NO_MOVE_FOUND
14:38:26;868;None;0,00;1;0,00;Unknown;NO_MOVE_FOUND
14:38:26;869;None;0,00;1;0,00;Unknown;NO_MOVE_FOUND
14:38:26;870;None;0,00;1;0,00;Unknown;NO_MOVE_FOUND
14:38:26;871;None;0,00;1;0,00;Unknown;NO_MOVE_FOUND
14:38:26;872;None;0,00;1;0,00;Unknown;NO_MOVE_FOUND
14:38:26;873;None;0,00;1;0,00;Unknown;NO_MOVE_FOUND
14:38:26;874;None;0,00;1;0,00;Unknown;NO_MOVE_FOUND
14:38:26;875;None;0,00;1;0,00;Unknown;NO_MOVE_FOUND
14:38:26;876;None;0,00;1;0,00;Unknown;NO_MOVE_FOUND
14:38:26;877;None;0,00;1;0,00;Unknown;NO_MOVE_FOUND
14:38:26;878;None;0,00;1;0,00;Unknown;NO_MOVE_FOUND
14:38:26;879;None;0,00;1;0,00;Unknown;NO_MOVE_FOUND
14:38:26;880;None;0,00;1;0,00;Unknown;NO_MOVE_FOUND
14:38:26;881;None;0,00;1;0,00;Unknown;NO_MOVE_FOUND
14:38:26;882;None;0,00;1;0,00;Unknown;NO_MOVE_FOUND
14:38:26;883;None;0,00;1;0,00;Unknown;NO_MOVE_FOUND
14:38:26;884;None;0,00;1;0,00;Unknown;NO_MOVE_FOUND
14:38:26;885;None;0,00;1;0,00;Unknown;NO_MOVE_FOUND
14:38:26;886;None;0,00;1;0,00;Unknown;NO_MOVE_FOUND
14:38:26;887;None;0,00;1;0,00;Unknown;NO_MOVE_FOUND
14:38:26;888;None;0,00;1;0,00;Unknown;NO_MOVE_FOUND
14:38:26;889;None;0,00;1;0,00;Unknown;NO_MOVE_FOUND
14:38:26;890;None;0,00;1;0,00;Unknown;NO_MOVE_FOUND
14:38:26;891;None;0,00;1;0,00;Unknown;NO_MOVE_FOUND
14:38:26;892;None;0,00;1;0,00;Unknown;NO_MOVE_FOUND
14:38:26;893;None;0,00;1;0,00;Unknown;NO_MOVE_FOUND
14:38:26;894;None;0,00;1;0,00;Unknown;NO_MOVE_FOUND
14:38:26;895;None;0,00;1;0,00;Unknown;NO_MOVE_FOUND
14:38:26;896;None;0,00;1;0,00;Unknown;NO_MOVE_FOUND
14:38:26;897;None;0,00;1;0,00;Unknown;NO_MOVE_FOUND
14:38:26;898;None;0,00;1;0,00;Unknown;NO_MOVE_FOUND
14:38:26;899;None;0,00;1;0,00;Unknown;NO_MOVE_FOUND
14:38:26;900;None;0,00;1;0,00;Unknown;NO_MOVE_FOUND
14:38:26;901;None;0,00;1;0,00;Unknown;NO_MOVE_FOUND
14:38:26;902;None;0,00;1;0,00;Unknown;NO_MOVE_FOUND
14:38:26;903;None;0,00;1;0,00;Unknown;NO_MOVE_FOUND
14:38:26;904;None;0,00;1;0,00;Unknown;NO_MOVE_FOUND
14:38:26;905;None;0,00;1;0,00;Unknown;NO_MOVE_FOUND
14:38:26;906;None;0,00;1;0,00;Unknown;NO_MOVE_FOUND
14:38:26;907;None;0,00;1;0,00;Unknown;NO_MOVE_FOUND
14:38:26;908;None;0,00;1;0,00;Unknown;NO_MOVE_FOUND
14:38:26;909;None;0,00;1;0,00;Unknown;NO_MOVE_FOUND
14:38:26;910;None;0,00;1;0,00;Unknown;NO_MOVE_FOUND
14:38:26;911;None;0,00;1;0,00;Unknown;NO_MOVE_FOUND
14:38:26;912;None;0,00;1;0,00;Unknown;NO_MOVE_FOUND
14:38:26;913;None;0,00;1;0,00;Unknown;NO_MOVE_FOUND
14:38:26;914;None;0,00;1;0,00;Unknown;NO_MOVE_FOUND
14:38:26;915;None;0,00;1;0,00;Unknown;NO_MOVE_FOUND
14:38:26;916;None;0,00;1;0,00;Unknown;NO_MOVE_FOUND
14:38:26;917;None;0,00;1;0,00;Unknown;NO_MOVE_FOUND
14:38:26;918;None;0,00;1;0,00;Unknown;NO_MOVE_FOUND
14:38:26;919;None;0,00;1;0,00;Unknown;NO_MOVE_FOUND
14:38:26;920;None;0,00;1;0,00;Unknown;NO_MOVE_FOUND
14:38:26;921;None;0,00;1;0,00;Unknown;NO_MOVE_FOUND
14:38:26;922;None;0,00;1;0,00;Unknown;NO_MOVE_FOUND
14:38:26;923;None;0,00;1;0,00;Unknown;NO_MOVE_FOUND
14:38:26;924;None;0,00;1;0,00;Unknown;NO_MOVE_FOUND
14:38:26;925;None;0,00;1;0,00;Unknown;NO_MOVE_FOUND
14:38:26;926;None;0,00;1;0,00;Unknown;NO_MOVE_FOUND
14:38:26;927;None;0,00;1;0,00;Unknown;NO_MOVE_FOUND
14:38:26;928;None;0,00;1;0,00;Unknown;NO_MOVE_FOUND
14:38:26;929;None;0,00;1;0,00;Unknown;NO_MOVE_FOUND
14:38:26;930;None;0,00;1;0,00;Unknown;NO_MOVE_FOUND
14:38:26;931;None;0,00;1;0,00;Unknown;NO_MOVE_FOUND
14:38:26;932;None;0,00;1;0,00;Unknown;NO_MOVE_FOUND
14:38:26;933;None;0,00;1;0,00;Unknown;NO_MOVE_FOUND
14:38:26;934;None;0,00;1;0,00;Unknown;NO_MOVE_FOUND
14:38:26;935;None;0,00;1;0,00;Unknown;NO_MOVE_FOUND
14:38:26;936;None;0,00;1;0,00;Unknown;NO_MOVE_FOUND
14:38:26;937;None;0,00;1;0,00;Unknown;NO_MOVE_FOUND
14:38:26;938;None;0,00;1;0,00;Unknown;NO_MOVE_FOUND
14:38:26;939;None;0,00;1;0,00;Unknown;NO_MOVE_FOUND
14:38:26;940;None;0,00;1;0,00;Unknown;NO_MOVE_FOUND
14:38:26;941;None;0,00;1;0,00;Unknown;NO_MOVE_FOUND
14:38:26;942;None;0,00;1;0,00;Unknown;NO_MOVE_FOUND
14:38:26;943;None;0,00;1;0,00;Unknown;NO_MOVE_FOUND
14:38:26;944;None;0,00;1;0,00;Unknown;NO_MOVE_FOUND
14:38:26;945;None;0,00;1;0,00;Unknown;NO_MOVE_FOUND
14:38:26;946;None;0,00;1;0,00;Unknown;NO_MOVE_FOUND
14:38:26;947;None;0,00;1;0,00;Unknown;NO_MOVE_FOUND
14:38:26;948;None;0,00;1;0,00;Unknown;NO_MOVE_FOUND
14:38:26;949;None;0,00;1;0,00;Unknown;NO_MOVE_FOUND
14:38:26;950;None;0,00;1;0,00;Unknown;NO_MOVE_FOUND
14:38:26;951;None;0,00;1;0,00;Unknown;NO_MOVE_FOUND
14:38:26;952;None;0,00;1;0,00;Unknown;NO_MOVE_FOUND
14:38:26;953;None;0,00;1;0,00;Unknown;NO_MOVE_FOUND
14:38:26;954;None;0,00;1;0,00;Unknown;NO_MOVE_FOUND
14:38:26;955;None;0,00;1;0,00;Unknown;NO_MOVE_FOUND
14:38:26;956;None;0,00;1;0,00;Unknown;NO_MOVE_FOUND
14:38:26;957;None;0,00;1;0,00;Unknown;NO_MOVE_FOUND
14:38:26;958;None;0,00;1;0,00;Unknown;NO_MOVE_FOUND
14:38:26;959;None;0,00;1;0,00;Unknown;NO_MOVE_FOUND
14:38:26;960;None;0,00;1;0,00;Unknown;NO_MOVE_FOUND
14:38:26;961;None;0,00;1;0,00;Unknown;NO_MOVE_FOUND
14:38:26;962;None;0,00;1;0,00;Unknown;NO_MOVE_FOUND
14:38:26;963;None;0,00;1;0,00;Unknown;NO_MOVE_FOUND
14:38:26;964;None;0,00;1;0,00;Unknown;NO_MOVE_FOUND
14:38:26;965;None;0,00;1;0,00;Unknown;NO_MOVE_FOUND
14:38:26;966;None;0,00;1;0,00;Unknown;NO_MOVE_FOUND
14:38:26;967;None;0,00;1;0,00;Unknown;NO_MOVE_FOUND
14:38:26;968;None;0,00;1;0,00;Unknown;NO_MOVE_FOUND
14:38:26;969;None;0,00;1;0,00;Unknown;NO_MOVE_FOUND
14:38:26;970;None;0,00;1;0,00;Unknown;NO_MOVE_FOUND
14:38:26;971;None;0,00;1;0,00;Unknown;NO_MOVE_FOUND
14:38:26;972;None;0,00;1;0,00;Unknown;NO_MOVE_FOUND
14:38:26;973;None;0,00;1;0,00;Unknown;NO_MOVE_FOUND
14:38:26;974;None;0,00;1;0,00;Unknown;NO_MOVE_FOUND
14:38:26;975;None;0,00;1;0,00;Unknown;NO_MOVE_FOUND
14:38:26;976;None;0,00;1;0,00;Unknown;NO_MOVE_FOUND
14:38:26;977;None;0,00;1;0,00;Unknown;NO_MOVE_FOUND
14:38:26;978;None;0,00;1;0,00;Unknown;NO_MOVE_FOUND
14:38:26;979;None;0,00;1;0,00;Unknown;NO_MOVE_FOUND
14:38:26;980;None;0,00;1;0,00;Unknown;NO_MOVE_FOUND
14:38:26;981;None;0,00;1;0,00;Unknown;NO_MOVE_FOUND
14:38:26;982;None;0,00;1;0,00;Unknown;NO_MOVE_FOUND
14:38:26;983;None;0,00;1;0,00;Unknown;NO_MOVE_FOUND
14:38:26;984;None;0,00;1;0,00;Unknown;NO_MOVE_FOUND
14:38:26;985;None;0,00;1;0,00;Unknown;NO_MOVE_FOUND
14:38:26;986;None;0,00;1;0,00;Unknown;NO_MOVE_FOUND
14:38:26;987;None;0,00;1;0,00;Unknown;NO_MOVE_FOUND
14:38:26;988;None;0,00;1;0,00;Unknown;NO_MOVE_FOUND
14:38:26;989;None;0,00;1;0,00;Unknown;NO_MOVE_FOUND
14:38:26;990;None;0,00;1;0,00;Unknown;NO_MOVE_FOUND
14:38:26;991;None;0,00;1;0,00;Unknown;NO_MOVE_FOUND
14:38:26;992;None;0,00;1;0,00;Unknown;NO_MOVE_FOUND
14:38:26;993;None;0,00;1;0,00;Unknown;NO_MOVE_FOUND
14:38:26;994;None;0,00;1;0,00;Unknown;NO_MOVE_FOUND
14:38:26;995;None;0,00;1;0,00;Unknown;NO_MOVE_FOUND
14:38:26;996;None;0,00;1;0,00;Unknown;NO_MOVE_FOUND
14:38:26;997;None;0,00;1;0,00;Unknown;NO_MOVE_FOUND
14:38:26;998;None;0,00;1;0,00;Unknown;NO_MOVE_FOUND
14:38:26;999;None;0,00;1;0,00;Unknown;NO_MOVE_FOUND
14:38:26;1000;None;0,00;1;0,00;Unknown;NO_MOVE_FOUND
14:38:26;1001;None;0,00;1;0,00;Unknown;NO_MOVE_FOUND
14:38:26;1002;None;0,00;1;0,00;Unknown;NO_MOVE_FOUND
14:38:26;1003;None;0,00;1;0,00;Unknown;NO_MOVE_FOUND
14:38:26;1004;None;0,00;1;0,00;Unknown;NO_MOVE_FOUND
14:38:26;1005;None;0,00;1;0,00;Unknown;NO_MOVE_FOUND
14:38:26;1006;None;0,00;1;0,00;Unknown;NO_MOVE_FOUND
14:38:26;1007;None;0,00;1;0,00;Unknown;NO_MOVE_FOUND
14:38:26;1008;None;0,00;1;0,00;Unknown;NO_MOVE_FOUND
14:38:26;1009;None;0,00;1;0,00;Unknown;NO_MOVE_FOUND
14:38:26;1010;None;0,00;1;0,00;Unknown;NO_MOVE_FOUND
14:38:26;1011;None;0,00;1;0,00;Unknown;NO_MOVE_FOUND
14:38:26;1012;None;0,00;1;0,00;Unknown;NO_MOVE_FOUND
14:38:26;1013;None;0,00;1;0,00;Unknown;NO_MOVE_FOUND
14:38:26;1014;None;0,00;1;0,00;Unknown;NO_MOVE_FOUND
14:38:26;1015;None;0,00;1;0,00;Unknown;NO_MOVE_FOUND
14:38:26;1016;None;0,00;1;0,00;Unknown;NO_MOVE_FOUND
14:38:26;1017;None;0,00;1;0,00;Unknown;NO_MOVE_FOUND
14:38:26;1018;None;0,00;1;0,00;Unknown;NO_MOVE_FOUND
14:38:26;1019;None;0,00;1;0,00;Unknown;NO_MOVE_FOUND
14:38:26;1020;None;0,00;1;0,00;Unknown;NO_MOVE_FOUND
14:38:26;1021;None;0,00;1;0,00;Unknown;NO_MOVE_FOUND
14:38:26;1022;None;0,00;1;0,00;Unknown;NO_MOVE_FOUND
14:38:26;1023;None;0,00;1;0,00;Unknown;NO_MOVE_FOUND
14:38:26;1024;None;0,00;1;0,00;Unknown;NO_MOVE_FOUND
14:38:26;1025;None;0,00;1;0,00;Unknown;NO_MOVE_FOUND
14:38:26;1026;None;0,00;1;0,00;Unknown;NO_MOVE_FOUND
14:38:26;1027;None;0,00;1;0,00;Unknown;NO_MOVE_FOUND
14:38:26;1028;None;0,00;1;0,00;Unknown;NO_MOVE_FOUND
14:38:26;1029;None;0,00;1;0,00;Unknown;NO_MOVE_FOUND
14:38:26;1030;None;0,00;1;0,00;Unknown;NO_MOVE_FOUND
14:38:26;1031;None;0,00;1;0,00;Unknown;NO_MOVE_FOUND
14:38:26;1032;None;0,00;1;0,00;Unknown;NO_MOVE_FOUND
14:38:26;1033;None;0,00;1;0,00;Unknown;NO_MOVE_FOUND
14:38:26;1034;None;0,00;1;0,00;Unknown;NO_MOVE_FOUND
14:38:26;1035;None;0,00;1;0,00;Unknown;NO_MOVE_FOUND
14:38:26;1036;None;0,00;1;0,00;Unknown;NO_MOVE_FOUND
14:38:26;1037;None;0,00;1;0,00;Unknown;NO_MOVE_FOUND
14:38:26;1038;None;0,00;1;0,00;Unknown;NO_MOVE_FOUND
14:38:26;1039;None;0,00;1;0,00;Unknown;NO_MOVE_FOUND
14:38:26;1040;None;0,00;1;0,00;Unknown;NO_MOVE_FOUND
14:38:26;1041;None;0,00;1;0,00;Unknown;NO_MOVE_FOUND
14:38:26;1042;None;0,00;1;0,00;Unknown;NO_MOVE_FOUND
14:38:26;1043;None;0,00;1;0,00;Unknown;NO_MOVE_FOUND
14:38:26;1044;None;0,00;1;0,00;Unknown;NO_MOVE_FOUND
14:38:26;1045;None;0,00;1;0,00;Unknown;NO_MOVE_FOUND
14:38:26;1046;None;0,00;1;0,00;Unknown;NO_MOVE_FOUND
14:38:26;1047;None;0,00;1;0,00;Unknown;NO_MOVE_FOUND
14:38:26;1048;None;0,00;1;0,00;Unknown;NO_MOVE_FOUND
14:38:26;1049;None;0,00;1;0,00;Unknown;NO_MOVE_FOUND
14:38:26;1050;None;0,00;1;0,00;Unknown;NO_MOVE_FOUND
14:38:26;1051;None;0,00;1;0,00;Unknown;NO_MOVE_FOUND
14:38:26;1052;None;0,00;1;0,00;Unknown;NO_MOVE_FOUND
14:38:26;1053;None;0,00;1;0,00;Unknown;NO_MOVE_FOUND
14:38:26;1054;None;0,00;1;0,00;Unknown;NO_MOVE_FOUND
14:38:26;1055;None;0,00;1;0,00;Unknown;NO_MOVE_FOUND
14:38:26;1056;None;0,00;1;0,00;Unknown;NO_MOVE_FOUND
14:38:26;1057;None;0,00;1;0,00;Unknown;NO_MOVE_FOUND
14:38:26;1058;None;0,00;1;0,00;Unknown;NO_MOVE_FOUND
14:38:26;1059;None;0,00;1;0,00;Unknown;NO_MOVE_FOUND
14:38:26;1060;None;0,00;1;0,00;Unknown;NO_MOVE_FOUND
14:38:26;1061;None;0,00;1;0,00;Unknown;NO_MOVE_FOUND
14:38:26;1062;None;0,00;1;0,00;Unknown;NO_MOVE_FOUND
14:38:26;1063;None;0,00;1;0,00;Unknown;NO_MOVE_FOUND
14:38:26;1064;None;0,00;1;0,00;Unknown;NO_MOVE_FOUND
14:38:26;1065;None;0,00;1;0,00;Unknown;NO_MOVE_FOUND
14:38:26;1066;None;0,00;1;0,00;Unknown;NO_MOVE_FOUND
14:38:26;1067;None;0,00;1;0,00;Unknown;NO_MOVE_FOUND
14:38:26;1068;None;0,00;1;0,00;Unknown;NO_MOVE_FOUND
14:38:26;1069;None;0,00;1;0,00;Unknown;NO_MOVE_FOUND
14:38:26;1070;None;0,00;1;0,00;Unknown;NO_MOVE_FOUND
14:38:26;1071;None;0,00;1;0,00;Unknown;NO_MOVE_FOUND
14:38:26;1072;None;0,00;1;0,00;Unknown;NO_MOVE_FOUND
14:38:26;1073;None;0,00;1;0,00;Unknown;NO_MOVE_FOUND
14:38:26;1074;None;0,00;1;0,00;Unknown;NO_MOVE_FOUND
14:38:26;1075;None;0,00;1;0,00;Unknown;NO_MOVE_FOUND
14:38:26;1076;None;0,00;1;0,00;Unknown;NO_MOVE_FOUND
14:38:26;1077;None;0,00;1;0,00;Unknown;NO_MOVE_FOUND
14:38:26;1078;None;0,00;1;0,00;Unknown;NO_MOVE_FOUND
14:38:26;1079;None;0,00;1;0,00;Unknown;NO_MOVE_FOUND
14:38:26;1080;None;0,00;1;0,00;Unknown;NO_MOVE_FOUND
14:38:26;1081;None;0,00;1;0,00;Unknown;NO_MOVE_FOUND
14:38:26;1082;None;0,00;1;0,00;Unknown;NO_MOVE_FOUND
14:38:26;1083;None;0,00;1;0,00;Unknown;NO_MOVE_FOUND
14:38:26;1084;None;0,00;1;0,00;Unknown;NO_MOVE_FOUND
14:38:26;1085;None;0,00;1;0,00;Unknown;NO_MOVE_FOUND
14:38:26;1086;None;0,00;1;0,00;Unknown;NO_MOVE_FOUND
14:38:26;1087;None;0,00;1;0,00;Unknown;NO_MOVE_FOUND
14:38:26;1088;None;0,00;1;0,00;Unknown;NO_MOVE_FOUND
14:38:26;1089;None;0,00;1;0,00;Unknown;NO_MOVE_FOUND
14:38:26;1090;None;0,00;1;0,00;Unknown;NO_MOVE_FOUND
14:38:26;1091;None;0,00;1;0,00;Unknown;NO_MOVE_FOUND
14:38:26;1092;None;0,00;1;0,00;Unknown;NO_MOVE_FOUND
14:38:26;1093;None;0,00;1;0,00;Unknown;NO_MOVE_FOUND
14:38:26;1094;None;0,00;1;0,00;Unknown;NO_MOVE_FOUND
14:38:26;1095;None;0,00;1;0,00;Unknown;NO_MOVE_FOUND
14:38:26;1096;None;0,00;1;0,00;Unknown;NO_MOVE_FOUND
14:38:26;1097;None;0,00;1;0,00;Unknown;NO_MOVE_FOUND
14:38:26;1098;None;0,00;1;0,00;Unknown;NO_MOVE_FOUND
14:38:26;1099;None;0,00;1;0,00;Unknown;NO_MOVE_FOUND
14:38:26;1100;None;0,00;1;0,00;Unknown;NO_MOVE_FOUND
14:38:26;1101;None;0,00;1;0,00;Unknown;NO_MOVE_FOUND
14:38:26;1102;None;0,00;1;0,00;Unknown;NO_MOVE_FOUND
14:38:26;1103;None;0,00;1;0,00;Unknown;NO_MOVE_FOUND
14:38:26;1104;None;0,00;1;0,00;Unknown;NO_MOVE_FOUND
14:38:26;1105;None;0,00;1;0,00;Unknown;NO_MOVE_FOUND
14:38:26;1106;None;0,00;1;0,00;Unknown;NO_MOVE_FOUND
14:38:26;1107;None;0,00;1;0,00;Unknown;NO_MOVE_FOUND
14:38:26;1108;None;0,00;1;0,00;Unknown;NO_MOVE_FOUND
14:38:26;1109;None;0,00;1;0,00;Unknown;NO_MOVE_FOUND
14:38:26;1110;None;0,00;1;0,00;Unknown;NO_MOVE_FOUND
14:38:26;1111;None;0,00;1;0,00;Unknown;NO_MOVE_FOUND
14:38:26;1112;None;0,00;1;0,00;Unknown;NO_MOVE_FOUND
14:38:26;1113;None;0,00;1;0,00;Unknown;NO_MOVE_FOUND
14:38:26;1114;None;0,00;1;0,00;Unknown;NO_MOVE_FOUND
14:38:26;1115;None;0,00;1;0,00;Unknown;NO_MOVE_FOUND
14:38:26;1116;None;0,00;1;0,00;Unknown;NO_MOVE_FOUND
14:38:26;1117;None;0,00;1;0,00;Unknown;NO_MOVE_FOUND
14:38:26;1118;None;0,00;1;0,00;Unknown;NO_MOVE_FOUND
14:38:26;1119;None;0,00;1;0,00;Unknown;NO_MOVE_FOUND
14:38:26;1120;None;0,00;1;0,00;Unknown;NO_MOVE_FOUND
14:38:26;1121;None;0,00;1;0,00;Unknown;NO_MOVE_FOUND
14:38:26;1122;None;0,00;1;0,00;Unknown;NO_MOVE_FOUND
14:38:26;1123;None;0,00;1;0,00;Unknown;NO_MOVE_FOUND
14:38:26;1124;None;0,00;1;0,00;Unknown;NO_MOVE_FOUND
14:38:26;1125;None;0,00;1;0,00;Unknown;NO_MOVE_FOUND
14:38:26;1126;None;0,00;1;0,00;Unknown;NO_MOVE_FOUND
14:38:26;1127;None;0,00;1;0,00;Unknown;NO_MOVE_FOUND
14:38:26;1128;None;0,00;1;0,00;Unknown;NO_MOVE_FOUND
14:38:26;1129;None;0,00;1;0,00;Unknown;NO_MOVE_FOUND
14:38:26;1130;None;0,00;1;0,00;Unknown;NO_MOVE_FOUND
14:38:26;1131;None;0,00;1;0,00;Unknown;NO_MOVE_FOUND
14:38:26;1132;None;0,00;1;0,00;Unknown;NO_MOVE_FOUND
14:38:26;1133;None;0,00;1;0,00;Unknown;NO_MOVE_FOUND
14:38:26;1134;None;0,00;1;0,00;Unknown;NO_MOVE_FOUND
14:38:26;1135;None;0,00;1;0,00;Unknown;NO_MOVE_FOUND
14:38:26;1136;None;0,00;1;0,00;Unknown;NO_MOVE_FOUND
14:38:26;1137;None;0,00;1;0,00;Unknown;NO_MOVE_FOUND
14:38:26;1138;None;0,00;1;0,00;Unknown;NO_MOVE_FOUND
14:38:26;1139;None;0,00;1;0,00;Unknown;NO_MOVE_FOUND
14:38:26;1140;None;0,00;1;0,00;Unknown;NO_MOVE_FOUND
14:38:26;1141;None;0,00;1;0,00;Unknown;NO_MOVE_FOUND
14:38:26;1142;None;0,00;1;0,00;Unknown;NO_MOVE_FOUND
14:38:26;1143;None;0,00;1;0,00;Unknown;NO_MOVE_FOUND
14:38:26;1144;None;0,00;1;0,00;Unknown;NO_MOVE_FOUND
14:38:26;1145;None;0,00;1;0,00;Unknown;NO_MOVE_FOUND
14:38:26;1146;None;0,00;1;0,00;Unknown;NO_MOVE_FOUND
14:38:26;1147;None;0,00;1;0,00;Unknown;NO_MOVE_FOUND
14:38:26;1148;None;0,00;1;0,00;Unknown;NO_MOVE_FOUND
14:38:26;1149;None;0,00;1;0,00;Unknown;NO_MOVE_FOUND
14:38:26;1150;None;0,00;1;0,00;Unknown;NO_MOVE_FOUND
14:38:26;1151;None;0,00;1;0,00;Unknown;NO_MOVE_FOUND
14:38:26;1152;None;0,00;1;0,00;Unknown;NO_MOVE_FOUND
14:38:27;1153;None;0,00;1;0,00;Unknown;NO_MOVE_FOUND
14:38:27;1154;None;0,00;1;0,00;Unknown;NO_MOVE_FOUND
14:38:27;1155;None;0,00;1;0,00;Unknown;NO_MOVE_FOUND
14:38:27;1156;None;0,00;1;0,00;Unknown;NO_MOVE_FOUND
14:38:27;1157;None;0,00;1;0,00;Unknown;NO_MOVE_FOUND
14:38:27;1158;None;0,00;1;0,00;Unknown;NO_MOVE_FOUND
14:38:27;1159;None;0,00;1;0,00;Unknown;NO_MOVE_FOUND
14:38:27;1160;None;0,00;1;0,00;Unknown;NO_MOVE_FOUND
14:38:27;1161;None;0,00;1;0,00;Unknown;NO_MOVE_FOUND
14:38:27;1162;None;0,00;1;0,00;Unknown;NO_MOVE_FOUND
14:38:27;1163;None;0,00;1;0,00;Unknown;NO_MOVE_FOUND
14:38:27;1164;None;0,00;1;0,00;Unknown;NO_MOVE_FOUND
14:38:27;1165;None;0,00;1;0,00;Unknown;NO_MOVE_FOUND
14:38:27;1166;None;0,00;1;0,00;Unknown;NO_MOVE_FOUND
14:38:27;1167;None;0,00;1;0,00;Unknown;NO_MOVE_FOUND
14:38:27;1168;None;0,00;1;0,00;Unknown;NO_MOVE_FOUND
14:38:27;1169;None;0,00;1;0,00;Unknown;NO_MOVE_FOUND
14:38:27;1170;None;0,00;1;0,00;Unknown;NO_MOVE_FOUND
14:38:27;1171;None;0,00;1;0,00;Unknown;NO_MOVE_FOUND
14:38:27;1172;None;0,00;1;0,00;Unknown;NO_MOVE_FOUND
14:38:27;1173;None;0,00;1;0,00;Unknown;NO_MOVE_FOUND
14:38:27;1174;None;0,00;1;0,00;Unknown;NO_MOVE_FOUND
14:38:27;1175;None;0,00;1;0,00;Unknown;NO_MOVE_FOUND
14:38:27;1176;None;0,00;1;0,00;Unknown;NO_MOVE_FOUND
14:38:27;1177;None;0,00;1;0,00;Unknown;NO_MOVE_FOUND
14:38:27;1178;None;0,00;1;0,00;Unknown;NO_MOVE_FOUND
14:38:27;1179;None;0,00;1;0,00;Unknown;NO_MOVE_FOUND
14:38:27;1180;None;0,00;1;0,00;Unknown;NO_MOVE_FOUND
14:38:27;1181;None;0,00;1;0,00;Unknown;NO_MOVE_FOUND
14:38:27;1182;None;0,00;1;0,00;Unknown;NO_MOVE_FOUND
14:38:27;1183;None;0,00;1;0,00;Unknown;NO_MOVE_FOUND
14:38:27;1184;None;0,00;1;0,00;Unknown;NO_MOVE_FOUND
14:38:27;1185;None;0,00;1;0,00;Unknown;NO_MOVE_FOUND
14:38:27;1186;None;0,00;1;0,00;Unknown;NO_MOVE_FOUND
14:38:27;1187;None;0,00;1;0,00;Unknown;NO_MOVE_FOUND
14:38:27;1188;None;0,00;1;0,00;Unknown;NO_MOVE_FOUND
14:38:27;1189;None;0,00;1;0,00;Unknown;NO_MOVE_FOUND
14:38:27;1190;None;0,00;1;0,00;Unknown;NO_MOVE_FOUND
14:38:27;1191;None;0,00;1;0,00;Unknown;NO_MOVE_FOUND
14:38:27;1192;None;0,00;1;0,00;Unknown;NO_MOVE_FOUND
14:38:27;1193;None;0,00;1;0,00;Unknown;NO_MOVE_FOUND
14:38:27;1194;None;0,00;1;0,00;Unknown;NO_MOVE_FOUND
14:38:27;1195;None;0,00;1;0,00;Unknown;NO_MOVE_FOUND
14:38:27;1196;None;0,00;1;0,00;Unknown;NO_MOVE_FOUND
14:38:27;1197;None;0,00;1;0,00;Unknown;NO_MOVE_FOUND
14:38:27;1198;None;0,00;1;0,00;Unknown;NO_MOVE_FOUND
14:38:27;1199;None;0,00;1;0,00;Unknown;NO_MOVE_FOUND
14:38:27;1200;None;0,00;1;0,00;Unknown;NO_MOVE_FOUND
14:38:27;1201;None;0,00;1;0,00;Unknown;NO_MOVE_FOUND
14:38:27;1202;None;0,00;1;0,00;Unknown;NO_MOVE_FOUND
14:38:27;1203;None;0,00;1;0,00;Unknown;NO_MOVE_FOUND
14:38:27;1204;None;0,00;1;0,00;Unknown;NO_MOVE_FOUND
14:38:27;1205;None;0,00;1;0,00;Unknown;NO_MOVE_FOUND
14:38:27;1206;None;0,00;1;0,00;Unknown;NO_MOVE_FOUND
14:38:27;1207;None;0,00;1;0,00;Unknown;NO_MOVE_FOUND
14:38:27;1208;None;0,00;1;0,00;Unknown;NO_MOVE_FOUND
14:38:27;1209;None;0,00;1;0,00;Unknown;NO_MOVE_FOUND
14:38:27;1210;None;0,00;1;0,00;Unknown;NO_MOVE_FOUND
14:38:27;1211;None;0,00;1;0,00;Unknown;NO_MOVE_FOUND
14:38:27;1212;None;0,00;1;0,00;Unknown;NO_MOVE_FOUND
14:38:27;1213;None;0,00;1;0,00;Unknown;NO_MOVE_FOUND
14:38:27;1214;None;0,00;1;0,00;Unknown;NO_MOVE_FOUND
14:38:27;1215;None;0,00;1;0,00;Unknown;NO_MOVE_FOUND
14:38:27;1216;None;0,00;1;0,00;Unknown;NO_MOVE_FOUND
14:38:27;1217;None;0,00;1;0,00;Unknown;NO_MOVE_FOUND
14:38:27;1218;None;0,00;1;0,00;Unknown;NO_MOVE_FOUND
14:38:27;1219;None;0,00;1;0,00;Unknown;NO_MOVE_FOUND
14:38:27;1220;None;0,00;1;0,00;Unknown;NO_MOVE_FOUND
14:38:27;1221;None;0,00;1;0,00;Unknown;NO_MOVE_FOUND
14:38:27;1222;None;0,00;1;0,00;Unknown;NO_MOVE_FOUND
14:38:27;1223;None;0,00;1;0,00;Unknown;NO_MOVE_FOUND
14:38:27;1224;None;0,00;1;0,00;Unknown;NO_MOVE_FOUND
14:38:27;1225;None;0,00;1;0,00;Unknown;NO_MOVE_FOUND
14:38:27;1226;None;0,00;1;0,00;Unknown;NO_MOVE_FOUND
14:38:27;1227;None;0,00;1;0,00;Unknown;NO_MOVE_FOUND
14:38:27;1228;None;0,00;1;0,00;Unknown;NO_MOVE_FOUND
14:38:27;1229;None;0,00;1;0,00;Unknown;NO_MOVE_FOUND
14:38:27;1230;None;0,00;1;0,00;Unknown;NO_MOVE_FOUND
14:38:27;1231;None;0,00;1;0,00;Unknown;NO_MOVE_FOUND
14:38:27;1232;None;0,00;1;0,00;Unknown;NO_MOVE_FOUND
14:38:27;1233;None;0,00;1;0,00;Unknown;NO_MOVE_FOUND
14:38:27;1234;None;0,00;1;0,00;Unknown;NO_MOVE_FOUND
14:38:27;1235;None;0,00;1;0,00;Unknown;NO_MOVE_FOUND
14:38:27;1236;None;0,00;1;0,00;Unknown;NO_MOVE_FOUND
14:38:27;1237;None;0,00;1;0,00;Unknown;NO_MOVE_FOUND
14:38:27;1238;None;0,00;1;0,00;Unknown;NO_MOVE_FOUND
14:38:27;1239;None;0,00;1;0,00;Unknown;NO_MOVE_FOUND
14:38:27;1240;None;0,00;1;0,00;Unknown;NO_MOVE_FOUND
14:38:27;1241;None;0,00;1;0,00;Unknown;NO_MOVE_FOUND
14:38:27;1242;None;0,00;1;0,00;Unknown;NO_MOVE_FOUND
14:38:27;1243;None;0,00;1;0,00;Unknown;NO_MOVE_FOUND
14:38:27;1244;None;0,00;1;0,00;Unknown;NO_MOVE_FOUND
14:38:27;1245;None;0,00;1;0,00;Unknown;NO_MOVE_FOUND
14:38:27;1246;None;0,00;1;0,00;Unknown;NO_MOVE_FOUND
14:38:27;1247;None;0,00;1;0,00;Unknown;NO_MOVE_FOUND
14:38:27;1248;None;0,00;1;0,00;Unknown;NO_MOVE_FOUND
14:38:27;1249;None;0,00;1;0,00;Unknown;NO_MOVE_FOUND
14:38:27;1250;None;0,00;1;0,00;Unknown;NO_MOVE_FOUND
14:38:27;1251;None;0,00;1;0,00;Unknown;NO_MOVE_FOUND
14:38:27;1252;None;0,00;1;0,00;Unknown;NO_MOVE_FOUND
14:38:27;1253;None;0,00;1;0,00;Unknown;NO_MOVE_FOUND
14:38:27;1254;None;0,00;1;0,00;Unknown;NO_MOVE_FOUND
14:38:27;1255;None;0,00;1;0,00;Unknown;NO_MOVE_FOUND
14:38:27;1256;None;0,00;1;0,00;Unknown;NO_MOVE_FOUND
14:38:27;1257;None;0,00;1;0,00;Unknown;NO_MOVE_FOUND
14:38:27;1258;None;0,00;1;0,00;Unknown;NO_MOVE_FOUND
14:38:27;1259;None;0,00;1;0,00;Unknown;NO_MOVE_FOUND
14:38:27;1260;None;0,00;1;0,00;Unknown;NO_MOVE_FOUND
14:38:27;1261;None;0,00;1;0,00;Unknown;NO_MOVE_FOUND
14:38:27;1262;None;0,00;1;0,00;Unknown;NO_MOVE_FOUND
14:38:27;1263;None;0,00;1;0,00;Unknown;NO_MOVE_FOUND
14:38:27;1264;None;0,00;1;0,00;Unknown;NO_MOVE_FOUND
14:38:27;1265;None;0,00;1;0,00;Unknown;NO_MOVE_FOUND
14:38:27;1266;None;0,00;1;0,00;Unknown;NO_MOVE_FOUND
14:38:27;1267;None;0,00;1;0,00;Unknown;NO_MOVE_FOUND
14:38:27;1268;None;0,00;1;0,00;Unknown;NO_MOVE_FOUND
14:38:27;1269;None;0,00;1;0,00;Unknown;NO_MOVE_FOUND
14:38:27;1270;None;0,00;1;0,00;Unknown;NO_MOVE_FOUND
14:38:27;1271;None;0,00;1;0,00;Unknown;NO_MOVE_FOUND
14:38:27;1272;None;0,00;1;0,00;Unknown;NO_MOVE_FOUND
14:38:27;1273;None;0,00;1;0,00;Unknown;NO_MOVE_FOUND
14:38:27;1274;None;0,00;1;0,00;Unknown;NO_MOVE_FOUND
14:38:27;1275;None;0,00;1;0,00;Unknown;NO_MOVE_FOUND
14:38:27;1276;None;0,00;1;0,00;Unknown;NO_MOVE_FOUND
14:38:27;1277;None;0,00;1;0,00;Unknown;NO_MOVE_FOUND
14:38:27;1278;None;0,00;1;0,00;Unknown;NO_MOVE_FOUND
14:38:27;1279;None;0,00;1;0,00;Unknown;NO_MOVE_FOUND
14:38:27;1280;None;0,00;1;0,00;Unknown;NO_MOVE_FOUND
14:38:27;1281;None;0,00;1;0,00;Unknown;NO_MOVE_FOUND
14:38:27;1282;None;0,00;1;0,00;Unknown;NO_MOVE_FOUND
14:38:27;1283;None;0,00;1;0,00;Unknown;NO_MOVE_FOUND
14:38:27;1284;None;0,00;1;0,00;Unknown;NO_MOVE_FOUND
14:38:27;1285;None;0,00;1;0,00;Unknown;NO_MOVE_FOUND
14:38:27;1286;None;0,00;1;0,00;Unknown;NO_MOVE_FOUND
14:38:27;1287;None;0,00;1;0,00;Unknown;NO_MOVE_FOUND
14:38:27;1288;None;0,00;1;0,00;Unknown;NO_MOVE_FOUND
14:38:27;1289;None;0,00;1;0,00;Unknown;NO_MOVE_FOUND
14:38:27;1290;None;0,00;1;0,00;Unknown;NO_MOVE_FOUND
14:38:27;1291;None;0,00;1;0,00;Unknown;NO_MOVE_FOUND
14:38:27;1292;None;0,00;1;0,00;Unknown;NO_MOVE_FOUND
14:38:27;1293;None;0,00;1;0,00;Unknown;NO_MOVE_FOUND
14:38:27;1294;None;0,00;1;0,00;Unknown;NO_MOVE_FOUND
14:38:27;1295;None;0,00;1;0,00;Unknown;NO_MOVE_FOUND
14:38:27;1296;None;0,00;1;0,00;Unknown;NO_MOVE_FOUND
14:38:27;1297;None;0,00;1;0,00;Unknown;NO_MOVE_FOUND
14:38:27;1298;None;0,00;1;0,00;Unknown;NO_MOVE_FOUND
14:38:27;1299;None;0,00;1;0,00;Unknown;NO_MOVE_FOUND
14:38:27;1300;None;0,00;1;0,00;Unknown;NO_MOVE_FOUND
14:38:27;1301;None;0,00;1;0,00;Unknown;NO_MOVE_FOUND
14:38:27;1302;None;0,00;1;0,00;Unknown;NO_MOVE_FOUND
14:38:27;1303;None;0,00;1;0,00;Unknown;NO_MOVE_FOUND
14:38:27;1304;None;0,00;1;0,00;Unknown;NO_MOVE_FOUND
14:38:27;1305;None;0,00;1;0,00;Unknown;NO_MOVE_FOUND
14:38:27;1306;None;0,00;1;0,00;Unknown;NO_MOVE_FOUND
14:38:27;1307;None;0,00;1;0,00;Unknown;NO_MOVE_FOUND
14:38:27;1308;None;0,00;1;0,00;Unknown;NO_MOVE_FOUND
14:38:27;1309;None;0,00;1;0,00;Unknown;NO_MOVE_FOUND
14:38:27;1310;None;0,00;1;0,00;Unknown;NO_MOVE_FOUND
14:38:27;1311;None;0,00;1;0,00;Unknown;NO_MOVE_FOUND
14:38:27;1312;None;0,00;1;0,00;Unknown;NO_MOVE_FOUND
14:38:27;1313;None;0,00;1;0,00;Unknown;NO_MOVE_FOUND
14:38:27;1314;None;0,00;1;0,00;Unknown;NO_MOVE_FOUND
14:38:27;1315;None;0,00;1;0,00;Unknown;NO_MOVE_FOUND
14:38:27;1316;None;0,00;1;0,00;Unknown;NO_MOVE_FOUND
14:38:27;1317;None;0,00;1;0,00;Unknown;NO_MOVE_FOUND
14:38:27;1318;None;0,00;1;0,00;Unknown;NO_MOVE_FOUND
14:38:27;1319;None;0,00;1;0,00;Unknown;NO_MOVE_FOUND
14:38:27;1320;None;0,00;1;0,00;Unknown;NO_MOVE_FOUND
14:38:27;1321;None;0,00;1;0,00;Unknown;NO_MOVE_FOUND
14:38:27;1322;None;0,00;1;0,00;Unknown;NO_MOVE_FOUND
14:38:27;1323;None;0,00;1;0,00;Unknown;NO_MOVE_FOUND
14:38:27;1324;None;0,00;1;0,00;Unknown;NO_MOVE_FOUND
14:38:27;1325;None;0,00;1;0,00;Unknown;NO_MOVE_FOUND
14:38:27;1326;None;0,00;1;0,00;Unknown;NO_MOVE_FOUND
14:38:27;1327;None;0,00;1;0,00;Unknown;NO_MOVE_FOUND
14:38:27;1328;None;0,00;1;0,00;Unknown;NO_MOVE_FOUND
14:38:27;1329;None;0,00;1;0,00;Unknown;NO_MOVE_FOUND
14:38:27;1330;None;0,00;1;0,00;Unknown;NO_MOVE_FOUND
14:38:27;1331;None;0,00;1;0,00;Unknown;NO_MOVE_FOUND
14:38:27;1332;None;0,00;1;0,00;Unknown;NO_MOVE_FOUND
14:38:27;1333;None;0,00;1;0,00;Unknown;NO_MOVE_FOUND
14:38:27;1334;None;0,00;1;0,00;Unknown;NO_MOVE_FOUND
14:38:27;1335;None;0,00;1;0,00;Unknown;NO_MOVE_FOUND
14:38:27;1336;None;0,00;1;0,00;Unknown;NO_MOVE_FOUND
14:38:27;1337;None;0,00;1;0,00;Unknown;NO_MOVE_FOUND
14:38:27;1338;None;0,00;1;0,00;Unknown;NO_MOVE_FOUND
14:38:27;1339;None;0,00;1;0,00;Unknown;NO_MOVE_FOUND
14:38:27;1340;None;0,00;1;0,00;Unknown;NO_MOVE_FOUND
14:38:27;1341;None;0,00;1;0,00;Unknown;NO_MOVE_FOUND
14:38:27;1342;None;0,00;1;0,00;Unknown;NO_MOVE_FOUND
14:38:27;1343;None;0,00;1;0,00;Unknown;NO_MOVE_FOUND
14:38:27;1344;None;0,00;1;0,00;Unknown;NO_MOVE_FOUND
14:38:27;1345;None;0,00;1;0,00;Unknown;NO_MOVE_FOUND
14:38:27;1346;None;0,00;1;0,00;Unknown;NO_MOVE_FOUND
14:38:27;1347;None;0,00;1;0,00;Unknown;NO_MOVE_FOUND
14:38:27;1348;None;0,00;1;0,00;Unknown;NO_MOVE_FOUND
14:38:27;1349;None;0,00;1;0,00;Unknown;NO_MOVE_FOUND
14:38:27;1350;None;0,00;1;0,00;Unknown;NO_MOVE_FOUND
14:38:27;1351;None;0,00;1;0,00;Unknown;NO_MOVE_FOUND
14:38:27;1352;None;0,00;1;0,00;Unknown;NO_MOVE_FOUND
14:38:27;1353;None;0,00;1;0,00;Unknown;NO_MOVE_FOUND
14:38:27;1354;None;0,00;1;0,00;Unknown;NO_MOVE_FOUND
14:38:27;1355;None;0,00;1;0,00;Unknown;NO_MOVE_FOUND
14:38:27;1356;None;0,00;1;0,00;Unknown;NO_MOVE_FOUND
14:38:27;1357;None;0,00;1;0,00;Unknown;NO_MOVE_FOUND
14:38:27;1358;None;0,00;1;0,00;Unknown;NO_MOVE_FOUND
14:38:27;1359;None;0,00;1;0,00;Unknown;NO_MOVE_FOUND
14:38:27;1360;None;0,00;1;0,00;Unknown;NO_MOVE_FOUND
14:38:27;1361;None;0,00;1;0,00;Unknown;NO_MOVE_FOUND
14:38:27;1362;None;0,00;1;0,00;Unknown;NO_MOVE_FOUND
14:38:27;1363;None;0,00;1;0,00;Unknown;NO_MOVE_FOUND
14:38:27;1364;None;0,00;1;0,00;Unknown;NO_MOVE_FOUND
14:38:27;1365;None;0,00;1;0,00;Unknown;NO_MOVE_FOUND
14:38:27;1366;None;0,00;1;0,00;Unknown;NO_MOVE_FOUND
14:38:27;1367;None;0,00;1;0,00;Unknown;NO_MOVE_FOUND
14:38:27;1368;None;0,00;1;0,00;Unknown;NO_MOVE_FOUND
14:38:27;1369;None;0,00;1;0,00;Unknown;NO_MOVE_FOUND
14:38:27;1370;None;0,00;1;0,00;Unknown;NO_MOVE_FOUND
14:38:27;1371;None;0,00;1;0,00;Unknown;NO_MOVE_FOUND
14:38:27;1372;None;0,00;1;0,00;Unknown;NO_MOVE_FOUND
14:38:27;1373;None;0,00;1;0,00;Unknown;NO_MOVE_FOUND
14:38:27;1374;None;0,00;1;0,00;Unknown;NO_MOVE_FOUND
14:38:27;1375;None;0,00;1;0,00;Unknown;NO_MOVE_FOUND
14:38:27;1376;None;0,00;1;0,00;Unknown;NO_MOVE_FOUND
14:38:27;1377;None;0,00;1;0,00;Unknown;NO_MOVE_FOUND
14:38:27;1378;None;0,00;1;0,00;Unknown;NO_MOVE_FOUND
14:38:27;1379;None;0,00;1;0,00;Unknown;NO_MOVE_FOUND
14:38:27;1380;None;0,00;1;0,00;Unknown;NO_MOVE_FOUND
14:38:27;1381;None;0,00;1;0,00;Unknown;NO_MOVE_FOUND
14:38:27;1382;None;0,00;1;0,00;Unknown;NO_MOVE_FOUND
14:38:27;1383;None;0,00;1;0,00;Unknown;NO_MOVE_FOUND
14:38:27;1384;None;0,00;1;0,00;Unknown;NO_MOVE_FOUND
14:38:27;1385;None;0,00;1;0,00;Unknown;NO_MOVE_FOUND
14:38:27;1386;None;0,00;1;0,00;Unknown;NO_MOVE_FOUND
14:38:27;1387;None;0,00;1;0,00;Unknown;NO_MOVE_FOUND
14:38:27;1388;None;0,00;1;0,00;Unknown;NO_MOVE_FOUND
14:38:27;1389;None;0,00;1;0,00;Unknown;NO_MOVE_FOUND
14:38:27;1390;None;0,00;1;0,00;Unknown;NO_MOVE_FOUND
14:38:27;1391;None;0,00;1;0,00;Unknown;NO_MOVE_FOUND
14:38:27;1392;None;0,00;1;0,00;Unknown;NO_MOVE_FOUND
14:38:27;1393;None;0,00;1;0,00;Unknown;NO_MOVE_FOUND
14:38:27;1394;None;0,00;1;0,00;Unknown;NO_MOVE_FOUND
14:38:27;1395;None;0,00;1;0,00;Unknown;NO_MOVE_FOUND
14:38:27;1396;None;0,00;1;0,00;Unknown;NO_MOVE_FOUND
14:38:27;1397;None;0,00;1;0,00;Unknown;NO_MOVE_FOUND
14:38:27;1398;None;0,00;1;0,00;Unknown;NO_MOVE_FOUND
14:38:27;1399;None;0,00;1;0,00;Unknown;NO_MOVE_FOUND
14:38:27;1400;None;0,00;1;0,00;Unknown;NO_MOVE_FOUND
14:38:27;1401;None;0,00;1;0,00;Unknown;NO_MOVE_FOUND
14:38:27;1402;None;0,00;1;0,00;Unknown;NO_MOVE_FOUND
14:38:27;1403;None;0,00;1;0,00;Unknown;NO_MOVE_FOUND
14:38:27;1404;None;0,00;1;0,00;Unknown;NO_MOVE_FOUND
14:38:27;1405;None;0,00;1;0,00;Unknown;NO_MOVE_FOUND
14:38:27;1406;None;0,00;1;0,00;Unknown;NO_MOVE_FOUND
14:38:27;1407;None;0,00;1;0,00;Unknown;NO_MOVE_FOUND
14:38:27;1408;None;0,00;1;0,00;Unknown;NO_MOVE_FOUND
14:38:27;1409;None;0,00;1;0,00;Unknown;NO_MOVE_FOUND
14:38:27;1410;None;0,00;1;0,00;Unknown;NO_MOVE_FOUND
14:38:27;1411;None;0,00;1;0,00;Unknown;NO_MOVE_FOUND
14:38:27;1412;None;0,00;1;0,00;Unknown;NO_MOVE_FOUND
14:38:27;1413;None;0,00;1;0,00;Unknown;NO_MOVE_FOUND
14:38:27;1414;None;0,00;1;0,00;Unknown;NO_MOVE_FOUND
14:38:27;1415;None;0,00;1;0,00;Unknown;NO_MOVE_FOUND
14:38:27;1416;None;0,00;1;0,00;Unknown;NO_MOVE_FOUND
14:38:27;1417;None;0,00;1;0,00;Unknown;NO_MOVE_FOUND
14:38:27;1418;None;0,00;1;0,00;Unknown;NO_MOVE_FOUND
14:38:27;1419;None;0,00;1;0,00;Unknown;NO_MOVE_FOUND
14:38:27;1420;None;0,00;1;0,00;Unknown;NO_MOVE_FOUND
14:38:27;1421;None;0,00;1;0,00;Unknown;NO_MOVE_FOUND
14:38:27;1422;None;0,00;1;0,00;Unknown;NO_MOVE_FOUND
14:38:27;1423;None;0,00;1;0,00;Unknown;NO_MOVE_FOUND
14:38:27;1424;None;0,00;1;0,00;Unknown;NO_MOVE_FOUND
14:38:27;1425;None;0,00;1;0,00;Unknown;NO_MOVE_FOUND
14:38:27;1426;None;0,00;1;0,00;Unknown;NO_MOVE_FOUND
14:38:27;1427;None;0,00;1;0,00;Unknown;NO_MOVE_FOUND
14:38:27;1428;None;0,00;1;0,00;Unknown;NO_MOVE_FOUND
14:38:27;1429;None;0,00;1;0,00;Unknown;NO_MOVE_FOUND
14:38:27;1430;None;0,00;1;0,00;Unknown;NO_MOVE_FOUND
14:38:27;1431;None;0,00;1;0,00;Unknown;NO_MOVE_FOUND
14:38:27;1432;None;0,00;1;0,00;Unknown;NO_MOVE_FOUND
14:38:27;1433;None;0,00;1;0,00;Unknown;NO_MOVE_FOUND
14:38:27;1434;None;0,00;1;0,00;Unknown;NO_MOVE_FOUND
14:38:27;1435;None;0,00;1;0,00;Unknown;NO_MOVE_FOUND
14:38:27;1436;None;0,00;1;0,00;Unknown;NO_MOVE_FOUND
14:38:27;1437;None;0,00;1;0,00;Unknown;NO_MOVE_FOUND
14:38:27;1438;None;0,00;1;0,00;Unknown;NO_MOVE_FOUND
14:38:27;1439;None;0,00;1;0,00;Unknown;NO_MOVE_FOUND
14:38:27;1440;None;0,00;1;0,00;Unknown;NO_MOVE_FOUND
14:38:27;1441;None;0,00;1;0,00;Unknown;NO_MOVE_FOUND
14:38:27;1442;None;0,00;1;0,00;Unknown;NO_MOVE_FOUND
14:38:27;1443;None;0,00;1;0,00;Unknown;NO_MOVE_FOUND
14:38:27;1444;None;0,00;1;0,00;Unknown;NO_MOVE_FOUND
14:38:27;1445;None;0,00;1;0,00;Unknown;NO_MOVE_FOUND
14:38:27;1446;None;0,00;1;0,00;Unknown;NO_MOVE_FOUND
14:38:27;1447;None;0,00;1;0,00;Unknown;NO_MOVE_FOUND
14:38:27;1448;None;0,00;1;0,00;Unknown;NO_MOVE_FOUND
14:38:27;1449;None;0,00;1;0,00;Unknown;NO_MOVE_FOUND
14:38:27;1450;None;0,00;1;0,00;Unknown;NO_MOVE_FOUND
14:38:27;1451;None;0,00;1;0,00;Unknown;NO_MOVE_FOUND
14:38:27;1452;None;0,00;1;0,00;Unknown;NO_MOVE_FOUND
14:38:27;1453;None;0,00;1;0,00;Unknown;NO_MOVE_FOUND
14:38:27;1454;None;0,00;1;0,00;Unknown;NO_MOVE_FOUND
14:38:27;1455;None;0,00;1;0,00;Unknown;NO_MOVE_FOUND
14:38:27;1456;None;0,00;1;0,00;Unknown;NO_MOVE_FOUND
14:38:27;1457;None;0,00;1;0,00;Unknown;NO_MOVE_FOUND
14:38:27;1458;None;0,00;1;0,00;Unknown;NO_MOVE_FOUND
14:38:27;1459;None;0,00;1;0,00;Unknown;NO_MOVE_FOUND
14:38:27;1460;None;0,00;1;0,00;Unknown;NO_MOVE_FOUND
14:38:27;1461;None;0,00;1;0,00;Unknown;NO_MOVE_FOUND
14:38:27;1462;None;0,00;1;0,00;Unknown;NO_MOVE_FOUND
14:38:27;1463;None;0,00;1;0,00;Unknown;NO_MOVE_FOUND
14:38:27;1464;None;0,00;1;0,00;Unknown;NO_MOVE_FOUND
14:38:27;1465;None;0,00;1;0,00;Unknown;NO_MOVE_FOUND
14:38:27;1466;None;0,00;1;0,00;Unknown;NO_MOVE_FOUND
14:38:27;1467;None;0,00;1;0,00;Unknown;NO_MOVE_FOUND
14:38:27;1468;None;0,00;1;0,00;Unknown;NO_MOVE_FOUND
14:38:27;1469;None;0,00;1;0,00;Unknown;NO_MOVE_FOUND
14:38:27;1470;None;0,00;1;0,00;Unknown;NO_MOVE_FOUND
14:38:27;1471;None;0,00;1;0,00;Unknown;NO_MOVE_FOUND
14:38:27;1472;None;0,00;1;0,00;Unknown;NO_MOVE_FOUND
14:38:27;1473;None;0,00;1;0,00;Unknown;NO_MOVE_FOUND
14:38:27;1474;None;0,00;1;0,00;Unknown;NO_MOVE_FOUND
14:38:27;1475;None;0,00;1;0,00;Unknown;NO_MOVE_FOUND
14:38:27;1476;None;0,00;1;0,00;Unknown;NO_MOVE_FOUND
14:38:27;1477;None;0,00;1;0,00;Unknown;NO_MOVE_FOUND
14:38:27;1478;None;0,00;1;0,00;Unknown;NO_MOVE_FOUND
14:38:27;1479;None;0,00;1;0,00;Unknown;NO_MOVE_FOUND
14:38:27;1480;None;0,00;1;0,00;Unknown;NO_MOVE_FOUND
14:38:27;1481;None;0,00;1;0,00;Unknown;NO_MOVE_FOUND
14:38:27;1482;None;0,00;1;0,00;Unknown;NO_MOVE_FOUND
14:38:27;1483;None;0,00;1;0,00;Unknown;NO_MOVE_FOUND
14:38:27;1484;None;0,00;1;0,00;Unknown;NO_MOVE_FOUND
14:38:27;1485;None;0,00;1;0,00;Unknown;NO_MOVE_FOUND
14:38:27;1486;None;0,00;1;0,00;Unknown;NO_MOVE_FOUND
14:38:27;1487;None;0,00;1;0,00;Unknown;NO_MOVE_FOUND
14:38:27;1488;None;0,00;1;0,00;Unknown;NO_MOVE_FOUND
14:38:27;1489;None;0,00;1;0,00;Unknown;NO_MOVE_FOUND
14:38:27;1490;None;0,00;1;0,00;Unknown;NO_MOVE_FOUND
14:38:27;1491;None;0,00;1;0,00;Unknown;NO_MOVE_FOUND
14:38:27;1492;None;0,00;1;0,00;Unknown;NO_MOVE_FOUND
14:38:27;1493;None;0,00;1;0,00;Unknown;NO_MOVE_FOUND
14:38:27;1494;None;0,00;1;0,00;Unknown;NO_MOVE_FOUND
14:38:27;1495;None;0,00;1;0,00;Unknown;NO_MOVE_FOUND
14:38:27;1496;None;0,00;1;0,00;Unknown;NO_MOVE_FOUND
14:38:27;1497;None;0,00;1;0,00;Unknown;NO_MOVE_FOUND
14:38:27;1498;None;0,00;1;0,00;Unknown;NO_MOVE_FOUND
14:38:27;1499;None;0,00;1;0,00;Unknown;NO_MOVE_FOUND
14:38:27;1500;None;0,00;1;0,00;Unknown;NO_MOVE_FOUND
14:38:27;1501;None;0,00;1;0,00;Unknown;NO_MOVE_FOUND
14:38:27;1502;None;0,00;1;0,00;Unknown;NO_MOVE_FOUND
14:38:27;1503;None;0,00;1;0,00;Unknown;NO_MOVE_FOUND
14:38:27;1504;None;0,00;1;0,00;Unknown;NO_MOVE_FOUND
14:38:27;1505;None;0,00;1;0,00;Unknown;NO_MOVE_FOUND
14:38:27;1506;None;0,00;1;0,00;Unknown;NO_MOVE_FOUND
14:38:27;1507;None;0,00;1;0,00;Unknown;NO_MOVE_FOUND
14:38:27;1508;None;0,00;1;0,00;Unknown;NO_MOVE_FOUND
14:38:27;1509;None;0,00;1;0,00;Unknown;NO_MOVE_FOUND
14:38:27;1510;None;0,00;1;0,00;Unknown;NO_MOVE_FOUND
14:38:27;1511;None;0,00;1;0,00;Unknown;NO_MOVE_FOUND
14:38:27;1512;None;0,00;1;0,00;Unknown;NO_MOVE_FOUND
14:38:27;1513;None;0,00;1;0,00;Unknown;NO_MOVE_FOUND
14:38:27;1514;None;0,00;1;0,00;Unknown;NO_MOVE_FOUND
14:38:27;1515;None;0,00;1;0,00;Unknown;NO_MOVE_FOUND
14:38:27;1516;None;0,00;1;0,00;Unknown;NO_MOVE_FOUND
14:38:27;1517;None;0,00;1;0,00;Unknown;NO_MOVE_FOUND
14:38:27;1518;None;0,00;1;0,00;Unknown;NO_MOVE_FOUND
14:38:27;1519;None;0,00;1;0,00;Unknown;NO_MOVE_FOUND
14:38:27;1520;None;0,00;1;0,00;Unknown;NO_MOVE_FOUND
14:38:27;1521;None;0,00;1;0,00;Unknown;NO_MOVE_FOUND
14:38:27;1522;None;0,00;1;0,00;Unknown;NO_MOVE_FOUND
14:38:27;1523;None;0,00;1;0,00;Unknown;NO_MOVE_FOUND
14:38:27;1524;None;0,00;1;0,00;Unknown;NO_MOVE_FOUND
14:38:27;1525;None;0,00;1;0,00;Unknown;NO_MOVE_FOUND
14:38:27;1526;None;0,00;1;0,00;Unknown;NO_MOVE_FOUND
14:38:27;1527;None;0,00;1;0,00;Unknown;NO_MOVE_FOUND
14:38:27;1528;None;0,00;1;0,00;Unknown;NO_MOVE_FOUND
14:38:27;1529;None;0,00;1;0,00;Unknown;NO_MOVE_FOUND
14:38:27;1530;None;0,00;1;0,00;Unknown;NO_MOVE_FOUND
14:38:27;1531;None;0,00;1;0,00;Unknown;NO_MOVE_FOUND
14:38:27;1532;None;0,00;1;0,00;Unknown;NO_MOVE_FOUND
14:38:28;1533;None;0,00;1;0,00;Unknown;NO_MOVE_FOUND
14:38:28;1534;None;0,00;1;0,00;Unknown;NO_MOVE_FOUND
14:38:28;1535;None;0,00;1;0,00;Unknown;NO_MOVE_FOUND
14:38:28;1536;None;0,00;1;0,00;Unknown;NO_MOVE_FOUND
14:38:28;1537;None;0,00;1;0,00;Unknown;NO_MOVE_FOUND
14:38:28;1538;None;0,00;1;0,00;Unknown;NO_MOVE_FOUND
14:38:28;1539;None;0,00;1;0,00;Unknown;NO_MOVE_FOUND
14:38:28;1540;None;0,00;1;0,00;Unknown;NO_MOVE_FOUND
14:38:28;1541;None;0,00;1;0,00;Unknown;NO_MOVE_FOUND
14:38:28;1542;None;0,00;1;0,00;Unknown;NO_MOVE_FOUND
14:38:28;1543;None;0,00;1;0,00;Unknown;NO_MOVE_FOUND
14:38:28;1544;None;0,00;1;0,00;Unknown;NO_MOVE_FOUND
14:38:28;1545;None;0,00;1;0,00;Unknown;NO_MOVE_FOUND
14:38:28;1546;None;0,00;1;0,00;Unknown;NO_MOVE_FOUND
14:38:28;1547;None;0,00;1;0,00;Unknown;NO_MOVE_FOUND
14:38:28;1548;None;0,00;1;0,00;Unknown;NO_MOVE_FOUND
14:38:28;1549;None;0,00;1;0,00;Unknown;NO_MOVE_FOUND
14:38:28;1550;None;0,00;1;0,00;Unknown;NO_MOVE_FOUND
14:38:28;1551;None;0,00;1;0,00;Unknown;NO_MOVE_FOUND
14:38:28;1552;None;0,00;1;0,00;Unknown;NO_MOVE_FOUND
14:38:28;1553;None;0,00;1;0,00;Unknown;NO_MOVE_FOUND
14:38:28;1554;None;0,00;1;0,00;Unknown;NO_MOVE_FOUND
14:38:28;1555;None;0,00;1;0,00;Unknown;NO_MOVE_FOUND
14:38:28;1556;None;0,00;1;0,00;Unknown;NO_MOVE_FOUND
14:38:28;1557;None;0,00;1;0,00;Unknown;NO_MOVE_FOUND
14:38:28;1558;None;0,00;1;0,00;Unknown;NO_MOVE_FOUND
14:38:28;1559;None;0,00;1;0,00;Unknown;NO_MOVE_FOUND
14:38:28;1560;None;0,00;1;0,00;Unknown;NO_MOVE_FOUND
14:38:28;1561;None;0,00;1;0,00;Unknown;NO_MOVE_FOUND
14:38:28;1562;None;0,00;1;0,00;Unknown;NO_MOVE_FOUND
14:38:28;1563;None;0,00;1;0,00;Unknown;NO_MOVE_FOUND
14:38:28;1564;None;0,00;1;0,00;Unknown;NO_MOVE_FOUND
14:38:28;1565;None;0,00;1;0,00;Unknown;NO_MOVE_FOUND
14:38:28;1566;None;0,00;1;0,00;Unknown;NO_MOVE_FOUND
14:38:28;1567;None;0,00;1;0,00;Unknown;NO_MOVE_FOUND
14:38:28;1568;None;0,00;1;0,00;Unknown;NO_MOVE_FOUND
14:38:28;1569;None;0,00;1;0,00;Unknown;NO_MOVE_FOUND
14:38:28;1570;None;0,00;1;0,00;Unknown;NO_MOVE_FOUND
14:38:28;1571;None;0,00;1;0,00;Unknown;NO_MOVE_FOUND
14:38:28;1572;None;0,00;1;0,00;Unknown;NO_MOVE_FOUND
14:38:28;1573;None;0,00;1;0,00;Unknown;NO_MOVE_FOUND
14:38:28;1574;None;0,00;1;0,00;Unknown;NO_MOVE_FOUND
14:38:28;1575;None;0,00;1;0,00;Unknown;NO_MOVE_FOUND
14:38:28;1576;None;0,00;1;0,00;Unknown;NO_MOVE_FOUND
14:38:28;1577;None;0,00;1;0,00;Unknown;NO_MOVE_FOUND
14:38:28;1578;None;0,00;1;0,00;Unknown;NO_MOVE_FOUND
14:38:28;1579;None;0,00;1;0,00;Unknown;NO_MOVE_FOUND
14:38:28;1580;None;0,00;1;0,00;Unknown;NO_MOVE_FOUND
14:38:28;1581;None;0,00;1;0,00;Unknown;NO_MOVE_FOUND
14:38:28;1582;None;0,00;1;0,00;Unknown;NO_MOVE_FOUND
14:38:28;1583;None;0,00;1;0,00;Unknown;NO_MOVE_FOUND
14:38:28;1584;None;0,00;1;0,00;Unknown;NO_MOVE_FOUND
14:38:28;1585;None;0,00;1;0,00;Unknown;NO_MOVE_FOUND
14:38:28;1586;None;0,00;1;0,00;Unknown;NO_MOVE_FOUND
14:38:28;1587;None;0,00;1;0,00;Unknown;NO_MOVE_FOUND
14:38:28;1588;None;0,00;1;0,00;Unknown;NO_MOVE_FOUND
14:38:28;1589;None;0,00;1;0,00;Unknown;NO_MOVE_FOUND
14:38:28;1590;None;0,00;1;0,00;Unknown;NO_MOVE_FOUND
14:38:28;1591;None;0,00;1;0,00;Unknown;NO_MOVE_FOUND
14:38:28;1592;None;0,00;1;0,00;Unknown;NO_MOVE_FOUND
14:38:28;1593;None;0,00;1;0,00;Unknown;NO_MOVE_FOUND
14:38:28;1594;None;0,00;1;0,00;Unknown;NO_MOVE_FOUND
14:38:28;1595;None;0,00;1;0,00;Unknown;NO_MOVE_FOUND
14:38:28;1596;None;0,00;1;0,00;Unknown;NO_MOVE_FOUND
14:38:28;1597;None;0,00;1;0,00;Unknown;NO_MOVE_FOUND
14:38:28;1598;None;0,00;1;0,00;Unknown;NO_MOVE_FOUND
14:38:28;1599;None;0,00;1;0,00;Unknown;NO_MOVE_FOUND
14:38:28;1600;None;0,00;1;0,00;Unknown;NO_MOVE_FOUND
14:38:28;1601;None;0,00;1;0,00;Unknown;NO_MOVE_FOUND
14:38:28;1602;None;0,00;1;0,00;Unknown;NO_MOVE_FOUND
14:38:28;1603;None;0,00;1;0,00;Unknown;NO_MOVE_FOUND
14:38:28;1604;None;0,00;1;0,00;Unknown;NO_MOVE_FOUND
14:38:28;1605;None;0,00;1;0,00;Unknown;NO_MOVE_FOUND
14:38:28;1606;None;0,00;1;0,00;Unknown;NO_MOVE_FOUND
14:38:28;1607;None;0,00;1;0,00;Unknown;NO_MOVE_FOUND
14:38:28;1608;None;0,00;1;0,00;Unknown;NO_MOVE_FOUND
14:38:28;1609;None;0,00;1;0,00;Unknown;NO_MOVE_FOUND
14:38:28;1610;None;0,00;1;0,00;Unknown;NO_MOVE_FOUND
14:38:28;1611;None;0,00;1;0,00;Unknown;NO_MOVE_FOUND
14:38:28;1612;None;0,00;1;0,00;Unknown;NO_MOVE_FOUND
14:38:28;1613;None;0,00;1;0,00;Unknown;NO_MOVE_FOUND
14:38:28;1614;None;0,00;1;0,00;Unknown;NO_MOVE_FOUND
14:38:28;1615;None;0,00;1;0,00;Unknown;NO_MOVE_FOUND
14:38:28;1616;None;0,00;1;0,00;Unknown;NO_MOVE_FOUND
14:38:28;1617;None;0,00;1;0,00;Unknown;NO_MOVE_FOUND
14:38:28;1618;None;0,00;1;0,00;Unknown;NO_MOVE_FOUND
14:38:28;1619;None;0,00;1;0,00;Unknown;NO_MOVE_FOUND
14:38:28;1620;None;0,00;1;0,00;Unknown;NO_MOVE_FOUND
14:38:28;1621;None;0,00;1;0,00;Unknown;NO_MOVE_FOUND
14:38:28;1622;None;0,00;1;0,00;Unknown;NO_MOVE_FOUND
14:38:28;1623;None;0,00;1;0,00;Unknown;NO_MOVE_FOUND
14:38:28;1624;None;0,00;1;0,00;Unknown;NO_MOVE_FOUND
14:38:28;1625;None;0,00;1;0,00;Unknown;NO_MOVE_FOUND
14:38:28;1626;None;0,00;1;0,00;Unknown;NO_MOVE_FOUND
14:38:28;1627;None;0,00;1;0,00;Unknown;NO_MOVE_FOUND
14:38:28;1628;None;0,00;1;0,00;Unknown;NO_MOVE_FOUND
14:38:28;1629;None;0,00;1;0,00;Unknown;NO_MOVE_FOUND
14:38:28;1630;None;0,00;1;0,00;Unknown;NO_MOVE_FOUND
14:38:28;1631;None;0,00;1;0,00;Unknown;NO_MOVE_FOUND
14:38:28;1632;None;0,00;1;0,00;Unknown;NO_MOVE_FOUND
14:38:28;1633;None;0,00;1;0,00;Unknown;NO_MOVE_FOUND
14:38:28;1634;None;0,00;1;0,00;Unknown;NO_MOVE_FOUND
14:38:28;1635;None;0,00;1;0,00;Unknown;NO_MOVE_FOUND
14:38:28;1636;None;0,00;1;0,00;Unknown;NO_MOVE_FOUND
14:38:28;1637;None;0,00;1;0,00;Unknown;NO_MOVE_FOUND
14:38:28;1638;None;0,00;1;0,00;Unknown;NO_MOVE_FOUND
14:38:28;1639;None;0,00;1;0,00;Unknown;NO_MOVE_FOUND
14:38:28;1640;None;0,00;1;0,00;Unknown;NO_MOVE_FOUND
14:38:28;1641;None;0,00;1;0,00;Unknown;NO_MOVE_FOUND
14:38:28;1642;None;0,00;1;0,00;Unknown;NO_MOVE_FOUND
14:38:28;1643;None;0,00;1;0,00;Unknown;NO_MOVE_FOUND
14:38:28;1644;None;0,00;1;0,00;Unknown;NO_MOVE_FOUND
14:38:28;1645;None;0,00;1;0,00;Unknown;NO_MOVE_FOUND
14:38:28;1646;None;0,00;1;0,00;Unknown;NO_MOVE_FOUND
14:38:28;1647;None;0,00;1;0,00;Unknown;NO_MOVE_FOUND
14:38:28;1648;None;0,00;1;0,00;Unknown;NO_MOVE_FOUND
14:38:28;1649;None;0,00;1;0,00;Unknown;NO_MOVE_FOUND
14:38:28;1650;None;0,00;1;0,00;Unknown;NO_MOVE_FOUND
14:38:28;1651;None;0,00;1;0,00;Unknown;NO_MOVE_FOUND
14:38:28;1652;None;0,00;1;0,00;Unknown;NO_MOVE_FOUND
14:38:28;1653;None;0,00;1;0,00;Unknown;NO_MOVE_FOUND
14:38:28;1654;None;0,00;1;0,00;Unknown;NO_MOVE_FOUND
14:38:28;1655;None;0,00;1;0,00;Unknown;NO_MOVE_FOUND
14:38:28;1656;None;0,00;1;0,00;Unknown;NO_MOVE_FOUND
14:38:28;1657;None;0,00;1;0,00;Unknown;NO_MOVE_FOUND
14:38:28;1658;None;0,00;1;0,00;Unknown;NO_MOVE_FOUND
14:38:28;1659;None;0,00;1;0,00;Unknown;NO_MOVE_FOUND
14:38:28;1660;None;0,00;1;0,00;Unknown;NO_MOVE_FOUND
14:38:28;1661;None;0,00;1;0,00;Unknown;NO_MOVE_FOUND
14:38:28;1662;None;0,00;1;0,00;Unknown;NO_MOVE_FOUND
14:38:28;1663;None;0,00;1;0,00;Unknown;NO_MOVE_FOUND
14:38:28;1664;None;0,00;1;0,00;Unknown;NO_MOVE_FOUND
14:38:28;1665;None;0,00;1;0,00;Unknown;NO_MOVE_FOUND
14:38:28;1666;None;0,00;1;0,00;Unknown;NO_MOVE_FOUND
14:38:28;1667;None;0,00;1;0,00;Unknown;NO_MOVE_FOUND
14:38:28;1668;None;0,00;1;0,00;Unknown;NO_MOVE_FOUND
14:38:28;1669;None;0,00;1;0,00;Unknown;NO_MOVE_FOUND
14:38:28;1670;None;0,00;1;0,00;Unknown;NO_MOVE_FOUND
14:38:28;1671;None;0,00;1;0,00;Unknown;NO_MOVE_FOUND
14:38:28;1672;None;0,00;1;0,00;Unknown;NO_MOVE_FOUND
14:38:28;1673;None;0,00;1;0,00;Unknown;NO_MOVE_FOUND
14:38:28;1674;None;0,00;1;0,00;Unknown;NO_MOVE_FOUND
14:38:28;1675;None;0,00;1;0,00;Unknown;NO_MOVE_FOUND
14:38:28;1676;None;0,00;1;0,00;Unknown;NO_MOVE_FOUND
14:38:28;1677;None;0,00;1;0,00;Unknown;NO_MOVE_FOUND
14:38:28;1678;None;0,00;1;0,00;Unknown;NO_MOVE_FOUND
14:38:28;1679;None;0,00;1;0,00;Unknown;NO_MOVE_FOUND
14:38:28;1680;None;0,00;1;0,00;Unknown;NO_MOVE_FOUND
14:38:28;1681;None;0,00;1;0,00;Unknown;NO_MOVE_FOUND
14:38:28;1682;None;0,00;1;0,00;Unknown;NO_MOVE_FOUND
14:38:28;1683;None;0,00;1;0,00;Unknown;NO_MOVE_FOUND
14:38:28;1684;None;0,00;1;0,00;Unknown;NO_MOVE_FOUND
14:38:28;1685;None;0,00;1;0,00;Unknown;NO_MOVE_FOUND
14:38:28;1686;None;0,00;1;0,00;Unknown;NO_MOVE_FOUND
14:38:28;1687;None;0,00;1;0,00;Unknown;NO_MOVE_FOUND
14:38:28;1688;None;0,00;1;0,00;Unknown;NO_MOVE_FOUND
14:38:28;1689;None;0,00;1;0,00;Unknown;NO_MOVE_FOUND
14:38:28;1690;None;0,00;1;0,00;Unknown;NO_MOVE_FOUND
14:38:28;1691;None;0,00;1;0,00;Unknown;NO_MOVE_FOUND
14:38:28;1692;None;0,00;1;0,00;Unknown;NO_MOVE_FOUND
14:38:28;1693;None;0,00;1;0,00;Unknown;NO_MOVE_FOUND
14:38:28;1694;None;0,00;1;0,00;Unknown;NO_MOVE_FOUND
14:38:28;1695;None;0,00;1;0,00;Unknown;NO_MOVE_FOUND
14:38:28;1696;None;0,00;1;0,00;Unknown;NO_MOVE_FOUND
14:38:28;1697;None;0,00;1;0,00;Unknown;NO_MOVE_FOUND
14:38:28;1698;None;0,00;1;0,00;Unknown;NO_MOVE_FOUND
14:38:28;1699;None;0,00;1;0,00;Unknown;NO_MOVE_FOUND
14:38:28;1700;None;0,00;1;0,00;Unknown;NO_MOVE_FOUND
14:38:28;1701;None;0,00;1;0,00;Unknown;NO_MOVE_FOUND
14:38:28;1702;None;0,00;1;0,00;Unknown;NO_MOVE_FOUND
14:38:28;1703;None;0,00;1;0,00;Unknown;NO_MOVE_FOUND
14:38:28;1704;None;0,00;1;0,00;Unknown;NO_MOVE_FOUND
14:38:28;1705;None;0,00;1;0,00;Unknown;NO_MOVE_FOUND
14:38:28;1706;None;0,00;1;0,00;Unknown;NO_MOVE_FOUND
14:38:28;1707;None;0,00;1;0,00;Unknown;NO_MOVE_FOUND
14:38:28;1708;None;0,00;1;0,00;Unknown;NO_MOVE_FOUND
14:38:28;1709;None;0,00;1;0,00;Unknown;NO_MOVE_FOUND
14:38:28;1710;None;0,00;1;0,00;Unknown;NO_MOVE_FOUND
14:38:28;1711;None;0,00;1;0,00;Unknown;NO_MOVE_FOUND
14:38:28;1712;None;0,00;1;0,00;Unknown;NO_MOVE_FOUND
14:38:28;1713;None;0,00;1;0,00;Unknown;NO_MOVE_FOUND
14:38:28;1714;None;0,00;1;0,00;Unknown;NO_MOVE_FOUND
14:38:28;1715;None;0,00;1;0,00;Unknown;NO_MOVE_FOUND
14:38:28;1716;None;0,00;1;0,00;Unknown;NO_MOVE_FOUND
14:38:28;1717;None;0,00;1;0,00;Unknown;NO_MOVE_FOUND
14:38:28;1718;None;0,00;1;0,00;Unknown;NO_MOVE_FOUND
14:38:28;1719;None;0,00;1;0,00;Unknown;NO_MOVE_FOUND
14:38:28;1720;None;0,00;1;0,00;Unknown;NO_MOVE_FOUND
14:38:28;1721;None;0,00;1;0,00;Unknown;NO_MOVE_FOUND
14:38:28;1722;None;0,00;1;0,00;Unknown;NO_MOVE_FOUND
14:38:28;1723;None;0,00;1;0,00;Unknown;NO_MOVE_FOUND
14:38:28;1724;None;0,00;1;0,00;Unknown;NO_MOVE_FOUND
14:38:28;1725;None;0,00;1;0,00;Unknown;NO_MOVE_FOUND
14:38:28;1726;None;0,00;1;0,00;Unknown;NO_MOVE_FOUND
14:38:28;1727;None;0,00;1;0,00;Unknown;NO_MOVE_FOUND
14:38:28;1728;None;0,00;1;0,00;Unknown;NO_MOVE_FOUND
14:38:28;1729;None;0,00;1;0,00;Unknown;NO_MOVE_FOUND
14:38:28;1730;None;0,00;1;0,00;Unknown;NO_MOVE_FOUND
14:38:28;1731;None;0,00;1;0,00;Unknown;NO_MOVE_FOUND
14:38:28;1732;None;0,00;1;0,00;Unknown;NO_MOVE_FOUND
14:38:28;1733;None;0,00;1;0,00;Unknown;NO_MOVE_FOUND
14:38:28;1734;None;0,00;1;0,00;Unknown;NO_MOVE_FOUND
14:38:28;1735;None;0,00;1;0,00;Unknown;NO_MOVE_FOUND
14:38:28;1736;None;0,00;1;0,00;Unknown;NO_MOVE_FOUND
14:38:28;1737;None;0,00;1;0,00;Unknown;NO_MOVE_FOUND
14:38:28;1738;None;0,00;1;0,00;Unknown;NO_MOVE_FOUND
14:38:28;1739;None;0,00;1;0,00;Unknown;NO_MOVE_FOUND
14:38:28;1740;None;0,00;1;0,00;Unknown;NO_MOVE_FOUND
14:38:28;1741;None;0,00;1;0,00;Unknown;NO_MOVE_FOUND
14:38:28;1742;None;0,00;1;0,00;Unknown;NO_MOVE_FOUND
14:38:28;1743;None;0,00;1;0,00;Unknown;NO_MOVE_FOUND
14:38:28;1744;None;0,00;1;0,00;Unknown;NO_MOVE_FOUND
14:38:28;1745;None;0,00;1;0,00;Unknown;NO_MOVE_FOUND
14:38:28;1746;None;0,00;1;0,00;Unknown;NO_MOVE_FOUND
14:38:28;1747;None;0,00;1;0,00;Unknown;NO_MOVE_FOUND
14:38:28;1748;None;0,00;1;0,00;Unknown;NO_MOVE_FOUND
14:38:28;1749;None;0,00;1;0,00;Unknown;NO_MOVE_FOUND
14:38:28;1750;None;0,00;1;0,00;Unknown;NO_MOVE_FOUND
14:38:28;1751;None;0,00;1;0,00;Unknown;NO_MOVE_FOUND
14:38:28;1752;None;0,00;1;0,00;Unknown;NO_MOVE_FOUND
14:38:28;1753;None;0,00;1;0,00;Unknown;NO_MOVE_FOUND
14:38:28;1754;None;0,00;1;0,00;Unknown;NO_MOVE_FOUND
14:38:28;1755;None;0,00;1;0,00;Unknown;NO_MOVE_FOUND
14:38:28;1756;None;0,00;1;0,00;Unknown;NO_MOVE_FOUND
14:38:28;1757;None;0,00;1;0,00;Unknown;NO_MOVE_FOUND
14:38:28;1758;None;0,00;1;0,00;Unknown;NO_MOVE_FOUND
14:38:28;1759;None;0,00;1;0,00;Unknown;NO_MOVE_FOUND
14:38:28;1760;None;0,00;1;0,00;Unknown;NO_MOVE_FOUND
14:38:28;1761;None;0,00;1;0,00;Unknown;NO_MOVE_FOUND
14:38:28;1762;None;0,00;1;0,00;Unknown;NO_MOVE_FOUND
14:38:28;1763;None;0,00;1;0,00;Unknown;NO_MOVE_FOUND
14:38:28;1764;None;0,00;1;0,00;Unknown;NO_MOVE_FOUND
14:38:28;1765;None;0,00;1;0,00;Unknown;NO_MOVE_FOUND
14:38:28;1766;None;0,00;1;0,00;Unknown;NO_MOVE_FOUND
14:38:28;1767;None;0,00;1;0,00;Unknown;NO_MOVE_FOUND
14:38:28;1768;None;0,00;1;0,00;Unknown;NO_MOVE_FOUND
14:38:28;1769;None;0,00;1;0,00;Unknown;NO_MOVE_FOUND
14:38:28;1770;None;0,00;1;0,00;Unknown;NO_MOVE_FOUND
14:38:28;1771;None;0,00;1;0,00;Unknown;NO_MOVE_FOUND
14:38:28;1772;None;0,00;1;0,00;Unknown;NO_MOVE_FOUND
14:38:28;1773;None;0,00;1;0,00;Unknown;NO_MOVE_FOUND
14:38:28;1774;None;0,00;1;0,00;Unknown;NO_MOVE_FOUND
14:38:28;1775;None;0,00;1;0,00;Unknown;NO_MOVE_FOUND
14:38:28;1776;None;0,00;1;0,00;Unknown;NO_MOVE_FOUND
14:38:28;1777;None;0,00;1;0,00;Unknown;NO_MOVE_FOUND
14:38:28;1778;None;0,00;1;0,00;Unknown;NO_MOVE_FOUND
14:38:28;1779;None;0,00;1;0,00;Unknown;NO_MOVE_FOUND
14:38:28;1780;None;0,00;1;0,00;Unknown;NO_MOVE_FOUND
14:38:28;1781;None;0,00;1;0,00;Unknown;NO_MOVE_FOUND
14:38:28;1782;None;0,00;1;0,00;Unknown;NO_MOVE_FOUND
14:38:28;1783;None;0,00;1;0,00;Unknown;NO_MOVE_FOUND
14:38:28;1784;None;0,00;1;0,00;Unknown;NO_MOVE_FOUND
14:38:28;1785;None;0,00;1;0,00;Unknown;NO_MOVE_FOUND
14:38:28;1786;None;0,00;1;0,00;Unknown;NO_MOVE_FOUND
14:38:28;1787;None;0,00;1;0,00;Unknown;NO_MOVE_FOUND
14:38:28;1788;None;0,00;1;0,00;Unknown;NO_MOVE_FOUND
14:38:28;1789;None;0,00;1;0,00;Unknown;NO_MOVE_FOUND
14:38:28;1790;None;0,00;1;0,00;Unknown;NO_MOVE_FOUND
14:38:28;1791;None;0,00;1;0,00;Unknown;NO_MOVE_FOUND
14:38:28;1792;None;0,00;1;0,00;Unknown;NO_MOVE_FOUND
14:38:28;1793;None;0,00;1;0,00;Unknown;NO_MOVE_FOUND
14:38:28;1794;None;0,00;1;0,00;Unknown;NO_MOVE_FOUND
14:38:28;1795;None;0,00;1;0,00;Unknown;NO_MOVE_FOUND
14:38:28;1796;None;0,00;1;0,00;Unknown;NO_MOVE_FOUND
14:38:28;1797;None;0,00;1;0,00;Unknown;NO_MOVE_FOUND
14:38:28;1798;None;0,00;1;0,00;Unknown;NO_MOVE_FOUND
14:38:28;1799;None;0,00;1;0,00;Unknown;NO_MOVE_FOUND
14:38:28;1800;None;0,00;1;0,00;Unknown;NO_MOVE_FOUND
14:38:28;1801;None;0,00;1;0,00;Unknown;NO_MOVE_FOUND
14:38:28;1802;None;0,00;1;0,00;Unknown;NO_MOVE_FOUND
14:38:28;1803;None;0,00;1;0,00;Unknown;NO_MOVE_FOUND
14:38:28;1804;None;0,00;1;0,00;Unknown;NO_MOVE_FOUND
14:38:28;1805;None;0,00;1;0,00;Unknown;NO_MOVE_FOUND
14:38:28;1806;None;0,00;1;0,00;Unknown;NO_MOVE_FOUND
14:38:28;1807;None;0,00;1;0,00;Unknown;NO_MOVE_FOUND
14:38:28;1808;None;0,00;1;0,00;Unknown;NO_MOVE_FOUND
14:38:28;1809;None;0,00;1;0,00;Unknown;NO_MOVE_FOUND
14:38:28;1810;None;0,00;1;0,00;Unknown;NO_MOVE_FOUND
14:38:28;1811;None;0,00;1;0,00;Unknown;NO_MOVE_FOUND
14:38:28;1812;None;0,00;1;0,00;Unknown;NO_MOVE_FOUND
14:38:28;1813;None;0,00;1;0,00;Unknown;NO_MOVE_FOUND
14:38:28;1814;None;0,00;1;0,00;Unknown;NO_MOVE_FOUND
14:38:28;1815;None;0,00;1;0,00;Unknown;NO_MOVE_FOUND
14:38:28;1816;None;0,00;1;0,00;Unknown;NO_MOVE_FOUND
14:38:28;1817;None;0,00;1;0,00;Unknown;NO_MOVE_FOUND
14:38:28;1818;None;0,00;1;0,00;Unknown;NO_MOVE_FOUND
14:38:28;1819;None;0,00;1;0,00;Unknown;NO_MOVE_FOUND
14:38:28;1820;None;0,00;1;0,00;Unknown;NO_MOVE_FOUND
14:38:28;1821;None;0,00;1;0,00;Unknown;NO_MOVE_FOUND
14:38:28;1822;None;0,00;1;0,00;Unknown;NO_MOVE_FOUND
14:38:28;1823;None;0,00;1;0,00;Unknown;NO_MOVE_FOUND
14:38:28;1824;None;0,00;1;0,00;Unknown;NO_MOVE_FOUND
14:38:28;1825;None;0,00;1;0,00;Unknown;NO_MOVE_FOUND
14:38:28;1826;None;0,00;1;0,00;Unknown;NO_MOVE_FOUND
14:38:28;1827;None;0,00;1;0,00;Unknown;NO_MOVE_FOUND
14:38:28;1828;None;0,00;1;0,00;Unknown;NO_MOVE_FOUND
14:38:28;1829;None;0,00;1;0,00;Unknown;NO_MOVE_FOUND
14:38:28;1830;None;0,00;1;0,00;Unknown;NO_MOVE_FOUND
14:38:28;1831;None;0,00;1;0,00;Unknown;NO_MOVE_FOUND
14:38:28;1832;None;0,00;1;0,00;Unknown;NO_MOVE_FOUND
14:38:28;1833;None;0,00;1;0,00;Unknown;NO_MOVE_FOUND
14:38:28;1834;None;0,00;1;0,00;Unknown;NO_MOVE_FOUND
14:38:28;1835;None;0,00;1;0,00;Unknown;NO_MOVE_FOUND
14:38:28;1836;None;0,00;1;0,00;Unknown;NO_MOVE_FOUND
14:38:28;1837;None;0,00;1;0,00;Unknown;NO_MOVE_FOUND
14:38:28;1838;None;0,00;1;0,00;Unknown;NO_MOVE_FOUND
14:38:28;1839;None;0,00;1;0,00;Unknown;NO_MOVE_FOUND
14:38:28;1840;None;0,00;1;0,00;Unknown;NO_MOVE_FOUND
14:38:28;1841;None;0,00;1;0,00;Unknown;NO_MOVE_FOUND
14:38:28;1842;None;0,00;1;0,00;Unknown;NO_MOVE_FOUND
14:38:28;1843;None;0,00;1;0,00;Unknown;NO_MOVE_FOUND
14:38:28;1844;None;0,00;1;0,00;Unknown;NO_MOVE_FOUND
14:38:28;1845;None;0,00;1;0,00;Unknown;NO_MOVE_FOUND
14:38:28;1846;None;0,00;1;0,00;Unknown;NO_MOVE_FOUND
14:38:28;1847;None;0,00;1;0,00;Unknown;NO_MOVE_FOUND
14:38:28;1848;None;0,00;1;0,00;Unknown;NO_MOVE_FOUND
14:38:28;1849;None;0,00;1;0,00;Unknown;NO_MOVE_FOUND
14:38:28;1850;None;0,00;1;0,00;Unknown;NO_MOVE_FOUND
14:38:28;1851;None;0,00;1;0,00;Unknown;NO_MOVE_FOUND
14:38:28;1852;None;0,00;1;0,00;Unknown;NO_MOVE_FOUND
14:38:28;1853;None;0,00;1;0,00;Unknown;NO_MOVE_FOUND
14:38:28;1854;None;0,00;1;0,00;Unknown;NO_MOVE_FOUND
14:38:28;1855;None;0,00;1;0,00;Unknown;NO_MOVE_FOUND
14:38:28;1856;None;0,00;1;0,00;Unknown;NO_MOVE_FOUND
14:38:28;1857;None;0,00;1;0,00;Unknown;NO_MOVE_FOUND
14:38:28;1858;None;0,00;1;0,00;Unknown;NO_MOVE_FOUND
14:38:28;1859;None;0,00;1;0,00;Unknown;NO_MOVE_FOUND
14:38:28;1860;None;0,00;1;0,00;Unknown;NO_MOVE_FOUND
14:38:28;1861;None;0,00;1;0,00;Unknown;NO_MOVE_FOUND
14:38:28;1862;None;0,00;1;0,00;Unknown;NO_MOVE_FOUND
14:38:28;1863;None;0,00;1;0,00;Unknown;NO_MOVE_FOUND
14:38:28;1864;None;0,00;1;0,00;Unknown;NO_MOVE_FOUND
14:38:28;1865;None;0,00;1;0,00;Unknown;NO_MOVE_FOUND
14:38:28;1866;None;0,00;1;0,00;Unknown;NO_MOVE_FOUND
14:38:28;1867;None;0,00;1;0,00;Unknown;NO_MOVE_FOUND
14:38:28;1868;None;0,00;1;0,00;Unknown;NO_MOVE_FOUND
14:38:28;1869;None;0,00;1;0,00;Unknown;NO_MOVE_FOUND
14:38:28;1870;None;0,00;1;0,00;Unknown;NO_MOVE_FOUND
14:38:28;1871;None;0,00;1;0,00;Unknown;NO_MOVE_FOUND
14:38:28;1872;None;0,00;1;0,00;Unknown;NO_MOVE_FOUND
14:38:28;1873;None;0,00;1;0,00;Unknown;NO_MOVE_FOUND
14:38:28;1874;None;0,00;1;0,00;Unknown;NO_MOVE_FOUND
14:38:28;1875;None;0,00;1;0,00;Unknown;NO_MOVE_FOUND
14:38:28;1876;None;0,00;1;0,00;Unknown;NO_MOVE_FOUND
14:38:28;1877;None;0,00;1;0,00;Unknown;NO_MOVE_FOUND
14:38:28;1878;None;0,00;1;0,00;Unknown;NO_MOVE_FOUND
14:38:28;1879;None;0,00;1;0,00;Unknown;NO_MOVE_FOUND
14:38:28;1880;None;0,00;1;0,00;Unknown;NO_MOVE_FOUND
14:38:28;1881;None;0,00;1;0,00;Unknown;NO_MOVE_FOUND
14:38:28;1882;None;0,00;1;0,00;Unknown;NO_MOVE_FOUND
14:38:28;1883;None;0,00;1;0,00;Unknown;NO_MOVE_FOUND
14:38:28;1884;None;0,00;1;0,00;Unknown;NO_MOVE_FOUND
14:38:28;1885;None;0,00;1;0,00;Unknown;NO_MOVE_FOUND
14:38:28;1886;None;0,00;1;0,00;Unknown;NO_MOVE_FOUND
14:38:28;1887;None;0,00;1;0,00;Unknown;NO_MOVE_FOUND
14:38:28;1888;None;0,00;1;0,00;Unknown;NO_MOVE_FOUND
14:38:28;1889;None;0,00;1;0,00;Unknown;NO_MOVE_FOUND
14:38:28;1890;None;0,00;1;0,00;Unknown;NO_MOVE_FOUND
14:38:28;1891;None;0,00;1;0,00;Unknown;NO_MOVE_FOUND
14:38:28;1892;None;0,00;1;0,00;Unknown;NO_MOVE_FOUND
14:38:28;1893;None;0,00;1;0,00;Unknown;NO_MOVE_FOUND
14:38:28;1894;None;0,00;1;0,00;Unknown;NO_MOVE_FOUND
14:38:28;1895;None;0,00;1;0,00;Unknown;NO_MOVE_FOUND
14:38:28;1896;None;0,00;1;0,00;Unknown;NO_MOVE_FOUND
14:38:28;1897;None;0,00;1;0,00;Unknown;NO_MOVE_FOUND
14:38:28;1898;None;0,00;1;0,00;Unknown;NO_MOVE_FOUND
14:38:28;1899;None;0,00;1;0,00;Unknown;NO_MOVE_FOUND
14:38:28;1900;None;0,00;1;0,00;Unknown;NO_MOVE_FOUND
14:38:28;1901;None;0,00;1;0,00;Unknown;NO_MOVE_FOUND
14:38:28;1902;None;0,00;1;0,00;Unknown;NO_MOVE_FOUND
14:38:28;1903;None;0,00;1;0,00;Unknown;NO_MOVE_FOUND
14:38:28;1904;None;0,00;1;0,00;Unknown;NO_MOVE_FOUND
14:38:28;1905;None;0,00;1;0,00;Unknown;NO_MOVE_FOUND
14:38:28;1906;None;0,00;1;0,00;Unknown;NO_MOVE_FOUND
14:38:28;1907;None;0,00;1;0,00;Unknown;NO_MOVE_FOUND
14:38:28;1908;None;0,00;1;0,00;Unknown;NO_MOVE_FOUND
14:38:28;1909;None;0,00;1;0,00;Unknown;NO_MOVE_FOUND
14:38:28;1910;None;0,00;1;0,00;Unknown;NO_MOVE_FOUND
14:38:29;1911;None;0,00;1;0,00;Unknown;NO_MOVE_FOUND
14:38:29;1912;None;0,00;1;0,00;Unknown;NO_MOVE_FOUND
14:38:29;1913;None;0,00;1;0,00;Unknown;NO_MOVE_FOUND
14:38:29;1914;None;0,00;1;0,00;Unknown;NO_MOVE_FOUND
14:38:29;1915;None;0,00;1;0,00;Unknown;NO_MOVE_FOUND
14:38:29;1916;None;0,00;1;0,00;Unknown;NO_MOVE_FOUND
14:38:29;1917;None;0,00;1;0,00;Unknown;NO_MOVE_FOUND
14:38:29;1918;None;0,00;1;0,00;Unknown;NO_MOVE_FOUND
14:38:29;1919;None;0,00;1;0,00;Unknown;NO_MOVE_FOUND
14:38:29;1920;None;0,00;1;0,00;Unknown;NO_MOVE_FOUND
14:38:29;1921;None;0,00;1;0,00;Unknown;NO_MOVE_FOUND
14:38:29;1922;None;0,00;1;0,00;Unknown;NO_MOVE_FOUND
14:38:29;1923;None;0,00;1;0,00;Unknown;NO_MOVE_FOUND
14:38:29;1924;None;0,00;1;0,00;Unknown;NO_MOVE_FOUND
14:38:29;1925;None;0,00;1;0,00;Unknown;NO_MOVE_FOUND
14:38:29;1926;None;0,00;1;0,00;Unknown;NO_MOVE_FOUND
14:38:29;1927;None;0,00;1;0,00;Unknown;NO_MOVE_FOUND
14:38:29;1928;None;0,00;1;0,00;Unknown;NO_MOVE_FOUND
14:38:29;1929;None;0,00;1;0,00;Unknown;NO_MOVE_FOUND
14:38:29;1930;None;0,00;1;0,00;Unknown;NO_MOVE_FOUND
14:38:29;1931;None;0,00;1;0,00;Unknown;NO_MOVE_FOUND
14:38:29;1932;None;0,00;1;0,00;Unknown;NO_MOVE_FOUND
14:38:29;1933;None;0,00;1;0,00;Unknown;NO_MOVE_FOUND
14:38:29;1934;None;0,00;1;0,00;Unknown;NO_MOVE_FOUND
14:38:29;1935;None;0,00;1;0,00;Unknown;NO_MOVE_FOUND
14:38:29;1936;None;0,00;1;0,00;Unknown;NO_MOVE_FOUND
14:38:29;1937;None;0,00;1;0,00;Unknown;NO_MOVE_FOUND
14:38:29;1938;None;0,00;1;0,00;Unknown;NO_MOVE_FOUND
14:38:29;1939;None;0,00;1;0,00;Unknown;NO_MOVE_FOUND
14:38:29;1940;None;0,00;1;0,00;Unknown;NO_MOVE_FOUND
14:38:29;1941;None;0,00;1;0,00;Unknown;NO_MOVE_FOUND
14:38:29;1942;None;0,00;1;0,00;Unknown;NO_MOVE_FOUND
14:38:29;1943;None;0,00;1;0,00;Unknown;NO_MOVE_FOUND
14:38:29;1944;None;0,00;1;0,00;Unknown;NO_MOVE_FOUND
14:38:29;1945;None;0,00;1;0,00;Unknown;NO_MOVE_FOUND
14:38:29;1946;None;0,00;1;0,00;Unknown;NO_MOVE_FOUND
14:38:29;1947;None;0,00;1;0,00;Unknown;NO_MOVE_FOUND
14:38:29;1948;None;0,00;1;0,00;Unknown;NO_MOVE_FOUND
14:38:29;1949;None;0,00;1;0,00;Unknown;NO_MOVE_FOUND
14:38:29;1950;None;0,00;1;0,00;Unknown;NO_MOVE_FOUND
14:38:29;1951;None;0,00;1;0,00;Unknown;NO_MOVE_FOUND
14:38:29;1952;None;0,00;1;0,00;Unknown;NO_MOVE_FOUND
14:38:29;1953;None;0,00;1;0,00;Unknown;NO_MOVE_FOUND
14:38:29;1954;None;0,00;1;0,00;Unknown;NO_MOVE_FOUND
14:38:29;1955;None;0,00;1;0,00;Unknown;NO_MOVE_FOUND
14:38:29;1956;None;0,00;1;0,00;Unknown;NO_MOVE_FOUND
14:38:29;1957;None;0,00;1;0,00;Unknown;NO_MOVE_FOUND
14:38:29;1958;None;0,00;1;0,00;Unknown;NO_MOVE_FOUND
14:38:29;1959;None;0,00;1;0,00;Unknown;NO_MOVE_FOUND
14:38:29;1960;None;0,00;1;0,00;Unknown;NO_MOVE_FOUND
14:38:29;1961;None;0,00;1;0,00;Unknown;NO_MOVE_FOUND
14:38:29;1962;None;0,00;1;0,00;Unknown;NO_MOVE_FOUND
14:38:29;1963;None;0,00;1;0,00;Unknown;NO_MOVE_FOUND
14:38:29;1964;None;0,00;1;0,00;Unknown;NO_MOVE_FOUND
14:38:29;1965;None;0,00;1;0,00;Unknown;NO_MOVE_FOUND
14:38:29;1966;None;0,00;1;0,00;Unknown;NO_MOVE_FOUND
14:38:29;1967;None;0,00;1;0,00;Unknown;NO_MOVE_FOUND
14:38:29;1968;None;0,00;1;0,00;Unknown;NO_MOVE_FOUND
14:38:29;1969;None;0,00;1;0,00;Unknown;NO_MOVE_FOUND
14:38:29;1970;None;0,00;1;0,00;Unknown;NO_MOVE_FOUND
14:38:29;1971;None;0,00;1;0,00;Unknown;NO_MOVE_FOUND
14:38:29;1972;None;0,00;1;0,00;Unknown;NO_MOVE_FOUND
14:38:29;1973;None;0,00;1;0,00;Unknown;NO_MOVE_FOUND
14:38:29;1974;None;0,00;1;0,00;Unknown;NO_MOVE_FOUND
14:38:29;1975;None;0,00;1;0,00;Unknown;NO_MOVE_FOUND
14:38:29;1976;None;0,00;1;0,00;Unknown;NO_MOVE_FOUND
14:38:29;1977;None;0,00;1;0,00;Unknown;NO_MOVE_FOUND
14:38:29;1978;None;0,00;1;0,00;Unknown;NO_MOVE_FOUND
14:38:29;1979;None;0,00;1;0,00;Unknown;NO_MOVE_FOUND
14:38:29;1980;None;0,00;1;0,00;Unknown;NO_MOVE_FOUND
14:38:29;1981;None;0,00;1;0,00;Unknown;NO_MOVE_FOUND
14:38:29;1982;None;0,00;1;0,00;Unknown;NO_MOVE_FOUND
14:38:29;1983;None;0,00;1;0,00;Unknown;NO_MOVE_FOUND
14:38:29;1984;None;0,00;1;0,00;Unknown;NO_MOVE_FOUND
14:38:29;1985;None;0,00;1;0,00;Unknown;NO_MOVE_FOUND
14:38:29;1986;None;0,00;1;0,00;Unknown;NO_MOVE_FOUND
14:38:29;1987;None;0,00;1;0,00;Unknown;NO_MOVE_FOUND
14:38:29;1988;None;0,00;1;0,00;Unknown;NO_MOVE_FOUND
14:38:29;1989;None;0,00;1;0,00;Unknown;NO_MOVE_FOUND
14:38:29;1990;None;0,00;1;0,00;Unknown;NO_MOVE_FOUND
14:38:29;1991;None;0,00;1;0,00;Unknown;NO_MOVE_FOUND
14:38:29;1992;None;0,00;1;0,00;Unknown;NO_MOVE_FOUND
14:38:29;1993;None;0,00;1;0,00;Unknown;NO_MOVE_FOUND
14:38:29;1994;None;0,00;1;0,00;Unknown;NO_MOVE_FOUND
14:38:29;1995;None;0,00;1;0,00;Unknown;NO_MOVE_FOUND
14:38:29;1996;None;0,00;1;0,00;Unknown;NO_MOVE_FOUND
14:38:29;1997;None;0,00;1;0,00;Unknown;NO_MOVE_FOUND
14:38:29;1998;None;0,00;1;0,00;Unknown;NO_MOVE_FOUND
14:38:29;1999;None;0,00;1;0,00;Unknown;NO_MOVE_FOUND
14:38:29;2000;None;0,00;1;0,00;Unknown;NO_MOVE_FOUND
14:38:29;2001;None;0,00;1;0,00;Unknown;NO_MOVE_FOUND
14:38:29;2002;None;0,00;1;0,00;Unknown;NO_MOVE_FOUND
14:38:29;2003;None;0,00;1;0,00;Unknown;NO_MOVE_FOUND
14:38:29;2004;None;0,00;1;0,00;Unknown;NO_MOVE_FOUND
14:38:29;2005;None;0,00;1;0,00;Unknown;NO_MOVE_FOUND
14:38:29;2006;None;0,00;1;0,00;Unknown;NO_MOVE_FOUND
14:38:29;2007;None;0,00;1;0,00;Unknown;NO_MOVE_FOUND
14:38:29;2008;None;0,00;1;0,00;Unknown;NO_MOVE_FOUND
14:38:29;2009;None;0,00;1;0,00;Unknown;NO_MOVE_FOUND
14:38:29;2010;None;0,00;1;0,00;Unknown;NO_MOVE_FOUND
14:38:29;2011;None;0,00;1;0,00;Unknown;NO_MOVE_FOUND
14:38:29;2012;None;0,00;1;0,00;Unknown;NO_MOVE_FOUND
14:38:29;2013;None;0,00;1;0,00;Unknown;NO_MOVE_FOUND
14:38:29;2014;None;0,00;1;0,00;Unknown;NO_MOVE_FOUND
14:38:29;2015;None;0,00;1;0,00;Unknown;NO_MOVE_FOUND
14:38:29;2016;None;0,00;1;0,00;Unknown;NO_MOVE_FOUND
14:38:29;2017;None;0,00;1;0,00;Unknown;NO_MOVE_FOUND
14:38:29;2018;None;0,00;1;0,00;Unknown;NO_MOVE_FOUND
14:38:29;2019;None;0,00;1;0,00;Unknown;NO_MOVE_FOUND
14:38:29;2020;None;0,00;1;0,00;Unknown;NO_MOVE_FOUND
14:38:29;2021;None;0,00;1;0,00;Unknown;NO_MOVE_FOUND
14:38:29;2022;None;0,00;1;0,00;Unknown;NO_MOVE_FOUND
14:38:29;2023;None;0,00;1;0,00;Unknown;NO_MOVE_FOUND
14:38:29;2024;None;0,00;1;0,00;Unknown;NO_MOVE_FOUND
14:38:29;2025;None;0,00;1;0,00;Unknown;NO_MOVE_FOUND
14:38:29;2026;None;0,00;1;0,00;Unknown;NO_MOVE_FOUND
14:38:29;2027;None;0,00;1;0,00;Unknown;NO_MOVE_FOUND
14:38:29;2028;None;0,00;1;0,00;Unknown;NO_MOVE_FOUND
14:38:29;2029;None;0,00;1;0,00;Unknown;NO_MOVE_FOUND
14:38:29;2030;None;0,00;1;0,00;Unknown;NO_MOVE_FOUND
14:38:29;2031;None;0,00;1;0,00;Unknown;NO_MOVE_FOUND
14:38:29;2032;None;0,00;1;0,00;Unknown;NO_MOVE_FOUND
14:38:29;2033;None;0,00;1;0,00;Unknown;NO_MOVE_FOUND
14:38:29;2034;None;0,00;1;0,00;Unknown;NO_MOVE_FOUND
14:38:29;2035;None;0,00;1;0,00;Unknown;NO_MOVE_FOUND
14:38:29;2036;None;0,00;1;0,00;Unknown;NO_MOVE_FOUND
14:38:29;2037;None;0,00;1;0,00;Unknown;NO_MOVE_FOUND
14:38:29;2038;None;0,00;1;0,00;Unknown;NO_MOVE_FOUND
14:38:29;2039;None;0,00;1;0,00;Unknown;NO_MOVE_FOUND
14:38:29;2040;None;0,00;1;0,00;Unknown;NO_MOVE_FOUND
14:38:29;2041;None;0,00;1;0,00;Unknown;NO_MOVE_FOUND
14:38:29;2042;None;0,00;1;0,00;Unknown;NO_MOVE_FOUND
14:38:29;2043;None;0,00;1;0,00;Unknown;NO_MOVE_FOUND
14:38:29;2044;None;0,00;1;0,00;Unknown;NO_MOVE_FOUND
14:38:29;2045;None;0,00;1;0,00;Unknown;NO_MOVE_FOUND
14:38:29;2046;None;0,00;1;0,00;Unknown;NO_MOVE_FOUND
14:38:29;2047;None;0,00;1;0,00;Unknown;NO_MOVE_FOUND
14:38:29;2048;None;0,00;1;0,00;Unknown;NO_MOVE_FOUND
14:38:29;2049;None;0,00;1;0,00;Unknown;NO_MOVE_FOUND
14:38:29;2050;None;0,00;1;0,00;Unknown;NO_MOVE_FOUND
14:38:29;2051;None;0,00;1;0,00;Unknown;NO_MOVE_FOUND
14:38:29;2052;None;0,00;1;0,00;Unknown;NO_MOVE_FOUND
14:38:29;2053;None;0,00;1;0,00;Unknown;NO_MOVE_FOUND
14:38:29;2054;None;0,00;1;0,00;Unknown;NO_MOVE_FOUND
14:38:29;2055;None;0,00;1;0,00;Unknown;NO_MOVE_FOUND
14:38:29;2056;None;0,00;1;0,00;Unknown;NO_MOVE_FOUND
14:38:29;2057;None;0,00;1;0,00;Unknown;NO_MOVE_FOUND
14:38:29;2058;None;0,00;1;0,00;Unknown;NO_MOVE_FOUND
14:38:29;2059;None;0,00;1;0,00;Unknown;NO_MOVE_FOUND
14:38:29;2060;None;0,00;1;0,00;Unknown;NO_MOVE_FOUND
14:38:29;2061;None;0,00;1;0,00;Unknown;NO_MOVE_FOUND
14:38:29;2062;None;0,00;1;0,00;Unknown;NO_MOVE_FOUND
14:38:29;2063;None;0,00;1;0,00;Unknown;NO_MOVE_FOUND
14:38:29;2064;None;0,00;1;0,00;Unknown;NO_MOVE_FOUND
14:38:29;2065;None;0,00;1;0,00;Unknown;NO_MOVE_FOUND
14:38:29;2066;None;0,00;1;0,00;Unknown;NO_MOVE_FOUND
14:38:29;2067;None;0,00;1;0,00;Unknown;NO_MOVE_FOUND
14:38:29;2068;None;0,00;1;0,00;Unknown;NO_MOVE_FOUND
14:38:29;2069;None;0,00;1;0,00;Unknown;NO_MOVE_FOUND
14:38:29;2070;None;0,00;1;0,00;Unknown;NO_MOVE_FOUND
14:38:29;2071;None;0,00;1;0,00;Unknown;NO_MOVE_FOUND
14:38:29;2072;None;0,00;1;0,00;Unknown;NO_MOVE_FOUND
14:38:29;2073;None;0,00;1;0,00;Unknown;NO_MOVE_FOUND
14:38:29;2074;None;0,00;1;0,00;Unknown;NO_MOVE_FOUND
14:38:29;2075;None;0,00;1;0,00;Unknown;NO_MOVE_FOUND
14:38:29;2076;None;0,00;1;0,00;Unknown;NO_MOVE_FOUND
14:38:29;2077;None;0,00;1;0,00;Unknown;NO_MOVE_FOUND
14:38:29;2078;None;0,00;1;0,00;Unknown;NO_MOVE_FOUND
14:38:29;2079;None;0,00;1;0,00;Unknown;NO_MOVE_FOUND
14:38:29;2080;None;0,00;1;0,00;Unknown;NO_MOVE_FOUND
14:38:29;2081;None;0,00;1;0,00;Unknown;NO_MOVE_FOUND
14:38:29;2082;None;0,00;1;0,00;Unknown;NO_MOVE_FOUND
14:38:29;2083;None;0,00;1;0,00;Unknown;NO_MOVE_FOUND
14:38:29;2084;None;0,00;1;0,00;Unknown;NO_MOVE_FOUND
14:38:29;2085;None;0,00;1;0,00;Unknown;NO_MOVE_FOUND
14:38:29;2086;None;0,00;1;0,00;Unknown;NO_MOVE_FOUND
14:38:29;2087;None;0,00;1;0,00;Unknown;NO_MOVE_FOUND
14:38:29;2088;None;0,00;1;0,00;Unknown;NO_MOVE_FOUND
14:38:29;2089;None;0,00;1;0,00;Unknown;NO_MOVE_FOUND
14:38:29;2090;None;0,00;1;0,00;Unknown;NO_MOVE_FOUND
14:38:29;2091;None;0,00;1;0,00;Unknown;NO_MOVE_FOUND
14:38:29;2092;None;0,00;1;0,00;Unknown;NO_MOVE_FOUND
14:38:29;2093;None;0,00;1;0,00;Unknown;NO_MOVE_FOUND
14:38:29;2094;None;0,00;1;0,00;Unknown;NO_MOVE_FOUND
14:38:29;2095;None;0,00;1;0,00;Unknown;NO_MOVE_FOUND
14:38:29;2096;None;0,00;1;0,00;Unknown;NO_MOVE_FOUND
14:38:29;2097;None;0,00;1;0,00;Unknown;NO_MOVE_FOUND
14:38:29;2098;None;0,00;1;0,00;Unknown;NO_MOVE_FOUND
14:38:29;2099;None;0,00;1;0,00;Unknown;NO_MOVE_FOUND
14:38:29;2100;None;0,00;1;0,00;Unknown;NO_MOVE_FOUND
14:38:29;2101;None;0,00;1;0,00;Unknown;NO_MOVE_FOUND
14:38:29;2102;None;0,00;1;0,00;Unknown;NO_MOVE_FOUND
14:38:29;2103;None;0,00;1;0,00;Unknown;NO_MOVE_FOUND
14:38:29;2104;None;0,00;1;0,00;Unknown;NO_MOVE_FOUND
14:38:29;2105;None;0,00;1;0,00;Unknown;NO_MOVE_FOUND
14:38:29;2106;None;0,00;1;0,00;Unknown;NO_MOVE_FOUND
14:38:29;2107;None;0,00;1;0,00;Unknown;NO_MOVE_FOUND
14:38:29;2108;None;0,00;1;0,00;Unknown;NO_MOVE_FOUND
14:38:29;2109;None;0,00;1;0,00;Unknown;NO_MOVE_FOUND
14:38:29;2110;None;0,00;1;0,00;Unknown;NO_MOVE_FOUND
14:38:29;2111;None;0,00;1;0,00;Unknown;NO_MOVE_FOUND
14:38:29;2112;None;0,00;1;0,00;Unknown;NO_MOVE_FOUND
14:38:29;2113;None;0,00;1;0,00;Unknown;NO_MOVE_FOUND
14:38:29;2114;None;0,00;1;0,00;Unknown;NO_MOVE_FOUND
14:38:29;2115;None;0,00;1;0,00;Unknown;NO_MOVE_FOUND
14:38:29;2116;None;0,00;1;0,00;Unknown;NO_MOVE_FOUND
14:38:29;2117;None;0,00;1;0,00;Unknown;NO_MOVE_FOUND
14:38:29;2118;None;0,00;1;0,00;Unknown;NO_MOVE_FOUND
14:38:29;2119;None;0,00;1;0,00;Unknown;NO_MOVE_FOUND
14:38:29;2120;None;0,00;1;0,00;Unknown;NO_MOVE_FOUND
14:38:29;2121;None;0,00;1;0,00;Unknown;NO_MOVE_FOUND
14:38:29;2122;None;0,00;1;0,00;Unknown;NO_MOVE_FOUND
14:38:29;2123;None;0,00;1;0,00;Unknown;NO_MOVE_FOUND
14:38:29;2124;None;0,00;1;0,00;Unknown;NO_MOVE_FOUND
14:38:29;2125;None;0,00;1;0,00;Unknown;NO_MOVE_FOUND
14:38:29;2126;None;0,00;1;0,00;Unknown;NO_MOVE_FOUND
14:38:29;2127;None;0,00;1;0,00;Unknown;NO_MOVE_FOUND
14:38:29;2128;None;0,00;1;0,00;Unknown;NO_MOVE_FOUND
14:38:29;2129;None;0,00;1;0,00;Unknown;NO_MOVE_FOUND
14:38:29;2130;None;0,00;1;0,00;Unknown;NO_MOVE_FOUND
14:38:29;2131;None;0,00;1;0,00;Unknown;NO_MOVE_FOUND
14:38:29;2132;None;0,00;1;0,00;Unknown;NO_MOVE_FOUND
14:38:29;2133;None;0,00;1;0,00;Unknown;NO_MOVE_FOUND
14:38:29;2134;None;0,00;1;0,00;Unknown;NO_MOVE_FOUND
14:38:29;2135;None;0,00;1;0,00;Unknown;NO_MOVE_FOUND
14:38:29;2136;None;0,00;1;0,00;Unknown;NO_MOVE_FOUND
14:38:29;2137;None;0,00;1;0,00;Unknown;NO_MOVE_FOUND
14:38:29;2138;None;0,00;1;0,00;Unknown;NO_MOVE_FOUND
14:38:29;2139;None;0,00;1;0,00;Unknown;NO_MOVE_FOUND
14:38:29;2140;None;0,00;1;0,00;Unknown;NO_MOVE_FOUND
14:38:29;2141;None;0,00;1;0,00;Unknown;NO_MOVE_FOUND
14:38:29;2142;None;0,00;1;0,00;Unknown;NO_MOVE_FOUND
14:38:29;2143;None;0,00;1;0,00;Unknown;NO_MOVE_FOUND
14:38:29;2144;None;0,00;1;0,00;Unknown;NO_MOVE_FOUND
14:38:29;2145;None;0,00;1;0,00;Unknown;NO_MOVE_FOUND
14:38:29;2146;None;0,00;1;0,00;Unknown;NO_MOVE_FOUND
14:38:29;2147;None;0,00;1;0,00;Unknown;NO_MOVE_FOUND
14:38:29;2148;None;0,00;1;0,00;Unknown;NO_MOVE_FOUND
14:38:29;2149;None;0,00;1;0,00;Unknown;NO_MOVE_FOUND
14:38:29;2150;None;0,00;1;0,00;Unknown;NO_MOVE_FOUND
14:38:29;2151;None;0,00;1;0,00;Unknown;NO_MOVE_FOUND
14:38:29;2152;None;0,00;1;0,00;Unknown;NO_MOVE_FOUND
14:38:29;2153;None;0,00;1;0,00;Unknown;NO_MOVE_FOUND
14:38:29;2154;None;0,00;1;0,00;Unknown;NO_MOVE_FOUND
14:38:29;2155;None;0,00;1;0,00;Unknown;NO_MOVE_FOUND
14:38:29;2156;None;0,00;1;0,00;Unknown;NO_MOVE_FOUND
14:38:29;2157;None;0,00;1;0,00;Unknown;NO_MOVE_FOUND
14:38:29;2158;None;0,00;1;0,00;Unknown;NO_MOVE_FOUND
14:38:29;2159;None;0,00;1;0,00;Unknown;NO_MOVE_FOUND
14:38:29;2160;None;0,00;1;0,00;Unknown;NO_MOVE_FOUND
14:38:29;2161;None;0,00;1;0,00;Unknown;NO_MOVE_FOUND
14:38:29;2162;None;0,00;1;0,00;Unknown;NO_MOVE_FOUND
14:38:29;2163;None;0,00;1;0,00;Unknown;NO_MOVE_FOUND
14:38:29;2164;None;0,00;1;0,00;Unknown;NO_MOVE_FOUND
14:38:29;2165;None;0,00;1;0,00;Unknown;NO_MOVE_FOUND
14:38:29;2166;None;0,00;1;0,00;Unknown;NO_MOVE_FOUND
14:38:29;2167;None;0,00;1;0,00;Unknown;NO_MOVE_FOUND
14:38:29;2168;None;0,00;1;0,00;Unknown;NO_MOVE_FOUND
14:38:29;2169;None;0,00;1;0,00;Unknown;NO_MOVE_FOUND
14:38:29;2170;None;0,00;1;0,00;Unknown;NO_MOVE_FOUND
14:38:29;2171;None;0,00;1;0,00;Unknown;NO_MOVE_FOUND
14:38:29;2172;None;0,00;1;0,00;Unknown;NO_MOVE_FOUND
14:38:29;2173;None;0,00;1;0,00;Unknown;NO_MOVE_FOUND
14:38:29;2174;None;0,00;1;0,00;Unknown;NO_MOVE_FOUND
14:38:29;2175;None;0,00;1;0,00;Unknown;NO_MOVE_FOUND
14:38:29;2176;None;0,00;1;0,00;Unknown;NO_MOVE_FOUND
14:38:29;2177;None;0,00;1;0,00;Unknown;NO_MOVE_FOUND
14:38:29;2178;None;0,00;1;0,00;Unknown;NO_MOVE_FOUND
14:38:29;2179;None;0,00;1;0,00;Unknown;NO_MOVE_FOUND
14:38:29;2180;None;0,00;1;0,00;Unknown;NO_MOVE_FOUND
14:38:29;2181;None;0,00;1;0,00;Unknown;NO_MOVE_FOUND
14:38:29;2182;None;0,00;1;0,00;Unknown;NO_MOVE_FOUND
14:38:29;2183;None;0,00;1;0,00;Unknown;NO_MOVE_FOUND
14:38:29;2184;None;0,00;1;0,00;Unknown;NO_MOVE_FOUND
14:38:29;2185;None;0,00;1;0,00;Unknown;NO_MOVE_FOUND
14:38:29;2186;None;0,00;1;0,00;Unknown;NO_MOVE_FOUND
14:38:29;2187;None;0,00;1;0,00;Unknown;NO_MOVE_FOUND
14:38:29;2188;None;0,00;1;0,00;Unknown;NO_MOVE_FOUND
14:38:29;2189;None;0,00;1;0,00;Unknown;NO_MOVE_FOUND
14:38:29;2190;None;0,00;1;0,00;Unknown;NO_MOVE_FOUND
14:38:29;2191;None;0,00;1;0,00;Unknown;NO_MOVE_FOUND
14:38:29;2192;None;0,00;1;0,00;Unknown;NO_MOVE_FOUND
14:38:29;2193;None;0,00;1;0,00;Unknown;NO_MOVE_FOUND
14:38:29;2194;None;0,00;1;0,00;Unknown;NO_MOVE_FOUND
14:38:29;2195;None;0,00;1;0,00;Unknown;NO_MOVE_FOUND
14:38:29;2196;None;0,00;1;0,00;Unknown;NO_MOVE_FOUND
14:38:29;2197;None;0,00;1;0,00;Unknown;NO_MOVE_FOUND
14:38:29;2198;None;0,00;1;0,00;Unknown;NO_MOVE_FOUND
14:38:29;2199;None;0,00;1;0,00;Unknown;NO_MOVE_FOUND
14:38:29;2200;None;0,00;1;0,00;Unknown;NO_MOVE_FOUND
14:38:29;2201;None;0,00;1;0,00;Unknown;NO_MOVE_FOUND
14:38:29;2202;None;0,00;1;0,00;Unknown;NO_MOVE_FOUND
14:38:29;2203;None;0,00;1;0,00;Unknown;NO_MOVE_FOUND
14:38:29;2204;None;0,00;1;0,00;Unknown;NO_MOVE_FOUND
14:38:29;2205;None;0,00;1;0,00;Unknown;NO_MOVE_FOUND
14:38:29;2206;None;0,00;1;0,00;Unknown;NO_MOVE_FOUND
14:38:29;2207;None;0,00;1;0,00;Unknown;NO_MOVE_FOUND
14:38:29;2208;None;0,00;1;0,00;Unknown;NO_MOVE_FOUND
14:38:29;2209;None;0,00;1;0,00;Unknown;NO_MOVE_FOUND
14:38:29;2210;None;0,00;1;0,00;Unknown;NO_MOVE_FOUND
14:38:29;2211;None;0,00;1;0,00;Unknown;NO_MOVE_FOUND
14:38:29;2212;None;0,00;1;0,00;Unknown;NO_MOVE_FOUND
14:38:29;2213;None;0,00;1;0,00;Unknown;NO_MOVE_FOUND
14:38:29;2214;None;0,00;1;0,00;Unknown;NO_MOVE_FOUND
14:38:29;2215;None;0,00;1;0,00;Unknown;NO_MOVE_FOUND
14:38:29;2216;None;0,00;1;0,00;Unknown;NO_MOVE_FOUND
14:38:29;2217;None;0,00;1;0,00;Unknown;NO_MOVE_FOUND
14:38:29;2218;None;0,00;1;0,00;Unknown;NO_MOVE_FOUND
14:38:29;2219;None;0,00;1;0,00;Unknown;NO_MOVE_FOUND
14:38:29;2220;None;0,00;1;0,00;Unknown;NO_MOVE_FOUND
14:38:29;2221;None;0,00;1;0,00;Unknown;NO_MOVE_FOUND
14:38:29;2222;None;0,00;1;0,00;Unknown;NO_MOVE_FOUND
14:38:29;2223;None;0,00;1;0,00;Unknown;NO_MOVE_FOUND
14:38:29;2224;None;0,00;1;0,00;Unknown;NO_MOVE_FOUND
14:38:29;2225;None;0,00;1;0,00;Unknown;NO_MOVE_FOUND
14:38:29;2226;None;0,00;1;0,00;Unknown;NO_MOVE_FOUND
14:38:29;2227;None;0,00;1;0,00;Unknown;NO_MOVE_FOUND
14:38:29;2228;None;0,00;1;0,00;Unknown;NO_MOVE_FOUND
14:38:29;2229;None;0,00;1;0,00;Unknown;NO_MOVE_FOUND
14:38:29;2230;None;0,00;1;0,00;Unknown;NO_MOVE_FOUND
14:38:29;2231;None;0,00;1;0,00;Unknown;NO_MOVE_FOUND
14:38:29;2232;None;0,00;1;0,00;Unknown;NO_MOVE_FOUND
14:38:29;2233;None;0,00;1;0,00;Unknown;NO_MOVE_FOUND
14:38:29;2234;None;0,00;1;0,00;Unknown;NO_MOVE_FOUND
14:38:29;2235;None;0,00;1;0,00;Unknown;NO_MOVE_FOUND
14:38:29;2236;None;0,00;1;0,00;Unknown;NO_MOVE_FOUND
14:38:29;2237;None;0,00;1;0,00;Unknown;NO_MOVE_FOUND
14:38:29;2238;None;0,00;1;0,00;Unknown;NO_MOVE_FOUND
14:38:29;2239;None;0,00;1;0,00;Unknown;NO_MOVE_FOUND
14:38:29;2240;None;0,00;1;0,00;Unknown;NO_MOVE_FOUND
14:38:29;2241;None;0,00;1;0,00;Unknown;NO_MOVE_FOUND
14:38:29;2242;None;0,00;1;0,00;Unknown;NO_MOVE_FOUND
14:38:29;2243;None;0,00;1;0,00;Unknown;NO_MOVE_FOUND
14:38:29;2244;None;0,00;1;0,00;Unknown;NO_MOVE_FOUND
14:38:29;2245;None;0,00;1;0,00;Unknown;NO_MOVE_FOUND
14:38:29;2246;None;0,00;1;0,00;Unknown;NO_MOVE_FOUND
14:38:30;2247;None;0,00;1;0,00;Unknown;NO_MOVE_FOUND
14:38:30;2248;None;0,00;1;0,00;Unknown;NO_MOVE_FOUND
14:38:30;2249;None;0,00;1;0,00;Unknown;NO_MOVE_FOUND
14:38:30;2250;None;0,00;1;0,00;Unknown;NO_MOVE_FOUND
14:38:30;2251;None;0,00;1;0,00;Unknown;NO_MOVE_FOUND
14:38:30;2252;None;0,00;1;0,00;Unknown;NO_MOVE_FOUND
14:38:30;2253;None;0,00;1;0,00;Unknown;NO_MOVE_FOUND
14:38:30;2254;None;0,00;1;0,00;Unknown;NO_MOVE_FOUND
14:38:30;2255;None;0,00;1;0,00;Unknown;NO_MOVE_FOUND
14:38:30;2256;None;0,00;1;0,00;Unknown;NO_MOVE_FOUND
14:38:30;2257;None;0,00;1;0,00;Unknown;NO_MOVE_FOUND
14:38:30;2258;None;0,00;1;0,00;Unknown;NO_MOVE_FOUND
14:38:30;2259;None;0,00;1;0,00;Unknown;NO_MOVE_FOUND
14:38:30;2260;None;0,00;1;0,00;Unknown;NO_MOVE_FOUND
14:38:30;2261;None;0,00;1;0,00;Unknown;NO_MOVE_FOUND
14:38:30;2262;None;0,00;1;0,00;Unknown;NO_MOVE_FOUND
14:38:30;2263;None;0,00;1;0,00;Unknown;NO_MOVE_FOUND
14:38:30;2264;None;0,00;1;0,00;Unknown;NO_MOVE_FOUND
14:38:30;2265;None;0,00;1;0,00;Unknown;NO_MOVE_FOUND
14:38:30;2266;None;0,00;1;0,00;Unknown;NO_MOVE_FOUND
14:38:30;2267;None;0,00;1;0,00;Unknown;NO_MOVE_FOUND
14:38:30;2268;None;0,00;1;0,00;Unknown;NO_MOVE_FOUND
14:38:30;2269;None;0,00;1;0,00;Unknown;NO_MOVE_FOUND
14:38:30;2270;None;0,00;1;0,00;Unknown;NO_MOVE_FOUND
14:38:30;2271;None;0,00;1;0,00;Unknown;NO_MOVE_FOUND
14:38:30;2272;None;0,00;1;0,00;Unknown;NO_MOVE_FOUND
14:38:30;2273;None;0,00;1;0,00;Unknown;NO_MOVE_FOUND
14:38:30;2274;None;0,00;1;0,00;Unknown;NO_MOVE_FOUND
14:38:30;2275;None;0,00;1;0,00;Unknown;NO_MOVE_FOUND
14:38:30;2276;None;0,00;1;0,00;Unknown;NO_MOVE_FOUND
14:38:30;2277;None;0,00;1;0,00;Unknown;NO_MOVE_FOUND
14:38:30;2278;None;0,00;1;0,00;Unknown;NO_MOVE_FOUND
14:38:30;2279;None;0,00;1;0,00;Unknown;NO_MOVE_FOUND
14:38:30;2280;None;0,00;1;0,00;Unknown;NO_MOVE_FOUND
14:38:30;2281;None;0,00;1;0,00;Unknown;NO_MOVE_FOUND
14:38:30;2282;None;0,00;1;0,00;Unknown;NO_MOVE_FOUND
14:38:30;2283;None;0,00;1;0,00;Unknown;NO_MOVE_FOUND
14:38:30;2284;None;0,00;1;0,00;Unknown;NO_MOVE_FOUND
14:38:30;2285;None;0,00;1;0,00;Unknown;NO_MOVE_FOUND
14:38:30;2286;None;0,00;1;0,00;Unknown;NO_MOVE_FOUND
14:38:30;2287;None;0,00;1;0,00;Unknown;NO_MOVE_FOUND
14:38:30;2288;None;0,00;1;0,00;Unknown;NO_MOVE_FOUND
14:38:30;2289;None;0,00;1;0,00;Unknown;NO_MOVE_FOUND
14:38:30;2290;None;0,00;1;0,00;Unknown;NO_MOVE_FOUND
14:38:30;2291;None;0,00;1;0,00;Unknown;NO_MOVE_FOUND
14:38:30;2292;None;0,00;1;0,00;Unknown;NO_MOVE_FOUND
14:38:30;2293;None;0,00;1;0,00;Unknown;NO_MOVE_FOUND
14:38:30;2294;None;0,00;1;0,00;Unknown;NO_MOVE_FOUND
14:38:30;2295;None;0,00;1;0,00;Unknown;NO_MOVE_FOUND
14:38:30;2296;None;0,00;1;0,00;Unknown;NO_MOVE_FOUND
14:38:30;2297;None;0,00;1;0,00;Unknown;NO_MOVE_FOUND
14:38:30;2298;None;0,00;1;0,00;Unknown;NO_MOVE_FOUND
14:38:30;2299;None;0,00;1;0,00;Unknown;NO_MOVE_FOUND
14:38:30;2300;None;0,00;1;0,00;Unknown;NO_MOVE_FOUND
14:38:30;2301;None;0,00;1;0,00;Unknown;NO_MOVE_FOUND
14:38:30;2302;None;0,00;1;0,00;Unknown;NO_MOVE_FOUND
14:38:30;2303;None;0,00;1;0,00;Unknown;NO_MOVE_FOUND
14:38:30;2304;None;0,00;1;0,00;Unknown;NO_MOVE_FOUND
14:38:30;2305;None;0,00;1;0,00;Unknown;NO_MOVE_FOUND
14:38:30;2306;None;0,00;1;0,00;Unknown;NO_MOVE_FOUND
14:38:30;2307;None;0,00;1;0,00;Unknown;NO_MOVE_FOUND
14:38:30;2308;None;0,00;1;0,00;Unknown;NO_MOVE_FOUND
14:38:30;2309;None;0,00;1;0,00;Unknown;NO_MOVE_FOUND
14:38:30;2310;None;0,00;1;0,00;Unknown;NO_MOVE_FOUND
14:38:30;2311;None;0,00;1;0,00;Unknown;NO_MOVE_FOUND
14:38:30;2312;None;0,00;1;0,00;Unknown;NO_MOVE_FOUND
14:38:30;2313;None;0,00;1;0,00;Unknown;NO_MOVE_FOUND
14:38:30;2314;None;0,00;1;0,00;Unknown;NO_MOVE_FOUND
14:38:30;2315;None;0,00;1;0,00;Unknown;NO_MOVE_FOUND
14:38:30;2316;None;0,00;1;0,00;Unknown;NO_MOVE_FOUND
14:38:30;2317;None;0,00;1;0,00;Unknown;NO_MOVE_FOUND
14:38:30;2318;None;0,00;1;0,00;Unknown;NO_MOVE_FOUND
14:38:30;2319;None;0,00;1;0,00;Unknown;NO_MOVE_FOUND
14:38:30;2320;None;0,00;1;0,00;Unknown;NO_MOVE_FOUND
14:38:30;2321;None;0,00;1;0,00;Unknown;NO_MOVE_FOUND
14:38:30;2322;None;0,00;1;0,00;Unknown;NO_MOVE_FOUND
14:38:30;2323;None;0,00;1;0,00;Unknown;NO_MOVE_FOUND
14:38:30;2324;None;0,00;1;0,00;Unknown;NO_MOVE_FOUND
14:38:30;2325;None;0,00;1;0,00;Unknown;NO_MOVE_FOUND
14:38:30;2326;None;0,00;1;0,00;Unknown;NO_MOVE_FOUND
14:38:30;2327;None;0,00;1;0,00;Unknown;NO_MOVE_FOUND
14:38:30;2328;None;0,00;1;0,00;Unknown;NO_MOVE_FOUND
14:38:30;2329;None;0,00;1;0,00;Unknown;NO_MOVE_FOUND
14:38:30;2330;None;0,00;1;0,00;Unknown;NO_MOVE_FOUND
14:38:30;2331;None;0,00;1;0,00;Unknown;NO_MOVE_FOUND
14:38:30;2332;None;0,00;1;0,00;Unknown;NO_MOVE_FOUND
14:38:30;2333;None;0,00;1;0,00;Unknown;NO_MOVE_FOUND
14:38:30;2334;None;0,00;1;0,00;Unknown;NO_MOVE_FOUND
14:38:30;2335;None;0,00;1;0,00;Unknown;NO_MOVE_FOUND
14:38:30;2336;None;0,00;1;0,00;Unknown;NO_MOVE_FOUND
14:38:30;2337;None;0,00;1;0,00;Unknown;NO_MOVE_FOUND
14:38:30;2338;None;0,00;1;0,00;Unknown;NO_MOVE_FOUND
14:38:30;2339;None;0,00;1;0,00;Unknown;NO_MOVE_FOUND
14:38:30;2340;None;0,00;1;0,00;Unknown;NO_MOVE_FOUND
14:38:30;2341;None;0,00;1;0,00;Unknown;NO_MOVE_FOUND
14:38:30;2342;None;0,00;1;0,00;Unknown;NO_MOVE_FOUND
14:38:30;2343;None;0,00;1;0,00;Unknown;NO_MOVE_FOUND
14:38:30;2344;None;0,00;1;0,00;Unknown;NO_MOVE_FOUND
14:38:30;2345;None;0,00;1;0,00;Unknown;NO_MOVE_FOUND
14:38:30;2346;None;0,00;1;0,00;Unknown;NO_MOVE_FOUND
14:38:30;2347;None;0,00;1;0,00;Unknown;NO_MOVE_FOUND
14:38:30;2348;None;0,00;1;0,00;Unknown;NO_MOVE_FOUND
14:38:30;2349;None;0,00;1;0,00;Unknown;NO_MOVE_FOUND
14:38:30;2350;None;0,00;1;0,00;Unknown;NO_MOVE_FOUND
14:38:30;2351;None;0,00;1;0,00;Unknown;NO_MOVE_FOUND
14:38:30;2352;None;0,00;1;0,00;Unknown;NO_MOVE_FOUND
14:38:30;2353;None;0,00;1;0,00;Unknown;NO_MOVE_FOUND
14:38:30;2354;None;0,00;1;0,00;Unknown;NO_MOVE_FOUND
14:38:30;2355;None;0,00;1;0,00;Unknown;NO_MOVE_FOUND
14:38:30;2356;None;0,00;1;0,00;Unknown;NO_MOVE_FOUND
14:38:30;2357;None;0,00;1;0,00;Unknown;NO_MOVE_FOUND
14:38:30;2358;None;0,00;1;0,00;Unknown;NO_MOVE_FOUND
14:38:30;2359;None;0,00;1;0,00;Unknown;NO_MOVE_FOUND
14:38:30;2360;None;0,00;1;0,00;Unknown;NO_MOVE_FOUND
14:38:30;2361;None;0,00;1;0,00;Unknown;NO_MOVE_FOUND
14:38:30;2362;None;0,00;1;0,00;Unknown;NO_MOVE_FOUND
14:38:30;2363;None;0,00;1;0,00;Unknown;NO_MOVE_FOUND
14:38:30;2364;None;0,00;1;0,00;Unknown;NO_MOVE_FOUND
14:38:30;2365;None;0,00;1;0,00;Unknown;NO_MOVE_FOUND
14:38:30;2366;None;0,00;1;0,00;Unknown;NO_MOVE_FOUND
14:38:30;2367;None;0,00;1;0,00;Unknown;NO_MOVE_FOUND
14:38:30;2368;None;0,00;1;0,00;Unknown;NO_MOVE_FOUND
14:38:30;2369;None;0,00;1;0,00;Unknown;NO_MOVE_FOUND
14:38:30;2370;None;0,00;1;0,00;Unknown;NO_MOVE_FOUND
14:38:30;2371;None;0,00;1;0,00;Unknown;NO_MOVE_FOUND
14:38:30;2372;None;0,00;1;0,00;Unknown;NO_MOVE_FOUND
14:38:30;2373;None;0,00;1;0,00;Unknown;NO_MOVE_FOUND
14:38:30;2374;None;0,00;1;0,00;Unknown;NO_MOVE_FOUND
14:38:30;2375;None;0,00;1;0,00;Unknown;NO_MOVE_FOUND
14:38:30;2376;None;0,00;1;0,00;Unknown;NO_MOVE_FOUND
14:38:30;2377;None;0,00;1;0,00;Unknown;NO_MOVE_FOUND
14:38:30;2378;None;0,00;1;0,00;Unknown;NO_MOVE_FOUND
14:38:30;2379;None;0,00;1;0,00;Unknown;NO_MOVE_FOUND
14:38:30;2380;None;0,00;1;0,00;Unknown;NO_MOVE_FOUND
14:38:30;2381;None;0,00;1;0,00;Unknown;NO_MOVE_FOUND
14:38:30;2382;None;0,00;1;0,00;Unknown;NO_MOVE_FOUND
14:38:30;2383;None;0,00;1;0,00;Unknown;NO_MOVE_FOUND
14:38:30;2384;None;0,00;1;0,00;Unknown;NO_MOVE_FOUND
14:38:30;2385;None;0,00;1;0,00;Unknown;NO_MOVE_FOUND
14:38:30;2386;None;0,00;1;0,00;Unknown;NO_MOVE_FOUND
14:38:30;2387;None;0,00;1;0,00;Unknown;NO_MOVE_FOUND
14:38:30;2388;None;0,00;1;0,00;Unknown;NO_MOVE_FOUND
14:38:30;2389;None;0,00;1;0,00;Unknown;NO_MOVE_FOUND
14:38:30;2390;None;0,00;1;0,00;Unknown;NO_MOVE_FOUND
14:38:30;2391;None;0,00;1;0,00;Unknown;NO_MOVE_FOUND
14:38:30;2392;None;0,00;1;0,00;Unknown;NO_MOVE_FOUND
14:38:30;2393;None;0,00;1;0,00;Unknown;NO_MOVE_FOUND
14:38:30;2394;None;0,00;1;0,00;Unknown;NO_MOVE_FOUND
14:38:30;2395;None;0,00;1;0,00;Unknown;NO_MOVE_FOUND
14:38:30;2396;None;0,00;1;0,00;Unknown;NO_MOVE_FOUND
14:38:30;2397;None;0,00;1;0,00;Unknown;NO_MOVE_FOUND
14:38:30;2398;None;0,00;1;0,00;Unknown;NO_MOVE_FOUND
14:38:30;2399;None;0,00;1;0,00;Unknown;NO_MOVE_FOUND
14:38:30;2400;None;0,00;1;0,00;Unknown;NO_MOVE_FOUND
14:38:30;2401;None;0,00;1;0,00;Unknown;NO_MOVE_FOUND
14:38:30;2402;None;0,00;1;0,00;Unknown;NO_MOVE_FOUND
14:38:30;2403;None;0,00;1;0,00;Unknown;NO_MOVE_FOUND
14:38:30;2404;None;0,00;1;0,00;Unknown;NO_MOVE_FOUND
14:38:30;2405;None;0,00;1;0,00;Unknown;NO_MOVE_FOUND
14:38:30;2406;None;0,00;1;0,00;Unknown;NO_MOVE_FOUND
14:38:30;2407;None;0,00;1;0,00;Unknown;NO_MOVE_FOUND
14:38:30;2408;None;0,00;1;0,00;Unknown;NO_MOVE_FOUND
14:38:30;2409;None;0,00;1;0,00;Unknown;NO_MOVE_FOUND
14:38:30;2410;None;0,00;1;0,00;Unknown;NO_MOVE_FOUND
14:38:30;2411;None;0,00;1;0,00;Unknown;NO_MOVE_FOUND
14:38:30;2412;None;0,00;1;0,00;Unknown;NO_MOVE_FOUND
14:38:30;2413;None;0,00;1;0,00;Unknown;NO_MOVE_FOUND
14:38:30;2414;None;0,00;1;0,00;Unknown;NO_MOVE_FOUND
14:38:30;2415;None;0,00;1;0,00;Unknown;NO_MOVE_FOUND
14:38:30;2416;None;0,00;1;0,00;Unknown;NO_MOVE_FOUND
14:38:30;2417;None;0,00;1;0,00;Unknown;NO_MOVE_FOUND
14:38:30;2418;None;0,00;1;0,00;Unknown;NO_MOVE_FOUND
14:38:30;2419;None;0,00;1;0,00;Unknown;NO_MOVE_FOUND
14:38:30;2420;None;0,00;1;0,00;Unknown;NO_MOVE_FOUND
14:38:30;2421;None;0,00;1;0,00;Unknown;NO_MOVE_FOUND
14:38:30;2422;None;0,00;1;0,00;Unknown;NO_MOVE_FOUND
14:38:30;2423;None;0,00;1;0,00;Unknown;NO_MOVE_FOUND
14:38:30;2424;None;0,00;1;0,00;Unknown;NO_MOVE_FOUND
14:38:30;2425;None;0,00;1;0,00;Unknown;NO_MOVE_FOUND
14:38:30;2426;None;0,00;1;0,00;Unknown;NO_MOVE_FOUND
14:38:30;2427;None;0,00;1;0,00;Unknown;NO_MOVE_FOUND
14:38:30;2428;None;0,00;1;0,00;Unknown;NO_MOVE_FOUND
14:38:30;2429;None;0,00;1;0,00;Unknown;NO_MOVE_FOUND
14:38:30;2430;None;0,00;1;0,00;Unknown;NO_MOVE_FOUND
14:38:30;2431;None;0,00;1;0,00;Unknown;NO_MOVE_FOUND
14:38:30;2432;None;0,00;1;0,00;Unknown;NO_MOVE_FOUND
14:38:30;2433;None;0,00;1;0,00;Unknown;NO_MOVE_FOUND
14:38:30;2434;None;0,00;1;0,00;Unknown;NO_MOVE_FOUND
14:38:30;2435;None;0,00;1;0,00;Unknown;NO_MOVE_FOUND
14:38:30;2436;None;0,00;1;0,00;Unknown;NO_MOVE_FOUND
14:38:30;2437;None;0,00;1;0,00;Unknown;NO_MOVE_FOUND
14:38:30;2438;None;0,00;1;0,00;Unknown;NO_MOVE_FOUND
14:38:30;2439;None;0,00;1;0,00;Unknown;NO_MOVE_FOUND
14:38:30;2440;None;0,00;1;0,00;Unknown;NO_MOVE_FOUND
14:38:30;2441;None;0,00;1;0,00;Unknown;NO_MOVE_FOUND
14:38:30;2442;None;0,00;1;0,00;Unknown;NO_MOVE_FOUND
14:38:30;2443;None;0,00;1;0,00;Unknown;NO_MOVE_FOUND
14:38:30;2444;None;0,00;1;0,00;Unknown;NO_MOVE_FOUND
14:38:30;2445;None;0,00;1;0,00;Unknown;NO_MOVE_FOUND
14:38:30;2446;None;0,00;1;0,00;Unknown;NO_MOVE_FOUND
14:38:30;2447;None;0,00;1;0,00;Unknown;NO_MOVE_FOUND
14:38:30;2448;None;0,00;1;0,00;Unknown;NO_MOVE_FOUND
14:38:30;2449;None;0,00;1;0,00;Unknown;NO_MOVE_FOUND
14:38:30;2450;None;0,00;1;0,00;Unknown;NO_MOVE_FOUND
14:38:30;2451;None;0,00;1;0,00;Unknown;NO_MOVE_FOUND
14:38:30;2452;None;0,00;1;0,00;Unknown;NO_MOVE_FOUND
14:38:30;2453;None;0,00;1;0,00;Unknown;NO_MOVE_FOUND
14:38:30;2454;None;0,00;1;0,00;Unknown;NO_MOVE_FOUND
14:38:30;2455;None;0,00;1;0,00;Unknown;NO_MOVE_FOUND
14:38:30;2456;None;0,00;1;0,00;Unknown;NO_MOVE_FOUND
14:38:30;2457;None;0,00;1;0,00;Unknown;NO_MOVE_FOUND
14:38:30;2458;None;0,00;1;0,00;Unknown;NO_MOVE_FOUND
14:38:30;2459;None;0,00;1;0,00;Unknown;NO_MOVE_FOUND
14:38:30;2460;None;0,00;1;0,00;Unknown;NO_MOVE_FOUND
14:38:30;2461;None;0,00;1;0,00;Unknown;NO_MOVE_FOUND
14:38:30;2462;None;0,00;1;0,00;Unknown;NO_MOVE_FOUND
14:38:30;2463;None;0,00;1;0,00;Unknown;NO_MOVE_FOUND
14:38:30;2464;None;0,00;1;0,00;Unknown;NO_MOVE_FOUND
14:38:30;2465;None;0,00;1;0,00;Unknown;NO_MOVE_FOUND
14:38:30;2466;None;0,00;1;0,00;Unknown;NO_MOVE_FOUND
14:38:30;2467;None;0,00;1;0,00;Unknown;NO_MOVE_FOUND
14:38:30;2468;None;0,00;1;0,00;Unknown;NO_MOVE_FOUND
14:38:30;2469;None;0,00;1;0,00;Unknown;NO_MOVE_FOUND
14:38:30;2470;None;0,00;1;0,00;Unknown;NO_MOVE_FOUND
14:38:30;2471;None;0,00;1;0,00;Unknown;NO_MOVE_FOUND
14:38:30;2472;None;0,00;1;0,00;Unknown;NO_MOVE_FOUND
14:38:30;2473;None;0,00;1;0,00;Unknown;NO_MOVE_FOUND
14:38:30;2474;None;0,00;1;0,00;Unknown;NO_MOVE_FOUND
14:38:30;2475;None;0,00;1;0,00;Unknown;NO_MOVE_FOUND
14:38:30;2476;None;0,00;1;0,00;Unknown;NO_MOVE_FOUND
14:38:30;2477;None;0,00;1;0,00;Unknown;NO_MOVE_FOUND
14:38:30;2478;None;0,00;1;0,00;Unknown;NO_MOVE_FOUND
14:38:30;2479;None;0,00;1;0,00;Unknown;NO_MOVE_FOUND
14:38:30;2480;None;0,00;1;0,00;Unknown;NO_MOVE_FOUND
14:38:30;2481;None;0,00;1;0,00;Unknown;NO_MOVE_FOUND
14:38:30;2482;None;0,00;1;0,00;Unknown;NO_MOVE_FOUND
14:38:30;2483;None;0,00;1;0,00;Unknown;NO_MOVE_FOUND
14:38:30;2484;None;0,00;1;0,00;Unknown;NO_MOVE_FOUND
14:38:30;2485;None;0,00;1;0,00;Unknown;NO_MOVE_FOUND
14:38:30;2486;None;0,00;1;0,00;Unknown;NO_MOVE_FOUND
14:38:30;2487;None;0,00;1;0,00;Unknown;NO_MOVE_FOUND
14:38:30;2488;None;0,00;1;0,00;Unknown;NO_MOVE_FOUND
14:38:30;2489;None;0,00;1;0,00;Unknown;NO_MOVE_FOUND
14:38:30;2490;None;0,00;1;0,00;Unknown;NO_MOVE_FOUND
14:38:30;2491;None;0,00;1;0,00;Unknown;NO_MOVE_FOUND
14:38:30;2492;None;0,00;1;0,00;Unknown;NO_MOVE_FOUND
14:38:30;2493;None;0,00;1;0,00;Unknown;NO_MOVE_FOUND
14:38:30;2494;None;0,00;1;0,00;Unknown;NO_MOVE_FOUND
14:38:30;2495;None;0,00;1;0,00;Unknown;NO_MOVE_FOUND
14:38:30;2496;None;0,00;1;0,00;Unknown;NO_MOVE_FOUND
14:38:30;2497;None;0,00;1;0,00;Unknown;NO_MOVE_FOUND
14:38:30;2498;None;0,00;1;0,00;Unknown;NO_MOVE_FOUND
14:38:30;2499;None;0,00;1;0,00;Unknown;NO_MOVE_FOUND
14:38:30;2500;None;0,00;1;0,00;Unknown;NO_MOVE_FOUND
14:38:30;2501;None;0,00;1;0,00;Unknown;NO_MOVE_FOUND
14:38:30;2502;None;0,00;1;0,00;Unknown;NO_MOVE_FOUND
14:38:30;2503;None;0,00;1;0,00;Unknown;NO_MOVE_FOUND
14:38:30;2504;None;0,00;1;0,00;Unknown;NO_MOVE_FOUND
14:38:30;2505;None;0,00;1;0,00;Unknown;NO_MOVE_FOUND
14:38:30;2506;None;0,00;1;0,00;Unknown;NO_MOVE_FOUND
14:38:30;2507;None;0,00;1;0,00;Unknown;NO_MOVE_FOUND
14:38:30;2508;None;0,00;1;0,00;Unknown;NO_MOVE_FOUND
14:38:30;2509;None;0,00;1;0,00;Unknown;NO_MOVE_FOUND
14:38:30;2510;None;0,00;1;0,00;Unknown;NO_MOVE_FOUND
14:38:30;2511;None;0,00;1;0,00;Unknown;NO_MOVE_FOUND
14:38:30;2512;None;0,00;1;0,00;Unknown;NO_MOVE_FOUND
14:38:30;2513;None;0,00;1;0,00;Unknown;NO_MOVE_FOUND
14:38:30;2514;None;0,00;1;0,00;Unknown;NO_MOVE_FOUND
14:38:30;2515;None;0,00;1;0,00;Unknown;NO_MOVE_FOUND
14:38:30;2516;None;0,00;1;0,00;Unknown;NO_MOVE_FOUND
14:38:30;2517;None;0,00;1;0,00;Unknown;NO_MOVE_FOUND
14:38:30;2518;None;0,00;1;0,00;Unknown;NO_MOVE_FOUND
14:38:30;2519;None;0,00;1;0,00;Unknown;NO_MOVE_FOUND
14:38:30;2520;None;0,00;1;0,00;Unknown;NO_MOVE_FOUND
14:38:30;2521;None;0,00;1;0,00;Unknown;NO_MOVE_FOUND
14:38:30;2522;None;0,00;1;0,00;Unknown;NO_MOVE_FOUND
14:38:30;2523;None;0,00;1;0,00;Unknown;NO_MOVE_FOUND
14:38:30;2524;None;0,00;1;0,00;Unknown;NO_MOVE_FOUND
14:38:30;2525;None;0,00;1;0,00;Unknown;NO_MOVE_FOUND
14:38:30;2526;None;0,00;1;0,00;Unknown;NO_MOVE_FOUND
14:38:30;2527;None;0,00;1;0,00;Unknown;NO_MOVE_FOUND
14:38:30;2528;None;0,00;1;0,00;Unknown;NO_MOVE_FOUND
14:38:30;2529;None;0,00;1;0,00;Unknown;NO_MOVE_FOUND
14:38:30;2530;None;0,00;1;0,00;Unknown;NO_MOVE_FOUND
14:38:30;2531;None;0,00;1;0,00;Unknown;NO_MOVE_FOUND
14:38:30;2532;None;0,00;1;0,00;Unknown;NO_MOVE_FOUND
14:38:30;2533;None;0,00;1;0,00;Unknown;NO_MOVE_FOUND
14:38:30;2534;None;0,00;1;0,00;Unknown;NO_MOVE_FOUND
14:38:30;2535;None;0,00;1;0,00;Unknown;NO_MOVE_FOUND
14:38:30;2536;None;0,00;1;0,00;Unknown;NO_MOVE_FOUND
14:38:30;2537;None;0,00;1;0,00;Unknown;NO_MOVE_FOUND
14:38:30;2538;None;0,00;1;0,00;Unknown;NO_MOVE_FOUND
14:38:30;2539;None;0,00;1;0,00;Unknown;NO_MOVE_FOUND
14:38:30;2540;None;0,00;1;0,00;Unknown;NO_MOVE_FOUND
14:38:30;2541;None;0,00;1;0,00;Unknown;NO_MOVE_FOUND
14:38:30;2542;None;0,00;1;0,00;Unknown;NO_MOVE_FOUND
14:38:30;2543;None;0,00;1;0,00;Unknown;NO_MOVE_FOUND
14:38:30;2544;None;0,00;1;0,00;Unknown;NO_MOVE_FOUND
14:38:30;2545;None;0,00;1;0,00;Unknown;NO_MOVE_FOUND
14:38:30;2546;None;0,00;1;0,00;Unknown;NO_MOVE_FOUND
14:38:30;2547;None;0,00;1;0,00;Unknown;NO_MOVE_FOUND
14:38:30;2548;None;0,00;1;0,00;Unknown;NO_MOVE_FOUND
14:38:30;2549;None;0,00;1;0,00;Unknown;NO_MOVE_FOUND
14:38:30;2550;None;0,00;1;0,00;Unknown;NO_MOVE_FOUND
14:38:30;2551;None;0,00;1;0,00;Unknown;NO_MOVE_FOUND
14:38:30;2552;None;0,00;1;0,00;Unknown;NO_MOVE_FOUND
14:38:30;2553;None;0,00;1;0,00;Unknown;NO_MOVE_FOUND
14:38:30;2554;None;0,00;1;0,00;Unknown;NO_MOVE_FOUND
14:38:30;2555;None;0,00;1;0,00;Unknown;NO_MOVE_FOUND
14:38:30;2556;None;0,00;1;0,00;Unknown;NO_MOVE_FOUND
14:38:30;2557;None;0,00;1;0,00;Unknown;NO_MOVE_FOUND
14:38:30;2558;None;0,00;1;0,00;Unknown;NO_MOVE_FOUND
14:38:30;2559;None;0,00;1;0,00;Unknown;NO_MOVE_FOUND
14:38:30;2560;None;0,00;1;0,00;Unknown;NO_MOVE_FOUND
14:38:30;2561;None;0,00;1;0,00;Unknown;NO_MOVE_FOUND
14:38:30;2562;None;0,00;1;0,00;Unknown;NO_MOVE_FOUND
14:38:30;2563;None;0,00;1;0,00;Unknown;NO_MOVE_FOUND
14:38:30;2564;None;0,00;1;0,00;Unknown;NO_MOVE_FOUND
14:38:30;2565;None;0,00;1;0,00;Unknown;NO_MOVE_FOUND
14:38:30;2566;None;0,00;1;0,00;Unknown;NO_MOVE_FOUND
14:38:30;2567;None;0,00;1;0,00;Unknown;NO_MOVE_FOUND
14:38:30;2568;None;0,00;1;0,00;Unknown;NO_MOVE_FOUND
14:38:30;2569;None;0,00;1;0,00;Unknown;NO_MOVE_FOUND
14:38:30;2570;None;0,00;1;0,00;Unknown;NO_MOVE_FOUND
14:38:30;2571;None;0,00;1;0,00;Unknown;NO_MOVE_FOUND
14:38:30;2572;None;0,00;1;0,00;Unknown;NO_MOVE_FOUND
14:38:30;2573;None;0,00;1;0,00;Unknown;NO_MOVE_FOUND
14:38:30;2574;None;0,00;1;0,00;Unknown;NO_MOVE_FOUND
14:38:30;2575;None;0,00;1;0,00;Unknown;NO_MOVE_FOUND
14:38:30;2576;None;0,00;1;0,00;Unknown;NO_MOVE_FOUND
14:38:30;2577;None;0,00;1;0,00;Unknown;NO_MOVE_FOUND
14:38:30;2578;None;0,00;1;0,00;Unknown;NO_MOVE_FOUND
14:38:30;2579;None;0,00;1;0,00;Unknown;NO_MOVE_FOUND
14:38:30;2580;None;0,00;1;0,00;Unknown;NO_MOVE_FOUND
14:38:30;2581;None;0,00;1;0,00;Unknown;NO_MOVE_FOUND
14:38:30;2582;None;0,00;1;0,00;Unknown;NO_MOVE_FOUND
14:38:30;2583;None;0,00;1;0,00;Unknown;NO_MOVE_FOUND
14:38:30;2584;None;0,00;1;0,00;Unknown;NO_MOVE_FOUND
14:38:30;2585;None;0,00;1;0,00;Unknown;NO_MOVE_FOUND
14:38:30;2586;None;0,00;1;0,00;Unknown;NO_MOVE_FOUND
14:38:30;2587;None;0,00;1;0,00;Unknown;NO_MOVE_FOUND
14:38:30;2588;None;0,00;1;0,00;Unknown;NO_MOVE_FOUND
14:38:30;2589;None;0,00;1;0,00;Unknown;NO_MOVE_FOUND
14:38:30;2590;None;0,00;1;0,00;Unknown;NO_MOVE_FOUND
14:38:30;2591;None;0,00;1;0,00;Unknown;NO_MOVE_FOUND
14:38:30;2592;None;0,00;1;0,00;Unknown;NO_MOVE_FOUND
14:38:30;2593;None;0,00;1;0,00;Unknown;NO_MOVE_FOUND
14:38:30;2594;None;0,00;1;0,00;Unknown;NO_MOVE_FOUND
14:38:30;2595;None;0,00;1;0,00;Unknown;NO_MOVE_FOUND
14:38:30;2596;None;0,00;1;0,00;Unknown;NO_MOVE_FOUND
14:38:30;2597;None;0,00;1;0,00;Unknown;NO_MOVE_FOUND
14:38:30;2598;None;0,00;1;0,00;Unknown;NO_MOVE_FOUND
14:38:31;2599;None;0,00;1;0,00;Unknown;NO_MOVE_FOUND
14:38:31;2600;None;0,00;1;0,00;Unknown;NO_MOVE_FOUND
14:38:31;2601;None;0,00;1;0,00;Unknown;NO_MOVE_FOUND
14:38:31;2602;None;0,00;1;0,00;Unknown;NO_MOVE_FOUND
14:38:31;2603;None;0,00;1;0,00;Unknown;NO_MOVE_FOUND
14:38:31;2604;None;0,00;1;0,00;Unknown;NO_MOVE_FOUND
14:38:31;2605;None;0,00;1;0,00;Unknown;NO_MOVE_FOUND
14:38:31;2606;None;0,00;1;0,00;Unknown;NO_MOVE_FOUND
14:38:31;2607;None;0,00;1;0,00;Unknown;NO_MOVE_FOUND
14:38:31;2608;None;0,00;1;0,00;Unknown;NO_MOVE_FOUND
14:38:31;2609;None;0,00;1;0,00;Unknown;NO_MOVE_FOUND
14:38:31;2610;None;0,00;1;0,00;Unknown;NO_MOVE_FOUND
14:38:31;2611;None;0,00;1;0,00;Unknown;NO_MOVE_FOUND
14:38:31;2612;None;0,00;1;0,00;Unknown;NO_MOVE_FOUND
14:38:31;2613;None;0,00;1;0,00;Unknown;NO_MOVE_FOUND
14:38:31;2614;None;0,00;1;0,00;Unknown;NO_MOVE_FOUND
14:38:31;2615;None;0,00;1;0,00;Unknown;NO_MOVE_FOUND
14:38:31;2616;None;0,00;1;0,00;Unknown;NO_MOVE_FOUND
14:38:31;2617;None;0,00;1;0,00;Unknown;NO_MOVE_FOUND
14:38:31;2618;None;0,00;1;0,00;Unknown;NO_MOVE_FOUND
14:38:31;2619;None;0,00;1;0,00;Unknown;NO_MOVE_FOUND
14:38:31;2620;None;0,00;1;0,00;Unknown;NO_MOVE_FOUND
14:38:31;2621;None;0,00;1;0,00;Unknown;NO_MOVE_FOUND
14:38:31;2622;None;0,00;1;0,00;Unknown;NO_MOVE_FOUND
14:38:31;2623;None;0,00;1;0,00;Unknown;NO_MOVE_FOUND
14:38:31;2624;None;0,00;1;0,00;Unknown;NO_MOVE_FOUND
14:38:31;2625;None;0,00;1;0,00;Unknown;NO_MOVE_FOUND
14:38:31;2626;None;0,00;1;0,00;Unknown;NO_MOVE_FOUND
14:38:31;2627;None;0,00;1;0,00;Unknown;NO_MOVE_FOUND
14:38:31;2628;None;0,00;1;0,00;Unknown;NO_MOVE_FOUND
14:38:31;2629;None;0,00;1;0,00;Unknown;NO_MOVE_FOUND
14:38:31;2630;None;0,00;1;0,00;Unknown;NO_MOVE_FOUND
14:38:31;2631;None;0,00;1;0,00;Unknown;NO_MOVE_FOUND
14:38:31;2632;None;0,00;1;0,00;Unknown;NO_MOVE_FOUND
14:38:31;2633;None;0,00;1;0,00;Unknown;NO_MOVE_FOUND
14:38:31;2634;None;0,00;1;0,00;Unknown;NO_MOVE_FOUND
14:38:31;2635;None;0,00;1;0,00;Unknown;NO_MOVE_FOUND
14:38:31;2636;None;0,00;1;0,00;Unknown;NO_MOVE_FOUND
14:38:31;2637;None;0,00;1;0,00;Unknown;NO_MOVE_FOUND
14:38:31;2638;None;0,00;1;0,00;Unknown;NO_MOVE_FOUND
14:38:31;2639;None;0,00;1;0,00;Unknown;NO_MOVE_FOUND
14:38:31;2640;None;0,00;1;0,00;Unknown;NO_MOVE_FOUND
14:38:31;2641;None;0,00;1;0,00;Unknown;NO_MOVE_FOUND
14:38:31;2642;None;0,00;1;0,00;Unknown;NO_MOVE_FOUND
14:38:31;2643;None;0,00;1;0,00;Unknown;NO_MOVE_FOUND
14:38:31;2644;None;0,00;1;0,00;Unknown;NO_MOVE_FOUND
14:38:31;2645;None;0,00;1;0,00;Unknown;NO_MOVE_FOUND
14:38:31;2646;None;0,00;1;0,00;Unknown;NO_MOVE_FOUND
14:38:31;2647;None;0,00;1;0,00;Unknown;NO_MOVE_FOUND
14:38:31;2648;None;0,00;1;0,00;Unknown;NO_MOVE_FOUND
14:38:31;2649;None;0,00;1;0,00;Unknown;NO_MOVE_FOUND
14:38:31;2650;None;0,00;1;0,00;Unknown;NO_MOVE_FOUND
14:38:31;2651;None;0,00;1;0,00;Unknown;NO_MOVE_FOUND
14:38:31;2652;None;0,00;1;0,00;Unknown;NO_MOVE_FOUND
14:38:31;2653;None;0,00;1;0,00;Unknown;NO_MOVE_FOUND
14:38:31;2654;None;0,00;1;0,00;Unknown;NO_MOVE_FOUND
14:38:31;2655;None;0,00;1;0,00;Unknown;NO_MOVE_FOUND
14:38:31;2656;None;0,00;1;0,00;Unknown;NO_MOVE_FOUND
14:38:31;2657;None;0,00;1;0,00;Unknown;NO_MOVE_FOUND
14:38:31;2658;None;0,00;1;0,00;Unknown;NO_MOVE_FOUND
14:38:31;2659;None;0,00;1;0,00;Unknown;NO_MOVE_FOUND
14:38:31;2660;None;0,00;1;0,00;Unknown;NO_MOVE_FOUND
14:38:31;2661;None;0,00;1;0,00;Unknown;NO_MOVE_FOUND
14:38:31;2662;None;0,00;1;0,00;Unknown;NO_MOVE_FOUND
14:38:31;2663;None;0,00;1;0,00;Unknown;NO_MOVE_FOUND
14:38:31;2664;None;0,00;1;0,00;Unknown;NO_MOVE_FOUND
14:38:31;2665;None;0,00;1;0,00;Unknown;NO_MOVE_FOUND
14:38:31;2666;None;0,00;1;0,00;Unknown;NO_MOVE_FOUND
14:38:31;2667;None;0,00;1;0,00;Unknown;NO_MOVE_FOUND
14:38:31;2668;None;0,00;1;0,00;Unknown;NO_MOVE_FOUND
14:38:31;2669;None;0,00;1;0,00;Unknown;NO_MOVE_FOUND
14:38:31;2670;None;0,00;1;0,00;Unknown;NO_MOVE_FOUND
14:38:31;2671;None;0,00;1;0,00;Unknown;NO_MOVE_FOUND
14:38:31;2672;None;0,00;1;0,00;Unknown;NO_MOVE_FOUND
14:38:31;2673;None;0,00;1;0,00;Unknown;NO_MOVE_FOUND
14:38:31;2674;None;0,00;1;0,00;Unknown;NO_MOVE_FOUND
14:38:31;2675;None;0,00;1;0,00;Unknown;NO_MOVE_FOUND
14:38:31;2676;None;0,00;1;0,00;Unknown;NO_MOVE_FOUND
14:38:31;2677;None;0,00;1;0,00;Unknown;NO_MOVE_FOUND
14:38:31;2678;None;0,00;1;0,00;Unknown;NO_MOVE_FOUND
14:38:31;2679;None;0,00;1;0,00;Unknown;NO_MOVE_FOUND
14:38:31;2680;None;0,00;1;0,00;Unknown;NO_MOVE_FOUND
14:38:31;2681;None;0,00;1;0,00;Unknown;NO_MOVE_FOUND
14:38:31;2682;None;0,00;1;0,00;Unknown;NO_MOVE_FOUND
14:38:31;2683;None;0,00;1;0,00;Unknown;NO_MOVE_FOUND
14:38:31;2684;None;0,00;1;0,00;Unknown;NO_MOVE_FOUND
14:38:31;2685;None;0,00;1;0,00;Unknown;NO_MOVE_FOUND
14:38:31;2686;None;0,00;1;0,00;Unknown;NO_MOVE_FOUND
14:38:31;2687;None;0,00;1;0,00;Unknown;NO_MOVE_FOUND
14:38:31;2688;None;0,00;1;0,00;Unknown;NO_MOVE_FOUND
14:38:31;2689;None;0,00;1;0,00;Unknown;NO_MOVE_FOUND
14:38:31;2690;None;0,00;1;0,00;Unknown;NO_MOVE_FOUND
14:38:31;2691;None;0,00;1;0,00;Unknown;NO_MOVE_FOUND
14:38:31;2692;None;0,00;1;0,00;Unknown;NO_MOVE_FOUND
14:38:31;2693;None;0,00;1;0,00;Unknown;NO_MOVE_FOUND
14:38:31;2694;None;0,00;1;0,00;Unknown;NO_MOVE_FOUND
14:38:31;2695;None;0,00;1;0,00;Unknown;NO_MOVE_FOUND
14:38:31;2696;None;0,00;1;0,00;Unknown;NO_MOVE_FOUND
14:38:31;2697;None;0,00;1;0,00;Unknown;NO_MOVE_FOUND
14:38:31;2698;None;0,00;1;0,00;Unknown;NO_MOVE_FOUND
14:38:31;2699;None;0,00;1;0,00;Unknown;NO_MOVE_FOUND
14:38:31;2700;None;0,00;1;0,00;Unknown;NO_MOVE_FOUND
14:38:31;2701;None;0,00;1;0,00;Unknown;NO_MOVE_FOUND
14:38:31;2702;None;0,00;1;0,00;Unknown;NO_MOVE_FOUND
14:38:31;2703;None;0,00;1;0,00;Unknown;NO_MOVE_FOUND
14:38:31;2704;None;0,00;1;0,00;Unknown;NO_MOVE_FOUND
14:38:31;2705;None;0,00;1;0,00;Unknown;NO_MOVE_FOUND
14:38:31;2706;None;0,00;1;0,00;Unknown;NO_MOVE_FOUND
14:38:31;2707;None;0,00;1;0,00;Unknown;NO_MOVE_FOUND
14:38:31;2708;None;0,00;1;0,00;Unknown;NO_MOVE_FOUND
14:38:31;2709;None;0,00;1;0,00;Unknown;NO_MOVE_FOUND
14:38:31;2710;None;0,00;1;0,00;Unknown;NO_MOVE_FOUND
14:38:31;2711;None;0,00;1;0,00;Unknown;NO_MOVE_FOUND
14:38:31;2712;None;0,00;1;0,00;Unknown;NO_MOVE_FOUND
14:38:31;2713;None;0,00;1;0,00;Unknown;NO_MOVE_FOUND
14:38:31;2714;None;0,00;1;0,00;Unknown;NO_MOVE_FOUND
14:38:31;2715;None;0,00;1;0,00;Unknown;NO_MOVE_FOUND
14:38:31;2716;None;0,00;1;0,00;Unknown;NO_MOVE_FOUND
14:38:31;2717;None;0,00;1;0,00;Unknown;NO_MOVE_FOUND
14:38:31;2718;None;0,00;1;0,00;Unknown;NO_MOVE_FOUND
14:38:31;2719;None;0,00;1;0,00;Unknown;NO_MOVE_FOUND
14:38:31;2720;None;0,00;1;0,00;Unknown;NO_MOVE_FOUND
14:38:31;2721;None;0,00;1;0,00;Unknown;NO_MOVE_FOUND
14:38:31;2722;None;0,00;1;0,00;Unknown;NO_MOVE_FOUND
14:38:31;2723;None;0,00;1;0,00;Unknown;NO_MOVE_FOUND
14:38:31;2724;None;0,00;1;0,00;Unknown;NO_MOVE_FOUND
14:38:31;2725;None;0,00;1;0,00;Unknown;NO_MOVE_FOUND
14:38:31;2726;None;0,00;1;0,00;Unknown;NO_MOVE_FOUND
14:38:31;2727;None;0,00;1;0,00;Unknown;NO_MOVE_FOUND
14:38:31;2728;None;0,00;1;0,00;Unknown;NO_MOVE_FOUND
14:38:31;2729;None;0,00;1;0,00;Unknown;NO_MOVE_FOUND
14:38:31;2730;None;0,00;1;0,00;Unknown;NO_MOVE_FOUND
14:38:31;2731;None;0,00;1;0,00;Unknown;NO_MOVE_FOUND
14:38:31;2732;None;0,00;1;0,00;Unknown;NO_MOVE_FOUND
14:38:31;2733;None;0,00;1;0,00;Unknown;NO_MOVE_FOUND
14:38:31;2734;None;0,00;1;0,00;Unknown;NO_MOVE_FOUND
14:38:31;2735;None;0,00;1;0,00;Unknown;NO_MOVE_FOUND
14:38:31;2736;None;0,00;1;0,00;Unknown;NO_MOVE_FOUND
14:38:31;2737;None;0,00;1;0,00;Unknown;NO_MOVE_FOUND
14:38:31;2738;None;0,00;1;0,00;Unknown;NO_MOVE_FOUND
14:38:31;2739;None;0,00;1;0,00;Unknown;NO_MOVE_FOUND
14:38:31;2740;None;0,00;1;0,00;Unknown;NO_MOVE_FOUND
14:38:31;2741;None;0,00;1;0,00;Unknown;NO_MOVE_FOUND
14:38:31;2742;None;0,00;1;0,00;Unknown;NO_MOVE_FOUND
14:38:31;2743;None;0,00;1;0,00;Unknown;NO_MOVE_FOUND
14:38:31;2744;None;0,00;1;0,00;Unknown;NO_MOVE_FOUND
14:38:31;2745;None;0,00;1;0,00;Unknown;NO_MOVE_FOUND
14:38:31;2746;None;0,00;1;0,00;Unknown;NO_MOVE_FOUND
14:38:31;2747;None;0,00;1;0,00;Unknown;NO_MOVE_FOUND
14:38:31;2748;None;0,00;1;0,00;Unknown;NO_MOVE_FOUND
14:38:31;2749;None;0,00;1;0,00;Unknown;NO_MOVE_FOUND
14:38:31;2750;None;0,00;1;0,00;Unknown;NO_MOVE_FOUND
14:38:31;2751;None;0,00;1;0,00;Unknown;NO_MOVE_FOUND
14:38:31;2752;None;0,00;1;0,00;Unknown;NO_MOVE_FOUND
14:38:31;2753;None;0,00;1;0,00;Unknown;NO_MOVE_FOUND
14:38:31;2754;None;0,00;1;0,00;Unknown;NO_MOVE_FOUND
14:38:31;2755;None;0,00;1;0,00;Unknown;NO_MOVE_FOUND
14:38:31;2756;None;0,00;1;0,00;Unknown;NO_MOVE_FOUND
14:38:31;2757;None;0,00;1;0,00;Unknown;NO_MOVE_FOUND
14:38:31;2758;None;0,00;1;0,00;Unknown;NO_MOVE_FOUND
14:38:31;2759;None;0,00;1;0,00;Unknown;NO_MOVE_FOUND
14:38:31;2760;None;0,00;1;0,00;Unknown;NO_MOVE_FOUND
14:38:31;2761;None;0,00;1;0,00;Unknown;NO_MOVE_FOUND
14:38:31;2762;None;0,00;1;0,00;Unknown;NO_MOVE_FOUND
14:38:31;2763;None;0,00;1;0,00;Unknown;NO_MOVE_FOUND
14:38:31;2764;None;0,00;1;0,00;Unknown;NO_MOVE_FOUND
14:38:31;2765;None;0,00;1;0,00;Unknown;NO_MOVE_FOUND
14:38:31;2766;None;0,00;1;0,00;Unknown;NO_MOVE_FOUND
14:38:31;2767;None;0,00;1;0,00;Unknown;NO_MOVE_FOUND
14:38:31;2768;None;0,00;1;0,00;Unknown;NO_MOVE_FOUND
14:38:31;2769;None;0,00;1;0,00;Unknown;NO_MOVE_FOUND
14:38:31;2770;None;0,00;1;0,00;Unknown;NO_MOVE_FOUND
14:38:31;2771;None;0,00;1;0,00;Unknown;NO_MOVE_FOUND
14:38:31;2772;None;0,00;1;0,00;Unknown;NO_MOVE_FOUND
14:38:31;2773;None;0,00;1;0,00;Unknown;NO_MOVE_FOUND
14:38:31;2774;None;0,00;1;0,00;Unknown;NO_MOVE_FOUND
14:38:31;2775;None;0,00;1;0,00;Unknown;NO_MOVE_FOUND
14:38:31;2776;None;0,00;1;0,00;Unknown;NO_MOVE_FOUND
14:38:31;2777;None;0,00;1;0,00;Unknown;NO_MOVE_FOUND
14:38:31;2778;None;0,00;1;0,00;Unknown;NO_MOVE_FOUND
14:38:31;2779;None;0,00;1;0,00;Unknown;NO_MOVE_FOUND
14:38:31;2780;None;0,00;1;0,00;Unknown;NO_MOVE_FOUND
14:38:31;2781;None;0,00;1;0,00;Unknown;NO_MOVE_FOUND
14:38:31;2782;None;0,00;1;0,00;Unknown;NO_MOVE_FOUND
14:38:31;2783;None;0,00;1;0,00;Unknown;NO_MOVE_FOUND
14:38:31;2784;None;0,00;1;0,00;Unknown;NO_MOVE_FOUND
14:38:31;2785;None;0,00;1;0,00;Unknown;NO_MOVE_FOUND
14:38:31;2786;None;0,00;1;0,00;Unknown;NO_MOVE_FOUND
14:38:31;2787;None;0,00;1;0,00;Unknown;NO_MOVE_FOUND
14:38:31;2788;None;0,00;1;0,00;Unknown;NO_MOVE_FOUND
14:38:31;2789;None;0,00;1;0,00;Unknown;NO_MOVE_FOUND
14:38:31;2790;None;0,00;1;0,00;Unknown;NO_MOVE_FOUND
14:38:31;2791;None;0,00;1;0,00;Unknown;NO_MOVE_FOUND
14:38:31;2792;None;0,00;1;0,00;Unknown;NO_MOVE_FOUND
14:38:31;2793;None;0,00;1;0,00;Unknown;NO_MOVE_FOUND
14:38:31;2794;None;0,00;1;0,00;Unknown;NO_MOVE_FOUND
14:38:31;2795;None;0,00;1;0,00;Unknown;NO_MOVE_FOUND
14:38:31;2796;None;0,00;1;0,00;Unknown;NO_MOVE_FOUND
14:38:31;2797;None;0,00;1;0,00;Unknown;NO_MOVE_FOUND
14:38:31;2798;None;0,00;1;0,00;Unknown;NO_MOVE_FOUND
14:38:31;2799;None;0,00;1;0,00;Unknown;NO_MOVE_FOUND
14:38:31;2800;None;0,00;1;0,00;Unknown;NO_MOVE_FOUND
14:38:31;2801;None;0,00;1;0,00;Unknown;NO_MOVE_FOUND
14:38:31;2802;None;0,00;1;0,00;Unknown;NO_MOVE_FOUND
14:38:31;2803;None;0,00;1;0,00;Unknown;NO_MOVE_FOUND
14:38:31;2804;None;0,00;1;0,00;Unknown;NO_MOVE_FOUND
14:38:31;2805;None;0,00;1;0,00;Unknown;NO_MOVE_FOUND
14:38:31;2806;None;0,00;1;0,00;Unknown;NO_MOVE_FOUND
14:38:31;2807;None;0,00;1;0,00;Unknown;NO_MOVE_FOUND
14:38:31;2808;None;0,00;1;0,00;Unknown;NO_MOVE_FOUND
14:38:31;2809;None;0,00;1;0,00;Unknown;NO_MOVE_FOUND
14:38:31;2810;None;0,00;1;0,00;Unknown;NO_MOVE_FOUND
14:38:31;2811;None;0,00;1;0,00;Unknown;NO_MOVE_FOUND
14:38:31;2812;None;0,00;1;0,00;Unknown;NO_MOVE_FOUND
14:38:31;2813;None;0,00;1;0,00;Unknown;NO_MOVE_FOUND
14:38:31;2814;None;0,00;1;0,00;Unknown;NO_MOVE_FOUND
14:38:31;2815;None;0,00;1;0,00;Unknown;NO_MOVE_FOUND
14:38:31;2816;None;0,00;1;0,00;Unknown;NO_MOVE_FOUND
14:38:31;2817;None;0,00;1;0,00;Unknown;NO_MOVE_FOUND
14:38:31;2818;None;0,00;1;0,00;Unknown;NO_MOVE_FOUND
14:38:31;2819;None;0,00;1;0,00;Unknown;NO_MOVE_FOUND
14:38:31;2820;None;0,00;1;0,00;Unknown;NO_MOVE_FOUND
14:38:31;2821;None;0,00;1;0,00;Unknown;NO_MOVE_FOUND
14:38:31;2822;None;0,00;1;0,00;Unknown;NO_MOVE_FOUND
14:38:31;2823;None;0,00;1;0,00;Unknown;NO_MOVE_FOUND
14:38:31;2824;None;0,00;1;0,00;Unknown;NO_MOVE_FOUND
14:38:31;2825;None;0,00;1;0,00;Unknown;NO_MOVE_FOUND
14:38:31;2826;None;0,00;1;0,00;Unknown;NO_MOVE_FOUND
14:38:31;2827;None;0,00;1;0,00;Unknown;NO_MOVE_FOUND
14:38:31;2828;None;0,00;1;0,00;Unknown;NO_MOVE_FOUND
14:38:31;2829;None;0,00;1;0,00;Unknown;NO_MOVE_FOUND
14:38:31;2830;None;0,00;1;0,00;Unknown;NO_MOVE_FOUND
14:38:31;2831;None;0,00;1;0,00;Unknown;NO_MOVE_FOUND
14:38:31;2832;None;0,00;1;0,00;Unknown;NO_MOVE_FOUND
14:38:31;2833;None;0,00;1;0,00;Unknown;NO_MOVE_FOUND
14:38:31;2834;None;0,00;1;0,00;Unknown;NO_MOVE_FOUND
14:38:31;2835;None;0,00;1;0,00;Unknown;NO_MOVE_FOUND
14:38:31;2836;None;0,00;1;0,00;Unknown;NO_MOVE_FOUND
14:38:31;2837;None;0,00;1;0,00;Unknown;NO_MOVE_FOUND
14:38:31;2838;None;0,00;1;0,00;Unknown;NO_MOVE_FOUND
14:38:31;2839;None;0,00;1;0,00;Unknown;NO_MOVE_FOUND
14:38:31;2840;None;0,00;1;0,00;Unknown;NO_MOVE_FOUND
14:38:31;2841;None;0,00;1;0,00;Unknown;NO_MOVE_FOUND
14:38:31;2842;None;0,00;1;0,00;Unknown;NO_MOVE_FOUND
14:38:31;2843;None;0,00;1;0,00;Unknown;NO_MOVE_FOUND
14:38:31;2844;None;0,00;1;0,00;Unknown;NO_MOVE_FOUND
14:38:31;2845;None;0,00;1;0,00;Unknown;NO_MOVE_FOUND
14:38:31;2846;None;0,00;1;0,00;Unknown;NO_MOVE_FOUND
14:38:31;2847;None;0,00;1;0,00;Unknown;NO_MOVE_FOUND
14:38:31;2848;None;0,00;1;0,00;Unknown;NO_MOVE_FOUND
14:38:31;2849;None;0,00;1;0,00;Unknown;NO_MOVE_FOUND
14:38:31;2850;None;0,00;1;0,00;Unknown;NO_MOVE_FOUND
14:38:31;2851;None;0,00;1;0,00;Unknown;NO_MOVE_FOUND
14:38:31;2852;None;0,00;1;0,00;Unknown;NO_MOVE_FOUND
14:38:31;2853;None;0,00;1;0,00;Unknown;NO_MOVE_FOUND
14:38:31;2854;None;0,00;1;0,00;Unknown;NO_MOVE_FOUND
14:38:31;2855;None;0,00;1;0,00;Unknown;NO_MOVE_FOUND
14:38:31;2856;None;0,00;1;0,00;Unknown;NO_MOVE_FOUND
14:38:31;2857;None;0,00;1;0,00;Unknown;NO_MOVE_FOUND
14:38:31;2858;None;0,00;1;0,00;Unknown;NO_MOVE_FOUND
14:38:31;2859;None;0,00;1;0,00;Unknown;NO_MOVE_FOUND
14:38:31;2860;None;0,00;1;0,00;Unknown;NO_MOVE_FOUND
14:38:31;2861;None;0,00;1;0,00;Unknown;NO_MOVE_FOUND
14:38:31;2862;None;0,00;1;0,00;Unknown;NO_MOVE_FOUND
14:38:31;2863;None;0,00;1;0,00;Unknown;NO_MOVE_FOUND
14:38:31;2864;None;0,00;1;0,00;Unknown;NO_MOVE_FOUND
14:38:31;2865;None;0,00;1;0,00;Unknown;NO_MOVE_FOUND
14:38:31;2866;None;0,00;1;0,00;Unknown;NO_MOVE_FOUND
14:38:31;2867;None;0,00;1;0,00;Unknown;NO_MOVE_FOUND
14:38:31;2868;None;0,00;1;0,00;Unknown;NO_MOVE_FOUND
14:38:31;2869;None;0,00;1;0,00;Unknown;NO_MOVE_FOUND
14:38:31;2870;None;0,00;1;0,00;Unknown;NO_MOVE_FOUND
14:38:31;2871;None;0,00;1;0,00;Unknown;NO_MOVE_FOUND
14:38:31;2872;None;0,00;1;0,00;Unknown;NO_MOVE_FOUND
14:38:31;2873;None;0,00;1;0,00;Unknown;NO_MOVE_FOUND
14:38:31;2874;None;0,00;1;0,00;Unknown;NO_MOVE_FOUND
14:38:31;2875;None;0,00;1;0,00;Unknown;NO_MOVE_FOUND
14:38:31;2876;None;0,00;1;0,00;Unknown;NO_MOVE_FOUND
14:38:31;2877;None;0,00;1;0,00;Unknown;NO_MOVE_FOUND
14:38:31;2878;None;0,00;1;0,00;Unknown;NO_MOVE_FOUND
14:38:31;2879;None;0,00;1;0,00;Unknown;NO_MOVE_FOUND
14:38:31;2880;None;0,00;1;0,00;Unknown;NO_MOVE_FOUND
14:38:31;2881;None;0,00;1;0,00;Unknown;NO_MOVE_FOUND
14:38:31;2882;None;0,00;1;0,00;Unknown;NO_MOVE_FOUND
14:38:31;2883;None;0,00;1;0,00;Unknown;NO_MOVE_FOUND
14:38:31;2884;None;0,00;1;0,00;Unknown;NO_MOVE_FOUND
14:38:31;2885;None;0,00;1;0,00;Unknown;NO_MOVE_FOUND
14:38:31;2886;None;0,00;1;0,00;Unknown;NO_MOVE_FOUND
14:38:31;2887;None;0,00;1;0,00;Unknown;NO_MOVE_FOUND
14:38:31;2888;None;0,00;1;0,00;Unknown;NO_MOVE_FOUND
14:38:31;2889;None;0,00;1;0,00;Unknown;NO_MOVE_FOUND
14:38:31;2890;None;0,00;1;0,00;Unknown;NO_MOVE_FOUND
14:38:31;2891;None;0,00;1;0,00;Unknown;NO_MOVE_FOUND
14:38:31;2892;None;0,00;1;0,00;Unknown;NO_MOVE_FOUND
14:38:31;2893;None;0,00;1;0,00;Unknown;NO_MOVE_FOUND
14:38:31;2894;None;0,00;1;0,00;Unknown;NO_MOVE_FOUND
14:38:31;2895;None;0,00;1;0,00;Unknown;NO_MOVE_FOUND
14:38:31;2896;None;0,00;1;0,00;Unknown;NO_MOVE_FOUND
14:38:31;2897;None;0,00;1;0,00;Unknown;NO_MOVE_FOUND
14:38:31;2898;None;0,00;1;0,00;Unknown;NO_MOVE_FOUND
14:38:31;2899;None;0,00;1;0,00;Unknown;NO_MOVE_FOUND
14:38:31;2900;None;0,00;1;0,00;Unknown;NO_MOVE_FOUND
14:38:31;2901;None;0,00;1;0,00;Unknown;NO_MOVE_FOUND
14:38:31;2902;None;0,00;1;0,00;Unknown;NO_MOVE_FOUND
14:38:31;2903;None;0,00;1;0,00;Unknown;NO_MOVE_FOUND
14:38:31;2904;None;0,00;1;0,00;Unknown;NO_MOVE_FOUND
14:38:31;2905;None;0,00;1;0,00;Unknown;NO_MOVE_FOUND
14:38:31;2906;None;0,00;1;0,00;Unknown;NO_MOVE_FOUND
14:38:31;2907;None;0,00;1;0,00;Unknown;NO_MOVE_FOUND
14:38:31;2908;None;0,00;1;0,00;Unknown;NO_MOVE_FOUND
14:38:31;2909;None;0,00;1;0,00;Unknown;NO_MOVE_FOUND
14:38:31;2910;None;0,00;1;0,00;Unknown;NO_MOVE_FOUND
14:38:31;2911;None;0,00;1;0,00;Unknown;NO_MOVE_FOUND
14:38:31;2912;None;0,00;1;0,00;Unknown;NO_MOVE_FOUND
14:38:31;2913;None;0,00;1;0,00;Unknown;NO_MOVE_FOUND
14:38:31;2914;None;0,00;1;0,00;Unknown;NO_MOVE_FOUND
14:38:31;2915;None;0,00;1;0,00;Unknown;NO_MOVE_FOUND
14:38:31;2916;None;0,00;1;0,00;Unknown;NO_MOVE_FOUND
14:38:31;2917;None;0,00;1;0,00;Unknown;NO_MOVE_FOUND
14:38:31;2918;None;0,00;1;0,00;Unknown;NO_MOVE_FOUND
14:38:31;2919;None;0,00;1;0,00;Unknown;NO_MOVE_FOUND
14:38:31;2920;None;0,00;1;0,00;Unknown;NO_MOVE_FOUND
14:38:31;2921;None;0,00;1;0,00;Unknown;NO_MOVE_FOUND
14:38:31;2922;None;0,00;1;0,00;Unknown;NO_MOVE_FOUND
14:38:31;2923;None;0,00;1;0,00;Unknown;NO_MOVE_FOUND
14:38:31;2924;None;0,00;1;0,00;Unknown;NO_MOVE_FOUND
14:38:31;2925;None;0,00;1;0,00;Unknown;NO_MOVE_FOUND
14:38:31;2926;None;0,00;1;0,00;Unknown;NO_MOVE_FOUND
14:38:31;2927;None;0,00;1;0,00;Unknown;NO_MOVE_FOUND
14:38:31;2928;None;0,00;1;0,00;Unknown;NO_MOVE_FOUND
14:38:31;2929;None;0,00;1;0,00;Unknown;NO_MOVE_FOUND
14:38:31;2930;None;0,00;1;0,00;Unknown;NO_MOVE_FOUND
14:38:31;2931;None;0,00;1;0,00;Unknown;NO_MOVE_FOUND
14:38:31;2932;None;0,00;1;0,00;Unknown;NO_MOVE_FOUND
14:38:31;2933;None;0,00;1;0,00;Unknown;NO_MOVE_FOUND
14:38:31;2934;None;0,00;1;0,00;Unknown;NO_MOVE_FOUND
14:38:31;2935;None;0,00;1;0,00;Unknown;NO_MOVE_FOUND
14:38:31;2936;None;0,00;1;0,00;Unknown;NO_MOVE_FOUND
14:38:31;2937;None;0,00;1;0,00;Unknown;NO_MOVE_FOUND
14:38:31;2938;None;0,00;1;0,00;Unknown;NO_MOVE_FOUND
14:38:31;2939;None;0,00;1;0,00;Unknown;NO_MOVE_FOUND
14:38:31;2940;None;0,00;1;0,00;Unknown;NO_MOVE_FOUND
14:38:31;2941;None;0,00;1;0,00;Unknown;NO_MOVE_FOUND
14:38:31;2942;None;0,00;1;0,00;Unknown;NO_MOVE_FOUND
14:38:31;2943;None;0,00;1;0,00;Unknown;NO_MOVE_FOUND
14:38:31;2944;None;0,00;1;0,00;Unknown;NO_MOVE_FOUND
14:38:31;2945;None;0,00;1;0,00;Unknown;NO_MOVE_FOUND
14:38:31;2946;None;0,00;1;0,00;Unknown;NO_MOVE_FOUND
14:38:31;2947;None;0,00;1;0,00;Unknown;NO_MOVE_FOUND
14:38:31;2948;None;0,00;1;0,00;Unknown;NO_MOVE_FOUND
14:38:31;2949;None;0,00;1;0,00;Unknown;NO_MOVE_FOUND
14:38:31;2950;None;0,00;1;0,00;Unknown;NO_MOVE_FOUND
14:38:31;2951;None;0,00;1;0,00;Unknown;NO_MOVE_FOUND
14:38:31;2952;None;0,00;1;0,00;Unknown;NO_MOVE_FOUND
14:38:31;2953;None;0,00;1;0,00;Unknown;NO_MOVE_FOUND
14:38:31;2954;None;0,00;1;0,00;Unknown;NO_MOVE_FOUND
14:38:31;2955;None;0,00;1;0,00;Unknown;NO_MOVE_FOUND
14:38:31;2956;None;0,00;1;0,00;Unknown;NO_MOVE_FOUND
14:38:31;2957;None;0,00;1;0,00;Unknown;NO_MOVE_FOUND
14:38:31;2958;None;0,00;1;0,00;Unknown;NO_MOVE_FOUND
14:38:31;2959;None;0,00;1;0,00;Unknown;NO_MOVE_FOUND
14:38:31;2960;None;0,00;1;0,00;Unknown;NO_MOVE_FOUND
14:38:32;2961;None;0,00;1;0,00;Unknown;NO_MOVE_FOUND
14:38:32;2962;None;0,00;1;0,00;Unknown;NO_MOVE_FOUND
14:38:32;2963;None;0,00;1;0,00;Unknown;NO_MOVE_FOUND
14:38:32;2964;None;0,00;1;0,00;Unknown;NO_MOVE_FOUND
14:38:32;2965;None;0,00;1;0,00;Unknown;NO_MOVE_FOUND
14:38:32;2966;None;0,00;1;0,00;Unknown;NO_MOVE_FOUND
14:38:32;2967;None;0,00;1;0,00;Unknown;NO_MOVE_FOUND
14:38:32;2968;None;0,00;1;0,00;Unknown;NO_MOVE_FOUND
14:38:32;2969;None;0,00;1;0,00;Unknown;NO_MOVE_FOUND
14:38:32;2970;None;0,00;1;0,00;Unknown;NO_MOVE_FOUND
14:38:32;2971;None;0,00;1;0,00;Unknown;NO_MOVE_FOUND
14:38:32;2972;None;0,00;1;0,00;Unknown;NO_MOVE_FOUND
14:38:32;2973;None;0,00;1;0,00;Unknown;NO_MOVE_FOUND
14:38:32;2974;None;0,00;1;0,00;Unknown;NO_MOVE_FOUND
14:38:32;2975;None;0,00;1;0,00;Unknown;NO_MOVE_FOUND
14:38:32;2976;None;0,00;1;0,00;Unknown;NO_MOVE_FOUND
14:38:32;2977;None;0,00;1;0,00;Unknown;NO_MOVE_FOUND
14:38:32;2978;None;0,00;1;0,00;Unknown;NO_MOVE_FOUND
14:38:32;2979;None;0,00;1;0,00;Unknown;NO_MOVE_FOUND
14:38:32;2980;None;0,00;1;0,00;Unknown;NO_MOVE_FOUND
14:38:32;2981;None;0,00;1;0,00;Unknown;NO_MOVE_FOUND
14:38:32;2982;None;0,00;1;0,00;Unknown;NO_MOVE_FOUND
14:38:32;2983;None;0,00;1;0,00;Unknown;NO_MOVE_FOUND
14:38:32;2984;None;0,00;1;0,00;Unknown;NO_MOVE_FOUND
14:38:32;2985;None;0,00;1;0,00;Unknown;NO_MOVE_FOUND
14:38:32;2986;None;0,00;1;0,00;Unknown;NO_MOVE_FOUND
14:38:32;2987;None;0,00;1;0,00;Unknown;NO_MOVE_FOUND
14:38:32;2988;None;0,00;1;0,00;Unknown;NO_MOVE_FOUND
14:38:32;2989;None;0,00;1;0,00;Unknown;NO_MOVE_FOUND
14:38:32;2990;None;0,00;1;0,00;Unknown;NO_MOVE_FOUND
14:38:32;2991;None;0,00;1;0,00;Unknown;NO_MOVE_FOUND
14:38:32;2992;None;0,00;1;0,00;Unknown;NO_MOVE_FOUND
14:38:32;2993;None;0,00;1;0,00;Unknown;NO_MOVE_FOUND
14:38:32;2994;None;0,00;1;0,00;Unknown;NO_MOVE_FOUND
14:38:32;2995;None;0,00;1;0,00;Unknown;NO_MOVE_FOUND
14:38:32;2996;None;0,00;1;0,00;Unknown;NO_MOVE_FOUND
14:38:32;2997;None;0,00;1;0,00;Unknown;NO_MOVE_FOUND
14:38:32;2998;None;0,00;1;0,00;Unknown;NO_MOVE_FOUND
14:38:32;2999;None;0,00;1;0,00;Unknown;NO_MOVE_FOUND
14:38:32;3000;None;0,00;1;0,00;Unknown;NO_MOVE_FOUND
14:38:32;3001;None;0,00;1;0,00;Unknown;NO_MOVE_FOUND
14:38:32;3002;None;0,00;1;0,00;Unknown;NO_MOVE_FOUND
14:38:32;3003;None;0,00;1;0,00;Unknown;NO_MOVE_FOUND
14:38:32;3004;None;0,00;1;0,00;Unknown;NO_MOVE_FOUND
14:38:32;3005;None;0,00;1;0,00;Unknown;NO_MOVE_FOUND
14:38:32;3006;None;0,00;1;0,00;Unknown;NO_MOVE_FOUND
14:38:32;3007;None;0,00;1;0,00;Unknown;NO_MOVE_FOUND
14:38:32;3008;None;0,00;1;0,00;Unknown;NO_MOVE_FOUND
14:38:32;3009;None;0,00;1;0,00;Unknown;NO_MOVE_FOUND
14:38:32;3010;None;0,00;1;0,00;Unknown;NO_MOVE_FOUND
14:38:32;3011;None;0,00;1;0,00;Unknown;NO_MOVE_FOUND
14:38:32;3012;None;0,00;1;0,00;Unknown;NO_MOVE_FOUND
14:38:32;3013;None;0,00;1;0,00;Unknown;NO_MOVE_FOUND
14:38:32;3014;None;0,00;1;0,00;Unknown;NO_MOVE_FOUND
14:38:32;3015;None;0,00;1;0,00;Unknown;NO_MOVE_FOUND
14:38:32;3016;None;0,00;1;0,00;Unknown;NO_MOVE_FOUND
14:38:32;3017;None;0,00;1;0,00;Unknown;NO_MOVE_FOUND
14:38:32;3018;None;0,00;1;0,00;Unknown;NO_MOVE_FOUND
14:38:32;3019;None;0,00;1;0,00;Unknown;NO_MOVE_FOUND
14:38:32;3020;None;0,00;1;0,00;Unknown;NO_MOVE_FOUND
14:38:32;3021;None;0,00;1;0,00;Unknown;NO_MOVE_FOUND
14:38:32;3022;None;0,00;1;0,00;Unknown;NO_MOVE_FOUND
14:38:32;3023;None;0,00;1;0,00;Unknown;NO_MOVE_FOUND
14:38:32;3024;None;0,00;1;0,00;Unknown;NO_MOVE_FOUND
14:38:32;3025;None;0,00;1;0,00;Unknown;NO_MOVE_FOUND
14:38:32;3026;None;0,00;1;0,00;Unknown;NO_MOVE_FOUND
14:38:32;3027;None;0,00;1;0,00;Unknown;NO_MOVE_FOUND
14:38:32;3028;None;0,00;1;0,00;Unknown;NO_MOVE_FOUND
14:38:32;3029;None;0,00;1;0,00;Unknown;NO_MOVE_FOUND
14:38:32;3030;None;0,00;1;0,00;Unknown;NO_MOVE_FOUND
14:38:32;3031;None;0,00;1;0,00;Unknown;NO_MOVE_FOUND
14:38:32;3032;None;0,00;1;0,00;Unknown;NO_MOVE_FOUND
14:38:32;3033;None;0,00;1;0,00;Unknown;NO_MOVE_FOUND
14:38:32;3034;None;0,00;1;0,00;Unknown;NO_MOVE_FOUND
14:38:32;3035;None;0,00;1;0,00;Unknown;NO_MOVE_FOUND
14:38:32;3036;None;0,00;1;0,00;Unknown;NO_MOVE_FOUND
14:38:32;3037;None;0,00;1;0,00;Unknown;NO_MOVE_FOUND
14:38:32;3038;None;0,00;1;0,00;Unknown;NO_MOVE_FOUND
14:38:32;3039;None;0,00;1;0,00;Unknown;NO_MOVE_FOUND
14:38:32;3040;None;0,00;1;0,00;Unknown;NO_MOVE_FOUND
14:38:32;3041;None;0,00;1;0,00;Unknown;NO_MOVE_FOUND
14:38:32;3042;None;0,00;1;0,00;Unknown;NO_MOVE_FOUND
14:38:32;3043;None;0,00;1;0,00;Unknown;NO_MOVE_FOUND
14:38:32;3044;None;0,00;1;0,00;Unknown;NO_MOVE_FOUND
14:38:32;3045;None;0,00;1;0,00;Unknown;NO_MOVE_FOUND
14:38:32;3046;None;0,00;1;0,00;Unknown;NO_MOVE_FOUND
14:38:32;3047;None;0,00;1;0,00;Unknown;NO_MOVE_FOUND
14:38:32;3048;None;0,00;1;0,00;Unknown;NO_MOVE_FOUND
14:38:32;3049;None;0,00;1;0,00;Unknown;NO_MOVE_FOUND
14:38:32;3050;None;0,00;1;0,00;Unknown;NO_MOVE_FOUND
14:38:32;3051;None;0,00;1;0,00;Unknown;NO_MOVE_FOUND
14:38:32;3052;None;0,00;1;0,00;Unknown;NO_MOVE_FOUND
14:38:32;3053;None;0,00;1;0,00;Unknown;NO_MOVE_FOUND
14:38:32;3054;None;0,00;1;0,00;Unknown;NO_MOVE_FOUND
14:38:32;3055;None;0,00;1;0,00;Unknown;NO_MOVE_FOUND
14:38:32;3056;None;0,00;1;0,00;Unknown;NO_MOVE_FOUND
14:38:32;3057;None;0,00;1;0,00;Unknown;NO_MOVE_FOUND
14:38:32;3058;None;0,00;1;0,00;Unknown;NO_MOVE_FOUND
14:38:32;3059;None;0,00;1;0,00;Unknown;NO_MOVE_FOUND
14:38:32;3060;None;0,00;1;0,00;Unknown;NO_MOVE_FOUND
14:38:32;3061;None;0,00;1;0,00;Unknown;NO_MOVE_FOUND
14:38:32;3062;None;0,00;1;0,00;Unknown;NO_MOVE_FOUND
14:38:32;3063;None;0,00;1;0,00;Unknown;NO_MOVE_FOUND
14:38:32;3064;None;0,00;1;0,00;Unknown;NO_MOVE_FOUND
14:38:32;3065;None;0,00;1;0,00;Unknown;NO_MOVE_FOUND
14:38:32;3066;None;0,00;1;0,00;Unknown;NO_MOVE_FOUND
14:38:32;3067;None;0,00;1;0,00;Unknown;NO_MOVE_FOUND
14:38:32;3068;None;0,00;1;0,00;Unknown;NO_MOVE_FOUND
14:38:32;3069;None;0,00;1;0,00;Unknown;NO_MOVE_FOUND
14:38:32;3070;None;0,00;1;0,00;Unknown;NO_MOVE_FOUND
14:38:32;3071;None;0,00;1;0,00;Unknown;NO_MOVE_FOUND
14:38:32;3072;None;0,00;1;0,00;Unknown;NO_MOVE_FOUND
14:38:32;3073;None;0,00;1;0,00;Unknown;NO_MOVE_FOUND
14:38:32;3074;None;0,00;1;0,00;Unknown;NO_MOVE_FOUND
14:38:32;3075;None;0,00;1;0,00;Unknown;NO_MOVE_FOUND
14:38:32;3076;None;0,00;1;0,00;Unknown;NO_MOVE_FOUND
14:38:32;3077;None;0,00;1;0,00;Unknown;NO_MOVE_FOUND
14:38:32;3078;None;0,00;1;0,00;Unknown;NO_MOVE_FOUND
14:38:32;3079;None;0,00;1;0,00;Unknown;NO_MOVE_FOUND
14:38:32;3080;None;0,00;1;0,00;Unknown;NO_MOVE_FOUND
14:38:32;3081;None;0,00;1;0,00;Unknown;NO_MOVE_FOUND
14:38:32;3082;None;0,00;1;0,00;Unknown;NO_MOVE_FOUND
14:38:32;3083;None;0,00;1;0,00;Unknown;NO_MOVE_FOUND
14:38:32;3084;None;0,00;1;0,00;Unknown;NO_MOVE_FOUND
14:38:32;3085;None;0,00;1;0,00;Unknown;NO_MOVE_FOUND
14:38:32;3086;None;0,00;1;0,00;Unknown;NO_MOVE_FOUND
14:38:32;3087;None;0,00;1;0,00;Unknown;NO_MOVE_FOUND
14:38:32;3088;None;0,00;1;0,00;Unknown;NO_MOVE_FOUND
14:38:32;3089;None;0,00;1;0,00;Unknown;NO_MOVE_FOUND
14:38:32;3090;None;0,00;1;0,00;Unknown;NO_MOVE_FOUND
14:38:32;3091;None;0,00;1;0,00;Unknown;NO_MOVE_FOUND
14:38:32;3092;None;0,00;1;0,00;Unknown;NO_MOVE_FOUND
14:38:32;3093;None;0,00;1;0,00;Unknown;NO_MOVE_FOUND
14:38:32;3094;None;0,00;1;0,00;Unknown;NO_MOVE_FOUND
14:38:32;3095;None;0,00;1;0,00;Unknown;NO_MOVE_FOUND
14:38:32;3096;None;0,00;1;0,00;Unknown;NO_MOVE_FOUND
14:38:32;3097;None;0,00;1;0,00;Unknown;NO_MOVE_FOUND
14:38:32;3098;None;0,00;1;0,00;Unknown;NO_MOVE_FOUND
14:38:32;3099;None;0,00;1;0,00;Unknown;NO_MOVE_FOUND
14:38:32;3100;None;0,00;1;0,00;Unknown;NO_MOVE_FOUND
14:38:32;3101;None;0,00;1;0,00;Unknown;NO_MOVE_FOUND
14:38:32;3102;None;0,00;1;0,00;Unknown;NO_MOVE_FOUND
14:38:32;3103;None;0,00;1;0,00;Unknown;NO_MOVE_FOUND
14:38:32;3104;None;0,00;1;0,00;Unknown;NO_MOVE_FOUND
14:38:32;3105;None;0,00;1;0,00;Unknown;NO_MOVE_FOUND
14:38:32;3106;None;0,00;1;0,00;Unknown;NO_MOVE_FOUND
14:38:32;3107;None;0,00;1;0,00;Unknown;NO_MOVE_FOUND
14:38:32;3108;None;0,00;1;0,00;Unknown;NO_MOVE_FOUND
14:38:32;3109;None;0,00;1;0,00;Unknown;NO_MOVE_FOUND
14:38:32;3110;None;0,00;1;0,00;Unknown;NO_MOVE_FOUND
14:38:32;3111;None;0,00;1;0,00;Unknown;NO_MOVE_FOUND
14:38:32;3112;None;0,00;1;0,00;Unknown;NO_MOVE_FOUND
14:38:32;3113;None;0,00;1;0,00;Unknown;NO_MOVE_FOUND
14:38:32;3114;None;0,00;1;0,00;Unknown;NO_MOVE_FOUND
14:38:32;3115;None;0,00;1;0,00;Unknown;NO_MOVE_FOUND
14:38:32;3116;None;0,00;1;0,00;Unknown;NO_MOVE_FOUND
14:38:32;3117;None;0,00;1;0,00;Unknown;NO_MOVE_FOUND
14:38:32;3118;None;0,00;1;0,00;Unknown;NO_MOVE_FOUND
14:38:32;3119;None;0,00;1;0,00;Unknown;NO_MOVE_FOUND
14:38:32;3120;None;0,00;1;0,00;Unknown;NO_MOVE_FOUND
14:38:32;3121;None;0,00;1;0,00;Unknown;NO_MOVE_FOUND
14:38:32;3122;None;0,00;1;0,00;Unknown;NO_MOVE_FOUND
14:38:32;3123;None;0,00;1;0,00;Unknown;NO_MOVE_FOUND
14:38:32;3124;None;0,00;1;0,00;Unknown;NO_MOVE_FOUND
14:38:32;3125;None;0,00;1;0,00;Unknown;NO_MOVE_FOUND
14:38:32;3126;None;0,00;1;0,00;Unknown;NO_MOVE_FOUND
14:38:32;3127;None;0,00;1;0,00;Unknown;NO_MOVE_FOUND
14:38:32;3128;None;0,00;1;0,00;Unknown;NO_MOVE_FOUND
14:38:32;3129;None;0,00;1;0,00;Unknown;NO_MOVE_FOUND
14:38:32;3130;None;0,00;1;0,00;Unknown;NO_MOVE_FOUND
14:38:32;3131;None;0,00;1;0,00;Unknown;NO_MOVE_FOUND
14:38:32;3132;None;0,00;1;0,00;Unknown;NO_MOVE_FOUND
14:38:32;3133;None;0,00;1;0,00;Unknown;NO_MOVE_FOUND
14:38:32;3134;None;0,00;1;0,00;Unknown;NO_MOVE_FOUND
14:38:32;3135;None;0,00;1;0,00;Unknown;NO_MOVE_FOUND
14:38:32;3136;None;0,00;1;0,00;Unknown;NO_MOVE_FOUND
14:38:32;3137;None;0,00;1;0,00;Unknown;NO_MOVE_FOUND
14:38:32;3138;None;0,00;1;0,00;Unknown;NO_MOVE_FOUND
14:38:32;3139;None;0,00;1;0,00;Unknown;NO_MOVE_FOUND
14:38:32;3140;None;0,00;1;0,00;Unknown;NO_MOVE_FOUND
14:38:32;3141;None;0,00;1;0,00;Unknown;NO_MOVE_FOUND
14:38:32;3142;None;0,00;1;0,00;Unknown;NO_MOVE_FOUND
14:38:32;3143;None;0,00;1;0,00;Unknown;NO_MOVE_FOUND
14:38:32;3144;None;0,00;1;0,00;Unknown;NO_MOVE_FOUND
14:38:32;3145;None;0,00;1;0,00;Unknown;NO_MOVE_FOUND
14:38:32;3146;None;0,00;1;0,00;Unknown;NO_MOVE_FOUND
14:38:32;3147;None;0,00;1;0,00;Unknown;NO_MOVE_FOUND
14:38:32;3148;None;0,00;1;0,00;Unknown;NO_MOVE_FOUND
14:38:32;3149;None;0,00;1;0,00;Unknown;NO_MOVE_FOUND
14:38:32;3150;None;0,00;1;0,00;Unknown;NO_MOVE_FOUND
14:38:32;3151;None;0,00;1;0,00;Unknown;NO_MOVE_FOUND
14:38:32;3152;None;0,00;1;0,00;Unknown;NO_MOVE_FOUND
14:38:32;3153;None;0,00;1;0,00;Unknown;NO_MOVE_FOUND
14:38:32;3154;None;0,00;1;0,00;Unknown;NO_MOVE_FOUND
14:38:32;3155;None;0,00;1;0,00;Unknown;NO_MOVE_FOUND
14:38:32;3156;None;0,00;1;0,00;Unknown;NO_MOVE_FOUND
14:38:32;3157;None;0,00;1;0,00;Unknown;NO_MOVE_FOUND
14:38:32;3158;None;0,00;1;0,00;Unknown;NO_MOVE_FOUND
14:38:32;3159;None;0,00;1;0,00;Unknown;NO_MOVE_FOUND
14:38:32;3160;None;0,00;1;0,00;Unknown;NO_MOVE_FOUND
14:38:32;3161;None;0,00;1;0,00;Unknown;NO_MOVE_FOUND
14:38:32;3162;None;0,00;1;0,00;Unknown;NO_MOVE_FOUND
14:38:32;3163;None;0,00;1;0,00;Unknown;NO_MOVE_FOUND
14:38:32;3164;None;0,00;1;0,00;Unknown;NO_MOVE_FOUND
14:38:32;3165;None;0,00;1;0,00;Unknown;NO_MOVE_FOUND
14:38:32;3166;None;0,00;1;0,00;Unknown;NO_MOVE_FOUND
14:38:32;3167;None;0,00;1;0,00;Unknown;NO_MOVE_FOUND
14:38:32;3168;None;0,00;1;0,00;Unknown;NO_MOVE_FOUND
14:38:32;3169;None;0,00;1;0,00;Unknown;NO_MOVE_FOUND
14:38:32;3170;None;0,00;1;0,00;Unknown;NO_MOVE_FOUND
14:38:32;3171;None;0,00;1;0,00;Unknown;NO_MOVE_FOUND
14:38:32;3172;None;0,00;1;0,00;Unknown;NO_MOVE_FOUND
14:38:32;3173;None;0,00;1;0,00;Unknown;NO_MOVE_FOUND
14:38:32;3174;None;0,00;1;0,00;Unknown;NO_MOVE_FOUND
14:38:32;3175;None;0,00;1;0,00;Unknown;NO_MOVE_FOUND
14:38:32;3176;None;0,00;1;0,00;Unknown;NO_MOVE_FOUND
14:38:32;3177;None;0,00;1;0,00;Unknown;NO_MOVE_FOUND
14:38:32;3178;None;0,00;1;0,00;Unknown;NO_MOVE_FOUND
14:38:32;3179;None;0,00;1;0,00;Unknown;NO_MOVE_FOUND
14:38:32;3180;None;0,00;1;0,00;Unknown;NO_MOVE_FOUND
14:38:32;3181;None;0,00;1;0,00;Unknown;NO_MOVE_FOUND
14:38:32;3182;None;0,00;1;0,00;Unknown;NO_MOVE_FOUND
14:38:32;3183;None;0,00;1;0,00;Unknown;NO_MOVE_FOUND
14:38:32;3184;None;0,00;1;0,00;Unknown;NO_MOVE_FOUND
14:38:32;3185;None;0,00;1;0,00;Unknown;NO_MOVE_FOUND
14:38:32;3186;None;0,00;1;0,00;Unknown;NO_MOVE_FOUND
14:38:32;3187;None;0,00;1;0,00;Unknown;NO_MOVE_FOUND
14:38:32;3188;None;0,00;1;0,00;Unknown;NO_MOVE_FOUND
14:38:32;3189;None;0,00;1;0,00;Unknown;NO_MOVE_FOUND
14:38:32;3190;None;0,00;1;0,00;Unknown;NO_MOVE_FOUND
14:38:32;3191;None;0,00;1;0,00;Unknown;NO_MOVE_FOUND
14:38:32;3192;None;0,00;1;0,00;Unknown;NO_MOVE_FOUND
14:38:32;3193;None;0,00;1;0,00;Unknown;NO_MOVE_FOUND
14:38:32;3194;None;0,00;1;0,00;Unknown;NO_MOVE_FOUND
14:38:32;3195;None;0,00;1;0,00;Unknown;NO_MOVE_FOUND
14:38:32;3196;None;0,00;1;0,00;Unknown;NO_MOVE_FOUND
14:38:32;3197;None;0,00;1;0,00;Unknown;NO_MOVE_FOUND
14:38:32;3198;None;0,00;1;0,00;Unknown;NO_MOVE_FOUND
14:38:32;3199;None;0,00;1;0,00;Unknown;NO_MOVE_FOUND
14:38:32;3200;None;0,00;1;0,00;Unknown;NO_MOVE_FOUND
14:38:32;3201;None;0,00;1;0,00;Unknown;NO_MOVE_FOUND
14:38:32;3202;None;0,00;1;0,00;Unknown;NO_MOVE_FOUND
14:38:32;3203;None;0,00;1;0,00;Unknown;NO_MOVE_FOUND
14:38:32;3204;None;0,00;1;0,00;Unknown;NO_MOVE_FOUND
14:38:32;3205;None;0,00;1;0,00;Unknown;NO_MOVE_FOUND
14:38:32;3206;None;0,00;1;0,00;Unknown;NO_MOVE_FOUND
14:38:32;3207;None;0,00;1;0,00;Unknown;NO_MOVE_FOUND
14:38:32;3208;None;0,00;1;0,00;Unknown;NO_MOVE_FOUND
14:38:32;3209;None;0,00;1;0,00;Unknown;NO_MOVE_FOUND
14:38:32;3210;None;0,00;1;0,00;Unknown;NO_MOVE_FOUND
14:38:32;3211;None;0,00;1;0,00;Unknown;NO_MOVE_FOUND
14:38:32;3212;None;0,00;1;0,00;Unknown;NO_MOVE_FOUND
14:38:32;3213;None;0,00;1;0,00;Unknown;NO_MOVE_FOUND
14:38:32;3214;None;0,00;1;0,00;Unknown;NO_MOVE_FOUND
14:38:32;3215;None;0,00;1;0,00;Unknown;NO_MOVE_FOUND
14:38:32;3216;None;0,00;1;0,00;Unknown;NO_MOVE_FOUND
14:38:32;3217;None;0,00;1;0,00;Unknown;NO_MOVE_FOUND
14:38:32;3218;None;0,00;1;0,00;Unknown;NO_MOVE_FOUND
14:38:32;3219;None;0,00;1;0,00;Unknown;NO_MOVE_FOUND
14:38:32;3220;None;0,00;1;0,00;Unknown;NO_MOVE_FOUND
14:38:32;3221;None;0,00;1;0,00;Unknown;NO_MOVE_FOUND
14:38:32;3222;None;0,00;1;0,00;Unknown;NO_MOVE_FOUND
14:38:32;3223;None;0,00;1;0,00;Unknown;NO_MOVE_FOUND
14:38:32;3224;None;0,00;1;0,00;Unknown;NO_MOVE_FOUND
14:38:32;3225;None;0,00;1;0,00;Unknown;NO_MOVE_FOUND
14:38:32;3226;None;0,00;1;0,00;Unknown;NO_MOVE_FOUND
14:38:32;3227;None;0,00;1;0,00;Unknown;NO_MOVE_FOUND
14:38:32;3228;None;0,00;1;0,00;Unknown;NO_MOVE_FOUND
14:38:32;3229;None;0,00;1;0,00;Unknown;NO_MOVE_FOUND
14:38:32;3230;None;0,00;1;0,00;Unknown;NO_MOVE_FOUND
14:38:32;3231;None;0,00;1;0,00;Unknown;NO_MOVE_FOUND
14:38:32;3232;None;0,00;1;0,00;Unknown;NO_MOVE_FOUND
14:38:32;3233;None;0,00;1;0,00;Unknown;NO_MOVE_FOUND
14:38:32;3234;None;0,00;1;0,00;Unknown;NO_MOVE_FOUND
14:38:32;3235;None;0,00;1;0,00;Unknown;NO_MOVE_FOUND
14:38:32;3236;None;0,00;1;0,00;Unknown;NO_MOVE_FOUND
14:38:32;3237;None;0,00;1;0,00;Unknown;NO_MOVE_FOUND
14:38:32;3238;None;0,00;1;0,00;Unknown;NO_MOVE_FOUND
14:38:32;3239;None;0,00;1;0,00;Unknown;NO_MOVE_FOUND
14:38:32;3240;None;0,00;1;0,00;Unknown;NO_MOVE_FOUND
14:38:32;3241;None;0,00;1;0,00;Unknown;NO_MOVE_FOUND
14:38:32;3242;None;0,00;1;0,00;Unknown;NO_MOVE_FOUND
14:38:32;3243;None;0,00;1;0,00;Unknown;NO_MOVE_FOUND
14:38:32;3244;None;0,00;1;0,00;Unknown;NO_MOVE_FOUND
14:38:32;3245;None;0,00;1;0,00;Unknown;NO_MOVE_FOUND
14:38:32;3246;None;0,00;1;0,00;Unknown;NO_MOVE_FOUND
14:38:32;3247;None;0,00;1;0,00;Unknown;NO_MOVE_FOUND
14:38:32;3248;None;0,00;1;0,00;Unknown;NO_MOVE_FOUND
14:38:32;3249;None;0,00;1;0,00;Unknown;NO_MOVE_FOUND
14:38:32;3250;None;0,00;1;0,00;Unknown;NO_MOVE_FOUND
14:38:32;3251;None;0,00;1;0,00;Unknown;NO_MOVE_FOUND
14:38:32;3252;None;0,00;1;0,00;Unknown;NO_MOVE_FOUND
14:38:32;3253;None;0,00;1;0,00;Unknown;NO_MOVE_FOUND
14:38:32;3254;None;0,00;1;0,00;Unknown;NO_MOVE_FOUND
14:38:32;3255;None;0,00;1;0,00;Unknown;NO_MOVE_FOUND
14:38:32;3256;None;0,00;1;0,00;Unknown;NO_MOVE_FOUND
14:38:32;3257;None;0,00;1;0,00;Unknown;NO_MOVE_FOUND
14:38:32;3258;None;0,00;1;0,00;Unknown;NO_MOVE_FOUND
14:38:32;3259;None;0,00;1;0,00;Unknown;NO_MOVE_FOUND
14:38:32;3260;None;0,00;1;0,00;Unknown;NO_MOVE_FOUND
14:38:32;3261;None;0,00;1;0,00;Unknown;NO_MOVE_FOUND
14:38:32;3262;None;0,00;1;0,00;Unknown;NO_MOVE_FOUND
14:38:32;3263;None;0,00;1;0,00;Unknown;NO_MOVE_FOUND
14:38:32;3264;None;0,00;1;0,00;Unknown;NO_MOVE_FOUND
14:38:32;3265;None;0,00;1;0,00;Unknown;NO_MOVE_FOUND
14:38:32;3266;None;0,00;1;0,00;Unknown;NO_MOVE_FOUND
14:38:32;3267;None;0,00;1;0,00;Unknown;NO_MOVE_FOUND
14:38:32;3268;None;0,00;1;0,00;Unknown;NO_MOVE_FOUND
14:38:32;3269;None;0,00;1;0,00;Unknown;NO_MOVE_FOUND
14:38:32;3270;None;0,00;1;0,00;Unknown;NO_MOVE_FOUND
14:38:32;3271;None;0,00;1;0,00;Unknown;NO_MOVE_FOUND
14:38:32;3272;None;0,00;1;0,00;Unknown;NO_MOVE_FOUND
14:38:32;3273;None;0,00;1;0,00;Unknown;NO_MOVE_FOUND
14:38:32;3274;None;0,00;1;0,00;Unknown;NO_MOVE_FOUND
14:38:32;3275;None;0,00;1;0,00;Unknown;NO_MOVE_FOUND
14:38:32;3276;None;0,00;1;0,00;Unknown;NO_MOVE_FOUND
14:38:32;3277;None;0,00;1;0,00;Unknown;NO_MOVE_FOUND
14:38:32;3278;None;0,00;1;0,00;Unknown;NO_MOVE_FOUND
14:38:32;3279;None;0,00;1;0,00;Unknown;NO_MOVE_FOUND
14:38:32;3280;None;0,00;1;0,00;Unknown;NO_MOVE_FOUND
14:38:32;3281;None;0,00;1;0,00;Unknown;NO_MOVE_FOUND
14:38:32;3282;None;0,00;1;0,00;Unknown;NO_MOVE_FOUND
14:38:32;3283;None;0,00;1;0,00;Unknown;NO_MOVE_FOUND
14:38:32;3284;None;0,00;1;0,00;Unknown;NO_MOVE_FOUND
14:38:32;3285;None;0,00;1;0,00;Unknown;NO_MOVE_FOUND
14:38:32;3286;None;0,00;1;0,00;Unknown;NO_MOVE_FOUND
14:38:32;3287;None;0,00;1;0,00;Unknown;NO_MOVE_FOUND
14:38:32;3288;None;0,00;1;0,00;Unknown;NO_MOVE_FOUND
14:38:32;3289;None;0,00;1;0,00;Unknown;NO_MOVE_FOUND
14:38:32;3290;None;0,00;1;0,00;Unknown;NO_MOVE_FOUND
14:38:32;3291;None;0,00;1;0,00;Unknown;NO_MOVE_FOUND
14:38:32;3292;None;0,00;1;0,00;Unknown;NO_MOVE_FOUND
14:38:32;3293;None;0,00;1;0,00;Unknown;NO_MOVE_FOUND
14:38:32;3294;None;0,00;1;0,00;Unknown;NO_MOVE_FOUND
14:38:32;3295;None;0,00;1;0,00;Unknown;NO_MOVE_FOUND
14:38:32;3296;None;0,00;1;0,00;Unknown;NO_MOVE_FOUND
14:38:32;3297;None;0,00;1;0,00;Unknown;NO_MOVE_FOUND
14:38:32;3298;None;0,00;1;0,00;Unknown;NO_MOVE_FOUND
14:38:32;3299;None;0,00;1;0,00;Unknown;NO_MOVE_FOUND
14:38:32;3300;None;0,00;1;0,00;Unknown;NO_MOVE_FOUND
14:38:32;3301;None;0,00;1;0,00;Unknown;NO_MOVE_FOUND
14:38:32;3302;None;0,00;1;0,00;Unknown;NO_MOVE_FOUND
14:38:32;3303;None;0,00;1;0,00;Unknown;NO_MOVE_FOUND
14:38:32;3304;None;0,00;1;0,00;Unknown;NO_MOVE_FOUND
14:38:32;3305;None;0,00;1;0,00;Unknown;NO_MOVE_FOUND
14:38:32;3306;None;0,00;1;0,00;Unknown;NO_MOVE_FOUND
14:38:32;3307;None;0,00;1;0,00;Unknown;NO_MOVE_FOUND
14:38:32;3308;None;0,00;1;0,00;Unknown;NO_MOVE_FOUND
14:38:32;3309;None;0,00;1;0,00;Unknown;NO_MOVE_FOUND
14:38:32;3310;None;0,00;1;0,00;Unknown;NO_MOVE_FOUND
14:38:32;3311;None;0,00;1;0,00;Unknown;NO_MOVE_FOUND
14:38:32;3312;None;0,00;1;0,00;Unknown;NO_MOVE_FOUND
14:38:32;3313;None;0,00;1;0,00;Unknown;NO_MOVE_FOUND
14:38:32;3314;None;0,00;1;0,00;Unknown;NO_MOVE_FOUND
14:38:32;3315;None;0,00;1;0,00;Unknown;NO_MOVE_FOUND
14:38:32;3316;None;0,00;1;0,00;Unknown;NO_MOVE_FOUND
14:38:32;3317;None;0,00;1;0,00;Unknown;NO_MOVE_FOUND
14:38:32;3318;None;0,00;1;0,00;Unknown;NO_MOVE_FOUND
14:38:32;3319;None;0,00;1;0,00;Unknown;NO_MOVE_FOUND
14:38:32;3320;None;0,00;1;0,00;Unknown;NO_MOVE_FOUND
14:38:32;3321;None;0,00;1;0,00;Unknown;NO_MOVE_FOUND
14:38:32;3322;None;0,00;1;0,00;Unknown;NO_MOVE_FOUND
14:38:32;3323;None;0,00;1;0,00;Unknown;NO_MOVE_FOUND
14:38:32;3324;None;0,00;1;0,00;Unknown;NO_MOVE_FOUND
14:38:32;3325;None;0,00;1;0,00;Unknown;NO_MOVE_FOUND
14:38:32;3326;None;0,00;1;0,00;Unknown;NO_MOVE_FOUND
14:38:32;3327;None;0,00;1;0,00;Unknown;NO_MOVE_FOUND
14:38:32;3328;None;0,00;1;0,00;Unknown;NO_MOVE_FOUND
14:38:33;3329;None;0,00;1;0,00;Unknown;NO_MOVE_FOUND
14:38:33;3330;None;0,00;1;0,00;Unknown;NO_MOVE_FOUND
14:38:33;3331;None;0,00;1;0,00;Unknown;NO_MOVE_FOUND
14:38:33;3332;None;0,00;1;0,00;Unknown;NO_MOVE_FOUND
14:38:33;3333;None;0,00;1;0,00;Unknown;NO_MOVE_FOUND
14:38:33;3334;None;0,00;1;0,00;Unknown;NO_MOVE_FOUND
14:38:33;3335;None;0,00;1;0,00;Unknown;NO_MOVE_FOUND
14:38:33;3336;None;0,00;1;0,00;Unknown;NO_MOVE_FOUND
14:38:33;3337;None;0,00;1;0,00;Unknown;NO_MOVE_FOUND
14:38:33;3338;None;0,00;1;0,00;Unknown;NO_MOVE_FOUND
14:38:33;3339;None;0,00;1;0,00;Unknown;NO_MOVE_FOUND
14:38:33;3340;None;0,00;1;0,00;Unknown;NO_MOVE_FOUND
14:38:33;3341;None;0,00;1;0,00;Unknown;NO_MOVE_FOUND
14:38:33;3342;None;0,00;1;0,00;Unknown;NO_MOVE_FOUND
14:38:33;3343;None;0,00;1;0,00;Unknown;NO_MOVE_FOUND
14:38:33;3344;None;0,00;1;0,00;Unknown;NO_MOVE_FOUND
14:38:33;3345;None;0,00;1;0,00;Unknown;NO_MOVE_FOUND
14:38:33;3346;None;0,00;1;0,00;Unknown;NO_MOVE_FOUND
14:38:33;3347;None;0,00;1;0,00;Unknown;NO_MOVE_FOUND
14:38:33;3348;None;0,00;1;0,00;Unknown;NO_MOVE_FOUND
14:38:33;3349;None;0,00;1;0,00;Unknown;NO_MOVE_FOUND
14:38:33;3350;None;0,00;1;0,00;Unknown;NO_MOVE_FOUND
14:38:33;3351;None;0,00;1;0,00;Unknown;NO_MOVE_FOUND
14:38:33;3352;None;0,00;1;0,00;Unknown;NO_MOVE_FOUND
14:38:33;3353;None;0,00;1;0,00;Unknown;NO_MOVE_FOUND
14:38:33;3354;None;0,00;1;0,00;Unknown;NO_MOVE_FOUND
14:38:33;3355;None;0,00;1;0,00;Unknown;NO_MOVE_FOUND
14:38:33;3356;None;0,00;1;0,00;Unknown;NO_MOVE_FOUND
14:38:33;3357;None;0,00;1;0,00;Unknown;NO_MOVE_FOUND
14:38:33;3358;None;0,00;1;0,00;Unknown;NO_MOVE_FOUND
14:38:33;3359;None;0,00;1;0,00;Unknown;NO_MOVE_FOUND
14:38:33;3360;None;0,00;1;0,00;Unknown;NO_MOVE_FOUND
14:38:33;3361;None;0,00;1;0,00;Unknown;NO_MOVE_FOUND
14:38:33;3362;None;0,00;1;0,00;Unknown;NO_MOVE_FOUND
14:38:33;3363;None;0,00;1;0,00;Unknown;NO_MOVE_FOUND
14:38:33;3364;None;0,00;1;0,00;Unknown;NO_MOVE_FOUND
14:38:33;3365;None;0,00;1;0,00;Unknown;NO_MOVE_FOUND
14:38:33;3366;None;0,00;1;0,00;Unknown;NO_MOVE_FOUND
14:38:33;3367;None;0,00;1;0,00;Unknown;NO_MOVE_FOUND
14:38:33;3368;None;0,00;1;0,00;Unknown;NO_MOVE_FOUND
14:38:33;3369;None;0,00;1;0,00;Unknown;NO_MOVE_FOUND
14:38:33;3370;None;0,00;1;0,00;Unknown;NO_MOVE_FOUND
14:38:33;3371;None;0,00;1;0,00;Unknown;NO_MOVE_FOUND
14:38:33;3372;None;0,00;1;0,00;Unknown;NO_MOVE_FOUND
14:38:33;3373;None;0,00;1;0,00;Unknown;NO_MOVE_FOUND
14:38:33;3374;None;0,00;1;0,00;Unknown;NO_MOVE_FOUND
14:38:33;3375;None;0,00;1;0,00;Unknown;NO_MOVE_FOUND
14:38:33;3376;None;0,00;1;0,00;Unknown;NO_MOVE_FOUND
14:38:33;3377;None;0,00;1;0,00;Unknown;NO_MOVE_FOUND
14:38:33;3378;None;0,00;1;0,00;Unknown;NO_MOVE_FOUND
14:38:33;3379;None;0,00;1;0,00;Unknown;NO_MOVE_FOUND
14:38:33;3380;None;0,00;1;0,00;Unknown;NO_MOVE_FOUND
14:38:33;3381;None;0,00;1;0,00;Unknown;NO_MOVE_FOUND
14:38:33;3382;None;0,00;1;0,00;Unknown;NO_MOVE_FOUND
14:38:33;3383;None;0,00;1;0,00;Unknown;NO_MOVE_FOUND
14:38:33;3384;None;0,00;1;0,00;Unknown;NO_MOVE_FOUND
14:38:33;3385;None;0,00;1;0,00;Unknown;NO_MOVE_FOUND
14:38:33;3386;None;0,00;1;0,00;Unknown;NO_MOVE_FOUND
14:38:33;3387;None;0,00;1;0,00;Unknown;NO_MOVE_FOUND
14:38:33;3388;None;0,00;1;0,00;Unknown;NO_MOVE_FOUND
14:38:33;3389;None;0,00;1;0,00;Unknown;NO_MOVE_FOUND
14:38:33;3390;None;0,00;1;0,00;Unknown;NO_MOVE_FOUND
14:38:33;3391;None;0,00;1;0,00;Unknown;NO_MOVE_FOUND
14:38:33;3392;None;0,00;1;0,00;Unknown;NO_MOVE_FOUND
14:38:33;3393;None;0,00;1;0,00;Unknown;NO_MOVE_FOUND
14:38:33;3394;None;0,00;1;0,00;Unknown;NO_MOVE_FOUND
14:38:33;3395;None;0,00;1;0,00;Unknown;NO_MOVE_FOUND
14:38:33;3396;None;0,00;1;0,00;Unknown;NO_MOVE_FOUND
14:38:33;3397;None;0,00;1;0,00;Unknown;NO_MOVE_FOUND
14:38:33;3398;None;0,00;1;0,00;Unknown;NO_MOVE_FOUND
14:38:33;3399;None;0,00;1;0,00;Unknown;NO_MOVE_FOUND
14:38:33;3400;None;0,00;1;0,00;Unknown;NO_MOVE_FOUND
14:38:33;3401;None;0,00;1;0,00;Unknown;NO_MOVE_FOUND
14:38:33;3402;None;0,00;1;0,00;Unknown;NO_MOVE_FOUND
14:38:33;3403;None;0,00;1;0,00;Unknown;NO_MOVE_FOUND
14:38:33;3404;None;0,00;1;0,00;Unknown;NO_MOVE_FOUND
14:38:33;3405;None;0,00;1;0,00;Unknown;NO_MOVE_FOUND
14:38:33;3406;None;0,00;1;0,00;Unknown;NO_MOVE_FOUND
14:38:33;3407;None;0,00;1;0,00;Unknown;NO_MOVE_FOUND
14:38:33;3408;None;0,00;1;0,00;Unknown;NO_MOVE_FOUND
14:38:33;3409;None;0,00;1;0,00;Unknown;NO_MOVE_FOUND
14:38:33;3410;None;0,00;1;0,00;Unknown;NO_MOVE_FOUND
14:38:33;3411;None;0,00;1;0,00;Unknown;NO_MOVE_FOUND
14:38:33;3412;None;0,00;1;0,00;Unknown;NO_MOVE_FOUND
14:38:33;3413;None;0,00;1;0,00;Unknown;NO_MOVE_FOUND
14:38:33;3414;None;0,00;1;0,00;Unknown;NO_MOVE_FOUND
14:38:33;3415;None;0,00;1;0,00;Unknown;NO_MOVE_FOUND
14:38:33;3416;None;0,00;1;0,00;Unknown;NO_MOVE_FOUND
14:38:33;3417;None;0,00;1;0,00;Unknown;NO_MOVE_FOUND
14:38:33;3418;None;0,00;1;0,00;Unknown;NO_MOVE_FOUND
14:38:33;3419;None;0,00;1;0,00;Unknown;NO_MOVE_FOUND
14:38:33;3420;None;0,00;1;0,00;Unknown;NO_MOVE_FOUND
14:38:33;3421;None;0,00;1;0,00;Unknown;NO_MOVE_FOUND
14:38:33;3422;None;0,00;1;0,00;Unknown;NO_MOVE_FOUND
14:38:33;3423;None;0,00;1;0,00;Unknown;NO_MOVE_FOUND
14:38:33;3424;None;0,00;1;0,00;Unknown;NO_MOVE_FOUND
14:38:33;3425;None;0,00;1;0,00;Unknown;NO_MOVE_FOUND
14:38:33;3426;None;0,00;1;0,00;Unknown;NO_MOVE_FOUND
14:38:33;3427;None;0,00;1;0,00;Unknown;NO_MOVE_FOUND
14:38:33;3428;None;0,00;1;0,00;Unknown;NO_MOVE_FOUND
14:38:33;3429;None;0,00;1;0,00;Unknown;NO_MOVE_FOUND
14:38:33;3430;None;0,00;1;0,00;Unknown;NO_MOVE_FOUND
14:38:33;3431;None;0,00;1;0,00;Unknown;NO_MOVE_FOUND
14:38:33;3432;None;0,00;1;0,00;Unknown;NO_MOVE_FOUND
14:38:33;3433;None;0,00;1;0,00;Unknown;NO_MOVE_FOUND
14:38:33;3434;None;0,00;1;0,00;Unknown;NO_MOVE_FOUND
14:38:33;3435;None;0,00;1;0,00;Unknown;NO_MOVE_FOUND
14:38:33;3436;None;0,00;1;0,00;Unknown;NO_MOVE_FOUND
14:38:33;3437;None;0,00;1;0,00;Unknown;NO_MOVE_FOUND
14:38:33;3438;None;0,00;1;0,00;Unknown;NO_MOVE_FOUND
14:38:33;3439;None;0,00;1;0,00;Unknown;NO_MOVE_FOUND
14:38:33;3440;None;0,00;1;0,00;Unknown;NO_MOVE_FOUND
14:38:33;3441;None;0,00;1;0,00;Unknown;NO_MOVE_FOUND
14:38:33;3442;None;0,00;1;0,00;Unknown;NO_MOVE_FOUND
14:38:33;3443;None;0,00;1;0,00;Unknown;NO_MOVE_FOUND
14:38:33;3444;None;0,00;1;0,00;Unknown;NO_MOVE_FOUND
14:38:33;3445;None;0,00;1;0,00;Unknown;NO_MOVE_FOUND
14:38:33;3446;None;0,00;1;0,00;Unknown;NO_MOVE_FOUND
14:38:33;3447;None;0,00;1;0,00;Unknown;NO_MOVE_FOUND
14:38:33;3448;None;0,00;1;0,00;Unknown;NO_MOVE_FOUND
14:38:33;3449;None;0,00;1;0,00;Unknown;NO_MOVE_FOUND
14:38:33;3450;None;0,00;1;0,00;Unknown;NO_MOVE_FOUND
14:38:33;3451;None;0,00;1;0,00;Unknown;NO_MOVE_FOUND
14:38:33;3452;None;0,00;1;0,00;Unknown;NO_MOVE_FOUND
14:38:33;3453;None;0,00;1;0,00;Unknown;NO_MOVE_FOUND
14:38:33;3454;None;0,00;1;0,00;Unknown;NO_MOVE_FOUND
14:38:33;3455;None;0,00;1;0,00;Unknown;NO_MOVE_FOUND
14:38:33;3456;None;0,00;1;0,00;Unknown;NO_MOVE_FOUND
14:38:33;3457;None;0,00;1;0,00;Unknown;NO_MOVE_FOUND
14:38:33;3458;None;0,00;1;0,00;Unknown;NO_MOVE_FOUND
14:38:33;3459;None;0,00;1;0,00;Unknown;NO_MOVE_FOUND
14:38:33;3460;None;0,00;1;0,00;Unknown;NO_MOVE_FOUND
14:38:33;3461;None;0,00;1;0,00;Unknown;NO_MOVE_FOUND
14:38:33;3462;None;0,00;1;0,00;Unknown;NO_MOVE_FOUND
14:38:33;3463;None;0,00;1;0,00;Unknown;NO_MOVE_FOUND
14:38:33;3464;None;0,00;1;0,00;Unknown;NO_MOVE_FOUND
14:38:33;3465;None;0,00;1;0,00;Unknown;NO_MOVE_FOUND
14:38:33;3466;None;0,00;1;0,00;Unknown;NO_MOVE_FOUND
14:38:33;3467;None;0,00;1;0,00;Unknown;NO_MOVE_FOUND
14:38:33;3468;None;0,00;1;0,00;Unknown;NO_MOVE_FOUND
14:38:33;3469;None;0,00;1;0,00;Unknown;NO_MOVE_FOUND
14:38:33;3470;None;0,00;1;0,00;Unknown;NO_MOVE_FOUND
14:38:33;3471;None;0,00;1;0,00;Unknown;NO_MOVE_FOUND
14:38:33;3472;None;0,00;1;0,00;Unknown;NO_MOVE_FOUND
14:38:33;3473;None;0,00;1;0,00;Unknown;NO_MOVE_FOUND
14:38:33;3474;None;0,00;1;0,00;Unknown;NO_MOVE_FOUND
14:38:33;3475;None;0,00;1;0,00;Unknown;NO_MOVE_FOUND
14:38:33;3476;None;0,00;1;0,00;Unknown;NO_MOVE_FOUND
14:38:33;3477;None;0,00;1;0,00;Unknown;NO_MOVE_FOUND
14:38:33;3478;None;0,00;1;0,00;Unknown;NO_MOVE_FOUND
14:38:33;3479;None;0,00;1;0,00;Unknown;NO_MOVE_FOUND
14:38:33;3480;None;0,00;1;0,00;Unknown;NO_MOVE_FOUND
14:38:33;3481;None;0,00;1;0,00;Unknown;NO_MOVE_FOUND
14:38:33;3482;None;0,00;1;0,00;Unknown;NO_MOVE_FOUND
14:38:33;3483;None;0,00;1;0,00;Unknown;NO_MOVE_FOUND
14:38:33;3484;None;0,00;1;0,00;Unknown;NO_MOVE_FOUND
14:38:33;3485;None;0,00;1;0,00;Unknown;NO_MOVE_FOUND
14:38:33;3486;None;0,00;1;0,00;Unknown;NO_MOVE_FOUND
14:38:33;3487;None;0,00;1;0,00;Unknown;NO_MOVE_FOUND
14:38:33;3488;None;0,00;1;0,00;Unknown;NO_MOVE_FOUND
14:38:33;3489;None;0,00;1;0,00;Unknown;NO_MOVE_FOUND
14:38:33;3490;None;0,00;1;0,00;Unknown;NO_MOVE_FOUND
14:38:33;3491;None;0,00;1;0,00;Unknown;NO_MOVE_FOUND
14:38:33;3492;None;0,00;1;0,00;Unknown;NO_MOVE_FOUND
14:38:33;3493;None;0,00;1;0,00;Unknown;NO_MOVE_FOUND
14:38:33;3494;None;0,00;1;0,00;Unknown;NO_MOVE_FOUND
14:38:33;3495;None;0,00;1;0,00;Unknown;NO_MOVE_FOUND
14:38:33;3496;None;0,00;1;0,00;Unknown;NO_MOVE_FOUND
14:38:33;3497;None;0,00;1;0,00;Unknown;NO_MOVE_FOUND
14:38:33;3498;None;0,00;1;0,00;Unknown;NO_MOVE_FOUND
14:38:33;3499;None;0,00;1;0,00;Unknown;NO_MOVE_FOUND
14:38:33;3500;None;0,00;1;0,00;Unknown;NO_MOVE_FOUND
14:38:33;3501;None;0,00;1;0,00;Unknown;NO_MOVE_FOUND
14:38:33;3502;None;0,00;1;0,00;Unknown;NO_MOVE_FOUND
14:38:33;3503;None;0,00;1;0,00;Unknown;NO_MOVE_FOUND
14:38:33;3504;None;0,00;1;0,00;Unknown;NO_MOVE_FOUND
14:38:33;3505;None;0,00;1;0,00;Unknown;NO_MOVE_FOUND
14:38:33;3506;None;0,00;1;0,00;Unknown;NO_MOVE_FOUND
14:38:33;3507;None;0,00;1;0,00;Unknown;NO_MOVE_FOUND
14:38:33;3508;None;0,00;1;0,00;Unknown;NO_MOVE_FOUND
14:38:33;3509;None;0,00;1;0,00;Unknown;NO_MOVE_FOUND
14:38:33;3510;None;0,00;1;0,00;Unknown;NO_MOVE_FOUND
14:38:33;3511;None;0,00;1;0,00;Unknown;NO_MOVE_FOUND
14:38:33;3512;None;0,00;1;0,00;Unknown;NO_MOVE_FOUND
14:38:33;3513;None;0,00;1;0,00;Unknown;NO_MOVE_FOUND
14:38:33;3514;None;0,00;1;0,00;Unknown;NO_MOVE_FOUND
14:38:33;3515;None;0,00;1;0,00;Unknown;NO_MOVE_FOUND
14:38:33;3516;None;0,00;1;0,00;Unknown;NO_MOVE_FOUND
14:38:33;3517;None;0,00;1;0,00;Unknown;NO_MOVE_FOUND
14:38:33;3518;None;0,00;1;0,00;Unknown;NO_MOVE_FOUND
14:38:33;3519;None;0,00;1;0,00;Unknown;NO_MOVE_FOUND
14:38:33;3520;None;0,00;1;0,00;Unknown;NO_MOVE_FOUND
14:38:33;3521;None;0,00;1;0,00;Unknown;NO_MOVE_FOUND
14:38:33;3522;None;0,00;1;0,00;Unknown;NO_MOVE_FOUND
14:38:33;3523;None;0,00;1;0,00;Unknown;NO_MOVE_FOUND
14:38:33;3524;None;0,00;1;0,00;Unknown;NO_MOVE_FOUND
14:38:33;3525;None;0,00;1;0,00;Unknown;NO_MOVE_FOUND
14:38:33;3526;None;0,00;1;0,00;Unknown;NO_MOVE_FOUND
14:38:33;3527;None;0,00;1;0,00;Unknown;NO_MOVE_FOUND
14:38:33;3528;None;0,00;1;0,00;Unknown;NO_MOVE_FOUND
14:38:33;3529;None;0,00;1;0,00;Unknown;NO_MOVE_FOUND
14:38:33;3530;None;0,00;1;0,00;Unknown;NO_MOVE_FOUND
14:38:33;3531;None;0,00;1;0,00;Unknown;NO_MOVE_FOUND
14:38:33;3532;None;0,00;1;0,00;Unknown;NO_MOVE_FOUND
14:38:33;3533;None;0,00;1;0,00;Unknown;NO_MOVE_FOUND
14:38:33;3534;None;0,00;1;0,00;Unknown;NO_MOVE_FOUND
14:38:33;3535;None;0,00;1;0,00;Unknown;NO_MOVE_FOUND
14:38:33;3536;None;0,00;1;0,00;Unknown;NO_MOVE_FOUND
14:38:33;3537;None;0,00;1;0,00;Unknown;NO_MOVE_FOUND
14:38:33;3538;None;0,00;1;0,00;Unknown;NO_MOVE_FOUND
14:38:33;3539;None;0,00;1;0,00;Unknown;NO_MOVE_FOUND
14:38:33;3540;None;0,00;1;0,00;Unknown;NO_MOVE_FOUND
14:38:33;3541;None;0,00;1;0,00;Unknown;NO_MOVE_FOUND
14:38:33;3542;None;0,00;1;0,00;Unknown;NO_MOVE_FOUND
14:38:33;3543;None;0,00;1;0,00;Unknown;NO_MOVE_FOUND
14:38:33;3544;None;0,00;1;0,00;Unknown;NO_MOVE_FOUND
14:38:33;3545;None;0,00;1;0,00;Unknown;NO_MOVE_FOUND
14:38:33;3546;None;0,00;1;0,00;Unknown;NO_MOVE_FOUND
14:38:33;3547;None;0,00;1;0,00;Unknown;NO_MOVE_FOUND
14:38:33;3548;None;0,00;1;0,00;Unknown;NO_MOVE_FOUND
14:38:33;3549;None;0,00;1;0,00;Unknown;NO_MOVE_FOUND
14:38:33;3550;None;0,00;1;0,00;Unknown;NO_MOVE_FOUND
14:38:33;3551;None;0,00;1;0,00;Unknown;NO_MOVE_FOUND
14:38:33;3552;None;0,00;1;0,00;Unknown;NO_MOVE_FOUND
14:38:33;3553;None;0,00;1;0,00;Unknown;NO_MOVE_FOUND
14:38:33;3554;None;0,00;1;0,00;Unknown;NO_MOVE_FOUND
14:38:33;3555;None;0,00;1;0,00;Unknown;NO_MOVE_FOUND
14:38:33;3556;None;0,00;1;0,00;Unknown;NO_MOVE_FOUND
14:38:33;3557;None;0,00;1;0,00;Unknown;NO_MOVE_FOUND
14:38:33;3558;None;0,00;1;0,00;Unknown;NO_MOVE_FOUND
14:38:33;3559;None;0,00;1;0,00;Unknown;NO_MOVE_FOUND
14:38:33;3560;None;0,00;1;0,00;Unknown;NO_MOVE_FOUND
14:38:33;3561;None;0,00;1;0,00;Unknown;NO_MOVE_FOUND
14:38:33;3562;None;0,00;1;0,00;Unknown;NO_MOVE_FOUND
14:38:33;3563;None;0,00;1;0,00;Unknown;NO_MOVE_FOUND
14:38:33;3564;None;0,00;1;0,00;Unknown;NO_MOVE_FOUND
14:38:33;3565;None;0,00;1;0,00;Unknown;NO_MOVE_FOUND
14:38:33;3566;None;0,00;1;0,00;Unknown;NO_MOVE_FOUND
14:38:33;3567;None;0,00;1;0,00;Unknown;NO_MOVE_FOUND
14:38:33;3568;None;0,00;1;0,00;Unknown;NO_MOVE_FOUND
14:38:33;3569;None;0,00;1;0,00;Unknown;NO_MOVE_FOUND
14:38:33;3570;None;0,00;1;0,00;Unknown;NO_MOVE_FOUND
14:38:33;3571;None;0,00;1;0,00;Unknown;NO_MOVE_FOUND
14:38:33;3572;None;0,00;1;0,00;Unknown;NO_MOVE_FOUND
14:38:33;3573;None;0,00;1;0,00;Unknown;NO_MOVE_FOUND
14:38:33;3574;None;0,00;1;0,00;Unknown;NO_MOVE_FOUND
14:38:33;3575;None;0,00;1;0,00;Unknown;NO_MOVE_FOUND
14:38:33;3576;None;0,00;1;0,00;Unknown;NO_MOVE_FOUND
14:38:33;3577;None;0,00;1;0,00;Unknown;NO_MOVE_FOUND
14:38:33;3578;None;0,00;1;0,00;Unknown;NO_MOVE_FOUND
14:38:33;3579;None;0,00;1;0,00;Unknown;NO_MOVE_FOUND
14:38:33;3580;None;0,00;1;0,00;Unknown;NO_MOVE_FOUND
14:38:33;3581;None;0,00;1;0,00;Unknown;NO_MOVE_FOUND
14:38:33;3582;None;0,00;1;0,00;Unknown;NO_MOVE_FOUND
14:38:33;3583;None;0,00;1;0,00;Unknown;NO_MOVE_FOUND
14:38:33;3584;None;0,00;1;0,00;Unknown;NO_MOVE_FOUND
14:38:33;3585;None;0,00;1;0,00;Unknown;NO_MOVE_FOUND
14:38:33;3586;None;0,00;1;0,00;Unknown;NO_MOVE_FOUND
14:38:33;3587;None;0,00;1;0,00;Unknown;NO_MOVE_FOUND
14:38:33;3588;None;0,00;1;0,00;Unknown;NO_MOVE_FOUND
14:38:33;3589;None;0,00;1;0,00;Unknown;NO_MOVE_FOUND
14:38:33;3590;None;0,00;1;0,00;Unknown;NO_MOVE_FOUND
14:38:33;3591;None;0,00;1;0,00;Unknown;NO_MOVE_FOUND
14:38:33;3592;None;0,00;1;0,00;Unknown;NO_MOVE_FOUND
14:38:33;3593;None;0,00;1;0,00;Unknown;NO_MOVE_FOUND
14:38:33;3594;None;0,00;1;0,00;Unknown;NO_MOVE_FOUND
14:38:33;3595;None;0,00;1;0,00;Unknown;NO_MOVE_FOUND
14:38:33;3596;None;0,00;1;0,00;Unknown;NO_MOVE_FOUND
14:38:33;3597;None;0,00;1;0,00;Unknown;NO_MOVE_FOUND
14:38:33;3598;None;0,00;1;0,00;Unknown;NO_MOVE_FOUND
14:38:33;3599;None;0,00;1;0,00;Unknown;NO_MOVE_FOUND
14:38:33;3600;None;0,00;1;0,00;Unknown;NO_MOVE_FOUND
14:38:33;3601;None;0,00;1;0,00;Unknown;NO_MOVE_FOUND
14:38:33;3602;None;0,00;1;0,00;Unknown;NO_MOVE_FOUND
14:38:33;3603;None;0,00;1;0,00;Unknown;NO_MOVE_FOUND
14:38:33;3604;None;0,00;1;0,00;Unknown;NO_MOVE_FOUND
14:38:33;3605;None;0,00;1;0,00;Unknown;NO_MOVE_FOUND
14:38:33;3606;None;0,00;1;0,00;Unknown;NO_MOVE_FOUND
14:38:33;3607;None;0,00;1;0,00;Unknown;NO_MOVE_FOUND
14:38:33;3608;None;0,00;1;0,00;Unknown;NO_MOVE_FOUND
14:38:33;3609;None;0,00;1;0,00;Unknown;NO_MOVE_FOUND
14:38:33;3610;None;0,00;1;0,00;Unknown;NO_MOVE_FOUND
14:38:33;3611;None;0,00;1;0,00;Unknown;NO_MOVE_FOUND
14:38:33;3612;None;0,00;1;0,00;Unknown;NO_MOVE_FOUND
14:38:33;3613;None;0,00;1;0,00;Unknown;NO_MOVE_FOUND
14:38:33;3614;None;0,00;1;0,00;Unknown;NO_MOVE_FOUND
14:38:33;3615;None;0,00;1;0,00;Unknown;NO_MOVE_FOUND
14:38:33;3616;None;0,00;1;0,00;Unknown;NO_MOVE_FOUND
14:38:33;3617;None;0,00;1;0,00;Unknown;NO_MOVE_FOUND
14:38:33;3618;None;0,00;1;0,00;Unknown;NO_MOVE_FOUND
14:38:33;3619;None;0,00;1;0,00;Unknown;NO_MOVE_FOUND
14:38:33;3620;None;0,00;1;0,00;Unknown;NO_MOVE_FOUND
14:38:33;3621;None;0,00;1;0,00;Unknown;NO_MOVE_FOUND
14:38:33;3622;None;0,00;1;0,00;Unknown;NO_MOVE_FOUND
14:38:33;3623;None;0,00;1;0,00;Unknown;NO_MOVE_FOUND
14:38:33;3624;None;0,00;1;0,00;Unknown;NO_MOVE_FOUND
14:38:33;3625;None;0,00;1;0,00;Unknown;NO_MOVE_FOUND
14:38:33;3626;None;0,00;1;0,00;Unknown;NO_MOVE_FOUND
14:38:33;3627;None;0,00;1;0,00;Unknown;NO_MOVE_FOUND
14:38:33;3628;None;0,00;1;0,00;Unknown;NO_MOVE_FOUND
14:38:33;3629;None;0,00;1;0,00;Unknown;NO_MOVE_FOUND
14:38:33;3630;None;0,00;1;0,00;Unknown;NO_MOVE_FOUND
14:38:33;3631;None;0,00;1;0,00;Unknown;NO_MOVE_FOUND
14:38:33;3632;None;0,00;1;0,00;Unknown;NO_MOVE_FOUND
14:38:33;3633;None;0,00;1;0,00;Unknown;NO_MOVE_FOUND
14:38:33;3634;None;0,00;1;0,00;Unknown;NO_MOVE_FOUND
14:38:33;3635;None;0,00;1;0,00;Unknown;NO_MOVE_FOUND
14:38:33;3636;None;0,00;1;0,00;Unknown;NO_MOVE_FOUND
14:38:33;3637;None;0,00;1;0,00;Unknown;NO_MOVE_FOUND
14:38:33;3638;None;0,00;1;0,00;Unknown;NO_MOVE_FOUND
14:38:33;3639;None;0,00;1;0,00;Unknown;NO_MOVE_FOUND
14:38:33;3640;None;0,00;1;0,00;Unknown;NO_MOVE_FOUND
14:38:33;3641;None;0,00;1;0,00;Unknown;NO_MOVE_FOUND
14:38:33;3642;None;0,00;1;0,00;Unknown;NO_MOVE_FOUND
14:38:33;3643;None;0,00;1;0,00;Unknown;NO_MOVE_FOUND
14:38:33;3644;None;0,00;1;0,00;Unknown;NO_MOVE_FOUND
14:38:33;3645;None;0,00;1;0,00;Unknown;NO_MOVE_FOUND
14:38:33;3646;None;0,00;1;0,00;Unknown;NO_MOVE_FOUND
14:38:33;3647;None;0,00;1;0,00;Unknown;NO_MOVE_FOUND
14:38:33;3648;None;0,00;1;0,00;Unknown;NO_MOVE_FOUND
14:38:33;3649;None;0,00;1;0,00;Unknown;NO_MOVE_FOUND
14:38:33;3650;None;0,00;1;0,00;Unknown;NO_MOVE_FOUND
14:38:33;3651;None;0,00;1;0,00;Unknown;NO_MOVE_FOUND
14:38:33;3652;None;0,00;1;0,00;Unknown;NO_MOVE_FOUND
14:38:33;3653;None;0,00;1;0,00;Unknown;NO_MOVE_FOUND
14:38:33;3654;None;0,00;1;0,00;Unknown;NO_MOVE_FOUND
14:38:33;3655;None;0,00;1;0,00;Unknown;NO_MOVE_FOUND
14:38:33;3656;None;0,00;1;0,00;Unknown;NO_MOVE_FOUND
14:38:33;3657;None;0,00;1;0,00;Unknown;NO_MOVE_FOUND
14:38:33;3658;None;0,00;1;0,00;Unknown;NO_MOVE_FOUND
14:38:33;3659;None;0,00;1;0,00;Unknown;NO_MOVE_FOUND
14:38:33;3660;None;0,00;1;0,00;Unknown;NO_MOVE_FOUND
14:38:33;3661;None;0,00;1;0,00;Unknown;NO_MOVE_FOUND
14:38:33;3662;None;0,00;1;0,00;Unknown;NO_MOVE_FOUND
14:38:33;3663;None;0,00;1;0,00;Unknown;NO_MOVE_FOUND
14:38:33;3664;None;0,00;1;0,00;Unknown;NO_MOVE_FOUND
14:38:33;3665;None;0,00;1;0,00;Unknown;NO_MOVE_FOUND
14:38:33;3666;None;0,00;1;0,00;Unknown;NO_MOVE_FOUND
14:38:34;3667;None;0,00;1;0,00;Unknown;NO_MOVE_FOUND
14:38:34;3668;None;0,00;1;0,00;Unknown;NO_MOVE_FOUND
14:38:34;3669;None;0,00;1;0,00;Unknown;NO_MOVE_FOUND
14:38:34;3670;None;0,00;1;0,00;Unknown;NO_MOVE_FOUND
14:38:34;3671;None;0,00;1;0,00;Unknown;NO_MOVE_FOUND
14:38:34;3672;None;0,00;1;0,00;Unknown;NO_MOVE_FOUND
14:38:34;3673;None;0,00;1;0,00;Unknown;NO_MOVE_FOUND
14:38:34;3674;None;0,00;1;0,00;Unknown;NO_MOVE_FOUND
14:38:34;3675;None;0,00;1;0,00;Unknown;NO_MOVE_FOUND
14:38:34;3676;None;0,00;1;0,00;Unknown;NO_MOVE_FOUND
14:38:34;3677;None;0,00;1;0,00;Unknown;NO_MOVE_FOUND
14:38:34;3678;None;0,00;1;0,00;Unknown;NO_MOVE_FOUND
14:38:34;3679;None;0,00;1;0,00;Unknown;NO_MOVE_FOUND
14:38:34;3680;None;0,00;1;0,00;Unknown;NO_MOVE_FOUND
14:38:34;3681;None;0,00;1;0,00;Unknown;NO_MOVE_FOUND
14:38:34;3682;None;0,00;1;0,00;Unknown;NO_MOVE_FOUND
14:38:34;3683;None;0,00;1;0,00;Unknown;NO_MOVE_FOUND
14:38:34;3684;None;0,00;1;0,00;Unknown;NO_MOVE_FOUND
14:38:34;3685;None;0,00;1;0,00;Unknown;NO_MOVE_FOUND
14:38:34;3686;None;0,00;1;0,00;Unknown;NO_MOVE_FOUND
14:38:34;3687;None;0,00;1;0,00;Unknown;NO_MOVE_FOUND
14:38:34;3688;None;0,00;1;0,00;Unknown;NO_MOVE_FOUND
14:38:34;3689;None;0,00;1;0,00;Unknown;NO_MOVE_FOUND
14:38:34;3690;None;0,00;1;0,00;Unknown;NO_MOVE_FOUND
14:38:34;3691;None;0,00;1;0,00;Unknown;NO_MOVE_FOUND
14:38:34;3692;None;0,00;1;0,00;Unknown;NO_MOVE_FOUND
14:38:34;3693;None;0,00;1;0,00;Unknown;NO_MOVE_FOUND
14:38:34;3694;None;0,00;1;0,00;Unknown;NO_MOVE_FOUND
14:38:34;3695;None;0,00;1;0,00;Unknown;NO_MOVE_FOUND
14:38:34;3696;None;0,00;1;0,00;Unknown;NO_MOVE_FOUND
14:38:34;3697;None;0,00;1;0,00;Unknown;NO_MOVE_FOUND
14:38:34;3698;None;0,00;1;0,00;Unknown;NO_MOVE_FOUND
14:38:34;3699;None;0,00;1;0,00;Unknown;NO_MOVE_FOUND
14:38:34;3700;None;0,00;1;0,00;Unknown;NO_MOVE_FOUND
14:38:34;3701;None;0,00;1;0,00;Unknown;NO_MOVE_FOUND
14:38:34;3702;None;0,00;1;0,00;Unknown;NO_MOVE_FOUND
14:38:34;3703;None;0,00;1;0,00;Unknown;NO_MOVE_FOUND
14:38:34;3704;None;0,00;1;0,00;Unknown;NO_MOVE_FOUND
14:38:34;3705;None;0,00;1;0,00;Unknown;NO_MOVE_FOUND
14:38:34;3706;None;0,00;1;0,00;Unknown;NO_MOVE_FOUND
14:38:34;3707;None;0,00;1;0,00;Unknown;NO_MOVE_FOUND
14:38:34;3708;None;0,00;1;0,00;Unknown;NO_MOVE_FOUND
14:38:34;3709;None;0,00;1;0,00;Unknown;NO_MOVE_FOUND
14:38:34;3710;None;0,00;1;0,00;Unknown;NO_MOVE_FOUND
14:38:34;3711;None;0,00;1;0,00;Unknown;NO_MOVE_FOUND
14:38:34;3712;None;0,00;1;0,00;Unknown;NO_MOVE_FOUND
14:38:34;3713;None;0,00;1;0,00;Unknown;NO_MOVE_FOUND
14:38:34;3714;None;0,00;1;0,00;Unknown;NO_MOVE_FOUND
14:38:34;3715;None;0,00;1;0,00;Unknown;NO_MOVE_FOUND
14:38:34;3716;None;0,00;1;0,00;Unknown;NO_MOVE_FOUND
14:38:34;3717;None;0,00;1;0,00;Unknown;NO_MOVE_FOUND
14:38:34;3718;None;0,00;1;0,00;Unknown;NO_MOVE_FOUND
14:38:34;3719;None;0,00;1;0,00;Unknown;NO_MOVE_FOUND
14:38:34;3720;None;0,00;1;0,00;Unknown;NO_MOVE_FOUND
14:38:34;3721;None;0,00;1;0,00;Unknown;NO_MOVE_FOUND
14:38:34;3722;None;0,00;1;0,00;Unknown;NO_MOVE_FOUND
14:38:34;3723;None;0,00;1;0,00;Unknown;NO_MOVE_FOUND
14:38:34;3724;None;0,00;1;0,00;Unknown;NO_MOVE_FOUND
14:38:34;3725;None;0,00;1;0,00;Unknown;NO_MOVE_FOUND
14:38:34;3726;None;0,00;1;0,00;Unknown;NO_MOVE_FOUND
14:38:34;3727;None;0,00;1;0,00;Unknown;NO_MOVE_FOUND
14:38:34;3728;None;0,00;1;0,00;Unknown;NO_MOVE_FOUND
14:38:34;3729;None;0,00;1;0,00;Unknown;NO_MOVE_FOUND
14:38:34;3730;None;0,00;1;0,00;Unknown;NO_MOVE_FOUND
14:38:34;3731;None;0,00;1;0,00;Unknown;NO_MOVE_FOUND
14:38:34;3732;None;0,00;1;0,00;Unknown;NO_MOVE_FOUND
14:38:34;3733;None;0,00;1;0,00;Unknown;NO_MOVE_FOUND
14:38:34;3734;None;0,00;1;0,00;Unknown;NO_MOVE_FOUND
14:38:34;3735;None;0,00;1;0,00;Unknown;NO_MOVE_FOUND
14:38:34;3736;None;0,00;1;0,00;Unknown;NO_MOVE_FOUND
14:38:34;3737;None;0,00;1;0,00;Unknown;NO_MOVE_FOUND
14:38:34;3738;None;0,00;1;0,00;Unknown;NO_MOVE_FOUND
14:38:34;3739;None;0,00;1;0,00;Unknown;NO_MOVE_FOUND
14:38:34;3740;None;0,00;1;0,00;Unknown;NO_MOVE_FOUND
14:38:34;3741;None;0,00;1;0,00;Unknown;NO_MOVE_FOUND
14:38:34;3742;None;0,00;1;0,00;Unknown;NO_MOVE_FOUND
14:38:34;3743;None;0,00;1;0,00;Unknown;NO_MOVE_FOUND
14:38:34;3744;None;0,00;1;0,00;Unknown;NO_MOVE_FOUND
14:38:34;3745;None;0,00;1;0,00;Unknown;NO_MOVE_FOUND
14:38:34;3746;None;0,00;1;0,00;Unknown;NO_MOVE_FOUND
14:38:34;3747;None;0,00;1;0,00;Unknown;NO_MOVE_FOUND
14:38:34;3748;None;0,00;1;0,00;Unknown;NO_MOVE_FOUND
14:38:34;3749;None;0,00;1;0,00;Unknown;NO_MOVE_FOUND
14:38:34;3750;None;0,00;1;0,00;Unknown;NO_MOVE_FOUND
14:38:34;3751;None;0,00;1;0,00;Unknown;NO_MOVE_FOUND
14:38:34;3752;None;0,00;1;0,00;Unknown;NO_MOVE_FOUND
14:38:34;3753;None;0,00;1;0,00;Unknown;NO_MOVE_FOUND
14:38:34;3754;None;0,00;1;0,00;Unknown;NO_MOVE_FOUND
14:38:34;3755;None;0,00;1;0,00;Unknown;NO_MOVE_FOUND
14:38:34;3756;None;0,00;1;0,00;Unknown;NO_MOVE_FOUND
14:38:34;3757;None;0,00;1;0,00;Unknown;NO_MOVE_FOUND
14:38:34;3758;None;0,00;1;0,00;Unknown;NO_MOVE_FOUND
14:38:34;3759;None;0,00;1;0,00;Unknown;NO_MOVE_FOUND
14:38:34;3760;None;0,00;1;0,00;Unknown;NO_MOVE_FOUND
14:38:34;3761;None;0,00;1;0,00;Unknown;NO_MOVE_FOUND
14:38:34;3762;None;0,00;1;0,00;Unknown;NO_MOVE_FOUND
14:38:34;3763;None;0,00;1;0,00;Unknown;NO_MOVE_FOUND
14:38:34;3764;None;0,00;1;0,00;Unknown;NO_MOVE_FOUND
14:38:34;3765;None;0,00;1;0,00;Unknown;NO_MOVE_FOUND
14:38:34;3766;None;0,00;1;0,00;Unknown;NO_MOVE_FOUND
14:38:34;3767;None;0,00;1;0,00;Unknown;NO_MOVE_FOUND
14:38:34;3768;None;0,00;1;0,00;Unknown;NO_MOVE_FOUND
14:38:34;3769;None;0,00;1;0,00;Unknown;NO_MOVE_FOUND
14:38:34;3770;None;0,00;1;0,00;Unknown;NO_MOVE_FOUND
14:38:34;3771;None;0,00;1;0,00;Unknown;NO_MOVE_FOUND
14:38:34;3772;None;0,00;1;0,00;Unknown;NO_MOVE_FOUND
14:38:34;3773;None;0,00;1;0,00;Unknown;NO_MOVE_FOUND
14:38:34;3774;None;0,00;1;0,00;Unknown;NO_MOVE_FOUND
14:38:34;3775;None;0,00;1;0,00;Unknown;NO_MOVE_FOUND
14:38:34;3776;None;0,00;1;0,00;Unknown;NO_MOVE_FOUND
14:38:34;3777;None;0,00;1;0,00;Unknown;NO_MOVE_FOUND
14:38:34;3778;None;0,00;1;0,00;Unknown;NO_MOVE_FOUND
14:38:34;3779;None;0,00;1;0,00;Unknown;NO_MOVE_FOUND
14:38:34;3780;None;0,00;1;0,00;Unknown;NO_MOVE_FOUND
14:38:34;3781;None;0,00;1;0,00;Unknown;NO_MOVE_FOUND
14:38:34;3782;None;0,00;1;0,00;Unknown;NO_MOVE_FOUND
14:38:34;3783;None;0,00;1;0,00;Unknown;NO_MOVE_FOUND
14:38:34;3784;None;0,00;1;0,00;Unknown;NO_MOVE_FOUND
14:38:34;3785;None;0,00;1;0,00;Unknown;NO_MOVE_FOUND
14:38:34;3786;None;0,00;1;0,00;Unknown;NO_MOVE_FOUND
14:38:34;3787;None;0,00;1;0,00;Unknown;NO_MOVE_FOUND
14:38:34;3788;None;0,00;1;0,00;Unknown;NO_MOVE_FOUND
14:38:34;3789;None;0,00;1;0,00;Unknown;NO_MOVE_FOUND
14:38:34;3790;None;0,00;1;0,00;Unknown;NO_MOVE_FOUND
14:38:34;3791;None;0,00;1;0,00;Unknown;NO_MOVE_FOUND
14:38:34;3792;None;0,00;1;0,00;Unknown;NO_MOVE_FOUND
14:38:34;3793;None;0,00;1;0,00;Unknown;NO_MOVE_FOUND
14:38:34;3794;None;0,00;1;0,00;Unknown;NO_MOVE_FOUND
14:38:34;3795;None;0,00;1;0,00;Unknown;NO_MOVE_FOUND
14:38:34;3796;None;0,00;1;0,00;Unknown;NO_MOVE_FOUND
14:38:34;3797;None;0,00;1;0,00;Unknown;NO_MOVE_FOUND
14:38:34;3798;None;0,00;1;0,00;Unknown;NO_MOVE_FOUND
14:38:34;3799;None;0,00;1;0,00;Unknown;NO_MOVE_FOUND
14:38:34;3800;None;0,00;1;0,00;Unknown;NO_MOVE_FOUND
14:38:34;3801;None;0,00;1;0,00;Unknown;NO_MOVE_FOUND
14:38:34;3802;None;0,00;1;0,00;Unknown;NO_MOVE_FOUND
14:38:34;3803;None;0,00;1;0,00;Unknown;NO_MOVE_FOUND
14:38:34;3804;None;0,00;1;0,00;Unknown;NO_MOVE_FOUND
14:38:34;3805;None;0,00;1;0,00;Unknown;NO_MOVE_FOUND
14:38:34;3806;None;0,00;1;0,00;Unknown;NO_MOVE_FOUND
14:38:34;3807;None;0,00;1;0,00;Unknown;NO_MOVE_FOUND
14:38:34;3808;None;0,00;1;0,00;Unknown;NO_MOVE_FOUND
14:38:34;3809;None;0,00;1;0,00;Unknown;NO_MOVE_FOUND
14:38:34;3810;None;0,00;1;0,00;Unknown;NO_MOVE_FOUND
14:38:34;3811;None;0,00;1;0,00;Unknown;NO_MOVE_FOUND
14:38:34;3812;None;0,00;1;0,00;Unknown;NO_MOVE_FOUND
14:38:34;3813;None;0,00;1;0,00;Unknown;NO_MOVE_FOUND
14:38:34;3814;None;0,00;1;0,00;Unknown;NO_MOVE_FOUND
14:38:34;3815;None;0,00;1;0,00;Unknown;NO_MOVE_FOUND
14:38:34;3816;None;0,00;1;0,00;Unknown;NO_MOVE_FOUND
14:38:34;3817;None;0,00;1;0,00;Unknown;NO_MOVE_FOUND
14:38:34;3818;None;0,00;1;0,00;Unknown;NO_MOVE_FOUND
14:38:34;3819;None;0,00;1;0,00;Unknown;NO_MOVE_FOUND
14:38:34;3820;None;0,00;1;0,00;Unknown;NO_MOVE_FOUND
14:38:34;3821;None;0,00;1;0,00;Unknown;NO_MOVE_FOUND
14:38:34;3822;None;0,00;1;0,00;Unknown;NO_MOVE_FOUND
14:38:34;3823;None;0,00;1;0,00;Unknown;NO_MOVE_FOUND
14:38:34;3824;None;0,00;1;0,00;Unknown;NO_MOVE_FOUND
14:38:34;3825;None;0,00;1;0,00;Unknown;NO_MOVE_FOUND
14:38:34;3826;None;0,00;1;0,00;Unknown;NO_MOVE_FOUND
14:38:34;3827;None;0,00;1;0,00;Unknown;NO_MOVE_FOUND
14:38:34;3828;None;0,00;1;0,00;Unknown;NO_MOVE_FOUND
14:38:34;3829;None;0,00;1;0,00;Unknown;NO_MOVE_FOUND
14:38:34;3830;None;0,00;1;0,00;Unknown;NO_MOVE_FOUND
14:38:34;3831;None;0,00;1;0,00;Unknown;NO_MOVE_FOUND
14:38:34;3832;None;0,00;1;0,00;Unknown;NO_MOVE_FOUND
14:38:34;3833;None;0,00;1;0,00;Unknown;NO_MOVE_FOUND
14:38:34;3834;None;0,00;1;0,00;Unknown;NO_MOVE_FOUND
14:38:34;3835;None;0,00;1;0,00;Unknown;NO_MOVE_FOUND
14:38:34;3836;None;0,00;1;0,00;Unknown;NO_MOVE_FOUND
14:38:34;3837;None;0,00;1;0,00;Unknown;NO_MOVE_FOUND
14:38:34;3838;None;0,00;1;0,00;Unknown;NO_MOVE_FOUND
14:38:34;3839;None;0,00;1;0,00;Unknown;NO_MOVE_FOUND
14:38:34;3840;None;0,00;1;0,00;Unknown;NO_MOVE_FOUND
14:38:34;3841;None;0,00;1;0,00;Unknown;NO_MOVE_FOUND
14:38:34;3842;None;0,00;1;0,00;Unknown;NO_MOVE_FOUND
14:38:34;3843;None;0,00;1;0,00;Unknown;NO_MOVE_FOUND
14:38:34;3844;None;0,00;1;0,00;Unknown;NO_MOVE_FOUND
14:38:34;3845;None;0,00;1;0,00;Unknown;NO_MOVE_FOUND
14:38:34;3846;None;0,00;1;0,00;Unknown;NO_MOVE_FOUND
14:38:34;3847;None;0,00;1;0,00;Unknown;NO_MOVE_FOUND
14:38:34;3848;None;0,00;1;0,00;Unknown;NO_MOVE_FOUND
14:38:34;3849;None;0,00;1;0,00;Unknown;NO_MOVE_FOUND
14:38:34;3850;None;0,00;1;0,00;Unknown;NO_MOVE_FOUND
14:38:34;3851;None;0,00;1;0,00;Unknown;NO_MOVE_FOUND
14:38:34;3852;None;0,00;1;0,00;Unknown;NO_MOVE_FOUND
14:38:34;3853;None;0,00;1;0,00;Unknown;NO_MOVE_FOUND
14:38:34;3854;None;0,00;1;0,00;Unknown;NO_MOVE_FOUND
14:38:34;3855;None;0,00;1;0,00;Unknown;NO_MOVE_FOUND
14:38:34;3856;None;0,00;1;0,00;Unknown;NO_MOVE_FOUND
14:38:34;3857;None;0,00;1;0,00;Unknown;NO_MOVE_FOUND
14:38:34;3858;None;0,00;1;0,00;Unknown;NO_MOVE_FOUND
14:38:34;3859;None;0,00;1;0,00;Unknown;NO_MOVE_FOUND
14:38:34;3860;None;0,00;1;0,00;Unknown;NO_MOVE_FOUND
14:38:34;3861;None;0,00;1;0,00;Unknown;NO_MOVE_FOUND
14:38:34;3862;None;0,00;1;0,00;Unknown;NO_MOVE_FOUND
14:38:34;3863;None;0,00;1;0,00;Unknown;NO_MOVE_FOUND
14:38:34;3864;None;0,00;1;0,00;Unknown;NO_MOVE_FOUND
14:38:34;3865;None;0,00;1;0,00;Unknown;NO_MOVE_FOUND
14:38:34;3866;None;0,00;1;0,00;Unknown;NO_MOVE_FOUND
14:38:34;3867;None;0,00;1;0,00;Unknown;NO_MOVE_FOUND
14:38:34;3868;None;0,00;1;0,00;Unknown;NO_MOVE_FOUND
14:38:34;3869;None;0,00;1;0,00;Unknown;NO_MOVE_FOUND
14:38:34;3870;None;0,00;1;0,00;Unknown;NO_MOVE_FOUND
14:38:34;3871;None;0,00;1;0,00;Unknown;NO_MOVE_FOUND
14:38:34;3872;None;0,00;1;0,00;Unknown;NO_MOVE_FOUND
14:38:34;3873;None;0,00;1;0,00;Unknown;NO_MOVE_FOUND
14:38:34;3874;None;0,00;1;0,00;Unknown;NO_MOVE_FOUND
14:38:34;3875;None;0,00;1;0,00;Unknown;NO_MOVE_FOUND
14:38:34;3876;None;0,00;1;0,00;Unknown;NO_MOVE_FOUND
14:38:34;3877;None;0,00;1;0,00;Unknown;NO_MOVE_FOUND
14:38:34;3878;None;0,00;1;0,00;Unknown;NO_MOVE_FOUND
14:38:34;3879;None;0,00;1;0,00;Unknown;NO_MOVE_FOUND
14:38:34;3880;None;0,00;1;0,00;Unknown;NO_MOVE_FOUND
14:38:34;3881;None;0,00;1;0,00;Unknown;NO_MOVE_FOUND
14:38:34;3882;None;0,00;1;0,00;Unknown;NO_MOVE_FOUND
14:38:34;3883;None;0,00;1;0,00;Unknown;NO_MOVE_FOUND
14:38:34;3884;None;0,00;1;0,00;Unknown;NO_MOVE_FOUND
14:38:34;3885;None;0,00;1;0,00;Unknown;NO_MOVE_FOUND
14:38:34;3886;None;0,00;1;0,00;Unknown;NO_MOVE_FOUND
14:38:34;3887;None;0,00;1;0,00;Unknown;NO_MOVE_FOUND
14:38:34;3888;None;0,00;1;0,00;Unknown;NO_MOVE_FOUND
14:38:34;3889;None;0,00;1;0,00;Unknown;NO_MOVE_FOUND
14:38:34;3890;None;0,00;1;0,00;Unknown;NO_MOVE_FOUND
14:38:34;3891;None;0,00;1;0,00;Unknown;NO_MOVE_FOUND
14:38:34;3892;None;0,00;1;0,00;Unknown;NO_MOVE_FOUND
14:38:34;3893;None;0,00;1;0,00;Unknown;NO_MOVE_FOUND
14:38:34;3894;None;0,00;1;0,00;Unknown;NO_MOVE_FOUND
14:38:34;3895;None;0,00;1;0,00;Unknown;NO_MOVE_FOUND
14:38:34;3896;None;0,00;1;0,00;Unknown;NO_MOVE_FOUND
14:38:34;3897;None;0,00;1;0,00;Unknown;NO_MOVE_FOUND
14:38:34;3898;None;0,00;1;0,00;Unknown;NO_MOVE_FOUND
14:38:34;3899;None;0,00;1;0,00;Unknown;NO_MOVE_FOUND
14:38:34;3900;None;0,00;1;0,00;Unknown;NO_MOVE_FOUND
14:38:34;3901;None;0,00;1;0,00;Unknown;NO_MOVE_FOUND
14:38:34;3902;None;0,00;1;0,00;Unknown;NO_MOVE_FOUND
14:38:34;3903;None;0,00;1;0,00;Unknown;NO_MOVE_FOUND
14:38:34;3904;None;0,00;1;0,00;Unknown;NO_MOVE_FOUND
14:38:34;3905;None;0,00;1;0,00;Unknown;NO_MOVE_FOUND
14:38:34;3906;None;0,00;1;0,00;Unknown;NO_MOVE_FOUND
14:38:34;3907;None;0,00;1;0,00;Unknown;NO_MOVE_FOUND
14:38:34;3908;None;0,00;1;0,00;Unknown;NO_MOVE_FOUND
14:38:34;3909;None;0,00;1;0,00;Unknown;NO_MOVE_FOUND
14:38:34;3910;None;0,00;1;0,00;Unknown;NO_MOVE_FOUND
14:38:34;3911;None;0,00;1;0,00;Unknown;NO_MOVE_FOUND
14:38:34;3912;None;0,00;1;0,00;Unknown;NO_MOVE_FOUND
14:38:34;3913;None;0,00;1;0,00;Unknown;NO_MOVE_FOUND
14:38:34;3914;None;0,00;1;0,00;Unknown;NO_MOVE_FOUND
14:38:34;3915;None;0,00;1;0,00;Unknown;NO_MOVE_FOUND
14:38:34;3916;None;0,00;1;0,00;Unknown;NO_MOVE_FOUND
14:38:34;3917;None;0,00;1;0,00;Unknown;NO_MOVE_FOUND
14:38:34;3918;None;0,00;1;0,00;Unknown;NO_MOVE_FOUND
14:38:34;3919;None;0,00;1;0,00;Unknown;NO_MOVE_FOUND
14:38:34;3920;None;0,00;1;0,00;Unknown;NO_MOVE_FOUND
14:38:34;3921;None;0,00;1;0,00;Unknown;NO_MOVE_FOUND
14:38:34;3922;None;0,00;1;0,00;Unknown;NO_MOVE_FOUND
14:38:34;3923;None;0,00;1;0,00;Unknown;NO_MOVE_FOUND
14:38:34;3924;None;0,00;1;0,00;Unknown;NO_MOVE_FOUND
14:38:34;3925;None;0,00;1;0,00;Unknown;NO_MOVE_FOUND
14:38:34;3926;None;0,00;1;0,00;Unknown;NO_MOVE_FOUND
14:38:34;3927;None;0,00;1;0,00;Unknown;NO_MOVE_FOUND
14:38:34;3928;None;0,00;1;0,00;Unknown;NO_MOVE_FOUND
14:38:34;3929;None;0,00;1;0,00;Unknown;NO_MOVE_FOUND
14:38:34;3930;None;0,00;1;0,00;Unknown;NO_MOVE_FOUND
14:38:34;3931;None;0,00;1;0,00;Unknown;NO_MOVE_FOUND
14:38:34;3932;None;0,00;1;0,00;Unknown;NO_MOVE_FOUND
14:38:34;3933;None;0,00;1;0,00;Unknown;NO_MOVE_FOUND
14:38:34;3934;None;0,00;1;0,00;Unknown;NO_MOVE_FOUND
14:38:34;3935;None;0,00;1;0,00;Unknown;NO_MOVE_FOUND
14:38:34;3936;None;0,00;1;0,00;Unknown;NO_MOVE_FOUND
14:38:34;3937;None;0,00;1;0,00;Unknown;NO_MOVE_FOUND
14:38:34;3938;None;0,00;1;0,00;Unknown;NO_MOVE_FOUND
14:38:34;3939;None;0,00;1;0,00;Unknown;NO_MOVE_FOUND
14:38:34;3940;None;0,00;1;0,00;Unknown;NO_MOVE_FOUND
14:38:34;3941;None;0,00;1;0,00;Unknown;NO_MOVE_FOUND
14:38:34;3942;None;0,00;1;0,00;Unknown;NO_MOVE_FOUND
14:38:34;3943;None;0,00;1;0,00;Unknown;NO_MOVE_FOUND
14:38:34;3944;None;0,00;1;0,00;Unknown;NO_MOVE_FOUND
14:38:34;3945;None;0,00;1;0,00;Unknown;NO_MOVE_FOUND
14:38:34;3946;None;0,00;1;0,00;Unknown;NO_MOVE_FOUND
14:38:34;3947;None;0,00;1;0,00;Unknown;NO_MOVE_FOUND
14:38:34;3948;None;0,00;1;0,00;Unknown;NO_MOVE_FOUND
14:38:34;3949;None;0,00;1;0,00;Unknown;NO_MOVE_FOUND
14:38:34;3950;None;0,00;1;0,00;Unknown;NO_MOVE_FOUND
14:38:34;3951;None;0,00;1;0,00;Unknown;NO_MOVE_FOUND
14:38:34;3952;None;0,00;1;0,00;Unknown;NO_MOVE_FOUND
14:38:34;3953;None;0,00;1;0,00;Unknown;NO_MOVE_FOUND
14:38:34;3954;None;0,00;1;0,00;Unknown;NO_MOVE_FOUND
14:38:34;3955;None;0,00;1;0,00;Unknown;NO_MOVE_FOUND
14:38:34;3956;None;0,00;1;0,00;Unknown;NO_MOVE_FOUND
14:38:34;3957;None;0,00;1;0,00;Unknown;NO_MOVE_FOUND
14:38:34;3958;None;0,00;1;0,00;Unknown;NO_MOVE_FOUND
14:38:34;3959;None;0,00;1;0,00;Unknown;NO_MOVE_FOUND
14:38:34;3960;None;0,00;1;0,00;Unknown;NO_MOVE_FOUND
14:38:34;3961;None;0,00;1;0,00;Unknown;NO_MOVE_FOUND
14:38:34;3962;None;0,00;1;0,00;Unknown;NO_MOVE_FOUND
14:38:34;3963;None;0,00;1;0,00;Unknown;NO_MOVE_FOUND
14:38:34;3964;None;0,00;1;0,00;Unknown;NO_MOVE_FOUND
14:38:34;3965;None;0,00;1;0,00;Unknown;NO_MOVE_FOUND
14:38:34;3966;None;0,00;1;0,00;Unknown;NO_MOVE_FOUND
14:38:34;3967;None;0,00;1;0,00;Unknown;NO_MOVE_FOUND
14:38:34;3968;None;0,00;1;0,00;Unknown;NO_MOVE_FOUND
14:38:34;3969;None;0,00;1;0,00;Unknown;NO_MOVE_FOUND
14:38:34;3970;None;0,00;1;0,00;Unknown;NO_MOVE_FOUND
14:38:34;3971;None;0,00;1;0,00;Unknown;NO_MOVE_FOUND
14:38:34;3972;None;0,00;1;0,00;Unknown;NO_MOVE_FOUND
14:38:34;3973;None;0,00;1;0,00;Unknown;NO_MOVE_FOUND
14:38:34;3974;None;0,00;1;0,00;Unknown;NO_MOVE_FOUND
14:38:34;3975;None;0,00;1;0,00;Unknown;NO_MOVE_FOUND
14:38:34;3976;None;0,00;1;0,00;Unknown;NO_MOVE_FOUND
14:38:34;3977;None;0,00;1;0,00;Unknown;NO_MOVE_FOUND
14:38:34;3978;None;0,00;1;0,00;Unknown;NO_MOVE_FOUND
14:38:34;3979;None;0,00;1;0,00;Unknown;NO_MOVE_FOUND
14:38:34;3980;None;0,00;1;0,00;Unknown;NO_MOVE_FOUND
14:38:34;3981;None;0,00;1;0,00;Unknown;NO_MOVE_FOUND
14:38:34;3982;None;0,00;1;0,00;Unknown;NO_MOVE_FOUND
14:38:34;3983;None;0,00;1;0,00;Unknown;NO_MOVE_FOUND
14:38:34;3984;None;0,00;1;0,00;Unknown;NO_MOVE_FOUND
14:38:34;3985;None;0,00;1;0,00;Unknown;NO_MOVE_FOUND
14:38:34;3986;None;0,00;1;0,00;Unknown;NO_MOVE_FOUND
14:38:34;3987;None;0,00;1;0,00;Unknown;NO_MOVE_FOUND
14:38:34;3988;None;0,00;1;0,00;Unknown;NO_MOVE_FOUND
14:38:34;3989;None;0,00;1;0,00;Unknown;NO_MOVE_FOUND
14:38:34;3990;None;0,00;1;0,00;Unknown;NO_MOVE_FOUND
14:38:34;3991;None;0,00;1;0,00;Unknown;NO_MOVE_FOUND
14:38:34;3992;None;0,00;1;0,00;Unknown;NO_MOVE_FOUND
14:38:34;3993;None;0,00;1;0,00;Unknown;NO_MOVE_FOUND
14:38:34;3994;None;0,00;1;0,00;Unknown;NO_MOVE_FOUND
14:38:34;3995;None;0,00;1;0,00;Unknown;NO_MOVE_FOUND
14:38:34;3996;None;0,00;1;0,00;Unknown;NO_MOVE_FOUND
14:38:34;3997;None;0,00;1;0,00;Unknown;NO_MOVE_FOUND
14:38:34;3998;None;0,00;1;0,00;Unknown;NO_MOVE_FOUND
14:38:34;3999;None;0,00;1;0,00;Unknown;NO_MOVE_FOUND
14:38:34;4000;None;0,00;1;0,00;Unknown;NO_MOVE_FOUND
14:38:34;4001;None;0,00;1;0,00;Unknown;NO_MOVE_FOUND
14:38:34;4002;None;0,00;1;0,00;Unknown;NO_MOVE_FOUND
14:38:34;4003;None;0,00;1;0,00;Unknown;NO_MOVE_FOUND
14:38:34;4004;None;0,00;1;0,00;Unknown;NO_MOVE_FOUND
14:38:34;4005;None;0,00;1;0,00;Unknown;NO_MOVE_FOUND
14:38:34;4006;None;0,00;1;0,00;Unknown;NO_MOVE_FOUND
14:38:34;4007;None;0,00;1;0,00;Unknown;NO_MOVE_FOUND
14:38:34;4008;None;0,00;1;0,00;Unknown;NO_MOVE_FOUND
14:38:34;4009;None;0,00;1;0,00;Unknown;NO_MOVE_FOUND
14:38:34;4010;None;0,00;1;0,00;Unknown;NO_MOVE_FOUND
14:38:34;4011;None;0,00;1;0,00;Unknown;NO_MOVE_FOUND
14:38:34;4012;None;0,00;1;0,00;Unknown;NO_MOVE_FOUND
14:38:34;4013;None;0,00;1;0,00;Unknown;NO_MOVE_FOUND
14:38:34;4014;None;0,00;1;0,00;Unknown;NO_MOVE_FOUND
14:38:34;4015;None;0,00;1;0,00;Unknown;NO_MOVE_FOUND
14:38:34;4016;None;0,00;1;0,00;Unknown;NO_MOVE_FOUND
14:38:35;4017;None;0,00;1;0,00;Unknown;NO_MOVE_FOUND
14:38:35;4018;None;0,00;1;0,00;Unknown;NO_MOVE_FOUND
14:38:35;4019;None;0,00;1;0,00;Unknown;NO_MOVE_FOUND
14:38:35;4020;None;0,00;1;0,00;Unknown;NO_MOVE_FOUND
14:38:35;4021;None;0,00;1;0,00;Unknown;NO_MOVE_FOUND
14:38:35;4022;None;0,00;1;0,00;Unknown;NO_MOVE_FOUND
14:38:35;4023;None;0,00;1;0,00;Unknown;NO_MOVE_FOUND
14:38:35;4024;None;0,00;1;0,00;Unknown;NO_MOVE_FOUND
14:38:35;4025;None;0,00;1;0,00;Unknown;NO_MOVE_FOUND
14:38:35;4026;None;0,00;1;0,00;Unknown;NO_MOVE_FOUND
14:38:35;4027;None;0,00;1;0,00;Unknown;NO_MOVE_FOUND
14:38:35;4028;None;0,00;1;0,00;Unknown;NO_MOVE_FOUND
14:38:35;4029;None;0,00;1;0,00;Unknown;NO_MOVE_FOUND
14:38:35;4030;None;0,00;1;0,00;Unknown;NO_MOVE_FOUND
14:38:35;4031;None;0,00;1;0,00;Unknown;NO_MOVE_FOUND
14:38:35;4032;None;0,00;1;0,00;Unknown;NO_MOVE_FOUND
14:38:35;4033;None;0,00;1;0,00;Unknown;NO_MOVE_FOUND
14:38:35;4034;None;0,00;1;0,00;Unknown;NO_MOVE_FOUND
14:38:35;4035;None;0,00;1;0,00;Unknown;NO_MOVE_FOUND
14:38:35;4036;None;0,00;1;0,00;Unknown;NO_MOVE_FOUND
14:38:35;4037;None;0,00;1;0,00;Unknown;NO_MOVE_FOUND
14:38:35;4038;None;0,00;1;0,00;Unknown;NO_MOVE_FOUND
14:38:35;4039;None;0,00;1;0,00;Unknown;NO_MOVE_FOUND
14:38:35;4040;None;0,00;1;0,00;Unknown;NO_MOVE_FOUND
14:38:35;4041;None;0,00;1;0,00;Unknown;NO_MOVE_FOUND
14:38:35;4042;None;0,00;1;0,00;Unknown;NO_MOVE_FOUND
14:38:35;4043;None;0,00;1;0,00;Unknown;NO_MOVE_FOUND
14:38:35;4044;None;0,00;1;0,00;Unknown;NO_MOVE_FOUND
14:38:35;4045;None;0,00;1;0,00;Unknown;NO_MOVE_FOUND
14:38:35;4046;None;0,00;1;0,00;Unknown;NO_MOVE_FOUND
14:38:35;4047;None;0,00;1;0,00;Unknown;NO_MOVE_FOUND
14:38:35;4048;None;0,00;1;0,00;Unknown;NO_MOVE_FOUND
14:38:35;4049;None;0,00;1;0,00;Unknown;NO_MOVE_FOUND
14:38:35;4050;None;0,00;1;0,00;Unknown;NO_MOVE_FOUND
14:38:35;4051;None;0,00;1;0,00;Unknown;NO_MOVE_FOUND
14:38:35;4052;None;0,00;1;0,00;Unknown;NO_MOVE_FOUND
14:38:35;4053;None;0,00;1;0,00;Unknown;NO_MOVE_FOUND
14:38:35;4054;None;0,00;1;0,00;Unknown;NO_MOVE_FOUND
14:38:35;4055;None;0,00;1;0,00;Unknown;NO_MOVE_FOUND
14:38:35;4056;None;0,00;1;0,00;Unknown;NO_MOVE_FOUND
14:38:35;4057;None;0,00;1;0,00;Unknown;NO_MOVE_FOUND
14:38:35;4058;None;0,00;1;0,00;Unknown;NO_MOVE_FOUND
14:38:35;4059;None;0,00;1;0,00;Unknown;NO_MOVE_FOUND
14:38:35;4060;None;0,00;1;0,00;Unknown;NO_MOVE_FOUND
14:38:35;4061;None;0,00;1;0,00;Unknown;NO_MOVE_FOUND
14:38:35;4062;None;0,00;1;0,00;Unknown;NO_MOVE_FOUND
14:38:35;4063;None;0,00;1;0,00;Unknown;NO_MOVE_FOUND
14:38:35;4064;None;0,00;1;0,00;Unknown;NO_MOVE_FOUND
14:38:35;4065;None;0,00;1;0,00;Unknown;NO_MOVE_FOUND
14:38:35;4066;None;0,00;1;0,00;Unknown;NO_MOVE_FOUND
14:38:35;4067;None;0,00;1;0,00;Unknown;NO_MOVE_FOUND
14:38:35;4068;None;0,00;1;0,00;Unknown;NO_MOVE_FOUND
14:38:35;4069;None;0,00;1;0,00;Unknown;NO_MOVE_FOUND
14:38:35;4070;None;0,00;1;0,00;Unknown;NO_MOVE_FOUND
14:38:35;4071;None;0,00;1;0,00;Unknown;NO_MOVE_FOUND
14:38:35;4072;None;0,00;1;0,00;Unknown;NO_MOVE_FOUND
14:38:35;4073;None;0,00;1;0,00;Unknown;NO_MOVE_FOUND
14:38:35;4074;None;0,00;1;0,00;Unknown;NO_MOVE_FOUND
14:38:35;4075;None;0,00;1;0,00;Unknown;NO_MOVE_FOUND
14:38:35;4076;None;0,00;1;0,00;Unknown;NO_MOVE_FOUND
14:38:35;4077;None;0,00;1;0,00;Unknown;NO_MOVE_FOUND
14:38:35;4078;None;0,00;1;0,00;Unknown;NO_MOVE_FOUND
14:38:35;4079;None;0,00;1;0,00;Unknown;NO_MOVE_FOUND
14:38:35;4080;None;0,00;1;0,00;Unknown;NO_MOVE_FOUND
14:38:35;4081;None;0,00;1;0,00;Unknown;NO_MOVE_FOUND
14:38:35;4082;None;0,00;1;0,00;Unknown;NO_MOVE_FOUND
14:38:35;4083;None;0,00;1;0,00;Unknown;NO_MOVE_FOUND
14:38:35;4084;None;0,00;1;0,00;Unknown;NO_MOVE_FOUND
14:38:35;4085;None;0,00;1;0,00;Unknown;NO_MOVE_FOUND
14:38:35;4086;None;0,00;1;0,00;Unknown;NO_MOVE_FOUND
14:38:35;4087;None;0,00;1;0,00;Unknown;NO_MOVE_FOUND
14:38:35;4088;None;0,00;1;0,00;Unknown;NO_MOVE_FOUND
14:38:35;4089;None;0,00;1;0,00;Unknown;NO_MOVE_FOUND
14:38:35;4090;None;0,00;1;0,00;Unknown;NO_MOVE_FOUND
14:38:35;4091;None;0,00;1;0,00;Unknown;NO_MOVE_FOUND
14:38:35;4092;None;0,00;1;0,00;Unknown;NO_MOVE_FOUND
14:38:35;4093;None;0,00;1;0,00;Unknown;NO_MOVE_FOUND
14:38:35;4094;None;0,00;1;0,00;Unknown;NO_MOVE_FOUND
14:38:35;4095;None;0,00;1;0,00;Unknown;NO_MOVE_FOUND
14:38:35;4096;None;0,00;1;0,00;Unknown;NO_MOVE_FOUND
14:38:35;4097;None;0,00;1;0,00;Unknown;NO_MOVE_FOUND
14:38:35;4098;None;0,00;1;0,00;Unknown;NO_MOVE_FOUND
14:38:35;4099;None;0,00;1;0,00;Unknown;NO_MOVE_FOUND
14:38:35;4100;None;0,00;1;0,00;Unknown;NO_MOVE_FOUND
14:38:35;4101;None;0,00;1;0,00;Unknown;NO_MOVE_FOUND
14:38:35;4102;None;0,00;1;0,00;Unknown;NO_MOVE_FOUND
14:38:35;4103;None;0,00;1;0,00;Unknown;NO_MOVE_FOUND
14:38:35;4104;None;0,00;1;0,00;Unknown;NO_MOVE_FOUND
14:38:35;4105;None;0,00;1;0,00;Unknown;NO_MOVE_FOUND
14:38:35;4106;None;0,00;1;0,00;Unknown;NO_MOVE_FOUND
14:38:35;4107;None;0,00;1;0,00;Unknown;NO_MOVE_FOUND
14:38:35;4108;None;0,00;1;0,00;Unknown;NO_MOVE_FOUND
14:38:35;4109;None;0,00;1;0,00;Unknown;NO_MOVE_FOUND
14:38:35;4110;None;0,00;1;0,00;Unknown;NO_MOVE_FOUND
14:38:35;4111;None;0,00;1;0,00;Unknown;NO_MOVE_FOUND
14:38:35;4112;None;0,00;1;0,00;Unknown;NO_MOVE_FOUND
14:38:35;4113;None;0,00;1;0,00;Unknown;NO_MOVE_FOUND
14:38:35;4114;None;0,00;1;0,00;Unknown;NO_MOVE_FOUND
14:38:35;4115;None;0,00;1;0,00;Unknown;NO_MOVE_FOUND
14:38:35;4116;None;0,00;1;0,00;Unknown;NO_MOVE_FOUND
14:38:35;4117;None;0,00;1;0,00;Unknown;NO_MOVE_FOUND
14:38:35;4118;None;0,00;1;0,00;Unknown;NO_MOVE_FOUND
14:38:35;4119;None;0,00;1;0,00;Unknown;NO_MOVE_FOUND
14:38:35;4120;None;0,00;1;0,00;Unknown;NO_MOVE_FOUND
14:38:35;4121;None;0,00;1;0,00;Unknown;NO_MOVE_FOUND
14:38:35;4122;None;0,00;1;0,00;Unknown;NO_MOVE_FOUND
14:38:35;4123;None;0,00;1;0,00;Unknown;NO_MOVE_FOUND
14:38:35;4124;None;0,00;1;0,00;Unknown;NO_MOVE_FOUND
14:38:35;4125;None;0,00;1;0,00;Unknown;NO_MOVE_FOUND
14:38:35;4126;None;0,00;1;0,00;Unknown;NO_MOVE_FOUND
14:38:35;4127;None;0,00;1;0,00;Unknown;NO_MOVE_FOUND
14:38:35;4128;None;0,00;1;0,00;Unknown;NO_MOVE_FOUND
14:38:35;4129;None;0,00;1;0,00;Unknown;NO_MOVE_FOUND
14:38:35;4130;None;0,00;1;0,00;Unknown;NO_MOVE_FOUND
14:38:35;4131;None;0,00;1;0,00;Unknown;NO_MOVE_FOUND
14:38:35;4132;None;0,00;1;0,00;Unknown;NO_MOVE_FOUND
14:38:35;4133;None;0,00;1;0,00;Unknown;NO_MOVE_FOUND
14:38:35;4134;None;0,00;1;0,00;Unknown;NO_MOVE_FOUND
14:38:35;4135;None;0,00;1;0,00;Unknown;NO_MOVE_FOUND
14:38:35;4136;None;0,00;1;0,00;Unknown;NO_MOVE_FOUND
14:38:35;4137;None;0,00;1;0,00;Unknown;NO_MOVE_FOUND
14:38:35;4138;None;0,00;1;0,00;Unknown;NO_MOVE_FOUND
14:38:35;4139;None;0,00;1;0,00;Unknown;NO_MOVE_FOUND
14:38:35;4140;None;0,00;1;0,00;Unknown;NO_MOVE_FOUND
14:38:35;4141;None;0,00;1;0,00;Unknown;NO_MOVE_FOUND
14:38:35;4142;None;0,00;1;0,00;Unknown;NO_MOVE_FOUND
14:38:35;4143;None;0,00;1;0,00;Unknown;NO_MOVE_FOUND
14:38:35;4144;None;0,00;1;0,00;Unknown;NO_MOVE_FOUND
14:38:35;4145;None;0,00;1;0,00;Unknown;NO_MOVE_FOUND
14:38:35;4146;None;0,00;1;0,00;Unknown;NO_MOVE_FOUND
14:38:35;4147;None;0,00;1;0,00;Unknown;NO_MOVE_FOUND
14:38:35;4148;None;0,00;1;0,00;Unknown;NO_MOVE_FOUND
14:38:35;4149;None;0,00;1;0,00;Unknown;NO_MOVE_FOUND
14:38:35;4150;None;0,00;1;0,00;Unknown;NO_MOVE_FOUND
14:38:35;4151;None;0,00;1;0,00;Unknown;NO_MOVE_FOUND
14:38:35;4152;None;0,00;1;0,00;Unknown;NO_MOVE_FOUND
14:38:35;4153;None;0,00;1;0,00;Unknown;NO_MOVE_FOUND
14:38:35;4154;None;0,00;1;0,00;Unknown;NO_MOVE_FOUND
14:38:35;4155;None;0,00;1;0,00;Unknown;NO_MOVE_FOUND
14:38:35;4156;None;0,00;1;0,00;Unknown;NO_MOVE_FOUND
14:38:35;4157;None;0,00;1;0,00;Unknown;NO_MOVE_FOUND
14:38:35;4158;None;0,00;1;0,00;Unknown;NO_MOVE_FOUND
14:38:35;4159;None;0,00;1;0,00;Unknown;NO_MOVE_FOUND
14:38:35;4160;None;0,00;1;0,00;Unknown;NO_MOVE_FOUND
14:38:35;4161;None;0,00;1;0,00;Unknown;NO_MOVE_FOUND
14:38:35;4162;None;0,00;1;0,00;Unknown;NO_MOVE_FOUND
14:38:35;4163;None;0,00;1;0,00;Unknown;NO_MOVE_FOUND
14:38:35;4164;None;0,00;1;0,00;Unknown;NO_MOVE_FOUND
14:38:35;4165;None;0,00;1;0,00;Unknown;NO_MOVE_FOUND
14:38:35;4166;None;0,00;1;0,00;Unknown;NO_MOVE_FOUND
14:38:35;4167;None;0,00;1;0,00;Unknown;NO_MOVE_FOUND
14:38:35;4168;None;0,00;1;0,00;Unknown;NO_MOVE_FOUND
14:38:35;4169;None;0,00;1;0,00;Unknown;NO_MOVE_FOUND
14:38:35;4170;None;0,00;1;0,00;Unknown;NO_MOVE_FOUND
14:38:35;4171;None;0,00;1;0,00;Unknown;NO_MOVE_FOUND
14:38:35;4172;None;0,00;1;0,00;Unknown;NO_MOVE_FOUND
14:38:35;4173;None;0,00;1;0,00;Unknown;NO_MOVE_FOUND
14:38:35;4174;None;0,00;1;0,00;Unknown;NO_MOVE_FOUND
14:38:35;4175;None;0,00;1;0,00;Unknown;NO_MOVE_FOUND
14:38:35;4176;None;0,00;1;0,00;Unknown;NO_MOVE_FOUND
14:38:35;4177;None;0,00;1;0,00;Unknown;NO_MOVE_FOUND
14:38:35;4178;None;0,00;1;0,00;Unknown;NO_MOVE_FOUND
14:38:35;4179;None;0,00;1;0,00;Unknown;NO_MOVE_FOUND
14:38:35;4180;None;0,00;1;0,00;Unknown;NO_MOVE_FOUND
14:38:35;4181;None;0,00;1;0,00;Unknown;NO_MOVE_FOUND
14:38:35;4182;None;0,00;1;0,00;Unknown;NO_MOVE_FOUND
14:38:35;4183;None;0,00;1;0,00;Unknown;NO_MOVE_FOUND
14:38:35;4184;None;0,00;1;0,00;Unknown;NO_MOVE_FOUND
14:38:35;4185;None;0,00;1;0,00;Unknown;NO_MOVE_FOUND
14:38:35;4186;None;0,00;1;0,00;Unknown;NO_MOVE_FOUND
14:38:35;4187;None;0,00;1;0,00;Unknown;NO_MOVE_FOUND
14:38:35;4188;None;0,00;1;0,00;Unknown;NO_MOVE_FOUND
14:38:35;4189;None;0,00;1;0,00;Unknown;NO_MOVE_FOUND
14:38:35;4190;None;0,00;1;0,00;Unknown;NO_MOVE_FOUND
14:38:35;4191;None;0,00;1;0,00;Unknown;NO_MOVE_FOUND
14:38:35;4192;None;0,00;1;0,00;Unknown;NO_MOVE_FOUND
14:38:35;4193;None;0,00;1;0,00;Unknown;NO_MOVE_FOUND
14:38:35;4194;None;0,00;1;0,00;Unknown;NO_MOVE_FOUND
14:38:35;4195;None;0,00;1;0,00;Unknown;NO_MOVE_FOUND
14:38:35;4196;None;0,00;1;0,00;Unknown;NO_MOVE_FOUND
14:38:35;4197;None;0,00;1;0,00;Unknown;NO_MOVE_FOUND
14:38:35;4198;None;0,00;1;0,00;Unknown;NO_MOVE_FOUND
14:38:35;4199;None;0,00;1;0,00;Unknown;NO_MOVE_FOUND
14:38:35;4200;None;0,00;1;0,00;Unknown;NO_MOVE_FOUND
14:38:35;4201;None;0,00;1;0,00;Unknown;NO_MOVE_FOUND
14:38:35;4202;None;0,00;1;0,00;Unknown;NO_MOVE_FOUND
14:38:35;4203;None;0,00;1;0,00;Unknown;NO_MOVE_FOUND
14:38:35;4204;None;0,00;1;0,00;Unknown;NO_MOVE_FOUND
14:38:35;4205;None;0,00;1;0,00;Unknown;NO_MOVE_FOUND
14:38:35;4206;None;0,00;1;0,00;Unknown;NO_MOVE_FOUND
14:38:35;4207;None;0,00;1;0,00;Unknown;NO_MOVE_FOUND
14:38:35;4208;None;0,00;1;0,00;Unknown;NO_MOVE_FOUND
14:38:35;4209;None;0,00;1;0,00;Unknown;NO_MOVE_FOUND
14:38:35;4210;None;0,00;1;0,00;Unknown;NO_MOVE_FOUND
14:38:35;4211;None;0,00;1;0,00;Unknown;NO_MOVE_FOUND
14:38:35;4212;None;0,00;1;0,00;Unknown;NO_MOVE_FOUND
14:38:35;4213;None;0,00;1;0,00;Unknown;NO_MOVE_FOUND
14:38:35;4214;None;0,00;1;0,00;Unknown;NO_MOVE_FOUND
14:38:35;4215;None;0,00;1;0,00;Unknown;NO_MOVE_FOUND
14:38:35;4216;None;0,00;1;0,00;Unknown;NO_MOVE_FOUND
14:38:35;4217;None;0,00;1;0,00;Unknown;NO_MOVE_FOUND
14:38:35;4218;None;0,00;1;0,00;Unknown;NO_MOVE_FOUND
14:38:35;4219;None;0,00;1;0,00;Unknown;NO_MOVE_FOUND
14:38:35;4220;None;0,00;1;0,00;Unknown;NO_MOVE_FOUND
14:38:35;4221;None;0,00;1;0,00;Unknown;NO_MOVE_FOUND
14:38:35;4222;None;0,00;1;0,00;Unknown;NO_MOVE_FOUND
14:38:35;4223;None;0,00;1;0,00;Unknown;NO_MOVE_FOUND
14:38:35;4224;None;0,00;1;0,00;Unknown;NO_MOVE_FOUND
14:38:35;4225;None;0,00;1;0,00;Unknown;NO_MOVE_FOUND
14:38:35;4226;None;0,00;1;0,00;Unknown;NO_MOVE_FOUND
14:38:35;4227;None;0,00;1;0,00;Unknown;NO_MOVE_FOUND
14:38:35;4228;None;0,00;1;0,00;Unknown;NO_MOVE_FOUND
14:38:35;4229;None;0,00;1;0,00;Unknown;NO_MOVE_FOUND
14:38:35;4230;None;0,00;1;0,00;Unknown;NO_MOVE_FOUND
14:38:35;4231;None;0,00;1;0,00;Unknown;NO_MOVE_FOUND
14:38:35;4232;None;0,00;1;0,00;Unknown;NO_MOVE_FOUND
14:38:35;4233;None;0,00;1;0,00;Unknown;NO_MOVE_FOUND
14:38:35;4234;None;0,00;1;0,00;Unknown;NO_MOVE_FOUND
14:38:35;4235;None;0,00;1;0,00;Unknown;NO_MOVE_FOUND
14:38:35;4236;None;0,00;1;0,00;Unknown;NO_MOVE_FOUND
14:38:35;4237;None;0,00;1;0,00;Unknown;NO_MOVE_FOUND
14:38:35;4238;None;0,00;1;0,00;Unknown;NO_MOVE_FOUND
14:38:35;4239;None;0,00;1;0,00;Unknown;NO_MOVE_FOUND
14:38:35;4240;None;0,00;1;0,00;Unknown;NO_MOVE_FOUND
14:38:35;4241;None;0,00;1;0,00;Unknown;NO_MOVE_FOUND
14:38:35;4242;None;0,00;1;0,00;Unknown;NO_MOVE_FOUND
14:38:35;4243;None;0,00;1;0,00;Unknown;NO_MOVE_FOUND
14:38:35;4244;None;0,00;1;0,00;Unknown;NO_MOVE_FOUND
14:38:35;4245;None;0,00;1;0,00;Unknown;NO_MOVE_FOUND
14:38:35;4246;None;0,00;1;0,00;Unknown;NO_MOVE_FOUND
14:38:35;4247;None;0,00;1;0,00;Unknown;NO_MOVE_FOUND
14:38:35;4248;None;0,00;1;0,00;Unknown;NO_MOVE_FOUND
14:38:35;4249;None;0,00;1;0,00;Unknown;NO_MOVE_FOUND
14:38:35;4250;None;0,00;1;0,00;Unknown;NO_MOVE_FOUND
14:38:35;4251;None;0,00;1;0,00;Unknown;NO_MOVE_FOUND
14:38:35;4252;None;0,00;1;0,00;Unknown;NO_MOVE_FOUND
14:38:35;4253;None;0,00;1;0,00;Unknown;NO_MOVE_FOUND
14:38:35;4254;None;0,00;1;0,00;Unknown;NO_MOVE_FOUND
14:38:35;4255;None;0,00;1;0,00;Unknown;NO_MOVE_FOUND
14:38:35;4256;None;0,00;1;0,00;Unknown;NO_MOVE_FOUND
14:38:35;4257;None;0,00;1;0,00;Unknown;NO_MOVE_FOUND
14:38:35;4258;None;0,00;1;0,00;Unknown;NO_MOVE_FOUND
14:38:35;4259;None;0,00;1;0,00;Unknown;NO_MOVE_FOUND
14:38:35;4260;None;0,00;1;0,00;Unknown;NO_MOVE_FOUND
14:38:35;4261;None;0,00;1;0,00;Unknown;NO_MOVE_FOUND
14:38:35;4262;None;0,00;1;0,00;Unknown;NO_MOVE_FOUND
14:38:35;4263;None;0,00;1;0,00;Unknown;NO_MOVE_FOUND
14:38:35;4264;None;0,00;1;0,00;Unknown;NO_MOVE_FOUND
14:38:35;4265;None;0,00;1;0,00;Unknown;NO_MOVE_FOUND
14:38:35;4266;None;0,00;1;0,00;Unknown;NO_MOVE_FOUND
14:38:35;4267;None;0,00;1;0,00;Unknown;NO_MOVE_FOUND
14:38:35;4268;None;0,00;1;0,00;Unknown;NO_MOVE_FOUND
14:38:35;4269;None;0,00;1;0,00;Unknown;NO_MOVE_FOUND
14:38:35;4270;None;0,00;1;0,00;Unknown;NO_MOVE_FOUND
14:38:35;4271;None;0,00;1;0,00;Unknown;NO_MOVE_FOUND
14:38:35;4272;None;0,00;1;0,00;Unknown;NO_MOVE_FOUND
14:38:35;4273;None;0,00;1;0,00;Unknown;NO_MOVE_FOUND
14:38:35;4274;None;0,00;1;0,00;Unknown;NO_MOVE_FOUND
14:38:35;4275;None;0,00;1;0,00;Unknown;NO_MOVE_FOUND
14:38:35;4276;None;0,00;1;0,00;Unknown;NO_MOVE_FOUND
14:38:35;4277;None;0,00;1;0,00;Unknown;NO_MOVE_FOUND
14:38:35;4278;None;0,00;1;0,00;Unknown;NO_MOVE_FOUND
14:38:35;4279;None;0,00;1;0,00;Unknown;NO_MOVE_FOUND
14:38:35;4280;None;0,00;1;0,00;Unknown;NO_MOVE_FOUND
14:38:35;4281;None;0,00;1;0,00;Unknown;NO_MOVE_FOUND
14:38:35;4282;None;0,00;1;0,00;Unknown;NO_MOVE_FOUND
14:38:35;4283;None;0,00;1;0,00;Unknown;NO_MOVE_FOUND
14:38:35;4284;None;0,00;1;0,00;Unknown;NO_MOVE_FOUND
14:38:35;4285;None;0,00;1;0,00;Unknown;NO_MOVE_FOUND
14:38:35;4286;None;0,00;1;0,00;Unknown;NO_MOVE_FOUND
14:38:35;4287;None;0,00;1;0,00;Unknown;NO_MOVE_FOUND
14:38:35;4288;None;0,00;1;0,00;Unknown;NO_MOVE_FOUND
14:38:35;4289;None;0,00;1;0,00;Unknown;NO_MOVE_FOUND
14:38:35;4290;None;0,00;1;0,00;Unknown;NO_MOVE_FOUND
14:38:35;4291;None;0,00;1;0,00;Unknown;NO_MOVE_FOUND
14:38:35;4292;None;0,00;1;0,00;Unknown;NO_MOVE_FOUND
14:38:35;4293;None;0,00;1;0,00;Unknown;NO_MOVE_FOUND
14:38:35;4294;None;0,00;1;0,00;Unknown;NO_MOVE_FOUND
14:38:35;4295;None;0,00;1;0,00;Unknown;NO_MOVE_FOUND
14:38:35;4296;None;0,00;1;0,00;Unknown;NO_MOVE_FOUND
14:38:35;4297;None;0,00;1;0,00;Unknown;NO_MOVE_FOUND
14:38:35;4298;None;0,00;1;0,00;Unknown;NO_MOVE_FOUND
14:38:35;4299;None;0,00;1;0,00;Unknown;NO_MOVE_FOUND
14:38:35;4300;None;0,00;1;0,00;Unknown;NO_MOVE_FOUND
14:38:35;4301;None;0,00;1;0,00;Unknown;NO_MOVE_FOUND
14:38:35;4302;None;0,00;1;0,00;Unknown;NO_MOVE_FOUND
14:38:35;4303;None;0,00;1;0,00;Unknown;NO_MOVE_FOUND
14:38:35;4304;None;0,00;1;0,00;Unknown;NO_MOVE_FOUND
14:38:35;4305;None;0,00;1;0,00;Unknown;NO_MOVE_FOUND
14:38:35;4306;None;0,00;1;0,00;Unknown;NO_MOVE_FOUND
14:38:35;4307;None;0,00;1;0,00;Unknown;NO_MOVE_FOUND
14:38:35;4308;None;0,00;1;0,00;Unknown;NO_MOVE_FOUND
14:38:35;4309;None;0,00;1;0,00;Unknown;NO_MOVE_FOUND
14:38:35;4310;None;0,00;1;0,00;Unknown;NO_MOVE_FOUND
14:38:35;4311;None;0,00;1;0,00;Unknown;NO_MOVE_FOUND
14:38:35;4312;None;0,00;1;0,00;Unknown;NO_MOVE_FOUND
14:38:35;4313;None;0,00;1;0,00;Unknown;NO_MOVE_FOUND
14:38:35;4314;None;0,00;1;0,00;Unknown;NO_MOVE_FOUND
14:38:35;4315;None;0,00;1;0,00;Unknown;NO_MOVE_FOUND
14:38:35;4316;None;0,00;1;0,00;Unknown;NO_MOVE_FOUND
14:38:35;4317;None;0,00;1;0,00;Unknown;NO_MOVE_FOUND
14:38:35;4318;None;0,00;1;0,00;Unknown;NO_MOVE_FOUND
14:38:35;4319;None;0,00;1;0,00;Unknown;NO_MOVE_FOUND
14:38:35;4320;None;0,00;1;0,00;Unknown;NO_MOVE_FOUND
14:38:35;4321;None;0,00;1;0,00;Unknown;NO_MOVE_FOUND
14:38:35;4322;None;0,00;1;0,00;Unknown;NO_MOVE_FOUND
14:38:35;4323;None;0,00;1;0,00;Unknown;NO_MOVE_FOUND
14:38:35;4324;None;0,00;1;0,00;Unknown;NO_MOVE_FOUND
14:38:35;4325;None;0,00;1;0,00;Unknown;NO_MOVE_FOUND
14:38:35;4326;None;0,00;1;0,00;Unknown;NO_MOVE_FOUND
14:38:35;4327;None;0,00;1;0,00;Unknown;NO_MOVE_FOUND
14:38:35;4328;None;0,00;1;0,00;Unknown;NO_MOVE_FOUND
14:38:35;4329;None;0,00;1;0,00;Unknown;NO_MOVE_FOUND
14:38:35;4330;None;0,00;1;0,00;Unknown;NO_MOVE_FOUND
14:38:35;4331;None;0,00;1;0,00;Unknown;NO_MOVE_FOUND
14:38:35;4332;None;0,00;1;0,00;Unknown;NO_MOVE_FOUND
14:38:35;4333;None;0,00;1;0,00;Unknown;NO_MOVE_FOUND
14:38:35;4334;None;0,00;1;0,00;Unknown;NO_MOVE_FOUND
14:38:35;4335;None;0,00;1;0,00;Unknown;NO_MOVE_FOUND
14:38:35;4336;None;0,00;1;0,00;Unknown;NO_MOVE_FOUND
14:38:35;4337;None;0,00;1;0,00;Unknown;NO_MOVE_FOUND
14:38:35;4338;None;0,00;1;0,00;Unknown;NO_MOVE_FOUND
14:38:35;4339;None;0,00;1;0,00;Unknown;NO_MOVE_FOUND
14:38:35;4340;None;0,00;1;0,00;Unknown;NO_MOVE_FOUND
14:38:35;4341;None;0,00;1;0,00;Unknown;NO_MOVE_FOUND
14:38:35;4342;None;0,00;1;0,00;Unknown;NO_MOVE_FOUND
14:38:35;4343;None;0,00;1;0,00;Unknown;NO_MOVE_FOUND
14:38:35;4344;None;0,00;1;0,00;Unknown;NO_MOVE_FOUND
14:38:35;4345;None;0,00;1;0,00;Unknown;NO_MOVE_FOUND
14:38:35;4346;None;0,00;1;0,00;Unknown;NO_MOVE_FOUND
14:38:35;4347;None;0,00;1;0,00;Unknown;NO_MOVE_FOUND
14:38:35;4348;None;0,00;1;0,00;Unknown;NO_MOVE_FOUND
14:38:35;4349;None;0,00;1;0,00;Unknown;NO_MOVE_FOUND
14:38:35;4350;None;0,00;1;0,00;Unknown;NO_MOVE_FOUND
14:38:35;4351;None;0,00;1;0,00;Unknown;NO_MOVE_FOUND
14:38:35;4352;None;0,00;1;0,00;Unknown;NO_MOVE_FOUND
14:38:35;4353;None;0,00;1;0,00;Unknown;NO_MOVE_FOUND
14:38:35;4354;None;0,00;1;0,00;Unknown;NO_MOVE_FOUND
14:38:35;4355;None;0,00;1;0,00;Unknown;NO_MOVE_FOUND
14:38:35;4356;None;0,00;1;0,00;Unknown;NO_MOVE_FOUND
14:38:35;4357;None;0,00;1;0,00;Unknown;NO_MOVE_FOUND
14:38:35;4358;None;0,00;1;0,00;Unknown;NO_MOVE_FOUND
14:38:35;4359;None;0,00;1;0,00;Unknown;NO_MOVE_FOUND
14:38:35;4360;None;0,00;1;0,00;Unknown;NO_MOVE_FOUND
14:38:35;4361;None;0,00;1;0,00;Unknown;NO_MOVE_FOUND
14:38:35;4362;None;0,00;1;0,00;Unknown;NO_MOVE_FOUND
14:38:35;4363;None;0,00;1;0,00;Unknown;NO_MOVE_FOUND
14:38:35;4364;None;0,00;1;0,00;Unknown;NO_MOVE_FOUND
14:38:35;4365;None;0,00;1;0,00;Unknown;NO_MOVE_FOUND
14:38:35;4366;None;0,00;1;0,00;Unknown;NO_MOVE_FOUND
14:38:36;4367;None;0,00;1;0,00;Unknown;NO_MOVE_FOUND
14:38:36;4368;None;0,00;1;0,00;Unknown;NO_MOVE_FOUND
14:38:36;4369;None;0,00;1;0,00;Unknown;NO_MOVE_FOUND
14:38:36;4370;None;0,00;1;0,00;Unknown;NO_MOVE_FOUND
14:38:36;4371;None;0,00;1;0,00;Unknown;NO_MOVE_FOUND
14:38:36;4372;None;0,00;1;0,00;Unknown;NO_MOVE_FOUND
14:38:36;4373;None;0,00;1;0,00;Unknown;NO_MOVE_FOUND
14:38:36;4374;None;0,00;1;0,00;Unknown;NO_MOVE_FOUND
14:38:36;4375;None;0,00;1;0,00;Unknown;NO_MOVE_FOUND
14:38:36;4376;None;0,00;1;0,00;Unknown;NO_MOVE_FOUND
14:38:36;4377;None;0,00;1;0,00;Unknown;NO_MOVE_FOUND
14:38:36;4378;None;0,00;1;0,00;Unknown;NO_MOVE_FOUND
14:38:36;4379;None;0,00;1;0,00;Unknown;NO_MOVE_FOUND
14:38:36;4380;None;0,00;1;0,00;Unknown;NO_MOVE_FOUND
14:38:36;4381;None;0,00;1;0,00;Unknown;NO_MOVE_FOUND
14:38:36;4382;None;0,00;1;0,00;Unknown;NO_MOVE_FOUND
14:38:36;4383;None;0,00;1;0,00;Unknown;NO_MOVE_FOUND
14:38:36;4384;None;0,00;1;0,00;Unknown;NO_MOVE_FOUND
14:38:36;4385;None;0,00;1;0,00;Unknown;NO_MOVE_FOUND
14:38:36;4386;None;0,00;1;0,00;Unknown;NO_MOVE_FOUND
14:38:36;4387;None;0,00;1;0,00;Unknown;NO_MOVE_FOUND
14:38:36;4388;None;0,00;1;0,00;Unknown;NO_MOVE_FOUND
14:38:36;4389;None;0,00;1;0,00;Unknown;NO_MOVE_FOUND
14:38:36;4390;None;0,00;1;0,00;Unknown;NO_MOVE_FOUND
14:38:36;4391;None;0,00;1;0,00;Unknown;NO_MOVE_FOUND
14:38:36;4392;None;0,00;1;0,00;Unknown;NO_MOVE_FOUND
14:38:36;4393;None;0,00;1;0,00;Unknown;NO_MOVE_FOUND
14:38:36;4394;None;0,00;1;0,00;Unknown;NO_MOVE_FOUND
14:38:36;4395;None;0,00;1;0,00;Unknown;NO_MOVE_FOUND
14:38:36;4396;None;0,00;1;0,00;Unknown;NO_MOVE_FOUND
14:38:36;4397;None;0,00;1;0,00;Unknown;NO_MOVE_FOUND
14:38:36;4398;None;0,00;1;0,00;Unknown;NO_MOVE_FOUND
14:38:36;4399;None;0,00;1;0,00;Unknown;NO_MOVE_FOUND
14:38:36;4400;None;0,00;1;0,00;Unknown;NO_MOVE_FOUND
14:38:36;4401;None;0,00;1;0,00;Unknown;NO_MOVE_FOUND
14:38:36;4402;None;0,00;1;0,00;Unknown;NO_MOVE_FOUND
14:38:36;4403;None;0,00;1;0,00;Unknown;NO_MOVE_FOUND
14:38:36;4404;None;0,00;1;0,00;Unknown;NO_MOVE_FOUND
14:38:36;4405;None;0,00;1;0,00;Unknown;NO_MOVE_FOUND
14:38:36;4406;None;0,00;1;0,00;Unknown;NO_MOVE_FOUND
14:38:36;4407;None;0,00;1;0,00;Unknown;NO_MOVE_FOUND
14:38:36;4408;None;0,00;1;0,00;Unknown;NO_MOVE_FOUND
14:38:36;4409;None;0,00;1;0,00;Unknown;NO_MOVE_FOUND
14:38:36;4410;None;0,00;1;0,00;Unknown;NO_MOVE_FOUND
14:38:36;4411;None;0,00;1;0,00;Unknown;NO_MOVE_FOUND
14:38:36;4412;None;0,00;1;0,00;Unknown;NO_MOVE_FOUND
14:38:36;4413;None;0,00;1;0,00;Unknown;NO_MOVE_FOUND
14:38:36;4414;None;0,00;1;0,00;Unknown;NO_MOVE_FOUND
