Timestamp;MoveID;SelectedColor;Score;FreeSlots;UnblockValue;TargetBus;Status
14:45:53;1;RGBA(0.055, 0.218, 0.753, 0.000);25000,00;5;6000,00;RGBA(0.055, 0.218, 0.753, 0.000);Executed
14:45:53;2;RGBA(0.055, 0.218, 0.753, 0.000);25000,00;5;6000,00;RGBA(0.055, 0.218, 0.753, 0.000);Executed
14:45:53;3;RGBA(0.055, 0.218, 0.753, 0.000);25000,00;5;6000,00;RGBA(0.055, 0.218, 0.753, 0.000);Executed
14:45:54;4;RGBA(0.753, 0.055, 0.736, 0.000);25075,00;5;0,00;RGBA(0.753, 0.055, 0.736, 0.000);Executed
14:45:55;5;RGBA(0.753, 0.055, 0.736, 0.000);25075,00;5;0,00;RGBA(0.753, 0.055, 0.736, 0.000);Executed
14:45:55;6;RGBA(0.753, 0.055, 0.736, 0.000);25075,00;5;0,00;RGBA(0.753, 0.055, 0.736, 0.000);Executed
14:45:56;7;RGBA(0.755, 0.055, 0.055, 0.000);25000,00;5;18000,00;RGBA(0.755, 0.055, 0.055, 0.000);Executed
14:45:56;8;RGBA(0.755, 0.055, 0.055, 0.000);25075,00;5;18000,00;RGBA(0.755, 0.055, 0.055, 0.000);Executed
14:45:57;9;RGBA(0.755, 0.055, 0.055, 0.000);25150,00;5;0,00;RGBA(0.755, 0.055, 0.055, 0.000);Executed
14:45:58;10;RGBA(0.055, 0.218, 0.753, 0.000);25150,00;5;0,00;RGBA(0.055, 0.218, 0.753, 0.000);Executed
14:45:58;11;RGBA(0.055, 0.218, 0.753, 0.000);25075,00;5;0,00;RGBA(0.055, 0.218, 0.753, 0.000);Executed
14:45:58;12;RGBA(0.055, 0.218, 0.753, 0.000);25000,00;5;0,00;RGBA(0.055, 0.218, 0.753, 0.000);Executed
14:45:59;13;RGBA(0.753, 0.055, 0.736, 0.000);25000,00;5;6000,00;RGBA(0.753, 0.055, 0.736, 0.000);Executed
14:46:00;14;RGBA(0.085, 0.753, 0.055, 0.000);24525,00;5;18000,00;RGBA(0.753, 0.055, 0.736, 0.000);Executed
14:46:00;15;RGBA(0.753, 0.055, 0.736, 0.000);25150,00;4;0,00;RGBA(0.753, 0.055, 0.736, 0.000);Executed
14:46:00;16;RGBA(0.753, 0.055, 0.736, 0.000);25075,00;4;6000,00;RGBA(0.753, 0.055, 0.736, 0.000);Executed
14:46:01;17;RGBA(0.085, 0.753, 0.055, 0.000);25150,00;5;0,00;RGBA(0.085, 0.753, 0.055, 0.000);Executed
14:46:02;18;RGBA(0.085, 0.753, 0.055, 0.000);25000,00;5;0,00;RGBA(0.085, 0.753, 0.055, 0.000);Executed
14:46:03;19;RGBA(0.755, 0.055, 0.055, 0.000);25000,00;5;18000,00;RGBA(0.755, 0.055, 0.055, 0.000);Executed
14:46:03;20;RGBA(0.755, 0.055, 0.055, 0.000);25075,00;5;18000,00;RGBA(0.755, 0.055, 0.055, 0.000);Executed
14:46:04;21;RGBA(0.755, 0.055, 0.055, 0.000);25150,00;5;0,00;RGBA(0.755, 0.055, 0.055, 0.000);Executed
14:46:05;22;RGBA(0.753, 0.055, 0.736, 0.000);25000,00;5;6000,00;RGBA(0.753, 0.055, 0.736, 0.000);Executed
14:46:05;23;RGBA(0.753, 0.055, 0.736, 0.000);25000,00;5;18000,00;RGBA(0.753, 0.055, 0.736, 0.000);Executed
14:46:05;24;RGBA(0.753, 0.055, 0.736, 0.000);25075,00;5;6000,00;RGBA(0.753, 0.055, 0.736, 0.000);Executed
14:46:08;25;RGBA(0.968, 1.000, 0.000, 0.000);25150,00;5;0,00;RGBA(0.968, 1.000, 0.000, 0.000);Executed
14:46:09;26;RGBA(0.968, 1.000, 0.000, 0.000);25150,00;5;0,00;RGBA(0.968, 1.000, 0.000, 0.000);Executed
14:46:09;27;RGBA(0.968, 1.000, 0.000, 0.000);25075,00;5;0,00;RGBA(0.968, 1.000, 0.000, 0.000);Executed
14:46:10;28;RGBA(0.085, 0.753, 0.055, 0.000);25000,00;5;0,00;RGBA(0.085, 0.753, 0.055, 0.000);Executed
14:46:10;29;RGBA(0.753, 0.055, 0.736, 0.000);18450,00;5;18000,00;RGBA(0.085, 0.753, 0.055, 0.000);Executed
14:46:11;30;RGBA(0.085, 0.753, 0.055, 0.000);25075,00;4;18000,00;RGBA(0.085, 0.753, 0.055, 0.000);Executed
14:46:11;31;RGBA(0.085, 0.753, 0.055, 0.000);25150,00;4;0,00;RGBA(0.085, 0.753, 0.055, 0.000);Executed
14:46:12;32;RGBA(0.969, 0.619, 0.143, 0.000);25150,00;4;0,00;RGBA(0.969, 0.619, 0.143, 0.000);Executed
14:46:12;33;RGBA(0.969, 0.619, 0.143, 0.000);25075,00;4;0,00;RGBA(0.969, 0.619, 0.143, 0.000);Executed
14:46:13;34;RGBA(0.969, 0.619, 0.143, 0.000);25000,00;4;0,00;RGBA(0.969, 0.619, 0.143, 0.000);Executed
14:46:14;35;RGBA(0.753, 0.055, 0.736, 0.000);25225,00;5;0,00;RGBA(0.753, 0.055, 0.736, 0.000);Executed
14:46:14;36;RGBA(0.753, 0.055, 0.736, 0.000);25000,00;5;6000,00;RGBA(0.753, 0.055, 0.736, 0.000);Executed
14:46:15;37;RGBA(0.968, 1.000, 0.000, 0.000);25225,00;5;0,00;RGBA(0.968, 1.000, 0.000, 0.000);Executed
14:46:15;38;RGBA(0.968, 1.000, 0.000, 0.000);25075,00;5;0,00;RGBA(0.968, 1.000, 0.000, 0.000);Executed
14:46:16;39;RGBA(0.968, 1.000, 0.000, 0.000);25075,00;5;0,00;RGBA(0.968, 1.000, 0.000, 0.000);Executed
14:46:17;40;RGBA(0.755, 0.055, 0.055, 0.000);25150,00;5;18000,00;RGBA(0.755, 0.055, 0.055, 0.000);Executed
14:46:17;41;RGBA(0.755, 0.055, 0.055, 0.000);25000,00;5;6000,00;RGBA(0.755, 0.055, 0.055, 0.000);Executed
14:46:17;42;RGBA(0.055, 0.218, 0.753, 0.000);19125,00;5;18000,00;RGBA(0.755, 0.055, 0.055, 0.000);Executed
14:46:18;43;RGBA(0.755, 0.055, 0.055, 0.000);25300,00;4;6000,00;RGBA(0.755, 0.055, 0.055, 0.000);Executed
14:46:19;44;RGBA(0.968, 1.000, 0.000, 0.000);25375,00;4;0,00;RGBA(0.968, 1.000, 0.000, 0.000);Executed
14:46:19;45;RGBA(0.969, 0.619, 0.143, 0.000);25275,00;4;18000,00;RGBA(0.968, 1.000, 0.000, 0.000);Executed
14:46:20;46;RGBA(0.969, 0.619, 0.143, 0.000);25275,00;4;18000,00;RGBA(0.968, 1.000, 0.000, 0.000);Executed
14:46:20;47;RGBA(0.968, 1.000, 0.000, 0.000);25450,00;4;0,00;RGBA(0.968, 1.000, 0.000, 0.000);Executed
14:46:20;48;RGBA(0.968, 1.000, 0.000, 0.000);25450,00;3;0,00;RGBA(0.968, 1.000, 0.000, 0.000);Executed
14:46:21;49;RGBA(0.968, 1.000, 0.000, 0.000);25225,00;3;6000,00;RGBA(0.968, 1.000, 0.000, 0.000);Executed
14:46:21;50;RGBA(0.968, 1.000, 0.000, 0.000);25225,00;3;6000,00;RGBA(0.968, 1.000, 0.000, 0.000);Executed
14:46:22;51;RGBA(0.969, 0.619, 0.143, 0.000);25300,00;4;0,00;RGBA(0.969, 0.619, 0.143, 0.000);Executed
14:46:22;52;RGBA(0.969, 0.619, 0.143, 0.000);25150,00;4;6000,00;RGBA(0.969, 0.619, 0.143, 0.000);Executed
14:46:23;53;RGBA(0.969, 0.619, 0.143, 0.000);25150,00;4;6000,00;RGBA(0.969, 0.619, 0.143, 0.000);Executed
14:46:24;54;RGBA(0.000, 0.000, 0.000, 0.000);25450,00;4;0,00;RGBA(0.000, 0.000, 0.000, 0.000);Executed
14:46:24;55;RGBA(0.000, 0.000, 0.000, 0.000);25225,00;4;0,00;RGBA(0.000, 0.000, 0.000, 0.000);Executed
14:46:24;56;RGBA(0.000, 0.000, 0.000, 0.000);25225,00;4;0,00;RGBA(0.000, 0.000, 0.000, 0.000);Executed
14:46:25;57;RGBA(0.000, 0.000, 0.000, 0.000);25075,00;4;0,00;RGBA(0.000, 0.000, 0.000, 0.000);Executed
14:46:26;58;RGBA(0.755, 0.055, 0.055, 0.000);25450,00;4;0,00;RGBA(0.755, 0.055, 0.055, 0.000);Executed
14:46:26;59;RGBA(0.055, 0.218, 0.753, 0.000);24825,00;4;18000,00;RGBA(0.755, 0.055, 0.055, 0.000);Executed
14:46:26;60;RGBA(0.055, 0.218, 0.753, 0.000);24825,00;4;18000,00;RGBA(0.755, 0.055, 0.055, 0.000);Executed
14:46:27;61;RGBA(0.755, 0.055, 0.055, 0.000);25150,00;3;6000,00;RGBA(0.755, 0.055, 0.055, 0.000);Executed
14:46:27;62;RGBA(0.058, 0.799, 0.659, 0.000);18675,00;3;18000,00;RGBA(0.755, 0.055, 0.055, 0.000);Executed
14:46:27;63;RGBA(0.755, 0.055, 0.055, 0.000);25300,00;2;0,00;RGBA(0.755, 0.055, 0.055, 0.000);Executed
14:46:29;64;RGBA(0.055, 0.218, 0.753, 0.000);25375,00;4;0,00;RGBA(0.055, 0.218, 0.753, 0.000);Executed
14:46:29;65;RGBA(0.055, 0.218, 0.753, 0.000);25375,00;4;0,00;RGBA(0.055, 0.218, 0.753, 0.000);Executed
14:46:29;66;RGBA(0.055, 0.218, 0.753, 0.000);25375,00;4;0,00;RGBA(0.055, 0.218, 0.753, 0.000);Executed
14:46:30;67;RGBA(0.968, 1.000, 0.000, 0.000);25225,00;4;6000,00;RGBA(0.968, 1.000, 0.000, 0.000);Executed
14:46:31;68;RGBA(0.968, 1.000, 0.000, 0.000);25150,00;4;0,00;RGBA(0.968, 1.000, 0.000, 0.000);Executed
14:46:31;69;RGBA(0.968, 1.000, 0.000, 0.000);25150,00;4;0,00;RGBA(0.968, 1.000, 0.000, 0.000);Executed
14:46:31;70;RGBA(0.968, 1.000, 0.000, 0.000);25075,00;4;6000,00;RGBA(0.968, 1.000, 0.000, 0.000);Executed
14:46:32;71;RGBA(0.862, 0.583, 0.749, 0.000);25375,00;4;0,00;RGBA(0.862, 0.583, 0.749, 0.000);Executed
14:46:33;72;RGBA(0.862, 0.583, 0.749, 0.000);25300,00;4;0,00;RGBA(0.862, 0.583, 0.749, 0.000);Executed
14:46:33;73;RGBA(0.862, 0.583, 0.749, 0.000);25300,00;4;0,00;RGBA(0.862, 0.583, 0.749, 0.000);Executed
14:46:33;74;RGBA(0.862, 0.583, 0.749, 0.000);25300,00;4;0,00;RGBA(0.862, 0.583, 0.749, 0.000);Executed
14:46:34;75;RGBA(0.862, 0.583, 0.749, 0.000);25300,00;4;0,00;RGBA(0.862, 0.583, 0.749, 0.000);Executed
14:46:34;76;RGBA(0.969, 0.619, 0.143, 0.000);6825,00;4;0,00;RGBA(0.862, 0.583, 0.749, 0.000);Executed
14:46:35;77;RGBA(0.969, 0.619, 0.143, 0.000);25375,00;4;0,00;RGBA(0.969, 0.619, 0.143, 0.000);Executed
14:46:35;78;RGBA(0.969, 0.619, 0.143, 0.000);25300,00;4;6000,00;RGBA(0.969, 0.619, 0.143, 0.000);Executed
14:46:35;79;RGBA(0.969, 0.619, 0.143, 0.000);25300,00;4;6000,00;RGBA(0.969, 0.619, 0.143, 0.000);Executed
14:46:36;80;RGBA(0.969, 0.619, 0.143, 0.000);25225,00;4;6000,00;RGBA(0.969, 0.619, 0.143, 0.000);Executed
14:46:36;81;RGBA(0.969, 0.619, 0.143, 0.000);25225,00;4;6000,00;RGBA(0.969, 0.619, 0.143, 0.000);Executed
14:46:37;82;RGBA(0.058, 0.799, 0.659, 0.000);25525,00;5;0,00;RGBA(0.058, 0.799, 0.659, 0.000);Executed
14:46:38;83;RGBA(0.058, 0.799, 0.659, 0.000);25450,00;5;0,00;RGBA(0.058, 0.799, 0.659, 0.000);Executed
14:46:38;84;RGBA(0.058, 0.799, 0.659, 0.000);25450,00;5;0,00;RGBA(0.058, 0.799, 0.659, 0.000);Executed
14:46:38;85;RGBA(0.055, 0.218, 0.753, 0.000);6825,00;5;0,00;RGBA(0.058, 0.799, 0.659, 0.000);Executed
14:46:39;86;RGBA(0.055, 0.218, 0.753, 0.000);6825,00;5;0,00;RGBA(0.058, 0.799, 0.659, 0.000);Executed
14:46:39;87;RGBA(0.055, 0.218, 0.753, 0.000);25375,00;5;0,00;RGBA(0.055, 0.218, 0.753, 0.000);Executed
14:46:40;88;RGBA(0.055, 0.218, 0.753, 0.000);25300,00;5;6000,00;RGBA(0.055, 0.218, 0.753, 0.000);Executed
14:46:40;89;RGBA(0.055, 0.218, 0.753, 0.000);25300,00;5;6000,00;RGBA(0.055, 0.218, 0.753, 0.000);Executed
14:46:40;90;RGBA(0.055, 0.218, 0.753, 0.000);25150,00;5;0,00;RGBA(0.055, 0.218, 0.753, 0.000);Executed
14:46:42;91;RGBA(0.000, 0.000, 0.000, 0.000);25525,00;5;0,00;RGBA(0.000, 0.000, 0.000, 0.000);Executed
14:46:42;92;RGBA(0.000, 0.000, 0.000, 0.000);25375,00;5;0,00;RGBA(0.000, 0.000, 0.000, 0.000);Executed
14:46:42;93;RGBA(0.000, 0.000, 0.000, 0.000);25375,00;5;0,00;RGBA(0.000, 0.000, 0.000, 0.000);Executed
14:46:42;94;RGBA(0.000, 0.000, 0.000, 0.000);25225,00;5;0,00;RGBA(0.000, 0.000, 0.000, 0.000);Executed
14:46:43;95;RGBA(0.000, 0.000, 0.000, 0.000);25225,00;5;0,00;RGBA(0.000, 0.000, 0.000, 0.000);Executed
14:46:44;96;RGBA(1.000, 1.000, 1.000, 0.000);25525,00;5;0,00;RGBA(1.000, 1.000, 1.000, 0.000);Executed
14:46:44;97;RGBA(1.000, 1.000, 1.000, 0.000);25450,00;5;0,00;RGBA(1.000, 1.000, 1.000, 0.000);Executed
14:46:45;98;RGBA(1.000, 1.000, 1.000, 0.000);25450,00;5;0,00;RGBA(1.000, 1.000, 1.000, 0.000);Executed
14:46:45;99;RGBA(1.000, 1.000, 1.000, 0.000);25000,00;5;0,00;RGBA(1.000, 1.000, 1.000, 0.000);Executed
14:46:45;100;RGBA(1.000, 1.000, 1.000, 0.000);25000,00;5;0,00;RGBA(1.000, 1.000, 1.000, 0.000);Executed
14:46:46;101;RGBA(0.055, 0.218, 0.753, 0.000);25000,00;7;18000,00;RGBA(0.055, 0.218, 0.753, 0.000);Executed
14:46:47;102;RGBA(0.055, 0.218, 0.753, 0.000);25000,00;7;18000,00;RGBA(0.055, 0.218, 0.753, 0.000);Executed
14:46:48;103;RGBA(0.755, 0.055, 0.055, 0.000);19050,00;7;18000,00;RGBA(0.968, 1.000, 0.000, 0.000);Executed
14:46:48;104;RGBA(0.058, 0.799, 0.659, 0.000);19050,00;6;18000,00;RGBA(0.968, 1.000, 0.000, 0.000);Executed
14:46:48;105;RGBA(0.968, 1.000, 0.000, 0.000);25075,00;5;18000,00;RGBA(0.968, 1.000, 0.000, 0.000);Executed
14:46:49;106;RGBA(0.969, 0.619, 0.143, 0.000);19050,00;5;18000,00;RGBA(0.968, 1.000, 0.000, 0.000);Executed
14:46:49;107;RGBA(0.755, 0.055, 0.055, 0.000);18900,00;4;18000,00;RGBA(0.968, 1.000, 0.000, 0.000);Executed
14:46:49;108;RGBA(0.968, 1.000, 0.000, 0.000);25075,00;3;0,00;RGBA(0.968, 1.000, 0.000, 0.000);Executed
14:46:50;109;RGBA(1.000, 1.000, 1.000, 0.000);25075,00;3;18000,00;RGBA(1.000, 1.000, 1.000, 0.000);Executed
14:46:51;110;RGBA(0.753, 0.055, 0.736, 0.000);25050,00;3;18000,00;RGBA(1.000, 1.000, 1.000, 0.000);Executed
14:46:51;111;RGBA(1.000, 1.000, 1.000, 0.000);25000,00;2;18000,00;RGBA(1.000, 1.000, 1.000, 0.000);Executed
14:46:51;112;RGBA(1.000, 1.000, 1.000, 0.000);25000,00;2;0,00;RGBA(1.000, 1.000, 1.000, 0.000);Executed
14:46:52;113;RGBA(0.753, 0.055, 0.736, 0.000);25000,00;3;18000,00;RGBA(0.753, 0.055, 0.736, 0.000);Executed
14:46:53;114;RGBA(0.755, 0.055, 0.055, 0.000);24900,00;3;18000,00;RGBA(0.753, 0.055, 0.736, 0.000);Executed
14:46:53;115;RGBA(0.753, 0.055, 0.736, 0.000);25150,00;2;0,00;RGBA(0.753, 0.055, 0.736, 0.000);Executed
14:46:54;116;RGBA(0.755, 0.055, 0.055, 0.000);25075,00;5;6000,00;RGBA(0.755, 0.055, 0.055, 0.000);Executed
14:46:55;117;RGBA(0.058, 0.799, 0.659, 0.000);25150,00;6;6000,00;RGBA(0.058, 0.799, 0.659, 0.000);Executed
14:46:55;118;RGBA(0.058, 0.799, 0.659, 0.000);25150,00;6;6000,00;RGBA(0.058, 0.799, 0.659, 0.000);Executed
14:46:56;119;RGBA(0.862, 0.583, 0.749, 0.000);25150,00;6;0,00;RGBA(0.862, 0.583, 0.749, 0.000);Executed
14:46:57;120;RGBA(0.969, 0.619, 0.143, 0.000);18825,00;6;18000,00;RGBA(0.862, 0.583, 0.749, 0.000);Executed
14:46:57;121;RGBA(0.000, 0.000, 0.000, 0.000);13125,00;5;6000,00;RGBA(0.862, 0.583, 0.749, 0.000);Executed
14:46:57;122;RGBA(0.000, 0.000, 0.000, 0.000);24975,00;4;18000,00;RGBA(0.862, 0.583, 0.749, 0.000);Executed
14:46:58;123;RGBA(0.000, 0.000, 0.000, 0.000);24750,00;3;18000,00;RGBA(0.862, 0.583, 0.749, 0.000);Executed
14:46:58;124;RGBA(1.000, 1.000, 1.000, 0.000);19050,00;2;18000,00;RGBA(0.862, 0.583, 0.749, 0.000);Executed
14:46:58;125;RGBA(0.969, 0.619, 0.143, 0.000);-500000,00;1;0,00;RGBA(0.862, 0.583, 0.749, 0.000);Rejected_BelowThreshold
14:46:58;126;RGBA(0.969, 0.619, 0.143, 0.000);-500000,00;1;0,00;RGBA(0.862, 0.583, 0.749, 0.000);Rejected_BelowThreshold
14:46:58;127;RGBA(0.969, 0.619, 0.143, 0.000);-500000,00;1;0,00;RGBA(0.862, 0.583, 0.749, 0.000);Rejected_BelowThreshold
14:46:58;128;RGBA(0.969, 0.619, 0.143, 0.000);-500000,00;1;0,00;RGBA(0.862, 0.583, 0.749, 0.000);Rejected_BelowThreshold
14:46:58;129;RGBA(0.969, 0.619, 0.143, 0.000);-500000,00;1;0,00;RGBA(0.862, 0.583, 0.749, 0.000);Rejected_BelowThreshold
14:46:58;130;RGBA(0.969, 0.619, 0.143, 0.000);-500000,00;1;0,00;RGBA(0.862, 0.583, 0.749, 0.000);Rejected_BelowThreshold
14:46:58;131;RGBA(0.969, 0.619, 0.143, 0.000);-500000,00;1;0,00;RGBA(0.862, 0.583, 0.749, 0.000);Rejected_BelowThreshold
14:46:59;132;RGBA(0.969, 0.619, 0.143, 0.000);-500000,00;1;0,00;RGBA(0.862, 0.583, 0.749, 0.000);Rejected_BelowThreshold
14:46:59;133;RGBA(0.969, 0.619, 0.143, 0.000);-500000,00;1;0,00;RGBA(0.862, 0.583, 0.749, 0.000);Rejected_BelowThreshold
14:46:59;134;RGBA(0.969, 0.619, 0.143, 0.000);-500000,00;1;0,00;RGBA(0.862, 0.583, 0.749, 0.000);Rejected_BelowThreshold
14:46:59;135;RGBA(0.969, 0.619, 0.143, 0.000);-500000,00;1;0,00;RGBA(0.862, 0.583, 0.749, 0.000);Rejected_BelowThreshold
14:46:59;136;RGBA(0.969, 0.619, 0.143, 0.000);-500000,00;1;0,00;RGBA(0.862, 0.583, 0.749, 0.000);Rejected_BelowThreshold
14:46:59;137;RGBA(0.969, 0.619, 0.143, 0.000);-500000,00;1;0,00;RGBA(0.862, 0.583, 0.749, 0.000);Rejected_BelowThreshold
14:46:59;138;RGBA(0.969, 0.619, 0.143, 0.000);-500000,00;1;0,00;RGBA(0.862, 0.583, 0.749, 0.000);Rejected_BelowThreshold
14:46:59;139;RGBA(0.969, 0.619, 0.143, 0.000);-500000,00;1;0,00;RGBA(0.862, 0.583, 0.749, 0.000);Rejected_BelowThreshold
14:46:59;140;RGBA(0.969, 0.619, 0.143, 0.000);-500000,00;1;0,00;RGBA(0.862, 0.583, 0.749, 0.000);Rejected_BelowThreshold
14:46:59;141;RGBA(0.969, 0.619, 0.143, 0.000);-500000,00;1;0,00;RGBA(0.862, 0.583, 0.749, 0.000);Rejected_BelowThreshold
14:46:59;142;RGBA(0.969, 0.619, 0.143, 0.000);-500000,00;1;0,00;RGBA(0.862, 0.583, 0.749, 0.000);Rejected_BelowThreshold
14:46:59;143;RGBA(0.969, 0.619, 0.143, 0.000);-500000,00;1;0,00;RGBA(0.862, 0.583, 0.749, 0.000);Rejected_BelowThreshold
14:46:59;144;RGBA(0.969, 0.619, 0.143, 0.000);-500000,00;1;0,00;RGBA(0.862, 0.583, 0.749, 0.000);Rejected_BelowThreshold
14:46:59;145;RGBA(0.969, 0.619, 0.143, 0.000);-500000,00;1;0,00;RGBA(0.862, 0.583, 0.749, 0.000);Rejected_BelowThreshold
14:46:59;146;RGBA(0.969, 0.619, 0.143, 0.000);-500000,00;1;0,00;RGBA(0.862, 0.583, 0.749, 0.000);Rejected_BelowThreshold
14:46:59;147;RGBA(0.969, 0.619, 0.143, 0.000);-500000,00;1;0,00;RGBA(0.862, 0.583, 0.749, 0.000);Rejected_BelowThreshold
14:46:59;148;RGBA(0.969, 0.619, 0.143, 0.000);-500000,00;1;0,00;RGBA(0.862, 0.583, 0.749, 0.000);Rejected_BelowThreshold
14:46:59;149;RGBA(0.969, 0.619, 0.143, 0.000);-500000,00;1;0,00;RGBA(0.862, 0.583, 0.749, 0.000);Rejected_BelowThreshold
14:46:59;150;RGBA(0.969, 0.619, 0.143, 0.000);-500000,00;1;0,00;RGBA(0.862, 0.583, 0.749, 0.000);Rejected_BelowThreshold
14:46:59;151;RGBA(0.969, 0.619, 0.143, 0.000);-500000,00;1;0,00;RGBA(0.862, 0.583, 0.749, 0.000);Rejected_BelowThreshold
14:46:59;152;RGBA(0.969, 0.619, 0.143, 0.000);-500000,00;1;0,00;RGBA(0.862, 0.583, 0.749, 0.000);Rejected_BelowThreshold
14:46:59;153;RGBA(0.969, 0.619, 0.143, 0.000);-500000,00;1;0,00;RGBA(0.862, 0.583, 0.749, 0.000);Rejected_BelowThreshold
14:46:59;154;RGBA(0.969, 0.619, 0.143, 0.000);-500000,00;1;0,00;RGBA(0.862, 0.583, 0.749, 0.000);Rejected_BelowThreshold
14:46:59;155;RGBA(0.969, 0.619, 0.143, 0.000);-500000,00;1;0,00;RGBA(0.862, 0.583, 0.749, 0.000);Rejected_BelowThreshold
14:46:59;156;RGBA(0.969, 0.619, 0.143, 0.000);-500000,00;1;0,00;RGBA(0.862, 0.583, 0.749, 0.000);Rejected_BelowThreshold
14:46:59;157;RGBA(0.969, 0.619, 0.143, 0.000);-500000,00;1;0,00;RGBA(0.862, 0.583, 0.749, 0.000);Rejected_BelowThreshold
14:46:59;158;RGBA(0.969, 0.619, 0.143, 0.000);-500000,00;1;0,00;RGBA(0.862, 0.583, 0.749, 0.000);Rejected_BelowThreshold
14:46:59;159;RGBA(0.969, 0.619, 0.143, 0.000);-500000,00;1;0,00;RGBA(0.862, 0.583, 0.749, 0.000);Rejected_BelowThreshold
14:46:59;160;RGBA(0.969, 0.619, 0.143, 0.000);-500000,00;1;0,00;RGBA(0.862, 0.583, 0.749, 0.000);Rejected_BelowThreshold
14:46:59;161;RGBA(0.969, 0.619, 0.143, 0.000);-500000,00;1;0,00;RGBA(0.862, 0.583, 0.749, 0.000);Rejected_BelowThreshold
14:46:59;162;RGBA(0.969, 0.619, 0.143, 0.000);-500000,00;1;0,00;RGBA(0.862, 0.583, 0.749, 0.000);Rejected_BelowThreshold
14:46:59;163;RGBA(0.969, 0.619, 0.143, 0.000);-500000,00;1;0,00;RGBA(0.862, 0.583, 0.749, 0.000);Rejected_BelowThreshold
14:46:59;164;RGBA(0.969, 0.619, 0.143, 0.000);-500000,00;1;0,00;RGBA(0.862, 0.583, 0.749, 0.000);Rejected_BelowThreshold
14:46:59;165;RGBA(0.969, 0.619, 0.143, 0.000);-500000,00;1;0,00;RGBA(0.862, 0.583, 0.749, 0.000);Rejected_BelowThreshold
14:46:59;166;RGBA(0.969, 0.619, 0.143, 0.000);-500000,00;1;0,00;RGBA(0.862, 0.583, 0.749, 0.000);Rejected_BelowThreshold
14:46:59;167;RGBA(0.969, 0.619, 0.143, 0.000);-500000,00;1;0,00;RGBA(0.862, 0.583, 0.749, 0.000);Rejected_BelowThreshold
14:46:59;168;RGBA(0.969, 0.619, 0.143, 0.000);-500000,00;1;0,00;RGBA(0.862, 0.583, 0.749, 0.000);Rejected_BelowThreshold
14:46:59;169;RGBA(0.969, 0.619, 0.143, 0.000);-500000,00;1;0,00;RGBA(0.862, 0.583, 0.749, 0.000);Rejected_BelowThreshold
14:46:59;170;RGBA(0.969, 0.619, 0.143, 0.000);-500000,00;1;0,00;RGBA(0.862, 0.583, 0.749, 0.000);Rejected_BelowThreshold
14:46:59;171;RGBA(0.969, 0.619, 0.143, 0.000);-500000,00;1;0,00;RGBA(0.862, 0.583, 0.749, 0.000);Rejected_BelowThreshold
14:46:59;172;RGBA(0.969, 0.619, 0.143, 0.000);-500000,00;1;0,00;RGBA(0.862, 0.583, 0.749, 0.000);Rejected_BelowThreshold
14:46:59;173;RGBA(0.969, 0.619, 0.143, 0.000);-500000,00;1;0,00;RGBA(0.862, 0.583, 0.749, 0.000);Rejected_BelowThreshold
14:46:59;174;RGBA(0.969, 0.619, 0.143, 0.000);-500000,00;1;0,00;RGBA(0.862, 0.583, 0.749, 0.000);Rejected_BelowThreshold
14:46:59;175;RGBA(0.969, 0.619, 0.143, 0.000);-500000,00;1;0,00;RGBA(0.862, 0.583, 0.749, 0.000);Rejected_BelowThreshold
14:46:59;176;RGBA(0.969, 0.619, 0.143, 0.000);-500000,00;1;0,00;RGBA(0.862, 0.583, 0.749, 0.000);Rejected_BelowThreshold
14:46:59;177;RGBA(0.969, 0.619, 0.143, 0.000);-500000,00;1;0,00;RGBA(0.862, 0.583, 0.749, 0.000);Rejected_BelowThreshold
14:46:59;178;RGBA(0.969, 0.619, 0.143, 0.000);-500000,00;1;0,00;RGBA(0.862, 0.583, 0.749, 0.000);Rejected_BelowThreshold
14:46:59;179;RGBA(0.969, 0.619, 0.143, 0.000);-500000,00;1;0,00;RGBA(0.862, 0.583, 0.749, 0.000);Rejected_BelowThreshold
14:46:59;180;RGBA(0.969, 0.619, 0.143, 0.000);-500000,00;1;0,00;RGBA(0.862, 0.583, 0.749, 0.000);Rejected_BelowThreshold
14:46:59;181;RGBA(0.969, 0.619, 0.143, 0.000);-500000,00;1;0,00;RGBA(0.862, 0.583, 0.749, 0.000);Rejected_BelowThreshold
14:46:59;182;RGBA(0.969, 0.619, 0.143, 0.000);-500000,00;1;0,00;RGBA(0.862, 0.583, 0.749, 0.000);Rejected_BelowThreshold
14:46:59;183;RGBA(0.969, 0.619, 0.143, 0.000);-500000,00;1;0,00;RGBA(0.862, 0.583, 0.749, 0.000);Rejected_BelowThreshold
14:46:59;184;RGBA(0.969, 0.619, 0.143, 0.000);-500000,00;1;0,00;RGBA(0.862, 0.583, 0.749, 0.000);Rejected_BelowThreshold
14:46:59;185;RGBA(0.969, 0.619, 0.143, 0.000);-500000,00;1;0,00;RGBA(0.862, 0.583, 0.749, 0.000);Rejected_BelowThreshold
14:46:59;186;RGBA(0.969, 0.619, 0.143, 0.000);-500000,00;1;0,00;RGBA(0.862, 0.583, 0.749, 0.000);Rejected_BelowThreshold
14:46:59;187;RGBA(0.969, 0.619, 0.143, 0.000);-500000,00;1;0,00;RGBA(0.862, 0.583, 0.749, 0.000);Rejected_BelowThreshold
14:46:59;188;RGBA(0.969, 0.619, 0.143, 0.000);-500000,00;1;0,00;RGBA(0.862, 0.583, 0.749, 0.000);Rejected_BelowThreshold
14:46:59;189;RGBA(0.969, 0.619, 0.143, 0.000);-500000,00;1;0,00;RGBA(0.862, 0.583, 0.749, 0.000);Rejected_BelowThreshold
14:46:59;190;RGBA(0.969, 0.619, 0.143, 0.000);-500000,00;1;0,00;RGBA(0.862, 0.583, 0.749, 0.000);Rejected_BelowThreshold
14:46:59;191;RGBA(0.969, 0.619, 0.143, 0.000);-500000,00;1;0,00;RGBA(0.862, 0.583, 0.749, 0.000);Rejected_BelowThreshold
14:46:59;192;RGBA(0.969, 0.619, 0.143, 0.000);-500000,00;1;0,00;RGBA(0.862, 0.583, 0.749, 0.000);Rejected_BelowThreshold
14:46:59;193;RGBA(0.969, 0.619, 0.143, 0.000);-500000,00;1;0,00;RGBA(0.862, 0.583, 0.749, 0.000);Rejected_BelowThreshold
14:46:59;194;RGBA(0.969, 0.619, 0.143, 0.000);-500000,00;1;0,00;RGBA(0.862, 0.583, 0.749, 0.000);Rejected_BelowThreshold
14:46:59;195;RGBA(0.969, 0.619, 0.143, 0.000);-500000,00;1;0,00;RGBA(0.862, 0.583, 0.749, 0.000);Rejected_BelowThreshold
14:46:59;196;RGBA(0.969, 0.619, 0.143, 0.000);-500000,00;1;0,00;RGBA(0.862, 0.583, 0.749, 0.000);Rejected_BelowThreshold
14:46:59;197;RGBA(0.969, 0.619, 0.143, 0.000);-500000,00;1;0,00;RGBA(0.862, 0.583, 0.749, 0.000);Rejected_BelowThreshold
14:46:59;198;RGBA(0.969, 0.619, 0.143, 0.000);-500000,00;1;0,00;RGBA(0.862, 0.583, 0.749, 0.000);Rejected_BelowThreshold
14:46:59;199;RGBA(0.969, 0.619, 0.143, 0.000);-500000,00;1;0,00;RGBA(0.862, 0.583, 0.749, 0.000);Rejected_BelowThreshold
14:46:59;200;RGBA(0.969, 0.619, 0.143, 0.000);-500000,00;1;0,00;RGBA(0.862, 0.583, 0.749, 0.000);Rejected_BelowThreshold
14:46:59;201;RGBA(0.969, 0.619, 0.143, 0.000);-500000,00;1;0,00;RGBA(0.862, 0.583, 0.749, 0.000);Rejected_BelowThreshold
14:46:59;202;RGBA(0.969, 0.619, 0.143, 0.000);-500000,00;1;0,00;RGBA(0.862, 0.583, 0.749, 0.000);Rejected_BelowThreshold
14:46:59;203;RGBA(0.969, 0.619, 0.143, 0.000);-500000,00;1;0,00;RGBA(0.862, 0.583, 0.749, 0.000);Rejected_BelowThreshold
14:46:59;204;RGBA(0.969, 0.619, 0.143, 0.000);-500000,00;1;0,00;RGBA(0.862, 0.583, 0.749, 0.000);Rejected_BelowThreshold
14:46:59;205;RGBA(0.969, 0.619, 0.143, 0.000);-500000,00;1;0,00;RGBA(0.862, 0.583, 0.749, 0.000);Rejected_BelowThreshold
14:46:59;206;RGBA(0.969, 0.619, 0.143, 0.000);-500000,00;1;0,00;RGBA(0.862, 0.583, 0.749, 0.000);Rejected_BelowThreshold
14:46:59;207;RGBA(0.969, 0.619, 0.143, 0.000);-500000,00;1;0,00;RGBA(0.862, 0.583, 0.749, 0.000);Rejected_BelowThreshold
14:46:59;208;RGBA(0.969, 0.619, 0.143, 0.000);-500000,00;1;0,00;RGBA(0.862, 0.583, 0.749, 0.000);Rejected_BelowThreshold
14:46:59;209;RGBA(0.969, 0.619, 0.143, 0.000);-500000,00;1;0,00;RGBA(0.862, 0.583, 0.749, 0.000);Rejected_BelowThreshold
14:46:59;210;RGBA(0.969, 0.619, 0.143, 0.000);-500000,00;1;0,00;RGBA(0.862, 0.583, 0.749, 0.000);Rejected_BelowThreshold
14:46:59;211;RGBA(0.969, 0.619, 0.143, 0.000);-500000,00;1;0,00;RGBA(0.862, 0.583, 0.749, 0.000);Rejected_BelowThreshold
14:46:59;212;RGBA(0.969, 0.619, 0.143, 0.000);-500000,00;1;0,00;RGBA(0.862, 0.583, 0.749, 0.000);Rejected_BelowThreshold
14:47:00;213;RGBA(0.969, 0.619, 0.143, 0.000);-500000,00;1;0,00;RGBA(0.862, 0.583, 0.749, 0.000);Rejected_BelowThreshold
14:47:00;214;RGBA(0.969, 0.619, 0.143, 0.000);-500000,00;1;0,00;RGBA(0.862, 0.583, 0.749, 0.000);Rejected_BelowThreshold
14:47:00;215;RGBA(0.969, 0.619, 0.143, 0.000);-500000,00;1;0,00;RGBA(0.862, 0.583, 0.749, 0.000);Rejected_BelowThreshold
14:47:00;216;RGBA(0.969, 0.619, 0.143, 0.000);-500000,00;1;0,00;RGBA(0.862, 0.583, 0.749, 0.000);Rejected_BelowThreshold
14:47:00;217;RGBA(0.969, 0.619, 0.143, 0.000);-500000,00;1;0,00;RGBA(0.862, 0.583, 0.749, 0.000);Rejected_BelowThreshold
14:47:00;218;RGBA(0.969, 0.619, 0.143, 0.000);-500000,00;1;0,00;RGBA(0.862, 0.583, 0.749, 0.000);Rejected_BelowThreshold
14:47:00;219;RGBA(0.969, 0.619, 0.143, 0.000);-500000,00;1;0,00;RGBA(0.862, 0.583, 0.749, 0.000);Rejected_BelowThreshold
14:47:00;220;RGBA(0.969, 0.619, 0.143, 0.000);-500000,00;1;0,00;RGBA(0.862, 0.583, 0.749, 0.000);Rejected_BelowThreshold
14:47:00;221;RGBA(0.969, 0.619, 0.143, 0.000);-500000,00;1;0,00;RGBA(0.862, 0.583, 0.749, 0.000);Rejected_BelowThreshold
14:47:00;222;RGBA(0.969, 0.619, 0.143, 0.000);-500000,00;1;0,00;RGBA(0.862, 0.583, 0.749, 0.000);Rejected_BelowThreshold
14:47:00;223;RGBA(0.969, 0.619, 0.143, 0.000);-500000,00;1;0,00;RGBA(0.862, 0.583, 0.749, 0.000);Rejected_BelowThreshold
14:47:00;224;RGBA(0.969, 0.619, 0.143, 0.000);-500000,00;1;0,00;RGBA(0.862, 0.583, 0.749, 0.000);Rejected_BelowThreshold
14:47:00;225;RGBA(0.969, 0.619, 0.143, 0.000);-500000,00;1;0,00;RGBA(0.862, 0.583, 0.749, 0.000);Rejected_BelowThreshold
14:47:00;226;RGBA(0.969, 0.619, 0.143, 0.000);-500000,00;1;0,00;RGBA(0.862, 0.583, 0.749, 0.000);Rejected_BelowThreshold
14:47:00;227;RGBA(0.969, 0.619, 0.143, 0.000);-500000,00;1;0,00;RGBA(0.862, 0.583, 0.749, 0.000);Rejected_BelowThreshold
14:47:00;228;RGBA(0.969, 0.619, 0.143, 0.000);-500000,00;1;0,00;RGBA(0.862, 0.583, 0.749, 0.000);Rejected_BelowThreshold
14:47:00;229;RGBA(0.969, 0.619, 0.143, 0.000);-500000,00;1;0,00;RGBA(0.862, 0.583, 0.749, 0.000);Rejected_BelowThreshold
14:47:00;230;RGBA(0.969, 0.619, 0.143, 0.000);-500000,00;1;0,00;RGBA(0.862, 0.583, 0.749, 0.000);Rejected_BelowThreshold
14:47:00;231;RGBA(0.969, 0.619, 0.143, 0.000);-500000,00;1;0,00;RGBA(0.862, 0.583, 0.749, 0.000);Rejected_BelowThreshold
14:47:00;232;RGBA(0.969, 0.619, 0.143, 0.000);-500000,00;1;0,00;RGBA(0.862, 0.583, 0.749, 0.000);Rejected_BelowThreshold
14:47:00;233;RGBA(0.969, 0.619, 0.143, 0.000);-500000,00;1;0,00;RGBA(0.862, 0.583, 0.749, 0.000);Rejected_BelowThreshold
14:47:00;234;RGBA(0.969, 0.619, 0.143, 0.000);-500000,00;1;0,00;RGBA(0.862, 0.583, 0.749, 0.000);Rejected_BelowThreshold
14:47:00;235;RGBA(0.969, 0.619, 0.143, 0.000);-500000,00;1;0,00;RGBA(0.862, 0.583, 0.749, 0.000);Rejected_BelowThreshold
14:47:00;236;RGBA(0.969, 0.619, 0.143, 0.000);-500000,00;1;0,00;RGBA(0.862, 0.583, 0.749, 0.000);Rejected_BelowThreshold
14:47:00;237;RGBA(0.969, 0.619, 0.143, 0.000);-500000,00;1;0,00;RGBA(0.862, 0.583, 0.749, 0.000);Rejected_BelowThreshold
14:47:00;238;RGBA(0.969, 0.619, 0.143, 0.000);-500000,00;1;0,00;RGBA(0.862, 0.583, 0.749, 0.000);Rejected_BelowThreshold
14:47:00;239;RGBA(0.969, 0.619, 0.143, 0.000);-500000,00;1;0,00;RGBA(0.862, 0.583, 0.749, 0.000);Rejected_BelowThreshold
14:47:00;240;RGBA(0.969, 0.619, 0.143, 0.000);-500000,00;1;0,00;RGBA(0.862, 0.583, 0.749, 0.000);Rejected_BelowThreshold
14:47:00;241;RGBA(0.969, 0.619, 0.143, 0.000);-500000,00;1;0,00;RGBA(0.862, 0.583, 0.749, 0.000);Rejected_BelowThreshold
14:47:00;242;RGBA(0.969, 0.619, 0.143, 0.000);-500000,00;1;0,00;RGBA(0.862, 0.583, 0.749, 0.000);Rejected_BelowThreshold
14:47:00;243;RGBA(0.969, 0.619, 0.143, 0.000);-500000,00;1;0,00;RGBA(0.862, 0.583, 0.749, 0.000);Rejected_BelowThreshold
14:47:00;244;RGBA(0.969, 0.619, 0.143, 0.000);-500000,00;1;0,00;RGBA(0.862, 0.583, 0.749, 0.000);Rejected_BelowThreshold
14:47:00;245;RGBA(0.969, 0.619, 0.143, 0.000);-500000,00;1;0,00;RGBA(0.862, 0.583, 0.749, 0.000);Rejected_BelowThreshold
14:47:00;246;RGBA(0.969, 0.619, 0.143, 0.000);-500000,00;1;0,00;RGBA(0.862, 0.583, 0.749, 0.000);Rejected_BelowThreshold
14:47:00;247;RGBA(0.969, 0.619, 0.143, 0.000);-500000,00;1;0,00;RGBA(0.862, 0.583, 0.749, 0.000);Rejected_BelowThreshold
14:47:00;248;RGBA(0.969, 0.619, 0.143, 0.000);-500000,00;1;0,00;RGBA(0.862, 0.583, 0.749, 0.000);Rejected_BelowThreshold
14:47:00;249;RGBA(0.969, 0.619, 0.143, 0.000);-500000,00;1;0,00;RGBA(0.862, 0.583, 0.749, 0.000);Rejected_BelowThreshold
14:47:00;250;RGBA(0.969, 0.619, 0.143, 0.000);-500000,00;1;0,00;RGBA(0.862, 0.583, 0.749, 0.000);Rejected_BelowThreshold
14:47:00;251;RGBA(0.969, 0.619, 0.143, 0.000);-500000,00;1;0,00;RGBA(0.862, 0.583, 0.749, 0.000);Rejected_BelowThreshold
14:47:00;252;RGBA(0.969, 0.619, 0.143, 0.000);-500000,00;1;0,00;RGBA(0.862, 0.583, 0.749, 0.000);Rejected_BelowThreshold
14:47:00;253;RGBA(0.969, 0.619, 0.143, 0.000);-500000,00;1;0,00;RGBA(0.862, 0.583, 0.749, 0.000);Rejected_BelowThreshold
14:47:00;254;RGBA(0.969, 0.619, 0.143, 0.000);-500000,00;1;0,00;RGBA(0.862, 0.583, 0.749, 0.000);Rejected_BelowThreshold
14:47:00;255;RGBA(0.969, 0.619, 0.143, 0.000);-500000,00;1;0,00;RGBA(0.862, 0.583, 0.749, 0.000);Rejected_BelowThreshold
14:47:00;256;RGBA(0.969, 0.619, 0.143, 0.000);-500000,00;1;0,00;RGBA(0.862, 0.583, 0.749, 0.000);Rejected_BelowThreshold
14:47:00;257;RGBA(0.969, 0.619, 0.143, 0.000);-500000,00;1;0,00;RGBA(0.862, 0.583, 0.749, 0.000);Rejected_BelowThreshold
14:47:00;258;RGBA(0.969, 0.619, 0.143, 0.000);-500000,00;1;0,00;RGBA(0.862, 0.583, 0.749, 0.000);Rejected_BelowThreshold
14:47:00;259;RGBA(0.969, 0.619, 0.143, 0.000);-500000,00;1;0,00;RGBA(0.862, 0.583, 0.749, 0.000);Rejected_BelowThreshold
14:47:00;260;RGBA(0.969, 0.619, 0.143, 0.000);-500000,00;1;0,00;RGBA(0.862, 0.583, 0.749, 0.000);Rejected_BelowThreshold
14:47:00;261;RGBA(0.969, 0.619, 0.143, 0.000);-500000,00;1;0,00;RGBA(0.862, 0.583, 0.749, 0.000);Rejected_BelowThreshold
14:47:00;262;RGBA(0.969, 0.619, 0.143, 0.000);-500000,00;1;0,00;RGBA(0.862, 0.583, 0.749, 0.000);Rejected_BelowThreshold
14:47:00;263;RGBA(0.969, 0.619, 0.143, 0.000);-500000,00;1;0,00;RGBA(0.862, 0.583, 0.749, 0.000);Rejected_BelowThreshold
14:47:00;264;RGBA(0.969, 0.619, 0.143, 0.000);-500000,00;1;0,00;RGBA(0.862, 0.583, 0.749, 0.000);Rejected_BelowThreshold
14:47:00;265;RGBA(0.969, 0.619, 0.143, 0.000);-500000,00;1;0,00;RGBA(0.862, 0.583, 0.749, 0.000);Rejected_BelowThreshold
14:47:00;266;RGBA(0.969, 0.619, 0.143, 0.000);-500000,00;1;0,00;RGBA(0.862, 0.583, 0.749, 0.000);Rejected_BelowThreshold
14:47:00;267;RGBA(0.969, 0.619, 0.143, 0.000);-500000,00;1;0,00;RGBA(0.862, 0.583, 0.749, 0.000);Rejected_BelowThreshold
14:47:00;268;RGBA(0.969, 0.619, 0.143, 0.000);-500000,00;1;0,00;RGBA(0.862, 0.583, 0.749, 0.000);Rejected_BelowThreshold
14:47:00;269;RGBA(0.969, 0.619, 0.143, 0.000);-500000,00;1;0,00;RGBA(0.862, 0.583, 0.749, 0.000);Rejected_BelowThreshold
14:47:00;270;RGBA(0.969, 0.619, 0.143, 0.000);-500000,00;1;0,00;RGBA(0.862, 0.583, 0.749, 0.000);Rejected_BelowThreshold
14:47:00;271;RGBA(0.969, 0.619, 0.143, 0.000);-500000,00;1;0,00;RGBA(0.862, 0.583, 0.749, 0.000);Rejected_BelowThreshold
14:47:00;272;RGBA(0.969, 0.619, 0.143, 0.000);-500000,00;1;0,00;RGBA(0.862, 0.583, 0.749, 0.000);Rejected_BelowThreshold
14:47:00;273;RGBA(0.969, 0.619, 0.143, 0.000);-500000,00;1;0,00;RGBA(0.862, 0.583, 0.749, 0.000);Rejected_BelowThreshold
14:47:00;274;RGBA(0.969, 0.619, 0.143, 0.000);-500000,00;1;0,00;RGBA(0.862, 0.583, 0.749, 0.000);Rejected_BelowThreshold
14:47:00;275;RGBA(0.969, 0.619, 0.143, 0.000);-500000,00;1;0,00;RGBA(0.862, 0.583, 0.749, 0.000);Rejected_BelowThreshold
14:47:00;276;RGBA(0.969, 0.619, 0.143, 0.000);-500000,00;1;0,00;RGBA(0.862, 0.583, 0.749, 0.000);Rejected_BelowThreshold
14:47:00;277;RGBA(0.969, 0.619, 0.143, 0.000);-500000,00;1;0,00;RGBA(0.862, 0.583, 0.749, 0.000);Rejected_BelowThreshold
14:47:00;278;RGBA(0.969, 0.619, 0.143, 0.000);-500000,00;1;0,00;RGBA(0.862, 0.583, 0.749, 0.000);Rejected_BelowThreshold
14:47:00;279;RGBA(0.969, 0.619, 0.143, 0.000);-500000,00;1;0,00;RGBA(0.862, 0.583, 0.749, 0.000);Rejected_BelowThreshold
14:47:00;280;RGBA(0.969, 0.619, 0.143, 0.000);-500000,00;1;0,00;RGBA(0.862, 0.583, 0.749, 0.000);Rejected_BelowThreshold
14:47:00;281;RGBA(0.969, 0.619, 0.143, 0.000);-500000,00;1;0,00;RGBA(0.862, 0.583, 0.749, 0.000);Rejected_BelowThreshold
14:47:00;282;RGBA(0.969, 0.619, 0.143, 0.000);-500000,00;1;0,00;RGBA(0.862, 0.583, 0.749, 0.000);Rejected_BelowThreshold
14:47:00;283;RGBA(0.969, 0.619, 0.143, 0.000);-500000,00;1;0,00;RGBA(0.862, 0.583, 0.749, 0.000);Rejected_BelowThreshold
14:47:00;284;RGBA(0.969, 0.619, 0.143, 0.000);-500000,00;1;0,00;RGBA(0.862, 0.583, 0.749, 0.000);Rejected_BelowThreshold
14:47:00;285;RGBA(0.969, 0.619, 0.143, 0.000);-500000,00;1;0,00;RGBA(0.862, 0.583, 0.749, 0.000);Rejected_BelowThreshold
14:47:00;286;RGBA(0.969, 0.619, 0.143, 0.000);-500000,00;1;0,00;RGBA(0.862, 0.583, 0.749, 0.000);Rejected_BelowThreshold
14:47:00;287;RGBA(0.969, 0.619, 0.143, 0.000);-500000,00;1;0,00;RGBA(0.862, 0.583, 0.749, 0.000);Rejected_BelowThreshold
14:47:00;288;RGBA(0.969, 0.619, 0.143, 0.000);-500000,00;1;0,00;RGBA(0.862, 0.583, 0.749, 0.000);Rejected_BelowThreshold
14:47:00;289;RGBA(0.969, 0.619, 0.143, 0.000);-500000,00;1;0,00;RGBA(0.862, 0.583, 0.749, 0.000);Rejected_BelowThreshold
14:47:00;290;RGBA(0.969, 0.619, 0.143, 0.000);-500000,00;1;0,00;RGBA(0.862, 0.583, 0.749, 0.000);Rejected_BelowThreshold
14:47:00;291;RGBA(0.969, 0.619, 0.143, 0.000);-500000,00;1;0,00;RGBA(0.862, 0.583, 0.749, 0.000);Rejected_BelowThreshold
14:47:00;292;RGBA(0.969, 0.619, 0.143, 0.000);-500000,00;1;0,00;RGBA(0.862, 0.583, 0.749, 0.000);Rejected_BelowThreshold
14:47:01;293;RGBA(0.969, 0.619, 0.143, 0.000);-500000,00;1;0,00;RGBA(0.862, 0.583, 0.749, 0.000);Rejected_BelowThreshold
14:47:01;294;RGBA(0.969, 0.619, 0.143, 0.000);-500000,00;1;0,00;RGBA(0.862, 0.583, 0.749, 0.000);Rejected_BelowThreshold
14:47:01;295;RGBA(0.969, 0.619, 0.143, 0.000);-500000,00;1;0,00;RGBA(0.862, 0.583, 0.749, 0.000);Rejected_BelowThreshold
14:47:01;296;RGBA(0.969, 0.619, 0.143, 0.000);-500000,00;1;0,00;RGBA(0.862, 0.583, 0.749, 0.000);Rejected_BelowThreshold
14:47:01;297;RGBA(0.969, 0.619, 0.143, 0.000);-500000,00;1;0,00;RGBA(0.862, 0.583, 0.749, 0.000);Rejected_BelowThreshold
14:47:01;298;RGBA(0.969, 0.619, 0.143, 0.000);-500000,00;1;0,00;RGBA(0.862, 0.583, 0.749, 0.000);Rejected_BelowThreshold
14:47:01;299;RGBA(0.969, 0.619, 0.143, 0.000);-500000,00;1;0,00;RGBA(0.862, 0.583, 0.749, 0.000);Rejected_BelowThreshold
14:47:01;300;RGBA(0.969, 0.619, 0.143, 0.000);-500000,00;1;0,00;RGBA(0.862, 0.583, 0.749, 0.000);Rejected_BelowThreshold
14:47:01;301;RGBA(0.969, 0.619, 0.143, 0.000);-500000,00;1;0,00;RGBA(0.862, 0.583, 0.749, 0.000);Rejected_BelowThreshold
14:47:01;302;RGBA(0.969, 0.619, 0.143, 0.000);-500000,00;1;0,00;RGBA(0.862, 0.583, 0.749, 0.000);Rejected_BelowThreshold
14:47:01;303;RGBA(0.969, 0.619, 0.143, 0.000);-500000,00;1;0,00;RGBA(0.862, 0.583, 0.749, 0.000);Rejected_BelowThreshold
14:47:01;304;RGBA(0.969, 0.619, 0.143, 0.000);-500000,00;1;0,00;RGBA(0.862, 0.583, 0.749, 0.000);Rejected_BelowThreshold
14:47:01;305;RGBA(0.969, 0.619, 0.143, 0.000);-500000,00;1;0,00;RGBA(0.862, 0.583, 0.749, 0.000);Rejected_BelowThreshold
14:47:01;306;RGBA(0.969, 0.619, 0.143, 0.000);-500000,00;1;0,00;RGBA(0.862, 0.583, 0.749, 0.000);Rejected_BelowThreshold
14:47:01;307;RGBA(0.969, 0.619, 0.143, 0.000);-500000,00;1;0,00;RGBA(0.862, 0.583, 0.749, 0.000);Rejected_BelowThreshold
14:47:01;308;RGBA(0.969, 0.619, 0.143, 0.000);-500000,00;1;0,00;RGBA(0.862, 0.583, 0.749, 0.000);Rejected_BelowThreshold
14:47:01;309;RGBA(0.969, 0.619, 0.143, 0.000);-500000,00;1;0,00;RGBA(0.862, 0.583, 0.749, 0.000);Rejected_BelowThreshold
14:47:01;310;RGBA(0.969, 0.619, 0.143, 0.000);-500000,00;1;0,00;RGBA(0.862, 0.583, 0.749, 0.000);Rejected_BelowThreshold
14:47:01;311;RGBA(0.969, 0.619, 0.143, 0.000);-500000,00;1;0,00;RGBA(0.862, 0.583, 0.749, 0.000);Rejected_BelowThreshold
14:47:01;312;RGBA(0.969, 0.619, 0.143, 0.000);-500000,00;1;0,00;RGBA(0.862, 0.583, 0.749, 0.000);Rejected_BelowThreshold
14:47:01;313;RGBA(0.969, 0.619, 0.143, 0.000);-500000,00;1;0,00;RGBA(0.862, 0.583, 0.749, 0.000);Rejected_BelowThreshold
14:47:01;314;RGBA(0.969, 0.619, 0.143, 0.000);-500000,00;1;0,00;RGBA(0.862, 0.583, 0.749, 0.000);Rejected_BelowThreshold
14:47:01;315;RGBA(0.969, 0.619, 0.143, 0.000);-500000,00;1;0,00;RGBA(0.862, 0.583, 0.749, 0.000);Rejected_BelowThreshold
14:47:01;316;RGBA(0.969, 0.619, 0.143, 0.000);-500000,00;1;0,00;RGBA(0.862, 0.583, 0.749, 0.000);Rejected_BelowThreshold
14:47:01;317;RGBA(0.969, 0.619, 0.143, 0.000);-500000,00;1;0,00;RGBA(0.862, 0.583, 0.749, 0.000);Rejected_BelowThreshold
14:47:01;318;RGBA(0.969, 0.619, 0.143, 0.000);-500000,00;1;0,00;RGBA(0.862, 0.583, 0.749, 0.000);Rejected_BelowThreshold
14:47:01;319;RGBA(0.969, 0.619, 0.143, 0.000);-500000,00;1;0,00;RGBA(0.862, 0.583, 0.749, 0.000);Rejected_BelowThreshold
14:47:01;320;RGBA(0.969, 0.619, 0.143, 0.000);-500000,00;1;0,00;RGBA(0.862, 0.583, 0.749, 0.000);Rejected_BelowThreshold
14:47:01;321;RGBA(0.969, 0.619, 0.143, 0.000);-500000,00;1;0,00;RGBA(0.862, 0.583, 0.749, 0.000);Rejected_BelowThreshold
14:47:01;322;RGBA(0.969, 0.619, 0.143, 0.000);-500000,00;1;0,00;RGBA(0.862, 0.583, 0.749, 0.000);Rejected_BelowThreshold
14:47:01;323;RGBA(0.969, 0.619, 0.143, 0.000);-500000,00;1;0,00;RGBA(0.862, 0.583, 0.749, 0.000);Rejected_BelowThreshold
14:47:01;324;RGBA(0.969, 0.619, 0.143, 0.000);-500000,00;1;0,00;RGBA(0.862, 0.583, 0.749, 0.000);Rejected_BelowThreshold
14:47:01;325;RGBA(0.969, 0.619, 0.143, 0.000);-500000,00;1;0,00;RGBA(0.862, 0.583, 0.749, 0.000);Rejected_BelowThreshold
14:47:01;326;RGBA(0.969, 0.619, 0.143, 0.000);-500000,00;1;0,00;RGBA(0.862, 0.583, 0.749, 0.000);Rejected_BelowThreshold
14:47:01;327;RGBA(0.969, 0.619, 0.143, 0.000);-500000,00;1;0,00;RGBA(0.862, 0.583, 0.749, 0.000);Rejected_BelowThreshold
14:47:01;328;RGBA(0.969, 0.619, 0.143, 0.000);-500000,00;1;0,00;RGBA(0.862, 0.583, 0.749, 0.000);Rejected_BelowThreshold
14:47:01;329;RGBA(0.969, 0.619, 0.143, 0.000);-500000,00;1;0,00;RGBA(0.862, 0.583, 0.749, 0.000);Rejected_BelowThreshold
14:47:01;330;RGBA(0.969, 0.619, 0.143, 0.000);-500000,00;1;0,00;RGBA(0.862, 0.583, 0.749, 0.000);Rejected_BelowThreshold
14:47:01;331;RGBA(0.969, 0.619, 0.143, 0.000);-500000,00;1;0,00;RGBA(0.862, 0.583, 0.749, 0.000);Rejected_BelowThreshold
14:47:01;332;RGBA(0.969, 0.619, 0.143, 0.000);-500000,00;1;0,00;RGBA(0.862, 0.583, 0.749, 0.000);Rejected_BelowThreshold
14:47:01;333;RGBA(0.969, 0.619, 0.143, 0.000);-500000,00;1;0,00;RGBA(0.862, 0.583, 0.749, 0.000);Rejected_BelowThreshold
14:47:01;334;RGBA(0.969, 0.619, 0.143, 0.000);-500000,00;1;0,00;RGBA(0.862, 0.583, 0.749, 0.000);Rejected_BelowThreshold
14:47:01;335;RGBA(0.969, 0.619, 0.143, 0.000);-500000,00;1;0,00;RGBA(0.862, 0.583, 0.749, 0.000);Rejected_BelowThreshold
14:47:01;336;RGBA(0.969, 0.619, 0.143, 0.000);-500000,00;1;0,00;RGBA(0.862, 0.583, 0.749, 0.000);Rejected_BelowThreshold
14:47:01;337;RGBA(0.969, 0.619, 0.143, 0.000);-500000,00;1;0,00;RGBA(0.862, 0.583, 0.749, 0.000);Rejected_BelowThreshold
14:47:01;338;RGBA(0.969, 0.619, 0.143, 0.000);-500000,00;1;0,00;RGBA(0.862, 0.583, 0.749, 0.000);Rejected_BelowThreshold
14:47:01;339;RGBA(0.969, 0.619, 0.143, 0.000);-500000,00;1;0,00;RGBA(0.862, 0.583, 0.749, 0.000);Rejected_BelowThreshold
14:47:01;340;RGBA(0.969, 0.619, 0.143, 0.000);-500000,00;1;0,00;RGBA(0.862, 0.583, 0.749, 0.000);Rejected_BelowThreshold
14:47:01;341;RGBA(0.969, 0.619, 0.143, 0.000);-500000,00;1;0,00;RGBA(0.862, 0.583, 0.749, 0.000);Rejected_BelowThreshold
14:47:01;342;RGBA(0.969, 0.619, 0.143, 0.000);-500000,00;1;0,00;RGBA(0.862, 0.583, 0.749, 0.000);Rejected_BelowThreshold
14:47:01;343;RGBA(0.969, 0.619, 0.143, 0.000);-500000,00;1;0,00;RGBA(0.862, 0.583, 0.749, 0.000);Rejected_BelowThreshold
14:47:01;344;RGBA(0.969, 0.619, 0.143, 0.000);-500000,00;1;0,00;RGBA(0.862, 0.583, 0.749, 0.000);Rejected_BelowThreshold
14:47:01;345;RGBA(0.969, 0.619, 0.143, 0.000);-500000,00;1;0,00;RGBA(0.862, 0.583, 0.749, 0.000);Rejected_BelowThreshold
14:47:01;346;RGBA(0.969, 0.619, 0.143, 0.000);-500000,00;1;0,00;RGBA(0.862, 0.583, 0.749, 0.000);Rejected_BelowThreshold
14:47:01;347;RGBA(0.969, 0.619, 0.143, 0.000);-500000,00;1;0,00;RGBA(0.862, 0.583, 0.749, 0.000);Rejected_BelowThreshold
14:47:01;348;RGBA(0.969, 0.619, 0.143, 0.000);-500000,00;1;0,00;RGBA(0.862, 0.583, 0.749, 0.000);Rejected_BelowThreshold
14:47:01;349;RGBA(0.969, 0.619, 0.143, 0.000);-500000,00;1;0,00;RGBA(0.862, 0.583, 0.749, 0.000);Rejected_BelowThreshold
14:47:01;350;RGBA(0.969, 0.619, 0.143, 0.000);-500000,00;1;0,00;RGBA(0.862, 0.583, 0.749, 0.000);Rejected_BelowThreshold
14:47:01;351;RGBA(0.969, 0.619, 0.143, 0.000);-500000,00;1;0,00;RGBA(0.862, 0.583, 0.749, 0.000);Rejected_BelowThreshold
14:47:01;352;RGBA(0.969, 0.619, 0.143, 0.000);-500000,00;1;0,00;RGBA(0.862, 0.583, 0.749, 0.000);Rejected_BelowThreshold
14:47:01;353;RGBA(0.969, 0.619, 0.143, 0.000);-500000,00;1;0,00;RGBA(0.862, 0.583, 0.749, 0.000);Rejected_BelowThreshold
14:47:01;354;RGBA(0.969, 0.619, 0.143, 0.000);-500000,00;1;0,00;RGBA(0.862, 0.583, 0.749, 0.000);Rejected_BelowThreshold
14:47:01;355;RGBA(0.969, 0.619, 0.143, 0.000);-500000,00;1;0,00;RGBA(0.862, 0.583, 0.749, 0.000);Rejected_BelowThreshold
14:47:01;356;RGBA(0.969, 0.619, 0.143, 0.000);-500000,00;1;0,00;RGBA(0.862, 0.583, 0.749, 0.000);Rejected_BelowThreshold
14:47:01;357;RGBA(0.969, 0.619, 0.143, 0.000);-500000,00;1;0,00;RGBA(0.862, 0.583, 0.749, 0.000);Rejected_BelowThreshold
14:47:01;358;RGBA(0.969, 0.619, 0.143, 0.000);-500000,00;1;0,00;RGBA(0.862, 0.583, 0.749, 0.000);Rejected_BelowThreshold
14:47:01;359;RGBA(0.969, 0.619, 0.143, 0.000);-500000,00;1;0,00;RGBA(0.862, 0.583, 0.749, 0.000);Rejected_BelowThreshold
14:47:01;360;RGBA(0.969, 0.619, 0.143, 0.000);-500000,00;1;0,00;RGBA(0.862, 0.583, 0.749, 0.000);Rejected_BelowThreshold
14:47:01;361;RGBA(0.969, 0.619, 0.143, 0.000);-500000,00;1;0,00;RGBA(0.862, 0.583, 0.749, 0.000);Rejected_BelowThreshold
14:47:01;362;RGBA(0.969, 0.619, 0.143, 0.000);-500000,00;1;0,00;RGBA(0.862, 0.583, 0.749, 0.000);Rejected_BelowThreshold
14:47:01;363;RGBA(0.969, 0.619, 0.143, 0.000);-500000,00;1;0,00;RGBA(0.862, 0.583, 0.749, 0.000);Rejected_BelowThreshold
14:47:01;364;RGBA(0.969, 0.619, 0.143, 0.000);-500000,00;1;0,00;RGBA(0.862, 0.583, 0.749, 0.000);Rejected_BelowThreshold
14:47:01;365;RGBA(0.969, 0.619, 0.143, 0.000);-500000,00;1;0,00;RGBA(0.862, 0.583, 0.749, 0.000);Rejected_BelowThreshold
14:47:01;366;RGBA(0.969, 0.619, 0.143, 0.000);-500000,00;1;0,00;RGBA(0.862, 0.583, 0.749, 0.000);Rejected_BelowThreshold
14:47:01;367;RGBA(0.969, 0.619, 0.143, 0.000);-500000,00;1;0,00;RGBA(0.862, 0.583, 0.749, 0.000);Rejected_BelowThreshold
14:47:01;368;RGBA(0.969, 0.619, 0.143, 0.000);-500000,00;1;0,00;RGBA(0.862, 0.583, 0.749, 0.000);Rejected_BelowThreshold
14:47:01;369;RGBA(0.969, 0.619, 0.143, 0.000);-500000,00;1;0,00;RGBA(0.862, 0.583, 0.749, 0.000);Rejected_BelowThreshold
14:47:01;370;RGBA(0.969, 0.619, 0.143, 0.000);-500000,00;1;0,00;RGBA(0.862, 0.583, 0.749, 0.000);Rejected_BelowThreshold
14:47:01;371;RGBA(0.969, 0.619, 0.143, 0.000);-500000,00;1;0,00;RGBA(0.862, 0.583, 0.749, 0.000);Rejected_BelowThreshold
14:47:01;372;RGBA(0.969, 0.619, 0.143, 0.000);-500000,00;1;0,00;RGBA(0.862, 0.583, 0.749, 0.000);Rejected_BelowThreshold
14:47:01;373;RGBA(0.969, 0.619, 0.143, 0.000);-500000,00;1;0,00;RGBA(0.862, 0.583, 0.749, 0.000);Rejected_BelowThreshold
14:47:02;374;RGBA(0.969, 0.619, 0.143, 0.000);-500000,00;1;0,00;RGBA(0.862, 0.583, 0.749, 0.000);Rejected_BelowThreshold
14:47:02;375;RGBA(0.969, 0.619, 0.143, 0.000);-500000,00;1;0,00;RGBA(0.862, 0.583, 0.749, 0.000);Rejected_BelowThreshold
14:47:02;376;RGBA(0.969, 0.619, 0.143, 0.000);-500000,00;1;0,00;RGBA(0.862, 0.583, 0.749, 0.000);Rejected_BelowThreshold
14:47:02;377;RGBA(0.969, 0.619, 0.143, 0.000);-500000,00;1;0,00;RGBA(0.862, 0.583, 0.749, 0.000);Rejected_BelowThreshold
14:47:02;378;RGBA(0.969, 0.619, 0.143, 0.000);-500000,00;1;0,00;RGBA(0.862, 0.583, 0.749, 0.000);Rejected_BelowThreshold
14:47:02;379;RGBA(0.969, 0.619, 0.143, 0.000);-500000,00;1;0,00;RGBA(0.862, 0.583, 0.749, 0.000);Rejected_BelowThreshold
14:47:02;380;RGBA(0.969, 0.619, 0.143, 0.000);-500000,00;1;0,00;RGBA(0.862, 0.583, 0.749, 0.000);Rejected_BelowThreshold
14:47:02;381;RGBA(0.969, 0.619, 0.143, 0.000);-500000,00;1;0,00;RGBA(0.862, 0.583, 0.749, 0.000);Rejected_BelowThreshold
14:47:02;382;RGBA(0.969, 0.619, 0.143, 0.000);-500000,00;1;0,00;RGBA(0.862, 0.583, 0.749, 0.000);Rejected_BelowThreshold
14:47:02;383;RGBA(0.969, 0.619, 0.143, 0.000);-500000,00;1;0,00;RGBA(0.862, 0.583, 0.749, 0.000);Rejected_BelowThreshold
14:47:02;384;RGBA(0.969, 0.619, 0.143, 0.000);-500000,00;1;0,00;RGBA(0.862, 0.583, 0.749, 0.000);Rejected_BelowThreshold
14:47:02;385;RGBA(0.969, 0.619, 0.143, 0.000);-500000,00;1;0,00;RGBA(0.862, 0.583, 0.749, 0.000);Rejected_BelowThreshold
14:47:02;386;RGBA(0.969, 0.619, 0.143, 0.000);-500000,00;1;0,00;RGBA(0.862, 0.583, 0.749, 0.000);Rejected_BelowThreshold
14:47:02;387;RGBA(0.969, 0.619, 0.143, 0.000);-500000,00;1;0,00;RGBA(0.862, 0.583, 0.749, 0.000);Rejected_BelowThreshold
14:47:02;388;RGBA(0.969, 0.619, 0.143, 0.000);-500000,00;1;0,00;RGBA(0.862, 0.583, 0.749, 0.000);Rejected_BelowThreshold
14:47:02;389;RGBA(0.969, 0.619, 0.143, 0.000);-500000,00;1;0,00;RGBA(0.862, 0.583, 0.749, 0.000);Rejected_BelowThreshold
14:47:02;390;RGBA(0.969, 0.619, 0.143, 0.000);-500000,00;1;0,00;RGBA(0.862, 0.583, 0.749, 0.000);Rejected_BelowThreshold
14:47:02;391;RGBA(0.969, 0.619, 0.143, 0.000);-500000,00;1;0,00;RGBA(0.862, 0.583, 0.749, 0.000);Rejected_BelowThreshold
14:47:02;392;RGBA(0.969, 0.619, 0.143, 0.000);-500000,00;1;0,00;RGBA(0.862, 0.583, 0.749, 0.000);Rejected_BelowThreshold
14:47:02;393;RGBA(0.969, 0.619, 0.143, 0.000);-500000,00;1;0,00;RGBA(0.862, 0.583, 0.749, 0.000);Rejected_BelowThreshold
14:47:02;394;RGBA(0.969, 0.619, 0.143, 0.000);-500000,00;1;0,00;RGBA(0.862, 0.583, 0.749, 0.000);Rejected_BelowThreshold
14:47:02;395;RGBA(0.969, 0.619, 0.143, 0.000);-500000,00;1;0,00;RGBA(0.862, 0.583, 0.749, 0.000);Rejected_BelowThreshold
14:47:02;396;RGBA(0.969, 0.619, 0.143, 0.000);-500000,00;1;0,00;RGBA(0.862, 0.583, 0.749, 0.000);Rejected_BelowThreshold
14:47:02;397;RGBA(0.969, 0.619, 0.143, 0.000);-500000,00;1;0,00;RGBA(0.862, 0.583, 0.749, 0.000);Rejected_BelowThreshold
14:47:02;398;RGBA(0.969, 0.619, 0.143, 0.000);-500000,00;1;0,00;RGBA(0.862, 0.583, 0.749, 0.000);Rejected_BelowThreshold
14:47:02;399;RGBA(0.969, 0.619, 0.143, 0.000);-500000,00;1;0,00;RGBA(0.862, 0.583, 0.749, 0.000);Rejected_BelowThreshold
14:47:02;400;RGBA(0.969, 0.619, 0.143, 0.000);-500000,00;1;0,00;RGBA(0.862, 0.583, 0.749, 0.000);Rejected_BelowThreshold
14:47:02;401;RGBA(0.969, 0.619, 0.143, 0.000);-500000,00;1;0,00;RGBA(0.862, 0.583, 0.749, 0.000);Rejected_BelowThreshold
14:47:02;402;RGBA(0.969, 0.619, 0.143, 0.000);-500000,00;1;0,00;RGBA(0.862, 0.583, 0.749, 0.000);Rejected_BelowThreshold
14:47:02;403;RGBA(0.969, 0.619, 0.143, 0.000);-500000,00;1;0,00;RGBA(0.862, 0.583, 0.749, 0.000);Rejected_BelowThreshold
14:47:02;404;RGBA(0.969, 0.619, 0.143, 0.000);-500000,00;1;0,00;RGBA(0.862, 0.583, 0.749, 0.000);Rejected_BelowThreshold
14:47:02;405;RGBA(0.969, 0.619, 0.143, 0.000);-500000,00;1;0,00;RGBA(0.862, 0.583, 0.749, 0.000);Rejected_BelowThreshold
14:47:02;406;RGBA(0.969, 0.619, 0.143, 0.000);-500000,00;1;0,00;RGBA(0.862, 0.583, 0.749, 0.000);Rejected_BelowThreshold
14:47:02;407;RGBA(0.969, 0.619, 0.143, 0.000);-500000,00;1;0,00;RGBA(0.862, 0.583, 0.749, 0.000);Rejected_BelowThreshold
14:47:02;408;RGBA(0.969, 0.619, 0.143, 0.000);-500000,00;1;0,00;RGBA(0.862, 0.583, 0.749, 0.000);Rejected_BelowThreshold
14:47:02;409;RGBA(0.969, 0.619, 0.143, 0.000);-500000,00;1;0,00;RGBA(0.862, 0.583, 0.749, 0.000);Rejected_BelowThreshold
14:47:02;410;RGBA(0.969, 0.619, 0.143, 0.000);-500000,00;1;0,00;RGBA(0.862, 0.583, 0.749, 0.000);Rejected_BelowThreshold
14:47:02;411;RGBA(0.969, 0.619, 0.143, 0.000);-500000,00;1;0,00;RGBA(0.862, 0.583, 0.749, 0.000);Rejected_BelowThreshold
14:47:02;412;RGBA(0.969, 0.619, 0.143, 0.000);-500000,00;1;0,00;RGBA(0.862, 0.583, 0.749, 0.000);Rejected_BelowThreshold
14:47:02;413;RGBA(0.969, 0.619, 0.143, 0.000);-500000,00;1;0,00;RGBA(0.862, 0.583, 0.749, 0.000);Rejected_BelowThreshold
14:47:02;414;RGBA(0.969, 0.619, 0.143, 0.000);-500000,00;1;0,00;RGBA(0.862, 0.583, 0.749, 0.000);Rejected_BelowThreshold
14:47:02;415;RGBA(0.969, 0.619, 0.143, 0.000);-500000,00;1;0,00;RGBA(0.862, 0.583, 0.749, 0.000);Rejected_BelowThreshold
14:47:02;416;RGBA(0.969, 0.619, 0.143, 0.000);-500000,00;1;0,00;RGBA(0.862, 0.583, 0.749, 0.000);Rejected_BelowThreshold
14:47:02;417;RGBA(0.969, 0.619, 0.143, 0.000);-500000,00;1;0,00;RGBA(0.862, 0.583, 0.749, 0.000);Rejected_BelowThreshold
14:47:02;418;RGBA(0.969, 0.619, 0.143, 0.000);-500000,00;1;0,00;RGBA(0.862, 0.583, 0.749, 0.000);Rejected_BelowThreshold
14:47:02;419;RGBA(0.969, 0.619, 0.143, 0.000);-500000,00;1;0,00;RGBA(0.862, 0.583, 0.749, 0.000);Rejected_BelowThreshold
14:47:02;420;RGBA(0.969, 0.619, 0.143, 0.000);-500000,00;1;0,00;RGBA(0.862, 0.583, 0.749, 0.000);Rejected_BelowThreshold
14:47:02;421;RGBA(0.969, 0.619, 0.143, 0.000);-500000,00;1;0,00;RGBA(0.862, 0.583, 0.749, 0.000);Rejected_BelowThreshold
14:47:02;422;RGBA(0.969, 0.619, 0.143, 0.000);-500000,00;1;0,00;RGBA(0.862, 0.583, 0.749, 0.000);Rejected_BelowThreshold
14:47:02;423;RGBA(0.969, 0.619, 0.143, 0.000);-500000,00;1;0,00;RGBA(0.862, 0.583, 0.749, 0.000);Rejected_BelowThreshold
14:47:02;424;RGBA(0.969, 0.619, 0.143, 0.000);-500000,00;1;0,00;RGBA(0.862, 0.583, 0.749, 0.000);Rejected_BelowThreshold
14:47:02;425;RGBA(0.969, 0.619, 0.143, 0.000);-500000,00;1;0,00;RGBA(0.862, 0.583, 0.749, 0.000);Rejected_BelowThreshold
14:47:02;426;RGBA(0.969, 0.619, 0.143, 0.000);-500000,00;1;0,00;RGBA(0.862, 0.583, 0.749, 0.000);Rejected_BelowThreshold
14:47:02;427;RGBA(0.969, 0.619, 0.143, 0.000);-500000,00;1;0,00;RGBA(0.862, 0.583, 0.749, 0.000);Rejected_BelowThreshold
14:47:02;428;RGBA(0.969, 0.619, 0.143, 0.000);-500000,00;1;0,00;RGBA(0.862, 0.583, 0.749, 0.000);Rejected_BelowThreshold
14:47:02;429;RGBA(0.969, 0.619, 0.143, 0.000);-500000,00;1;0,00;RGBA(0.862, 0.583, 0.749, 0.000);Rejected_BelowThreshold
14:47:02;430;RGBA(0.969, 0.619, 0.143, 0.000);-500000,00;1;0,00;RGBA(0.862, 0.583, 0.749, 0.000);Rejected_BelowThreshold
14:47:02;431;RGBA(0.969, 0.619, 0.143, 0.000);-500000,00;1;0,00;RGBA(0.862, 0.583, 0.749, 0.000);Rejected_BelowThreshold
14:47:02;432;RGBA(0.969, 0.619, 0.143, 0.000);-500000,00;1;0,00;RGBA(0.862, 0.583, 0.749, 0.000);Rejected_BelowThreshold
14:47:02;433;RGBA(0.969, 0.619, 0.143, 0.000);-500000,00;1;0,00;RGBA(0.862, 0.583, 0.749, 0.000);Rejected_BelowThreshold
14:47:02;434;RGBA(0.969, 0.619, 0.143, 0.000);-500000,00;1;0,00;RGBA(0.862, 0.583, 0.749, 0.000);Rejected_BelowThreshold
14:47:02;435;RGBA(0.969, 0.619, 0.143, 0.000);-500000,00;1;0,00;RGBA(0.862, 0.583, 0.749, 0.000);Rejected_BelowThreshold
14:47:02;436;RGBA(0.969, 0.619, 0.143, 0.000);-500000,00;1;0,00;RGBA(0.862, 0.583, 0.749, 0.000);Rejected_BelowThreshold
14:47:02;437;RGBA(0.969, 0.619, 0.143, 0.000);-500000,00;1;0,00;RGBA(0.862, 0.583, 0.749, 0.000);Rejected_BelowThreshold
14:47:02;438;RGBA(0.969, 0.619, 0.143, 0.000);-500000,00;1;0,00;RGBA(0.862, 0.583, 0.749, 0.000);Rejected_BelowThreshold
14:47:02;439;RGBA(0.969, 0.619, 0.143, 0.000);-500000,00;1;0,00;RGBA(0.862, 0.583, 0.749, 0.000);Rejected_BelowThreshold
14:47:02;440;RGBA(0.969, 0.619, 0.143, 0.000);-500000,00;1;0,00;RGBA(0.862, 0.583, 0.749, 0.000);Rejected_BelowThreshold
14:47:02;441;RGBA(0.969, 0.619, 0.143, 0.000);-500000,00;1;0,00;RGBA(0.862, 0.583, 0.749, 0.000);Rejected_BelowThreshold
14:47:02;442;RGBA(0.969, 0.619, 0.143, 0.000);-500000,00;1;0,00;RGBA(0.862, 0.583, 0.749, 0.000);Rejected_BelowThreshold
14:47:02;443;RGBA(0.969, 0.619, 0.143, 0.000);-500000,00;1;0,00;RGBA(0.862, 0.583, 0.749, 0.000);Rejected_BelowThreshold
14:47:02;444;RGBA(0.969, 0.619, 0.143, 0.000);-500000,00;1;0,00;RGBA(0.862, 0.583, 0.749, 0.000);Rejected_BelowThreshold
14:47:02;445;RGBA(0.969, 0.619, 0.143, 0.000);-500000,00;1;0,00;RGBA(0.862, 0.583, 0.749, 0.000);Rejected_BelowThreshold
14:47:02;446;RGBA(0.969, 0.619, 0.143, 0.000);-500000,00;1;0,00;RGBA(0.862, 0.583, 0.749, 0.000);Rejected_BelowThreshold
14:47:02;447;RGBA(0.969, 0.619, 0.143, 0.000);-500000,00;1;0,00;RGBA(0.862, 0.583, 0.749, 0.000);Rejected_BelowThreshold
14:47:02;448;RGBA(0.969, 0.619, 0.143, 0.000);-500000,00;1;0,00;RGBA(0.862, 0.583, 0.749, 0.000);Rejected_BelowThreshold
14:47:02;449;RGBA(0.969, 0.619, 0.143, 0.000);-500000,00;1;0,00;RGBA(0.862, 0.583, 0.749, 0.000);Rejected_BelowThreshold
14:47:02;450;RGBA(0.969, 0.619, 0.143, 0.000);-500000,00;1;0,00;RGBA(0.862, 0.583, 0.749, 0.000);Rejected_BelowThreshold
14:47:02;451;RGBA(0.969, 0.619, 0.143, 0.000);-500000,00;1;0,00;RGBA(0.862, 0.583, 0.749, 0.000);Rejected_BelowThreshold
14:47:02;452;RGBA(0.969, 0.619, 0.143, 0.000);-500000,00;1;0,00;RGBA(0.862, 0.583, 0.749, 0.000);Rejected_BelowThreshold
14:47:02;453;RGBA(0.969, 0.619, 0.143, 0.000);-500000,00;1;0,00;RGBA(0.862, 0.583, 0.749, 0.000);Rejected_BelowThreshold
14:47:03;454;RGBA(0.969, 0.619, 0.143, 0.000);-500000,00;1;0,00;RGBA(0.862, 0.583, 0.749, 0.000);Rejected_BelowThreshold
14:47:03;455;RGBA(0.969, 0.619, 0.143, 0.000);-500000,00;1;0,00;RGBA(0.862, 0.583, 0.749, 0.000);Rejected_BelowThreshold
14:47:03;456;RGBA(0.969, 0.619, 0.143, 0.000);-500000,00;1;0,00;RGBA(0.862, 0.583, 0.749, 0.000);Rejected_BelowThreshold
14:47:03;457;RGBA(0.969, 0.619, 0.143, 0.000);-500000,00;1;0,00;RGBA(0.862, 0.583, 0.749, 0.000);Rejected_BelowThreshold
14:47:03;458;RGBA(0.969, 0.619, 0.143, 0.000);-500000,00;1;0,00;RGBA(0.862, 0.583, 0.749, 0.000);Rejected_BelowThreshold
14:47:03;459;RGBA(0.969, 0.619, 0.143, 0.000);-500000,00;1;0,00;RGBA(0.862, 0.583, 0.749, 0.000);Rejected_BelowThreshold
14:47:03;460;RGBA(0.969, 0.619, 0.143, 0.000);-500000,00;1;0,00;RGBA(0.862, 0.583, 0.749, 0.000);Rejected_BelowThreshold
14:47:03;461;RGBA(0.969, 0.619, 0.143, 0.000);-500000,00;1;0,00;RGBA(0.862, 0.583, 0.749, 0.000);Rejected_BelowThreshold
14:47:03;462;RGBA(0.969, 0.619, 0.143, 0.000);-500000,00;1;0,00;RGBA(0.862, 0.583, 0.749, 0.000);Rejected_BelowThreshold
14:47:03;463;RGBA(0.969, 0.619, 0.143, 0.000);-500000,00;1;0,00;RGBA(0.862, 0.583, 0.749, 0.000);Rejected_BelowThreshold
14:47:03;464;RGBA(0.969, 0.619, 0.143, 0.000);-500000,00;1;0,00;RGBA(0.862, 0.583, 0.749, 0.000);Rejected_BelowThreshold
14:47:03;465;RGBA(0.969, 0.619, 0.143, 0.000);-500000,00;1;0,00;RGBA(0.862, 0.583, 0.749, 0.000);Rejected_BelowThreshold
14:47:03;466;RGBA(0.969, 0.619, 0.143, 0.000);-500000,00;1;0,00;RGBA(0.862, 0.583, 0.749, 0.000);Rejected_BelowThreshold
14:47:03;467;RGBA(0.969, 0.619, 0.143, 0.000);-500000,00;1;0,00;RGBA(0.862, 0.583, 0.749, 0.000);Rejected_BelowThreshold
14:47:03;468;RGBA(0.969, 0.619, 0.143, 0.000);-500000,00;1;0,00;RGBA(0.862, 0.583, 0.749, 0.000);Rejected_BelowThreshold
14:47:03;469;RGBA(0.969, 0.619, 0.143, 0.000);-500000,00;1;0,00;RGBA(0.862, 0.583, 0.749, 0.000);Rejected_BelowThreshold
14:47:03;470;RGBA(0.969, 0.619, 0.143, 0.000);-500000,00;1;0,00;RGBA(0.862, 0.583, 0.749, 0.000);Rejected_BelowThreshold
14:47:03;471;RGBA(0.969, 0.619, 0.143, 0.000);-500000,00;1;0,00;RGBA(0.862, 0.583, 0.749, 0.000);Rejected_BelowThreshold
14:47:03;472;RGBA(0.969, 0.619, 0.143, 0.000);-500000,00;1;0,00;RGBA(0.862, 0.583, 0.749, 0.000);Rejected_BelowThreshold
14:47:03;473;RGBA(0.969, 0.619, 0.143, 0.000);-500000,00;1;0,00;RGBA(0.862, 0.583, 0.749, 0.000);Rejected_BelowThreshold
14:47:03;474;RGBA(0.969, 0.619, 0.143, 0.000);-500000,00;1;0,00;RGBA(0.862, 0.583, 0.749, 0.000);Rejected_BelowThreshold
14:47:03;475;RGBA(0.969, 0.619, 0.143, 0.000);-500000,00;1;0,00;RGBA(0.862, 0.583, 0.749, 0.000);Rejected_BelowThreshold
14:47:03;476;RGBA(0.969, 0.619, 0.143, 0.000);-500000,00;1;0,00;RGBA(0.862, 0.583, 0.749, 0.000);Rejected_BelowThreshold
14:47:03;477;RGBA(0.969, 0.619, 0.143, 0.000);-500000,00;1;0,00;RGBA(0.862, 0.583, 0.749, 0.000);Rejected_BelowThreshold
14:47:03;478;RGBA(0.969, 0.619, 0.143, 0.000);-500000,00;1;0,00;RGBA(0.862, 0.583, 0.749, 0.000);Rejected_BelowThreshold
14:47:03;479;RGBA(0.969, 0.619, 0.143, 0.000);-500000,00;1;0,00;RGBA(0.862, 0.583, 0.749, 0.000);Rejected_BelowThreshold
14:47:03;480;RGBA(0.969, 0.619, 0.143, 0.000);-500000,00;1;0,00;RGBA(0.862, 0.583, 0.749, 0.000);Rejected_BelowThreshold
14:47:03;481;RGBA(0.969, 0.619, 0.143, 0.000);-500000,00;1;0,00;RGBA(0.862, 0.583, 0.749, 0.000);Rejected_BelowThreshold
14:47:03;482;RGBA(0.969, 0.619, 0.143, 0.000);-500000,00;1;0,00;RGBA(0.862, 0.583, 0.749, 0.000);Rejected_BelowThreshold
14:47:03;483;RGBA(0.969, 0.619, 0.143, 0.000);-500000,00;1;0,00;RGBA(0.862, 0.583, 0.749, 0.000);Rejected_BelowThreshold
14:47:03;484;RGBA(0.969, 0.619, 0.143, 0.000);-500000,00;1;0,00;RGBA(0.862, 0.583, 0.749, 0.000);Rejected_BelowThreshold
14:47:03;485;RGBA(0.969, 0.619, 0.143, 0.000);-500000,00;1;0,00;RGBA(0.862, 0.583, 0.749, 0.000);Rejected_BelowThreshold
14:47:03;486;RGBA(0.969, 0.619, 0.143, 0.000);-500000,00;1;0,00;RGBA(0.862, 0.583, 0.749, 0.000);Rejected_BelowThreshold
14:47:03;487;RGBA(0.969, 0.619, 0.143, 0.000);-500000,00;1;0,00;RGBA(0.862, 0.583, 0.749, 0.000);Rejected_BelowThreshold
14:47:03;488;RGBA(0.969, 0.619, 0.143, 0.000);-500000,00;1;0,00;RGBA(0.862, 0.583, 0.749, 0.000);Rejected_BelowThreshold
14:47:03;489;RGBA(0.969, 0.619, 0.143, 0.000);-500000,00;1;0,00;RGBA(0.862, 0.583, 0.749, 0.000);Rejected_BelowThreshold
14:47:03;490;RGBA(0.969, 0.619, 0.143, 0.000);-500000,00;1;0,00;RGBA(0.862, 0.583, 0.749, 0.000);Rejected_BelowThreshold
14:47:03;491;RGBA(0.969, 0.619, 0.143, 0.000);-500000,00;1;0,00;RGBA(0.862, 0.583, 0.749, 0.000);Rejected_BelowThreshold
14:47:03;492;RGBA(0.969, 0.619, 0.143, 0.000);-500000,00;1;0,00;RGBA(0.862, 0.583, 0.749, 0.000);Rejected_BelowThreshold
14:47:03;493;RGBA(0.969, 0.619, 0.143, 0.000);-500000,00;1;0,00;RGBA(0.862, 0.583, 0.749, 0.000);Rejected_BelowThreshold
14:47:03;494;RGBA(0.969, 0.619, 0.143, 0.000);-500000,00;1;0,00;RGBA(0.862, 0.583, 0.749, 0.000);Rejected_BelowThreshold
14:47:03;495;RGBA(0.969, 0.619, 0.143, 0.000);-500000,00;1;0,00;RGBA(0.862, 0.583, 0.749, 0.000);Rejected_BelowThreshold
14:47:03;496;RGBA(0.969, 0.619, 0.143, 0.000);-500000,00;1;0,00;RGBA(0.862, 0.583, 0.749, 0.000);Rejected_BelowThreshold
14:47:03;497;RGBA(0.969, 0.619, 0.143, 0.000);-500000,00;1;0,00;RGBA(0.862, 0.583, 0.749, 0.000);Rejected_BelowThreshold
14:47:03;498;RGBA(0.969, 0.619, 0.143, 0.000);-500000,00;1;0,00;RGBA(0.862, 0.583, 0.749, 0.000);Rejected_BelowThreshold
14:47:03;499;RGBA(0.969, 0.619, 0.143, 0.000);-500000,00;1;0,00;RGBA(0.862, 0.583, 0.749, 0.000);Rejected_BelowThreshold
14:47:03;500;RGBA(0.969, 0.619, 0.143, 0.000);-500000,00;1;0,00;RGBA(0.862, 0.583, 0.749, 0.000);Rejected_BelowThreshold
14:47:03;501;RGBA(0.969, 0.619, 0.143, 0.000);-500000,00;1;0,00;RGBA(0.862, 0.583, 0.749, 0.000);Rejected_BelowThreshold
14:47:03;502;RGBA(0.969, 0.619, 0.143, 0.000);-500000,00;1;0,00;RGBA(0.862, 0.583, 0.749, 0.000);Rejected_BelowThreshold
14:47:03;503;RGBA(0.969, 0.619, 0.143, 0.000);-500000,00;1;0,00;RGBA(0.862, 0.583, 0.749, 0.000);Rejected_BelowThreshold
14:47:03;504;RGBA(0.969, 0.619, 0.143, 0.000);-500000,00;1;0,00;RGBA(0.862, 0.583, 0.749, 0.000);Rejected_BelowThreshold
14:47:03;505;RGBA(0.969, 0.619, 0.143, 0.000);-500000,00;1;0,00;RGBA(0.862, 0.583, 0.749, 0.000);Rejected_BelowThreshold
14:47:03;506;RGBA(0.969, 0.619, 0.143, 0.000);-500000,00;1;0,00;RGBA(0.862, 0.583, 0.749, 0.000);Rejected_BelowThreshold
14:47:03;507;RGBA(0.969, 0.619, 0.143, 0.000);-500000,00;1;0,00;RGBA(0.862, 0.583, 0.749, 0.000);Rejected_BelowThreshold
14:47:03;508;RGBA(0.969, 0.619, 0.143, 0.000);-500000,00;1;0,00;RGBA(0.862, 0.583, 0.749, 0.000);Rejected_BelowThreshold
14:47:03;509;RGBA(0.969, 0.619, 0.143, 0.000);-500000,00;1;0,00;RGBA(0.862, 0.583, 0.749, 0.000);Rejected_BelowThreshold
14:47:03;510;RGBA(0.969, 0.619, 0.143, 0.000);-500000,00;1;0,00;RGBA(0.862, 0.583, 0.749, 0.000);Rejected_BelowThreshold
14:47:03;511;RGBA(0.969, 0.619, 0.143, 0.000);-500000,00;1;0,00;RGBA(0.862, 0.583, 0.749, 0.000);Rejected_BelowThreshold
14:47:03;512;RGBA(0.969, 0.619, 0.143, 0.000);-500000,00;1;0,00;RGBA(0.862, 0.583, 0.749, 0.000);Rejected_BelowThreshold
14:47:03;513;RGBA(0.969, 0.619, 0.143, 0.000);-500000,00;1;0,00;RGBA(0.862, 0.583, 0.749, 0.000);Rejected_BelowThreshold
14:47:03;514;RGBA(0.969, 0.619, 0.143, 0.000);-500000,00;1;0,00;RGBA(0.862, 0.583, 0.749, 0.000);Rejected_BelowThreshold
14:47:03;515;RGBA(0.969, 0.619, 0.143, 0.000);-500000,00;1;0,00;RGBA(0.862, 0.583, 0.749, 0.000);Rejected_BelowThreshold
14:47:03;516;RGBA(0.969, 0.619, 0.143, 0.000);-500000,00;1;0,00;RGBA(0.862, 0.583, 0.749, 0.000);Rejected_BelowThreshold
14:47:03;517;RGBA(0.969, 0.619, 0.143, 0.000);-500000,00;1;0,00;RGBA(0.862, 0.583, 0.749, 0.000);Rejected_BelowThreshold
14:47:03;518;RGBA(0.969, 0.619, 0.143, 0.000);-500000,00;1;0,00;RGBA(0.862, 0.583, 0.749, 0.000);Rejected_BelowThreshold
14:47:03;519;RGBA(0.969, 0.619, 0.143, 0.000);-500000,00;1;0,00;RGBA(0.862, 0.583, 0.749, 0.000);Rejected_BelowThreshold
14:47:03;520;RGBA(0.969, 0.619, 0.143, 0.000);-500000,00;1;0,00;RGBA(0.862, 0.583, 0.749, 0.000);Rejected_BelowThreshold
14:47:03;521;RGBA(0.969, 0.619, 0.143, 0.000);-500000,00;1;0,00;RGBA(0.862, 0.583, 0.749, 0.000);Rejected_BelowThreshold
14:47:03;522;RGBA(0.969, 0.619, 0.143, 0.000);-500000,00;1;0,00;RGBA(0.862, 0.583, 0.749, 0.000);Rejected_BelowThreshold
14:47:03;523;RGBA(0.969, 0.619, 0.143, 0.000);-500000,00;1;0,00;RGBA(0.862, 0.583, 0.749, 0.000);Rejected_BelowThreshold
14:47:03;524;RGBA(0.969, 0.619, 0.143, 0.000);-500000,00;1;0,00;RGBA(0.862, 0.583, 0.749, 0.000);Rejected_BelowThreshold
14:47:03;525;RGBA(0.969, 0.619, 0.143, 0.000);-500000,00;1;0,00;RGBA(0.862, 0.583, 0.749, 0.000);Rejected_BelowThreshold
14:47:03;526;RGBA(0.969, 0.619, 0.143, 0.000);-500000,00;1;0,00;RGBA(0.862, 0.583, 0.749, 0.000);Rejected_BelowThreshold
14:47:03;527;RGBA(0.969, 0.619, 0.143, 0.000);-500000,00;1;0,00;RGBA(0.862, 0.583, 0.749, 0.000);Rejected_BelowThreshold
14:47:03;528;RGBA(0.969, 0.619, 0.143, 0.000);-500000,00;1;0,00;RGBA(0.862, 0.583, 0.749, 0.000);Rejected_BelowThreshold
14:47:03;529;RGBA(0.969, 0.619, 0.143, 0.000);-500000,00;1;0,00;RGBA(0.862, 0.583, 0.749, 0.000);Rejected_BelowThreshold
14:47:03;530;RGBA(0.969, 0.619, 0.143, 0.000);-500000,00;1;0,00;RGBA(0.862, 0.583, 0.749, 0.000);Rejected_BelowThreshold
14:47:03;531;RGBA(0.969, 0.619, 0.143, 0.000);-500000,00;1;0,00;RGBA(0.862, 0.583, 0.749, 0.000);Rejected_BelowThreshold
14:47:03;532;RGBA(0.969, 0.619, 0.143, 0.000);-500000,00;1;0,00;RGBA(0.862, 0.583, 0.749, 0.000);Rejected_BelowThreshold
14:47:03;533;RGBA(0.969, 0.619, 0.143, 0.000);-500000,00;1;0,00;RGBA(0.862, 0.583, 0.749, 0.000);Rejected_BelowThreshold
14:47:03;534;RGBA(0.969, 0.619, 0.143, 0.000);-500000,00;1;0,00;RGBA(0.862, 0.583, 0.749, 0.000);Rejected_BelowThreshold
14:47:04;535;RGBA(0.969, 0.619, 0.143, 0.000);-500000,00;1;0,00;RGBA(0.862, 0.583, 0.749, 0.000);Rejected_BelowThreshold
14:47:04;536;RGBA(0.969, 0.619, 0.143, 0.000);-500000,00;1;0,00;RGBA(0.862, 0.583, 0.749, 0.000);Rejected_BelowThreshold
14:47:04;537;RGBA(0.969, 0.619, 0.143, 0.000);-500000,00;1;0,00;RGBA(0.862, 0.583, 0.749, 0.000);Rejected_BelowThreshold
14:47:04;538;RGBA(0.969, 0.619, 0.143, 0.000);-500000,00;1;0,00;RGBA(0.862, 0.583, 0.749, 0.000);Rejected_BelowThreshold
14:47:04;539;RGBA(0.969, 0.619, 0.143, 0.000);-500000,00;1;0,00;RGBA(0.862, 0.583, 0.749, 0.000);Rejected_BelowThreshold
14:47:04;540;RGBA(0.969, 0.619, 0.143, 0.000);-500000,00;1;0,00;RGBA(0.862, 0.583, 0.749, 0.000);Rejected_BelowThreshold
14:47:04;541;RGBA(0.969, 0.619, 0.143, 0.000);-500000,00;1;0,00;RGBA(0.862, 0.583, 0.749, 0.000);Rejected_BelowThreshold
14:47:04;542;RGBA(0.969, 0.619, 0.143, 0.000);-500000,00;1;0,00;RGBA(0.862, 0.583, 0.749, 0.000);Rejected_BelowThreshold
14:47:04;543;RGBA(0.969, 0.619, 0.143, 0.000);-500000,00;1;0,00;RGBA(0.862, 0.583, 0.749, 0.000);Rejected_BelowThreshold
14:47:04;544;RGBA(0.969, 0.619, 0.143, 0.000);-500000,00;1;0,00;RGBA(0.862, 0.583, 0.749, 0.000);Rejected_BelowThreshold
14:47:04;545;RGBA(0.969, 0.619, 0.143, 0.000);-500000,00;1;0,00;RGBA(0.862, 0.583, 0.749, 0.000);Rejected_BelowThreshold
14:47:04;546;RGBA(0.969, 0.619, 0.143, 0.000);-500000,00;1;0,00;RGBA(0.862, 0.583, 0.749, 0.000);Rejected_BelowThreshold
14:47:04;547;RGBA(0.969, 0.619, 0.143, 0.000);-500000,00;1;0,00;RGBA(0.862, 0.583, 0.749, 0.000);Rejected_BelowThreshold
14:47:04;548;RGBA(0.969, 0.619, 0.143, 0.000);-500000,00;1;0,00;RGBA(0.862, 0.583, 0.749, 0.000);Rejected_BelowThreshold
14:47:04;549;RGBA(0.969, 0.619, 0.143, 0.000);-500000,00;1;0,00;RGBA(0.862, 0.583, 0.749, 0.000);Rejected_BelowThreshold
14:47:04;550;RGBA(0.969, 0.619, 0.143, 0.000);-500000,00;1;0,00;RGBA(0.862, 0.583, 0.749, 0.000);Rejected_BelowThreshold
14:47:04;551;RGBA(0.969, 0.619, 0.143, 0.000);-500000,00;1;0,00;RGBA(0.862, 0.583, 0.749, 0.000);Rejected_BelowThreshold
14:47:04;552;RGBA(0.969, 0.619, 0.143, 0.000);-500000,00;1;0,00;RGBA(0.862, 0.583, 0.749, 0.000);Rejected_BelowThreshold
14:47:04;553;RGBA(0.969, 0.619, 0.143, 0.000);-500000,00;1;0,00;RGBA(0.862, 0.583, 0.749, 0.000);Rejected_BelowThreshold
14:47:04;554;RGBA(0.969, 0.619, 0.143, 0.000);-500000,00;1;0,00;RGBA(0.862, 0.583, 0.749, 0.000);Rejected_BelowThreshold
14:47:04;555;RGBA(0.969, 0.619, 0.143, 0.000);-500000,00;1;0,00;RGBA(0.862, 0.583, 0.749, 0.000);Rejected_BelowThreshold
14:47:04;556;RGBA(0.969, 0.619, 0.143, 0.000);-500000,00;1;0,00;RGBA(0.862, 0.583, 0.749, 0.000);Rejected_BelowThreshold
14:47:04;557;RGBA(0.969, 0.619, 0.143, 0.000);-500000,00;1;0,00;RGBA(0.862, 0.583, 0.749, 0.000);Rejected_BelowThreshold
14:47:04;558;RGBA(0.969, 0.619, 0.143, 0.000);-500000,00;1;0,00;RGBA(0.862, 0.583, 0.749, 0.000);Rejected_BelowThreshold
14:47:04;559;RGBA(0.969, 0.619, 0.143, 0.000);-500000,00;1;0,00;RGBA(0.862, 0.583, 0.749, 0.000);Rejected_BelowThreshold
14:47:04;560;RGBA(0.969, 0.619, 0.143, 0.000);-500000,00;1;0,00;RGBA(0.862, 0.583, 0.749, 0.000);Rejected_BelowThreshold
14:47:04;561;RGBA(0.969, 0.619, 0.143, 0.000);-500000,00;1;0,00;RGBA(0.862, 0.583, 0.749, 0.000);Rejected_BelowThreshold
14:47:04;562;RGBA(0.969, 0.619, 0.143, 0.000);-500000,00;1;0,00;RGBA(0.862, 0.583, 0.749, 0.000);Rejected_BelowThreshold
14:47:04;563;RGBA(0.969, 0.619, 0.143, 0.000);-500000,00;1;0,00;RGBA(0.862, 0.583, 0.749, 0.000);Rejected_BelowThreshold
14:47:04;564;RGBA(0.969, 0.619, 0.143, 0.000);-500000,00;1;0,00;RGBA(0.862, 0.583, 0.749, 0.000);Rejected_BelowThreshold
14:47:04;565;RGBA(0.969, 0.619, 0.143, 0.000);-500000,00;1;0,00;RGBA(0.862, 0.583, 0.749, 0.000);Rejected_BelowThreshold
14:47:04;566;RGBA(0.969, 0.619, 0.143, 0.000);-500000,00;1;0,00;RGBA(0.862, 0.583, 0.749, 0.000);Rejected_BelowThreshold
14:47:04;567;RGBA(0.969, 0.619, 0.143, 0.000);-500000,00;1;0,00;RGBA(0.862, 0.583, 0.749, 0.000);Rejected_BelowThreshold
14:47:04;568;RGBA(0.969, 0.619, 0.143, 0.000);-500000,00;1;0,00;RGBA(0.862, 0.583, 0.749, 0.000);Rejected_BelowThreshold
14:47:04;569;RGBA(0.969, 0.619, 0.143, 0.000);-500000,00;1;0,00;RGBA(0.862, 0.583, 0.749, 0.000);Rejected_BelowThreshold
14:47:04;570;RGBA(0.969, 0.619, 0.143, 0.000);-500000,00;1;0,00;RGBA(0.862, 0.583, 0.749, 0.000);Rejected_BelowThreshold
14:47:04;571;RGBA(0.969, 0.619, 0.143, 0.000);-500000,00;1;0,00;RGBA(0.862, 0.583, 0.749, 0.000);Rejected_BelowThreshold
14:47:04;572;RGBA(0.969, 0.619, 0.143, 0.000);-500000,00;1;0,00;RGBA(0.862, 0.583, 0.749, 0.000);Rejected_BelowThreshold
14:47:04;573;RGBA(0.969, 0.619, 0.143, 0.000);-500000,00;1;0,00;RGBA(0.862, 0.583, 0.749, 0.000);Rejected_BelowThreshold
14:47:04;574;RGBA(0.969, 0.619, 0.143, 0.000);-500000,00;1;0,00;RGBA(0.862, 0.583, 0.749, 0.000);Rejected_BelowThreshold
14:47:04;575;RGBA(0.969, 0.619, 0.143, 0.000);-500000,00;1;0,00;RGBA(0.862, 0.583, 0.749, 0.000);Rejected_BelowThreshold
14:47:04;576;RGBA(0.969, 0.619, 0.143, 0.000);-500000,00;1;0,00;RGBA(0.862, 0.583, 0.749, 0.000);Rejected_BelowThreshold
14:47:04;577;RGBA(0.969, 0.619, 0.143, 0.000);-500000,00;1;0,00;RGBA(0.862, 0.583, 0.749, 0.000);Rejected_BelowThreshold
14:47:04;578;RGBA(0.969, 0.619, 0.143, 0.000);-500000,00;1;0,00;RGBA(0.862, 0.583, 0.749, 0.000);Rejected_BelowThreshold
14:47:04;579;RGBA(0.969, 0.619, 0.143, 0.000);-500000,00;1;0,00;RGBA(0.862, 0.583, 0.749, 0.000);Rejected_BelowThreshold
14:47:04;580;RGBA(0.969, 0.619, 0.143, 0.000);-500000,00;1;0,00;RGBA(0.862, 0.583, 0.749, 0.000);Rejected_BelowThreshold
14:47:04;581;RGBA(0.969, 0.619, 0.143, 0.000);-500000,00;1;0,00;RGBA(0.862, 0.583, 0.749, 0.000);Rejected_BelowThreshold
14:47:04;582;RGBA(0.969, 0.619, 0.143, 0.000);-500000,00;1;0,00;RGBA(0.862, 0.583, 0.749, 0.000);Rejected_BelowThreshold
14:47:04;583;RGBA(0.969, 0.619, 0.143, 0.000);-500000,00;1;0,00;RGBA(0.862, 0.583, 0.749, 0.000);Rejected_BelowThreshold
14:47:04;584;RGBA(0.969, 0.619, 0.143, 0.000);-500000,00;1;0,00;RGBA(0.862, 0.583, 0.749, 0.000);Rejected_BelowThreshold
14:47:04;585;RGBA(0.969, 0.619, 0.143, 0.000);-500000,00;1;0,00;RGBA(0.862, 0.583, 0.749, 0.000);Rejected_BelowThreshold
14:47:04;586;RGBA(0.969, 0.619, 0.143, 0.000);-500000,00;1;0,00;RGBA(0.862, 0.583, 0.749, 0.000);Rejected_BelowThreshold
14:47:04;587;RGBA(0.969, 0.619, 0.143, 0.000);-500000,00;1;0,00;RGBA(0.862, 0.583, 0.749, 0.000);Rejected_BelowThreshold
14:47:04;588;RGBA(0.969, 0.619, 0.143, 0.000);-500000,00;1;0,00;RGBA(0.862, 0.583, 0.749, 0.000);Rejected_BelowThreshold
14:47:04;589;RGBA(0.969, 0.619, 0.143, 0.000);-500000,00;1;0,00;RGBA(0.862, 0.583, 0.749, 0.000);Rejected_BelowThreshold
14:47:04;590;RGBA(0.969, 0.619, 0.143, 0.000);-500000,00;1;0,00;RGBA(0.862, 0.583, 0.749, 0.000);Rejected_BelowThreshold
14:47:04;591;RGBA(0.969, 0.619, 0.143, 0.000);-500000,00;1;0,00;RGBA(0.862, 0.583, 0.749, 0.000);Rejected_BelowThreshold
14:47:04;592;RGBA(0.969, 0.619, 0.143, 0.000);-500000,00;1;0,00;RGBA(0.862, 0.583, 0.749, 0.000);Rejected_BelowThreshold
14:47:04;593;RGBA(0.969, 0.619, 0.143, 0.000);-500000,00;1;0,00;RGBA(0.862, 0.583, 0.749, 0.000);Rejected_BelowThreshold
14:47:04;594;RGBA(0.969, 0.619, 0.143, 0.000);-500000,00;1;0,00;RGBA(0.862, 0.583, 0.749, 0.000);Rejected_BelowThreshold
14:47:04;595;RGBA(0.969, 0.619, 0.143, 0.000);-500000,00;1;0,00;RGBA(0.862, 0.583, 0.749, 0.000);Rejected_BelowThreshold
14:47:04;596;RGBA(0.969, 0.619, 0.143, 0.000);-500000,00;1;0,00;RGBA(0.862, 0.583, 0.749, 0.000);Rejected_BelowThreshold
14:47:04;597;RGBA(0.969, 0.619, 0.143, 0.000);-500000,00;1;0,00;RGBA(0.862, 0.583, 0.749, 0.000);Rejected_BelowThreshold
14:47:04;598;RGBA(0.969, 0.619, 0.143, 0.000);-500000,00;1;0,00;RGBA(0.862, 0.583, 0.749, 0.000);Rejected_BelowThreshold
14:47:04;599;RGBA(0.969, 0.619, 0.143, 0.000);-500000,00;1;0,00;RGBA(0.862, 0.583, 0.749, 0.000);Rejected_BelowThreshold
14:47:04;600;RGBA(0.969, 0.619, 0.143, 0.000);-500000,00;1;0,00;RGBA(0.862, 0.583, 0.749, 0.000);Rejected_BelowThreshold
14:47:04;601;RGBA(0.969, 0.619, 0.143, 0.000);-500000,00;1;0,00;RGBA(0.862, 0.583, 0.749, 0.000);Rejected_BelowThreshold
14:47:04;602;RGBA(0.969, 0.619, 0.143, 0.000);-500000,00;1;0,00;RGBA(0.862, 0.583, 0.749, 0.000);Rejected_BelowThreshold
14:47:04;603;RGBA(0.969, 0.619, 0.143, 0.000);-500000,00;1;0,00;RGBA(0.862, 0.583, 0.749, 0.000);Rejected_BelowThreshold
14:47:04;604;RGBA(0.969, 0.619, 0.143, 0.000);-500000,00;1;0,00;RGBA(0.862, 0.583, 0.749, 0.000);Rejected_BelowThreshold
14:47:04;605;RGBA(0.969, 0.619, 0.143, 0.000);-500000,00;1;0,00;RGBA(0.862, 0.583, 0.749, 0.000);Rejected_BelowThreshold
14:47:04;606;RGBA(0.969, 0.619, 0.143, 0.000);-500000,00;1;0,00;RGBA(0.862, 0.583, 0.749, 0.000);Rejected_BelowThreshold
14:47:04;607;RGBA(0.969, 0.619, 0.143, 0.000);-500000,00;1;0,00;RGBA(0.862, 0.583, 0.749, 0.000);Rejected_BelowThreshold
14:47:04;608;RGBA(0.969, 0.619, 0.143, 0.000);-500000,00;1;0,00;RGBA(0.862, 0.583, 0.749, 0.000);Rejected_BelowThreshold
14:47:04;609;RGBA(0.969, 0.619, 0.143, 0.000);-500000,00;1;0,00;RGBA(0.862, 0.583, 0.749, 0.000);Rejected_BelowThreshold
14:47:04;610;RGBA(0.969, 0.619, 0.143, 0.000);-500000,00;1;0,00;RGBA(0.862, 0.583, 0.749, 0.000);Rejected_BelowThreshold
14:47:04;611;RGBA(0.969, 0.619, 0.143, 0.000);-500000,00;1;0,00;RGBA(0.862, 0.583, 0.749, 0.000);Rejected_BelowThreshold
14:47:04;612;RGBA(0.969, 0.619, 0.143, 0.000);-500000,00;1;0,00;RGBA(0.862, 0.583, 0.749, 0.000);Rejected_BelowThreshold
14:47:04;613;RGBA(0.969, 0.619, 0.143, 0.000);-500000,00;1;0,00;RGBA(0.862, 0.583, 0.749, 0.000);Rejected_BelowThreshold
14:47:04;614;RGBA(0.969, 0.619, 0.143, 0.000);-500000,00;1;0,00;RGBA(0.862, 0.583, 0.749, 0.000);Rejected_BelowThreshold
14:47:04;615;RGBA(0.969, 0.619, 0.143, 0.000);-500000,00;1;0,00;RGBA(0.862, 0.583, 0.749, 0.000);Rejected_BelowThreshold
14:47:05;616;RGBA(0.969, 0.619, 0.143, 0.000);-500000,00;1;0,00;RGBA(0.862, 0.583, 0.749, 0.000);Rejected_BelowThreshold
14:47:05;617;RGBA(0.969, 0.619, 0.143, 0.000);-500000,00;1;0,00;RGBA(0.862, 0.583, 0.749, 0.000);Rejected_BelowThreshold
14:47:05;618;RGBA(0.969, 0.619, 0.143, 0.000);-500000,00;1;0,00;RGBA(0.862, 0.583, 0.749, 0.000);Rejected_BelowThreshold
14:47:05;619;RGBA(0.969, 0.619, 0.143, 0.000);-500000,00;1;0,00;RGBA(0.862, 0.583, 0.749, 0.000);Rejected_BelowThreshold
14:47:05;620;RGBA(0.969, 0.619, 0.143, 0.000);-500000,00;1;0,00;RGBA(0.862, 0.583, 0.749, 0.000);Rejected_BelowThreshold
14:47:05;621;RGBA(0.969, 0.619, 0.143, 0.000);-500000,00;1;0,00;RGBA(0.862, 0.583, 0.749, 0.000);Rejected_BelowThreshold
14:47:05;622;RGBA(0.969, 0.619, 0.143, 0.000);-500000,00;1;0,00;RGBA(0.862, 0.583, 0.749, 0.000);Rejected_BelowThreshold
14:47:05;623;RGBA(0.969, 0.619, 0.143, 0.000);-500000,00;1;0,00;RGBA(0.862, 0.583, 0.749, 0.000);Rejected_BelowThreshold
14:47:05;624;RGBA(0.969, 0.619, 0.143, 0.000);-500000,00;1;0,00;RGBA(0.862, 0.583, 0.749, 0.000);Rejected_BelowThreshold
14:47:05;625;RGBA(0.969, 0.619, 0.143, 0.000);-500000,00;1;0,00;RGBA(0.862, 0.583, 0.749, 0.000);Rejected_BelowThreshold
14:47:05;626;RGBA(0.969, 0.619, 0.143, 0.000);-500000,00;1;0,00;RGBA(0.862, 0.583, 0.749, 0.000);Rejected_BelowThreshold
14:47:05;627;RGBA(0.969, 0.619, 0.143, 0.000);-500000,00;1;0,00;RGBA(0.862, 0.583, 0.749, 0.000);Rejected_BelowThreshold
14:47:05;628;RGBA(0.969, 0.619, 0.143, 0.000);-500000,00;1;0,00;RGBA(0.862, 0.583, 0.749, 0.000);Rejected_BelowThreshold
14:47:05;629;RGBA(0.969, 0.619, 0.143, 0.000);-500000,00;1;0,00;RGBA(0.862, 0.583, 0.749, 0.000);Rejected_BelowThreshold
14:47:05;630;RGBA(0.969, 0.619, 0.143, 0.000);-500000,00;1;0,00;RGBA(0.862, 0.583, 0.749, 0.000);Rejected_BelowThreshold
14:47:05;631;RGBA(0.969, 0.619, 0.143, 0.000);-500000,00;1;0,00;RGBA(0.862, 0.583, 0.749, 0.000);Rejected_BelowThreshold
14:47:05;632;RGBA(0.969, 0.619, 0.143, 0.000);-500000,00;1;0,00;RGBA(0.862, 0.583, 0.749, 0.000);Rejected_BelowThreshold
14:47:05;633;RGBA(0.969, 0.619, 0.143, 0.000);-500000,00;1;0,00;RGBA(0.862, 0.583, 0.749, 0.000);Rejected_BelowThreshold
14:47:05;634;RGBA(0.969, 0.619, 0.143, 0.000);-500000,00;1;0,00;RGBA(0.862, 0.583, 0.749, 0.000);Rejected_BelowThreshold
14:47:05;635;RGBA(0.969, 0.619, 0.143, 0.000);-500000,00;1;0,00;RGBA(0.862, 0.583, 0.749, 0.000);Rejected_BelowThreshold
14:47:05;636;RGBA(0.969, 0.619, 0.143, 0.000);-500000,00;1;0,00;RGBA(0.862, 0.583, 0.749, 0.000);Rejected_BelowThreshold
14:47:05;637;RGBA(0.969, 0.619, 0.143, 0.000);-500000,00;1;0,00;RGBA(0.862, 0.583, 0.749, 0.000);Rejected_BelowThreshold
14:47:05;638;RGBA(0.969, 0.619, 0.143, 0.000);-500000,00;1;0,00;RGBA(0.862, 0.583, 0.749, 0.000);Rejected_BelowThreshold
14:47:05;639;RGBA(0.969, 0.619, 0.143, 0.000);-500000,00;1;0,00;RGBA(0.862, 0.583, 0.749, 0.000);Rejected_BelowThreshold
14:47:05;640;RGBA(0.969, 0.619, 0.143, 0.000);-500000,00;1;0,00;RGBA(0.862, 0.583, 0.749, 0.000);Rejected_BelowThreshold
14:47:05;641;RGBA(0.969, 0.619, 0.143, 0.000);-500000,00;1;0,00;RGBA(0.862, 0.583, 0.749, 0.000);Rejected_BelowThreshold
14:47:05;642;RGBA(0.969, 0.619, 0.143, 0.000);-500000,00;1;0,00;RGBA(0.862, 0.583, 0.749, 0.000);Rejected_BelowThreshold
14:47:05;643;RGBA(0.969, 0.619, 0.143, 0.000);-500000,00;1;0,00;RGBA(0.862, 0.583, 0.749, 0.000);Rejected_BelowThreshold
14:47:05;644;RGBA(0.969, 0.619, 0.143, 0.000);-500000,00;1;0,00;RGBA(0.862, 0.583, 0.749, 0.000);Rejected_BelowThreshold
14:47:05;645;RGBA(0.969, 0.619, 0.143, 0.000);-500000,00;1;0,00;RGBA(0.862, 0.583, 0.749, 0.000);Rejected_BelowThreshold
14:47:05;646;RGBA(0.969, 0.619, 0.143, 0.000);-500000,00;1;0,00;RGBA(0.862, 0.583, 0.749, 0.000);Rejected_BelowThreshold
14:47:05;647;RGBA(0.969, 0.619, 0.143, 0.000);-500000,00;1;0,00;RGBA(0.862, 0.583, 0.749, 0.000);Rejected_BelowThreshold
14:47:05;648;RGBA(0.969, 0.619, 0.143, 0.000);-500000,00;1;0,00;RGBA(0.862, 0.583, 0.749, 0.000);Rejected_BelowThreshold
14:47:05;649;RGBA(0.969, 0.619, 0.143, 0.000);-500000,00;1;0,00;RGBA(0.862, 0.583, 0.749, 0.000);Rejected_BelowThreshold
14:47:05;650;RGBA(0.969, 0.619, 0.143, 0.000);-500000,00;1;0,00;RGBA(0.862, 0.583, 0.749, 0.000);Rejected_BelowThreshold
14:47:05;651;RGBA(0.969, 0.619, 0.143, 0.000);-500000,00;1;0,00;RGBA(0.862, 0.583, 0.749, 0.000);Rejected_BelowThreshold
14:47:05;652;RGBA(0.969, 0.619, 0.143, 0.000);-500000,00;1;0,00;RGBA(0.862, 0.583, 0.749, 0.000);Rejected_BelowThreshold
14:47:05;653;RGBA(0.969, 0.619, 0.143, 0.000);-500000,00;1;0,00;RGBA(0.862, 0.583, 0.749, 0.000);Rejected_BelowThreshold
14:47:05;654;RGBA(0.969, 0.619, 0.143, 0.000);-500000,00;1;0,00;RGBA(0.862, 0.583, 0.749, 0.000);Rejected_BelowThreshold
14:47:05;655;RGBA(0.969, 0.619, 0.143, 0.000);-500000,00;1;0,00;RGBA(0.862, 0.583, 0.749, 0.000);Rejected_BelowThreshold
14:47:05;656;RGBA(0.969, 0.619, 0.143, 0.000);-500000,00;1;0,00;RGBA(0.862, 0.583, 0.749, 0.000);Rejected_BelowThreshold
14:47:05;657;RGBA(0.969, 0.619, 0.143, 0.000);-500000,00;1;0,00;RGBA(0.862, 0.583, 0.749, 0.000);Rejected_BelowThreshold
14:47:05;658;RGBA(0.969, 0.619, 0.143, 0.000);-500000,00;1;0,00;RGBA(0.862, 0.583, 0.749, 0.000);Rejected_BelowThreshold
14:47:05;659;RGBA(0.969, 0.619, 0.143, 0.000);-500000,00;1;0,00;RGBA(0.862, 0.583, 0.749, 0.000);Rejected_BelowThreshold
14:47:05;660;RGBA(0.969, 0.619, 0.143, 0.000);-500000,00;1;0,00;RGBA(0.862, 0.583, 0.749, 0.000);Rejected_BelowThreshold
14:47:05;661;RGBA(0.969, 0.619, 0.143, 0.000);-500000,00;1;0,00;RGBA(0.862, 0.583, 0.749, 0.000);Rejected_BelowThreshold
14:47:05;662;RGBA(0.969, 0.619, 0.143, 0.000);-500000,00;1;0,00;RGBA(0.862, 0.583, 0.749, 0.000);Rejected_BelowThreshold
14:47:05;663;RGBA(0.969, 0.619, 0.143, 0.000);-500000,00;1;0,00;RGBA(0.862, 0.583, 0.749, 0.000);Rejected_BelowThreshold
14:47:05;664;RGBA(0.969, 0.619, 0.143, 0.000);-500000,00;1;0,00;RGBA(0.862, 0.583, 0.749, 0.000);Rejected_BelowThreshold
14:47:05;665;RGBA(0.969, 0.619, 0.143, 0.000);-500000,00;1;0,00;RGBA(0.862, 0.583, 0.749, 0.000);Rejected_BelowThreshold
14:47:05;666;RGBA(0.969, 0.619, 0.143, 0.000);-500000,00;1;0,00;RGBA(0.862, 0.583, 0.749, 0.000);Rejected_BelowThreshold
14:47:05;667;RGBA(0.969, 0.619, 0.143, 0.000);-500000,00;1;0,00;RGBA(0.862, 0.583, 0.749, 0.000);Rejected_BelowThreshold
14:47:05;668;RGBA(0.969, 0.619, 0.143, 0.000);-500000,00;1;0,00;RGBA(0.862, 0.583, 0.749, 0.000);Rejected_BelowThreshold
14:47:05;669;RGBA(0.969, 0.619, 0.143, 0.000);-500000,00;1;0,00;RGBA(0.862, 0.583, 0.749, 0.000);Rejected_BelowThreshold
14:47:05;670;RGBA(0.969, 0.619, 0.143, 0.000);-500000,00;1;0,00;RGBA(0.862, 0.583, 0.749, 0.000);Rejected_BelowThreshold
14:47:05;671;RGBA(0.969, 0.619, 0.143, 0.000);-500000,00;1;0,00;RGBA(0.862, 0.583, 0.749, 0.000);Rejected_BelowThreshold
14:47:05;672;RGBA(0.969, 0.619, 0.143, 0.000);-500000,00;1;0,00;RGBA(0.862, 0.583, 0.749, 0.000);Rejected_BelowThreshold
14:47:05;673;RGBA(0.969, 0.619, 0.143, 0.000);-500000,00;1;0,00;RGBA(0.862, 0.583, 0.749, 0.000);Rejected_BelowThreshold
14:47:05;674;RGBA(0.969, 0.619, 0.143, 0.000);-500000,00;1;0,00;RGBA(0.862, 0.583, 0.749, 0.000);Rejected_BelowThreshold
14:47:05;675;RGBA(0.969, 0.619, 0.143, 0.000);-500000,00;1;0,00;RGBA(0.862, 0.583, 0.749, 0.000);Rejected_BelowThreshold
14:47:05;676;RGBA(0.969, 0.619, 0.143, 0.000);-500000,00;1;0,00;RGBA(0.862, 0.583, 0.749, 0.000);Rejected_BelowThreshold
14:47:05;677;RGBA(0.969, 0.619, 0.143, 0.000);-500000,00;1;0,00;RGBA(0.862, 0.583, 0.749, 0.000);Rejected_BelowThreshold
14:47:05;678;RGBA(0.969, 0.619, 0.143, 0.000);-500000,00;1;0,00;RGBA(0.862, 0.583, 0.749, 0.000);Rejected_BelowThreshold
14:47:05;679;RGBA(0.969, 0.619, 0.143, 0.000);-500000,00;1;0,00;RGBA(0.862, 0.583, 0.749, 0.000);Rejected_BelowThreshold
14:47:05;680;RGBA(0.969, 0.619, 0.143, 0.000);-500000,00;1;0,00;RGBA(0.862, 0.583, 0.749, 0.000);Rejected_BelowThreshold
14:47:05;681;RGBA(0.969, 0.619, 0.143, 0.000);-500000,00;1;0,00;RGBA(0.862, 0.583, 0.749, 0.000);Rejected_BelowThreshold
14:47:05;682;RGBA(0.969, 0.619, 0.143, 0.000);-500000,00;1;0,00;RGBA(0.862, 0.583, 0.749, 0.000);Rejected_BelowThreshold
14:47:05;683;RGBA(0.969, 0.619, 0.143, 0.000);-500000,00;1;0,00;RGBA(0.862, 0.583, 0.749, 0.000);Rejected_BelowThreshold
14:47:05;684;RGBA(0.969, 0.619, 0.143, 0.000);-500000,00;1;0,00;RGBA(0.862, 0.583, 0.749, 0.000);Rejected_BelowThreshold
14:47:05;685;RGBA(0.969, 0.619, 0.143, 0.000);-500000,00;1;0,00;RGBA(0.862, 0.583, 0.749, 0.000);Rejected_BelowThreshold
14:47:05;686;RGBA(0.969, 0.619, 0.143, 0.000);-500000,00;1;0,00;RGBA(0.862, 0.583, 0.749, 0.000);Rejected_BelowThreshold
14:47:05;687;RGBA(0.969, 0.619, 0.143, 0.000);-500000,00;1;0,00;RGBA(0.862, 0.583, 0.749, 0.000);Rejected_BelowThreshold
14:47:05;688;RGBA(0.969, 0.619, 0.143, 0.000);-500000,00;1;0,00;RGBA(0.862, 0.583, 0.749, 0.000);Rejected_BelowThreshold
14:47:05;689;RGBA(0.969, 0.619, 0.143, 0.000);-500000,00;1;0,00;RGBA(0.862, 0.583, 0.749, 0.000);Rejected_BelowThreshold
14:47:05;690;RGBA(0.969, 0.619, 0.143, 0.000);-500000,00;1;0,00;RGBA(0.862, 0.583, 0.749, 0.000);Rejected_BelowThreshold
14:47:05;691;RGBA(0.969, 0.619, 0.143, 0.000);-500000,00;1;0,00;RGBA(0.862, 0.583, 0.749, 0.000);Rejected_BelowThreshold
14:47:05;692;RGBA(0.969, 0.619, 0.143, 0.000);-500000,00;1;0,00;RGBA(0.862, 0.583, 0.749, 0.000);Rejected_BelowThreshold
14:47:05;693;RGBA(0.969, 0.619, 0.143, 0.000);-500000,00;1;0,00;RGBA(0.862, 0.583, 0.749, 0.000);Rejected_BelowThreshold
14:47:05;694;RGBA(0.969, 0.619, 0.143, 0.000);-500000,00;1;0,00;RGBA(0.862, 0.583, 0.749, 0.000);Rejected_BelowThreshold
14:47:06;695;RGBA(0.969, 0.619, 0.143, 0.000);-500000,00;1;0,00;RGBA(0.862, 0.583, 0.749, 0.000);Rejected_BelowThreshold
14:47:06;696;RGBA(0.969, 0.619, 0.143, 0.000);-500000,00;1;0,00;RGBA(0.862, 0.583, 0.749, 0.000);Rejected_BelowThreshold
14:47:06;697;RGBA(0.969, 0.619, 0.143, 0.000);-500000,00;1;0,00;RGBA(0.862, 0.583, 0.749, 0.000);Rejected_BelowThreshold
14:47:06;698;RGBA(0.969, 0.619, 0.143, 0.000);-500000,00;1;0,00;RGBA(0.862, 0.583, 0.749, 0.000);Rejected_BelowThreshold
14:47:06;699;RGBA(0.969, 0.619, 0.143, 0.000);-500000,00;1;0,00;RGBA(0.862, 0.583, 0.749, 0.000);Rejected_BelowThreshold
14:47:06;700;RGBA(0.969, 0.619, 0.143, 0.000);-500000,00;1;0,00;RGBA(0.862, 0.583, 0.749, 0.000);Rejected_BelowThreshold
14:47:06;701;RGBA(0.969, 0.619, 0.143, 0.000);-500000,00;1;0,00;RGBA(0.862, 0.583, 0.749, 0.000);Rejected_BelowThreshold
14:47:06;702;RGBA(0.969, 0.619, 0.143, 0.000);-500000,00;1;0,00;RGBA(0.862, 0.583, 0.749, 0.000);Rejected_BelowThreshold
14:47:06;703;RGBA(0.969, 0.619, 0.143, 0.000);-500000,00;1;0,00;RGBA(0.862, 0.583, 0.749, 0.000);Rejected_BelowThreshold
14:47:06;704;RGBA(0.969, 0.619, 0.143, 0.000);-500000,00;1;0,00;RGBA(0.862, 0.583, 0.749, 0.000);Rejected_BelowThreshold
14:47:06;705;RGBA(0.969, 0.619, 0.143, 0.000);-500000,00;1;0,00;RGBA(0.862, 0.583, 0.749, 0.000);Rejected_BelowThreshold
14:47:06;706;RGBA(0.969, 0.619, 0.143, 0.000);-500000,00;1;0,00;RGBA(0.862, 0.583, 0.749, 0.000);Rejected_BelowThreshold
14:47:06;707;RGBA(0.969, 0.619, 0.143, 0.000);-500000,00;1;0,00;RGBA(0.862, 0.583, 0.749, 0.000);Rejected_BelowThreshold
14:47:06;708;RGBA(0.969, 0.619, 0.143, 0.000);-500000,00;1;0,00;RGBA(0.862, 0.583, 0.749, 0.000);Rejected_BelowThreshold
14:47:06;709;RGBA(0.969, 0.619, 0.143, 0.000);-500000,00;1;0,00;RGBA(0.862, 0.583, 0.749, 0.000);Rejected_BelowThreshold
14:47:06;710;RGBA(0.969, 0.619, 0.143, 0.000);-500000,00;1;0,00;RGBA(0.862, 0.583, 0.749, 0.000);Rejected_BelowThreshold
14:47:06;711;RGBA(0.969, 0.619, 0.143, 0.000);-500000,00;1;0,00;RGBA(0.862, 0.583, 0.749, 0.000);Rejected_BelowThreshold
14:47:06;712;RGBA(0.969, 0.619, 0.143, 0.000);-500000,00;1;0,00;RGBA(0.862, 0.583, 0.749, 0.000);Rejected_BelowThreshold
14:47:06;713;RGBA(0.969, 0.619, 0.143, 0.000);-500000,00;1;0,00;RGBA(0.862, 0.583, 0.749, 0.000);Rejected_BelowThreshold
14:47:06;714;RGBA(0.969, 0.619, 0.143, 0.000);-500000,00;1;0,00;RGBA(0.862, 0.583, 0.749, 0.000);Rejected_BelowThreshold
14:47:06;715;RGBA(0.969, 0.619, 0.143, 0.000);-500000,00;1;0,00;RGBA(0.862, 0.583, 0.749, 0.000);Rejected_BelowThreshold
14:47:06;716;RGBA(0.969, 0.619, 0.143, 0.000);-500000,00;1;0,00;RGBA(0.862, 0.583, 0.749, 0.000);Rejected_BelowThreshold
14:47:06;717;RGBA(0.969, 0.619, 0.143, 0.000);-500000,00;1;0,00;RGBA(0.862, 0.583, 0.749, 0.000);Rejected_BelowThreshold
14:47:06;718;RGBA(0.969, 0.619, 0.143, 0.000);-500000,00;1;0,00;RGBA(0.862, 0.583, 0.749, 0.000);Rejected_BelowThreshold
14:47:06;719;RGBA(0.969, 0.619, 0.143, 0.000);-500000,00;1;0,00;RGBA(0.862, 0.583, 0.749, 0.000);Rejected_BelowThreshold
14:47:06;720;RGBA(0.969, 0.619, 0.143, 0.000);-500000,00;1;0,00;RGBA(0.862, 0.583, 0.749, 0.000);Rejected_BelowThreshold
14:47:06;721;RGBA(0.969, 0.619, 0.143, 0.000);-500000,00;1;0,00;RGBA(0.862, 0.583, 0.749, 0.000);Rejected_BelowThreshold
14:47:06;722;RGBA(0.969, 0.619, 0.143, 0.000);-500000,00;1;0,00;RGBA(0.862, 0.583, 0.749, 0.000);Rejected_BelowThreshold
14:47:06;723;RGBA(0.969, 0.619, 0.143, 0.000);-500000,00;1;0,00;RGBA(0.862, 0.583, 0.749, 0.000);Rejected_BelowThreshold
14:47:06;724;RGBA(0.969, 0.619, 0.143, 0.000);-500000,00;1;0,00;RGBA(0.862, 0.583, 0.749, 0.000);Rejected_BelowThreshold
14:47:06;725;RGBA(0.969, 0.619, 0.143, 0.000);-500000,00;1;0,00;RGBA(0.862, 0.583, 0.749, 0.000);Rejected_BelowThreshold
14:47:06;726;RGBA(0.969, 0.619, 0.143, 0.000);-500000,00;1;0,00;RGBA(0.862, 0.583, 0.749, 0.000);Rejected_BelowThreshold
14:47:06;727;RGBA(0.969, 0.619, 0.143, 0.000);-500000,00;1;0,00;RGBA(0.862, 0.583, 0.749, 0.000);Rejected_BelowThreshold
14:47:06;728;RGBA(0.969, 0.619, 0.143, 0.000);-500000,00;1;0,00;RGBA(0.862, 0.583, 0.749, 0.000);Rejected_BelowThreshold
14:47:06;729;RGBA(0.969, 0.619, 0.143, 0.000);-500000,00;1;0,00;RGBA(0.862, 0.583, 0.749, 0.000);Rejected_BelowThreshold
14:47:06;730;RGBA(0.969, 0.619, 0.143, 0.000);-500000,00;1;0,00;RGBA(0.862, 0.583, 0.749, 0.000);Rejected_BelowThreshold
14:47:06;731;RGBA(0.969, 0.619, 0.143, 0.000);-500000,00;1;0,00;RGBA(0.862, 0.583, 0.749, 0.000);Rejected_BelowThreshold
14:47:06;732;RGBA(0.969, 0.619, 0.143, 0.000);-500000,00;1;0,00;RGBA(0.862, 0.583, 0.749, 0.000);Rejected_BelowThreshold
14:47:06;733;RGBA(0.969, 0.619, 0.143, 0.000);-500000,00;1;0,00;RGBA(0.862, 0.583, 0.749, 0.000);Rejected_BelowThreshold
14:47:06;734;RGBA(0.969, 0.619, 0.143, 0.000);-500000,00;1;0,00;RGBA(0.862, 0.583, 0.749, 0.000);Rejected_BelowThreshold
14:47:06;735;RGBA(0.969, 0.619, 0.143, 0.000);-500000,00;1;0,00;RGBA(0.862, 0.583, 0.749, 0.000);Rejected_BelowThreshold
14:47:06;736;RGBA(0.969, 0.619, 0.143, 0.000);-500000,00;1;0,00;RGBA(0.862, 0.583, 0.749, 0.000);Rejected_BelowThreshold
14:47:06;737;RGBA(0.969, 0.619, 0.143, 0.000);-500000,00;1;0,00;RGBA(0.862, 0.583, 0.749, 0.000);Rejected_BelowThreshold
14:47:06;738;RGBA(0.969, 0.619, 0.143, 0.000);-500000,00;1;0,00;RGBA(0.862, 0.583, 0.749, 0.000);Rejected_BelowThreshold
14:47:06;739;RGBA(0.969, 0.619, 0.143, 0.000);-500000,00;1;0,00;RGBA(0.862, 0.583, 0.749, 0.000);Rejected_BelowThreshold
14:47:06;740;RGBA(0.969, 0.619, 0.143, 0.000);-500000,00;1;0,00;RGBA(0.862, 0.583, 0.749, 0.000);Rejected_BelowThreshold
14:47:06;741;RGBA(0.969, 0.619, 0.143, 0.000);-500000,00;1;0,00;RGBA(0.862, 0.583, 0.749, 0.000);Rejected_BelowThreshold
14:47:06;742;RGBA(0.969, 0.619, 0.143, 0.000);-500000,00;1;0,00;RGBA(0.862, 0.583, 0.749, 0.000);Rejected_BelowThreshold
14:47:06;743;RGBA(0.969, 0.619, 0.143, 0.000);-500000,00;1;0,00;RGBA(0.862, 0.583, 0.749, 0.000);Rejected_BelowThreshold
14:47:06;744;RGBA(0.969, 0.619, 0.143, 0.000);-500000,00;1;0,00;RGBA(0.862, 0.583, 0.749, 0.000);Rejected_BelowThreshold
14:47:06;745;RGBA(0.969, 0.619, 0.143, 0.000);-500000,00;1;0,00;RGBA(0.862, 0.583, 0.749, 0.000);Rejected_BelowThreshold
14:47:06;746;RGBA(0.969, 0.619, 0.143, 0.000);-500000,00;1;0,00;RGBA(0.862, 0.583, 0.749, 0.000);Rejected_BelowThreshold
14:47:06;747;RGBA(0.969, 0.619, 0.143, 0.000);-500000,00;1;0,00;RGBA(0.862, 0.583, 0.749, 0.000);Rejected_BelowThreshold
14:47:06;748;RGBA(0.969, 0.619, 0.143, 0.000);-500000,00;1;0,00;RGBA(0.862, 0.583, 0.749, 0.000);Rejected_BelowThreshold
14:47:06;749;RGBA(0.969, 0.619, 0.143, 0.000);-500000,00;1;0,00;RGBA(0.862, 0.583, 0.749, 0.000);Rejected_BelowThreshold
14:47:06;750;RGBA(0.969, 0.619, 0.143, 0.000);-500000,00;1;0,00;RGBA(0.862, 0.583, 0.749, 0.000);Rejected_BelowThreshold
14:47:06;751;RGBA(0.969, 0.619, 0.143, 0.000);-500000,00;1;0,00;RGBA(0.862, 0.583, 0.749, 0.000);Rejected_BelowThreshold
14:47:06;752;RGBA(0.969, 0.619, 0.143, 0.000);-500000,00;1;0,00;RGBA(0.862, 0.583, 0.749, 0.000);Rejected_BelowThreshold
14:47:06;753;RGBA(0.969, 0.619, 0.143, 0.000);-500000,00;1;0,00;RGBA(0.862, 0.583, 0.749, 0.000);Rejected_BelowThreshold
14:47:06;754;RGBA(0.969, 0.619, 0.143, 0.000);-500000,00;1;0,00;RGBA(0.862, 0.583, 0.749, 0.000);Rejected_BelowThreshold
14:47:06;755;RGBA(0.969, 0.619, 0.143, 0.000);-500000,00;1;0,00;RGBA(0.862, 0.583, 0.749, 0.000);Rejected_BelowThreshold
14:47:06;756;RGBA(0.969, 0.619, 0.143, 0.000);-500000,00;1;0,00;RGBA(0.862, 0.583, 0.749, 0.000);Rejected_BelowThreshold
14:47:06;757;RGBA(0.969, 0.619, 0.143, 0.000);-500000,00;1;0,00;RGBA(0.862, 0.583, 0.749, 0.000);Rejected_BelowThreshold
14:47:06;758;RGBA(0.969, 0.619, 0.143, 0.000);-500000,00;1;0,00;RGBA(0.862, 0.583, 0.749, 0.000);Rejected_BelowThreshold
14:47:06;759;RGBA(0.969, 0.619, 0.143, 0.000);-500000,00;1;0,00;RGBA(0.862, 0.583, 0.749, 0.000);Rejected_BelowThreshold
14:47:06;760;RGBA(0.969, 0.619, 0.143, 0.000);-500000,00;1;0,00;RGBA(0.862, 0.583, 0.749, 0.000);Rejected_BelowThreshold
14:47:06;761;RGBA(0.969, 0.619, 0.143, 0.000);-500000,00;1;0,00;RGBA(0.862, 0.583, 0.749, 0.000);Rejected_BelowThreshold
14:47:06;762;RGBA(0.969, 0.619, 0.143, 0.000);-500000,00;1;0,00;RGBA(0.862, 0.583, 0.749, 0.000);Rejected_BelowThreshold
14:47:06;763;RGBA(0.969, 0.619, 0.143, 0.000);-500000,00;1;0,00;RGBA(0.862, 0.583, 0.749, 0.000);Rejected_BelowThreshold
14:47:06;764;RGBA(0.969, 0.619, 0.143, 0.000);-500000,00;1;0,00;RGBA(0.862, 0.583, 0.749, 0.000);Rejected_BelowThreshold
14:47:06;765;RGBA(0.969, 0.619, 0.143, 0.000);-500000,00;1;0,00;RGBA(0.862, 0.583, 0.749, 0.000);Rejected_BelowThreshold
14:47:06;766;RGBA(0.969, 0.619, 0.143, 0.000);-500000,00;1;0,00;RGBA(0.862, 0.583, 0.749, 0.000);Rejected_BelowThreshold
14:47:06;767;RGBA(0.969, 0.619, 0.143, 0.000);-500000,00;1;0,00;RGBA(0.862, 0.583, 0.749, 0.000);Rejected_BelowThreshold
14:47:06;768;RGBA(0.969, 0.619, 0.143, 0.000);-500000,00;1;0,00;RGBA(0.862, 0.583, 0.749, 0.000);Rejected_BelowThreshold
14:47:06;769;RGBA(0.969, 0.619, 0.143, 0.000);-500000,00;1;0,00;RGBA(0.862, 0.583, 0.749, 0.000);Rejected_BelowThreshold
14:47:06;770;RGBA(0.969, 0.619, 0.143, 0.000);-500000,00;1;0,00;RGBA(0.862, 0.583, 0.749, 0.000);Rejected_BelowThreshold
14:47:06;771;RGBA(0.969, 0.619, 0.143, 0.000);-500000,00;1;0,00;RGBA(0.862, 0.583, 0.749, 0.000);Rejected_BelowThreshold
14:47:06;772;RGBA(0.969, 0.619, 0.143, 0.000);-500000,00;1;0,00;RGBA(0.862, 0.583, 0.749, 0.000);Rejected_BelowThreshold
14:47:06;773;RGBA(0.969, 0.619, 0.143, 0.000);-500000,00;1;0,00;RGBA(0.862, 0.583, 0.749, 0.000);Rejected_BelowThreshold
14:47:06;774;RGBA(0.969, 0.619, 0.143, 0.000);-500000,00;1;0,00;RGBA(0.862, 0.583, 0.749, 0.000);Rejected_BelowThreshold
14:47:06;775;RGBA(0.969, 0.619, 0.143, 0.000);-500000,00;1;0,00;RGBA(0.862, 0.583, 0.749, 0.000);Rejected_BelowThreshold
14:47:06;776;RGBA(0.969, 0.619, 0.143, 0.000);-500000,00;1;0,00;RGBA(0.862, 0.583, 0.749, 0.000);Rejected_BelowThreshold
14:47:07;777;RGBA(0.969, 0.619, 0.143, 0.000);-500000,00;1;0,00;RGBA(0.862, 0.583, 0.749, 0.000);Rejected_BelowThreshold
14:47:07;778;RGBA(0.969, 0.619, 0.143, 0.000);-500000,00;1;0,00;RGBA(0.862, 0.583, 0.749, 0.000);Rejected_BelowThreshold
14:47:07;779;RGBA(0.969, 0.619, 0.143, 0.000);-500000,00;1;0,00;RGBA(0.862, 0.583, 0.749, 0.000);Rejected_BelowThreshold
14:47:07;780;RGBA(0.969, 0.619, 0.143, 0.000);-500000,00;1;0,00;RGBA(0.862, 0.583, 0.749, 0.000);Rejected_BelowThreshold
14:47:07;781;RGBA(0.969, 0.619, 0.143, 0.000);-500000,00;1;0,00;RGBA(0.862, 0.583, 0.749, 0.000);Rejected_BelowThreshold
14:47:07;782;RGBA(0.969, 0.619, 0.143, 0.000);-500000,00;1;0,00;RGBA(0.862, 0.583, 0.749, 0.000);Rejected_BelowThreshold
14:47:07;783;RGBA(0.969, 0.619, 0.143, 0.000);-500000,00;1;0,00;RGBA(0.862, 0.583, 0.749, 0.000);Rejected_BelowThreshold
14:47:07;784;RGBA(0.969, 0.619, 0.143, 0.000);-500000,00;1;0,00;RGBA(0.862, 0.583, 0.749, 0.000);Rejected_BelowThreshold
14:47:07;785;RGBA(0.969, 0.619, 0.143, 0.000);-500000,00;1;0,00;RGBA(0.862, 0.583, 0.749, 0.000);Rejected_BelowThreshold
14:47:07;786;RGBA(0.969, 0.619, 0.143, 0.000);-500000,00;1;0,00;RGBA(0.862, 0.583, 0.749, 0.000);Rejected_BelowThreshold
14:47:07;787;RGBA(0.969, 0.619, 0.143, 0.000);-500000,00;1;0,00;RGBA(0.862, 0.583, 0.749, 0.000);Rejected_BelowThreshold
14:47:07;788;RGBA(0.969, 0.619, 0.143, 0.000);-500000,00;1;0,00;RGBA(0.862, 0.583, 0.749, 0.000);Rejected_BelowThreshold
14:47:07;789;RGBA(0.969, 0.619, 0.143, 0.000);-500000,00;1;0,00;RGBA(0.862, 0.583, 0.749, 0.000);Rejected_BelowThreshold
14:47:07;790;RGBA(0.969, 0.619, 0.143, 0.000);-500000,00;1;0,00;RGBA(0.862, 0.583, 0.749, 0.000);Rejected_BelowThreshold
14:47:07;791;RGBA(0.969, 0.619, 0.143, 0.000);-500000,00;1;0,00;RGBA(0.862, 0.583, 0.749, 0.000);Rejected_BelowThreshold
14:47:07;792;RGBA(0.969, 0.619, 0.143, 0.000);-500000,00;1;0,00;RGBA(0.862, 0.583, 0.749, 0.000);Rejected_BelowThreshold
14:47:07;793;RGBA(0.969, 0.619, 0.143, 0.000);-500000,00;1;0,00;RGBA(0.862, 0.583, 0.749, 0.000);Rejected_BelowThreshold
14:47:07;794;RGBA(0.969, 0.619, 0.143, 0.000);-500000,00;1;0,00;RGBA(0.862, 0.583, 0.749, 0.000);Rejected_BelowThreshold
14:47:07;795;RGBA(0.969, 0.619, 0.143, 0.000);-500000,00;1;0,00;RGBA(0.862, 0.583, 0.749, 0.000);Rejected_BelowThreshold
14:47:07;796;RGBA(0.969, 0.619, 0.143, 0.000);-500000,00;1;0,00;RGBA(0.862, 0.583, 0.749, 0.000);Rejected_BelowThreshold
14:47:07;797;RGBA(0.969, 0.619, 0.143, 0.000);-500000,00;1;0,00;RGBA(0.862, 0.583, 0.749, 0.000);Rejected_BelowThreshold
14:47:07;798;RGBA(0.969, 0.619, 0.143, 0.000);-500000,00;1;0,00;RGBA(0.862, 0.583, 0.749, 0.000);Rejected_BelowThreshold
14:47:07;799;RGBA(0.969, 0.619, 0.143, 0.000);-500000,00;1;0,00;RGBA(0.862, 0.583, 0.749, 0.000);Rejected_BelowThreshold
14:47:07;800;RGBA(0.969, 0.619, 0.143, 0.000);-500000,00;1;0,00;RGBA(0.862, 0.583, 0.749, 0.000);Rejected_BelowThreshold
14:47:07;801;RGBA(0.969, 0.619, 0.143, 0.000);-500000,00;1;0,00;RGBA(0.862, 0.583, 0.749, 0.000);Rejected_BelowThreshold
14:47:07;802;RGBA(0.969, 0.619, 0.143, 0.000);-500000,00;1;0,00;RGBA(0.862, 0.583, 0.749, 0.000);Rejected_BelowThreshold
14:47:07;803;RGBA(0.969, 0.619, 0.143, 0.000);-500000,00;1;0,00;RGBA(0.862, 0.583, 0.749, 0.000);Rejected_BelowThreshold
14:47:07;804;RGBA(0.969, 0.619, 0.143, 0.000);-500000,00;1;0,00;RGBA(0.862, 0.583, 0.749, 0.000);Rejected_BelowThreshold
14:47:07;805;RGBA(0.969, 0.619, 0.143, 0.000);-500000,00;1;0,00;RGBA(0.862, 0.583, 0.749, 0.000);Rejected_BelowThreshold
14:47:07;806;RGBA(0.969, 0.619, 0.143, 0.000);-500000,00;1;0,00;RGBA(0.862, 0.583, 0.749, 0.000);Rejected_BelowThreshold
14:47:07;807;RGBA(0.969, 0.619, 0.143, 0.000);-500000,00;1;0,00;RGBA(0.862, 0.583, 0.749, 0.000);Rejected_BelowThreshold
14:47:07;808;RGBA(0.969, 0.619, 0.143, 0.000);-500000,00;1;0,00;RGBA(0.862, 0.583, 0.749, 0.000);Rejected_BelowThreshold
14:47:07;809;RGBA(0.969, 0.619, 0.143, 0.000);-500000,00;1;0,00;RGBA(0.862, 0.583, 0.749, 0.000);Rejected_BelowThreshold
14:47:07;810;RGBA(0.969, 0.619, 0.143, 0.000);-500000,00;1;0,00;RGBA(0.862, 0.583, 0.749, 0.000);Rejected_BelowThreshold
14:47:07;811;RGBA(0.969, 0.619, 0.143, 0.000);-500000,00;1;0,00;RGBA(0.862, 0.583, 0.749, 0.000);Rejected_BelowThreshold
14:47:07;812;RGBA(0.969, 0.619, 0.143, 0.000);-500000,00;1;0,00;RGBA(0.862, 0.583, 0.749, 0.000);Rejected_BelowThreshold
14:47:07;813;RGBA(0.969, 0.619, 0.143, 0.000);-500000,00;1;0,00;RGBA(0.862, 0.583, 0.749, 0.000);Rejected_BelowThreshold
14:47:07;814;RGBA(0.969, 0.619, 0.143, 0.000);-500000,00;1;0,00;RGBA(0.862, 0.583, 0.749, 0.000);Rejected_BelowThreshold
14:47:07;815;RGBA(0.969, 0.619, 0.143, 0.000);-500000,00;1;0,00;RGBA(0.862, 0.583, 0.749, 0.000);Rejected_BelowThreshold
14:47:07;816;RGBA(0.969, 0.619, 0.143, 0.000);-500000,00;1;0,00;RGBA(0.862, 0.583, 0.749, 0.000);Rejected_BelowThreshold
14:47:07;817;RGBA(0.969, 0.619, 0.143, 0.000);-500000,00;1;0,00;RGBA(0.862, 0.583, 0.749, 0.000);Rejected_BelowThreshold
14:47:07;818;RGBA(0.969, 0.619, 0.143, 0.000);-500000,00;1;0,00;RGBA(0.862, 0.583, 0.749, 0.000);Rejected_BelowThreshold
14:47:07;819;RGBA(0.969, 0.619, 0.143, 0.000);-500000,00;1;0,00;RGBA(0.862, 0.583, 0.749, 0.000);Rejected_BelowThreshold
14:47:07;820;RGBA(0.969, 0.619, 0.143, 0.000);-500000,00;1;0,00;RGBA(0.862, 0.583, 0.749, 0.000);Rejected_BelowThreshold
14:47:07;821;RGBA(0.969, 0.619, 0.143, 0.000);-500000,00;1;0,00;RGBA(0.862, 0.583, 0.749, 0.000);Rejected_BelowThreshold
14:47:07;822;RGBA(0.969, 0.619, 0.143, 0.000);-500000,00;1;0,00;RGBA(0.862, 0.583, 0.749, 0.000);Rejected_BelowThreshold
14:47:07;823;RGBA(0.969, 0.619, 0.143, 0.000);-500000,00;1;0,00;RGBA(0.862, 0.583, 0.749, 0.000);Rejected_BelowThreshold
14:47:07;824;RGBA(0.969, 0.619, 0.143, 0.000);-500000,00;1;0,00;RGBA(0.862, 0.583, 0.749, 0.000);Rejected_BelowThreshold
14:47:07;825;RGBA(0.969, 0.619, 0.143, 0.000);-500000,00;1;0,00;RGBA(0.862, 0.583, 0.749, 0.000);Rejected_BelowThreshold
14:47:07;826;RGBA(0.969, 0.619, 0.143, 0.000);-500000,00;1;0,00;RGBA(0.862, 0.583, 0.749, 0.000);Rejected_BelowThreshold
14:47:07;827;RGBA(0.969, 0.619, 0.143, 0.000);-500000,00;1;0,00;RGBA(0.862, 0.583, 0.749, 0.000);Rejected_BelowThreshold
14:47:07;828;RGBA(0.969, 0.619, 0.143, 0.000);-500000,00;1;0,00;RGBA(0.862, 0.583, 0.749, 0.000);Rejected_BelowThreshold
14:47:07;829;RGBA(0.969, 0.619, 0.143, 0.000);-500000,00;1;0,00;RGBA(0.862, 0.583, 0.749, 0.000);Rejected_BelowThreshold
14:47:07;830;RGBA(0.969, 0.619, 0.143, 0.000);-500000,00;1;0,00;RGBA(0.862, 0.583, 0.749, 0.000);Rejected_BelowThreshold
14:47:07;831;RGBA(0.969, 0.619, 0.143, 0.000);-500000,00;1;0,00;RGBA(0.862, 0.583, 0.749, 0.000);Rejected_BelowThreshold
14:47:07;832;RGBA(0.969, 0.619, 0.143, 0.000);-500000,00;1;0,00;RGBA(0.862, 0.583, 0.749, 0.000);Rejected_BelowThreshold
14:47:07;833;RGBA(0.969, 0.619, 0.143, 0.000);-500000,00;1;0,00;RGBA(0.862, 0.583, 0.749, 0.000);Rejected_BelowThreshold
14:47:07;834;RGBA(0.969, 0.619, 0.143, 0.000);-500000,00;1;0,00;RGBA(0.862, 0.583, 0.749, 0.000);Rejected_BelowThreshold
14:47:07;835;RGBA(0.969, 0.619, 0.143, 0.000);-500000,00;1;0,00;RGBA(0.862, 0.583, 0.749, 0.000);Rejected_BelowThreshold
14:47:07;836;RGBA(0.969, 0.619, 0.143, 0.000);-500000,00;1;0,00;RGBA(0.862, 0.583, 0.749, 0.000);Rejected_BelowThreshold
14:47:07;837;RGBA(0.969, 0.619, 0.143, 0.000);-500000,00;1;0,00;RGBA(0.862, 0.583, 0.749, 0.000);Rejected_BelowThreshold
14:47:07;838;RGBA(0.969, 0.619, 0.143, 0.000);-500000,00;1;0,00;RGBA(0.862, 0.583, 0.749, 0.000);Rejected_BelowThreshold
14:47:07;839;RGBA(0.969, 0.619, 0.143, 0.000);-500000,00;1;0,00;RGBA(0.862, 0.583, 0.749, 0.000);Rejected_BelowThreshold
14:47:07;840;RGBA(0.969, 0.619, 0.143, 0.000);-500000,00;1;0,00;RGBA(0.862, 0.583, 0.749, 0.000);Rejected_BelowThreshold
14:47:07;841;RGBA(0.969, 0.619, 0.143, 0.000);-500000,00;1;0,00;RGBA(0.862, 0.583, 0.749, 0.000);Rejected_BelowThreshold
14:47:07;842;RGBA(0.969, 0.619, 0.143, 0.000);-500000,00;1;0,00;RGBA(0.862, 0.583, 0.749, 0.000);Rejected_BelowThreshold
14:47:07;843;RGBA(0.969, 0.619, 0.143, 0.000);-500000,00;1;0,00;RGBA(0.862, 0.583, 0.749, 0.000);Rejected_BelowThreshold
14:47:07;844;RGBA(0.969, 0.619, 0.143, 0.000);-500000,00;1;0,00;RGBA(0.862, 0.583, 0.749, 0.000);Rejected_BelowThreshold
14:47:07;845;RGBA(0.969, 0.619, 0.143, 0.000);-500000,00;1;0,00;RGBA(0.862, 0.583, 0.749, 0.000);Rejected_BelowThreshold
14:47:07;846;RGBA(0.969, 0.619, 0.143, 0.000);-500000,00;1;0,00;RGBA(0.862, 0.583, 0.749, 0.000);Rejected_BelowThreshold
14:47:07;847;RGBA(0.969, 0.619, 0.143, 0.000);-500000,00;1;0,00;RGBA(0.862, 0.583, 0.749, 0.000);Rejected_BelowThreshold
14:47:07;848;RGBA(0.969, 0.619, 0.143, 0.000);-500000,00;1;0,00;RGBA(0.862, 0.583, 0.749, 0.000);Rejected_BelowThreshold
14:47:07;849;RGBA(0.969, 0.619, 0.143, 0.000);-500000,00;1;0,00;RGBA(0.862, 0.583, 0.749, 0.000);Rejected_BelowThreshold
14:47:07;850;RGBA(0.969, 0.619, 0.143, 0.000);-500000,00;1;0,00;RGBA(0.862, 0.583, 0.749, 0.000);Rejected_BelowThreshold
14:47:07;851;RGBA(0.969, 0.619, 0.143, 0.000);-500000,00;1;0,00;RGBA(0.862, 0.583, 0.749, 0.000);Rejected_BelowThreshold
14:47:07;852;RGBA(0.969, 0.619, 0.143, 0.000);-500000,00;1;0,00;RGBA(0.862, 0.583, 0.749, 0.000);Rejected_BelowThreshold
14:47:07;853;RGBA(0.969, 0.619, 0.143, 0.000);-500000,00;1;0,00;RGBA(0.862, 0.583, 0.749, 0.000);Rejected_BelowThreshold
14:47:07;854;RGBA(0.969, 0.619, 0.143, 0.000);-500000,00;1;0,00;RGBA(0.862, 0.583, 0.749, 0.000);Rejected_BelowThreshold
14:47:07;855;RGBA(0.969, 0.619, 0.143, 0.000);-500000,00;1;0,00;RGBA(0.862, 0.583, 0.749, 0.000);Rejected_BelowThreshold
14:47:07;856;RGBA(0.969, 0.619, 0.143, 0.000);-500000,00;1;0,00;RGBA(0.862, 0.583, 0.749, 0.000);Rejected_BelowThreshold
14:47:08;857;RGBA(0.969, 0.619, 0.143, 0.000);-500000,00;1;0,00;RGBA(0.862, 0.583, 0.749, 0.000);Rejected_BelowThreshold
14:47:08;858;RGBA(0.969, 0.619, 0.143, 0.000);-500000,00;1;0,00;RGBA(0.862, 0.583, 0.749, 0.000);Rejected_BelowThreshold
14:47:08;859;RGBA(0.969, 0.619, 0.143, 0.000);-500000,00;1;0,00;RGBA(0.862, 0.583, 0.749, 0.000);Rejected_BelowThreshold
14:47:08;860;RGBA(0.969, 0.619, 0.143, 0.000);-500000,00;1;0,00;RGBA(0.862, 0.583, 0.749, 0.000);Rejected_BelowThreshold
14:47:08;861;RGBA(0.969, 0.619, 0.143, 0.000);-500000,00;1;0,00;RGBA(0.862, 0.583, 0.749, 0.000);Rejected_BelowThreshold
14:47:08;862;RGBA(0.969, 0.619, 0.143, 0.000);-500000,00;1;0,00;RGBA(0.862, 0.583, 0.749, 0.000);Rejected_BelowThreshold
14:47:08;863;RGBA(0.969, 0.619, 0.143, 0.000);-500000,00;1;0,00;RGBA(0.862, 0.583, 0.749, 0.000);Rejected_BelowThreshold
14:47:08;864;RGBA(0.969, 0.619, 0.143, 0.000);-500000,00;1;0,00;RGBA(0.862, 0.583, 0.749, 0.000);Rejected_BelowThreshold
14:47:08;865;RGBA(0.969, 0.619, 0.143, 0.000);-500000,00;1;0,00;RGBA(0.862, 0.583, 0.749, 0.000);Rejected_BelowThreshold
14:47:08;866;RGBA(0.969, 0.619, 0.143, 0.000);-500000,00;1;0,00;RGBA(0.862, 0.583, 0.749, 0.000);Rejected_BelowThreshold
14:47:08;867;RGBA(0.969, 0.619, 0.143, 0.000);-500000,00;1;0,00;RGBA(0.862, 0.583, 0.749, 0.000);Rejected_BelowThreshold
14:47:08;868;RGBA(0.969, 0.619, 0.143, 0.000);-500000,00;1;0,00;RGBA(0.862, 0.583, 0.749, 0.000);Rejected_BelowThreshold
14:47:08;869;RGBA(0.969, 0.619, 0.143, 0.000);-500000,00;1;0,00;RGBA(0.862, 0.583, 0.749, 0.000);Rejected_BelowThreshold
14:47:08;870;RGBA(0.969, 0.619, 0.143, 0.000);-500000,00;1;0,00;RGBA(0.862, 0.583, 0.749, 0.000);Rejected_BelowThreshold
14:47:08;871;RGBA(0.969, 0.619, 0.143, 0.000);-500000,00;1;0,00;RGBA(0.862, 0.583, 0.749, 0.000);Rejected_BelowThreshold
14:47:08;872;RGBA(0.969, 0.619, 0.143, 0.000);-500000,00;1;0,00;RGBA(0.862, 0.583, 0.749, 0.000);Rejected_BelowThreshold
14:47:08;873;RGBA(0.969, 0.619, 0.143, 0.000);-500000,00;1;0,00;RGBA(0.862, 0.583, 0.749, 0.000);Rejected_BelowThreshold
14:47:08;874;RGBA(0.969, 0.619, 0.143, 0.000);-500000,00;1;0,00;RGBA(0.862, 0.583, 0.749, 0.000);Rejected_BelowThreshold
14:47:08;875;RGBA(0.969, 0.619, 0.143, 0.000);-500000,00;1;0,00;RGBA(0.862, 0.583, 0.749, 0.000);Rejected_BelowThreshold
14:47:08;876;RGBA(0.969, 0.619, 0.143, 0.000);-500000,00;1;0,00;RGBA(0.862, 0.583, 0.749, 0.000);Rejected_BelowThreshold
14:47:08;877;RGBA(0.969, 0.619, 0.143, 0.000);-500000,00;1;0,00;RGBA(0.862, 0.583, 0.749, 0.000);Rejected_BelowThreshold
14:47:08;878;RGBA(0.969, 0.619, 0.143, 0.000);-500000,00;1;0,00;RGBA(0.862, 0.583, 0.749, 0.000);Rejected_BelowThreshold
14:47:08;879;RGBA(0.969, 0.619, 0.143, 0.000);-500000,00;1;0,00;RGBA(0.862, 0.583, 0.749, 0.000);Rejected_BelowThreshold
14:47:08;880;RGBA(0.969, 0.619, 0.143, 0.000);-500000,00;1;0,00;RGBA(0.862, 0.583, 0.749, 0.000);Rejected_BelowThreshold
14:47:08;881;RGBA(0.969, 0.619, 0.143, 0.000);-500000,00;1;0,00;RGBA(0.862, 0.583, 0.749, 0.000);Rejected_BelowThreshold
14:47:08;882;RGBA(0.969, 0.619, 0.143, 0.000);-500000,00;1;0,00;RGBA(0.862, 0.583, 0.749, 0.000);Rejected_BelowThreshold
14:47:08;883;RGBA(0.969, 0.619, 0.143, 0.000);-500000,00;1;0,00;RGBA(0.862, 0.583, 0.749, 0.000);Rejected_BelowThreshold
14:47:08;884;RGBA(0.969, 0.619, 0.143, 0.000);-500000,00;1;0,00;RGBA(0.862, 0.583, 0.749, 0.000);Rejected_BelowThreshold
14:47:08;885;RGBA(0.969, 0.619, 0.143, 0.000);-500000,00;1;0,00;RGBA(0.862, 0.583, 0.749, 0.000);Rejected_BelowThreshold
14:47:08;886;RGBA(0.969, 0.619, 0.143, 0.000);-500000,00;1;0,00;RGBA(0.862, 0.583, 0.749, 0.000);Rejected_BelowThreshold
14:47:08;887;RGBA(0.969, 0.619, 0.143, 0.000);-500000,00;1;0,00;RGBA(0.862, 0.583, 0.749, 0.000);Rejected_BelowThreshold
14:47:08;888;RGBA(0.969, 0.619, 0.143, 0.000);-500000,00;1;0,00;RGBA(0.862, 0.583, 0.749, 0.000);Rejected_BelowThreshold
14:47:08;889;RGBA(0.969, 0.619, 0.143, 0.000);-500000,00;1;0,00;RGBA(0.862, 0.583, 0.749, 0.000);Rejected_BelowThreshold
14:47:08;890;RGBA(0.969, 0.619, 0.143, 0.000);-500000,00;1;0,00;RGBA(0.862, 0.583, 0.749, 0.000);Rejected_BelowThreshold
14:47:08;891;RGBA(0.969, 0.619, 0.143, 0.000);-500000,00;1;0,00;RGBA(0.862, 0.583, 0.749, 0.000);Rejected_BelowThreshold
14:47:08;892;RGBA(0.969, 0.619, 0.143, 0.000);-500000,00;1;0,00;RGBA(0.862, 0.583, 0.749, 0.000);Rejected_BelowThreshold
14:47:08;893;RGBA(0.969, 0.619, 0.143, 0.000);-500000,00;1;0,00;RGBA(0.862, 0.583, 0.749, 0.000);Rejected_BelowThreshold
14:47:08;894;RGBA(0.969, 0.619, 0.143, 0.000);-500000,00;1;0,00;RGBA(0.862, 0.583, 0.749, 0.000);Rejected_BelowThreshold
14:47:08;895;RGBA(0.969, 0.619, 0.143, 0.000);-500000,00;1;0,00;RGBA(0.862, 0.583, 0.749, 0.000);Rejected_BelowThreshold
14:47:08;896;RGBA(0.969, 0.619, 0.143, 0.000);-500000,00;1;0,00;RGBA(0.862, 0.583, 0.749, 0.000);Rejected_BelowThreshold
14:47:08;897;RGBA(0.969, 0.619, 0.143, 0.000);-500000,00;1;0,00;RGBA(0.862, 0.583, 0.749, 0.000);Rejected_BelowThreshold
14:47:08;898;RGBA(0.969, 0.619, 0.143, 0.000);-500000,00;1;0,00;RGBA(0.862, 0.583, 0.749, 0.000);Rejected_BelowThreshold
14:47:08;899;RGBA(0.969, 0.619, 0.143, 0.000);-500000,00;1;0,00;RGBA(0.862, 0.583, 0.749, 0.000);Rejected_BelowThreshold
14:47:08;900;RGBA(0.969, 0.619, 0.143, 0.000);-500000,00;1;0,00;RGBA(0.862, 0.583, 0.749, 0.000);Rejected_BelowThreshold
14:47:08;901;RGBA(0.969, 0.619, 0.143, 0.000);-500000,00;1;0,00;RGBA(0.862, 0.583, 0.749, 0.000);Rejected_BelowThreshold
14:47:08;902;RGBA(0.969, 0.619, 0.143, 0.000);-500000,00;1;0,00;RGBA(0.862, 0.583, 0.749, 0.000);Rejected_BelowThreshold
14:47:08;903;RGBA(0.969, 0.619, 0.143, 0.000);-500000,00;1;0,00;RGBA(0.862, 0.583, 0.749, 0.000);Rejected_BelowThreshold
14:47:08;904;RGBA(0.969, 0.619, 0.143, 0.000);-500000,00;1;0,00;RGBA(0.862, 0.583, 0.749, 0.000);Rejected_BelowThreshold
14:47:08;905;RGBA(0.969, 0.619, 0.143, 0.000);-500000,00;1;0,00;RGBA(0.862, 0.583, 0.749, 0.000);Rejected_BelowThreshold
14:47:08;906;RGBA(0.969, 0.619, 0.143, 0.000);-500000,00;1;0,00;RGBA(0.862, 0.583, 0.749, 0.000);Rejected_BelowThreshold
14:47:08;907;RGBA(0.969, 0.619, 0.143, 0.000);-500000,00;1;0,00;RGBA(0.862, 0.583, 0.749, 0.000);Rejected_BelowThreshold
14:47:08;908;RGBA(0.969, 0.619, 0.143, 0.000);-500000,00;1;0,00;RGBA(0.862, 0.583, 0.749, 0.000);Rejected_BelowThreshold
14:47:08;909;RGBA(0.969, 0.619, 0.143, 0.000);-500000,00;1;0,00;RGBA(0.862, 0.583, 0.749, 0.000);Rejected_BelowThreshold
14:47:08;910;RGBA(0.969, 0.619, 0.143, 0.000);-500000,00;1;0,00;RGBA(0.862, 0.583, 0.749, 0.000);Rejected_BelowThreshold
14:47:08;911;RGBA(0.969, 0.619, 0.143, 0.000);-500000,00;1;0,00;RGBA(0.862, 0.583, 0.749, 0.000);Rejected_BelowThreshold
14:47:08;912;RGBA(0.969, 0.619, 0.143, 0.000);-500000,00;1;0,00;RGBA(0.862, 0.583, 0.749, 0.000);Rejected_BelowThreshold
14:47:08;913;RGBA(0.969, 0.619, 0.143, 0.000);-500000,00;1;0,00;RGBA(0.862, 0.583, 0.749, 0.000);Rejected_BelowThreshold
14:47:08;914;RGBA(0.969, 0.619, 0.143, 0.000);-500000,00;1;0,00;RGBA(0.862, 0.583, 0.749, 0.000);Rejected_BelowThreshold
14:47:08;915;RGBA(0.969, 0.619, 0.143, 0.000);-500000,00;1;0,00;RGBA(0.862, 0.583, 0.749, 0.000);Rejected_BelowThreshold
14:47:08;916;RGBA(0.969, 0.619, 0.143, 0.000);-500000,00;1;0,00;RGBA(0.862, 0.583, 0.749, 0.000);Rejected_BelowThreshold
14:47:08;917;RGBA(0.969, 0.619, 0.143, 0.000);-500000,00;1;0,00;RGBA(0.862, 0.583, 0.749, 0.000);Rejected_BelowThreshold
14:47:08;918;RGBA(0.969, 0.619, 0.143, 0.000);-500000,00;1;0,00;RGBA(0.862, 0.583, 0.749, 0.000);Rejected_BelowThreshold
14:47:08;919;RGBA(0.969, 0.619, 0.143, 0.000);-500000,00;1;0,00;RGBA(0.862, 0.583, 0.749, 0.000);Rejected_BelowThreshold
14:47:08;920;RGBA(0.969, 0.619, 0.143, 0.000);-500000,00;1;0,00;RGBA(0.862, 0.583, 0.749, 0.000);Rejected_BelowThreshold
14:47:08;921;RGBA(0.969, 0.619, 0.143, 0.000);-500000,00;1;0,00;RGBA(0.862, 0.583, 0.749, 0.000);Rejected_BelowThreshold
14:47:08;922;RGBA(0.969, 0.619, 0.143, 0.000);-500000,00;1;0,00;RGBA(0.862, 0.583, 0.749, 0.000);Rejected_BelowThreshold
14:47:08;923;RGBA(0.969, 0.619, 0.143, 0.000);-500000,00;1;0,00;RGBA(0.862, 0.583, 0.749, 0.000);Rejected_BelowThreshold
14:47:08;924;RGBA(0.969, 0.619, 0.143, 0.000);-500000,00;1;0,00;RGBA(0.862, 0.583, 0.749, 0.000);Rejected_BelowThreshold
14:47:08;925;RGBA(0.969, 0.619, 0.143, 0.000);-500000,00;1;0,00;RGBA(0.862, 0.583, 0.749, 0.000);Rejected_BelowThreshold
14:47:08;926;RGBA(0.969, 0.619, 0.143, 0.000);-500000,00;1;0,00;RGBA(0.862, 0.583, 0.749, 0.000);Rejected_BelowThreshold
14:47:08;927;RGBA(0.969, 0.619, 0.143, 0.000);-500000,00;1;0,00;RGBA(0.862, 0.583, 0.749, 0.000);Rejected_BelowThreshold
14:47:08;928;RGBA(0.969, 0.619, 0.143, 0.000);-500000,00;1;0,00;RGBA(0.862, 0.583, 0.749, 0.000);Rejected_BelowThreshold
14:47:08;929;RGBA(0.969, 0.619, 0.143, 0.000);-500000,00;1;0,00;RGBA(0.862, 0.583, 0.749, 0.000);Rejected_BelowThreshold
14:47:08;930;RGBA(0.969, 0.619, 0.143, 0.000);-500000,00;1;0,00;RGBA(0.862, 0.583, 0.749, 0.000);Rejected_BelowThreshold
14:47:08;931;RGBA(0.969, 0.619, 0.143, 0.000);-500000,00;1;0,00;RGBA(0.862, 0.583, 0.749, 0.000);Rejected_BelowThreshold
14:47:08;932;RGBA(0.969, 0.619, 0.143, 0.000);-500000,00;1;0,00;RGBA(0.862, 0.583, 0.749, 0.000);Rejected_BelowThreshold
14:47:08;933;RGBA(0.969, 0.619, 0.143, 0.000);-500000,00;1;0,00;RGBA(0.862, 0.583, 0.749, 0.000);Rejected_BelowThreshold
14:47:08;934;RGBA(0.969, 0.619, 0.143, 0.000);-500000,00;1;0,00;RGBA(0.862, 0.583, 0.749, 0.000);Rejected_BelowThreshold
14:47:08;935;RGBA(0.969, 0.619, 0.143, 0.000);-500000,00;1;0,00;RGBA(0.862, 0.583, 0.749, 0.000);Rejected_BelowThreshold
14:47:08;936;RGBA(0.969, 0.619, 0.143, 0.000);-500000,00;1;0,00;RGBA(0.862, 0.583, 0.749, 0.000);Rejected_BelowThreshold
14:47:09;937;RGBA(0.969, 0.619, 0.143, 0.000);-500000,00;1;0,00;RGBA(0.862, 0.583, 0.749, 0.000);Rejected_BelowThreshold
14:47:09;938;RGBA(0.969, 0.619, 0.143, 0.000);-500000,00;1;0,00;RGBA(0.862, 0.583, 0.749, 0.000);Rejected_BelowThreshold
14:47:09;939;RGBA(0.969, 0.619, 0.143, 0.000);-500000,00;1;0,00;RGBA(0.862, 0.583, 0.749, 0.000);Rejected_BelowThreshold
14:47:09;940;RGBA(0.969, 0.619, 0.143, 0.000);-500000,00;1;0,00;RGBA(0.862, 0.583, 0.749, 0.000);Rejected_BelowThreshold
14:47:09;941;RGBA(0.969, 0.619, 0.143, 0.000);-500000,00;1;0,00;RGBA(0.862, 0.583, 0.749, 0.000);Rejected_BelowThreshold
14:47:09;942;RGBA(0.969, 0.619, 0.143, 0.000);-500000,00;1;0,00;RGBA(0.862, 0.583, 0.749, 0.000);Rejected_BelowThreshold
14:47:09;943;RGBA(0.969, 0.619, 0.143, 0.000);-500000,00;1;0,00;RGBA(0.862, 0.583, 0.749, 0.000);Rejected_BelowThreshold
14:47:09;944;RGBA(0.969, 0.619, 0.143, 0.000);-500000,00;1;0,00;RGBA(0.862, 0.583, 0.749, 0.000);Rejected_BelowThreshold
14:47:09;945;RGBA(0.969, 0.619, 0.143, 0.000);-500000,00;1;0,00;RGBA(0.862, 0.583, 0.749, 0.000);Rejected_BelowThreshold
14:47:09;946;RGBA(0.969, 0.619, 0.143, 0.000);-500000,00;1;0,00;RGBA(0.862, 0.583, 0.749, 0.000);Rejected_BelowThreshold
14:47:09;947;RGBA(0.969, 0.619, 0.143, 0.000);-500000,00;1;0,00;RGBA(0.862, 0.583, 0.749, 0.000);Rejected_BelowThreshold
14:47:09;948;RGBA(0.969, 0.619, 0.143, 0.000);-500000,00;1;0,00;RGBA(0.862, 0.583, 0.749, 0.000);Rejected_BelowThreshold
14:47:09;949;RGBA(0.969, 0.619, 0.143, 0.000);-500000,00;1;0,00;RGBA(0.862, 0.583, 0.749, 0.000);Rejected_BelowThreshold
14:47:09;950;RGBA(0.969, 0.619, 0.143, 0.000);-500000,00;1;0,00;RGBA(0.862, 0.583, 0.749, 0.000);Rejected_BelowThreshold
14:47:09;951;RGBA(0.969, 0.619, 0.143, 0.000);-500000,00;1;0,00;RGBA(0.862, 0.583, 0.749, 0.000);Rejected_BelowThreshold
14:47:09;952;RGBA(0.969, 0.619, 0.143, 0.000);-500000,00;1;0,00;RGBA(0.862, 0.583, 0.749, 0.000);Rejected_BelowThreshold
14:47:09;953;RGBA(0.969, 0.619, 0.143, 0.000);-500000,00;1;0,00;RGBA(0.862, 0.583, 0.749, 0.000);Rejected_BelowThreshold
14:47:09;954;RGBA(0.969, 0.619, 0.143, 0.000);-500000,00;1;0,00;RGBA(0.862, 0.583, 0.749, 0.000);Rejected_BelowThreshold
14:47:09;955;RGBA(0.969, 0.619, 0.143, 0.000);-500000,00;1;0,00;RGBA(0.862, 0.583, 0.749, 0.000);Rejected_BelowThreshold
14:47:09;956;RGBA(0.969, 0.619, 0.143, 0.000);-500000,00;1;0,00;RGBA(0.862, 0.583, 0.749, 0.000);Rejected_BelowThreshold
14:47:09;957;RGBA(0.969, 0.619, 0.143, 0.000);-500000,00;1;0,00;RGBA(0.862, 0.583, 0.749, 0.000);Rejected_BelowThreshold
14:47:09;958;RGBA(0.969, 0.619, 0.143, 0.000);-500000,00;1;0,00;RGBA(0.862, 0.583, 0.749, 0.000);Rejected_BelowThreshold
14:47:09;959;RGBA(0.969, 0.619, 0.143, 0.000);-500000,00;1;0,00;RGBA(0.862, 0.583, 0.749, 0.000);Rejected_BelowThreshold
14:47:09;960;RGBA(0.969, 0.619, 0.143, 0.000);-500000,00;1;0,00;RGBA(0.862, 0.583, 0.749, 0.000);Rejected_BelowThreshold
14:47:09;961;RGBA(0.969, 0.619, 0.143, 0.000);-500000,00;1;0,00;RGBA(0.862, 0.583, 0.749, 0.000);Rejected_BelowThreshold
14:47:09;962;RGBA(0.969, 0.619, 0.143, 0.000);-500000,00;1;0,00;RGBA(0.862, 0.583, 0.749, 0.000);Rejected_BelowThreshold
14:47:09;963;RGBA(0.969, 0.619, 0.143, 0.000);-500000,00;1;0,00;RGBA(0.862, 0.583, 0.749, 0.000);Rejected_BelowThreshold
14:47:09;964;RGBA(0.969, 0.619, 0.143, 0.000);-500000,00;1;0,00;RGBA(0.862, 0.583, 0.749, 0.000);Rejected_BelowThreshold
14:47:09;965;RGBA(0.969, 0.619, 0.143, 0.000);-500000,00;1;0,00;RGBA(0.862, 0.583, 0.749, 0.000);Rejected_BelowThreshold
14:47:09;966;RGBA(0.969, 0.619, 0.143, 0.000);-500000,00;1;0,00;RGBA(0.862, 0.583, 0.749, 0.000);Rejected_BelowThreshold
14:47:09;967;RGBA(0.969, 0.619, 0.143, 0.000);-500000,00;1;0,00;RGBA(0.862, 0.583, 0.749, 0.000);Rejected_BelowThreshold
14:47:09;968;RGBA(0.969, 0.619, 0.143, 0.000);-500000,00;1;0,00;RGBA(0.862, 0.583, 0.749, 0.000);Rejected_BelowThreshold
14:47:09;969;RGBA(0.969, 0.619, 0.143, 0.000);-500000,00;1;0,00;RGBA(0.862, 0.583, 0.749, 0.000);Rejected_BelowThreshold
14:47:09;970;RGBA(0.969, 0.619, 0.143, 0.000);-500000,00;1;0,00;RGBA(0.862, 0.583, 0.749, 0.000);Rejected_BelowThreshold
14:47:09;971;RGBA(0.969, 0.619, 0.143, 0.000);-500000,00;1;0,00;RGBA(0.862, 0.583, 0.749, 0.000);Rejected_BelowThreshold
14:47:09;972;RGBA(0.969, 0.619, 0.143, 0.000);-500000,00;1;0,00;RGBA(0.862, 0.583, 0.749, 0.000);Rejected_BelowThreshold
14:47:09;973;RGBA(0.969, 0.619, 0.143, 0.000);-500000,00;1;0,00;RGBA(0.862, 0.583, 0.749, 0.000);Rejected_BelowThreshold
14:47:09;974;RGBA(0.969, 0.619, 0.143, 0.000);-500000,00;1;0,00;RGBA(0.862, 0.583, 0.749, 0.000);Rejected_BelowThreshold
14:47:09;975;RGBA(0.969, 0.619, 0.143, 0.000);-500000,00;1;0,00;RGBA(0.862, 0.583, 0.749, 0.000);Rejected_BelowThreshold
14:47:09;976;RGBA(0.969, 0.619, 0.143, 0.000);-500000,00;1;0,00;RGBA(0.862, 0.583, 0.749, 0.000);Rejected_BelowThreshold
14:47:09;977;RGBA(0.969, 0.619, 0.143, 0.000);-500000,00;1;0,00;RGBA(0.862, 0.583, 0.749, 0.000);Rejected_BelowThreshold
14:47:09;978;RGBA(0.969, 0.619, 0.143, 0.000);-500000,00;1;0,00;RGBA(0.862, 0.583, 0.749, 0.000);Rejected_BelowThreshold
14:47:09;979;RGBA(0.969, 0.619, 0.143, 0.000);-500000,00;1;0,00;RGBA(0.862, 0.583, 0.749, 0.000);Rejected_BelowThreshold
14:47:09;980;RGBA(0.969, 0.619, 0.143, 0.000);-500000,00;1;0,00;RGBA(0.862, 0.583, 0.749, 0.000);Rejected_BelowThreshold
14:47:09;981;RGBA(0.969, 0.619, 0.143, 0.000);-500000,00;1;0,00;RGBA(0.862, 0.583, 0.749, 0.000);Rejected_BelowThreshold
14:47:09;982;RGBA(0.969, 0.619, 0.143, 0.000);-500000,00;1;0,00;RGBA(0.862, 0.583, 0.749, 0.000);Rejected_BelowThreshold
14:47:09;983;RGBA(0.969, 0.619, 0.143, 0.000);-500000,00;1;0,00;RGBA(0.862, 0.583, 0.749, 0.000);Rejected_BelowThreshold
14:47:09;984;RGBA(0.969, 0.619, 0.143, 0.000);-500000,00;1;0,00;RGBA(0.862, 0.583, 0.749, 0.000);Rejected_BelowThreshold
14:47:09;985;RGBA(0.969, 0.619, 0.143, 0.000);-500000,00;1;0,00;RGBA(0.862, 0.583, 0.749, 0.000);Rejected_BelowThreshold
14:47:09;986;RGBA(0.969, 0.619, 0.143, 0.000);-500000,00;1;0,00;RGBA(0.862, 0.583, 0.749, 0.000);Rejected_BelowThreshold
14:47:09;987;RGBA(0.969, 0.619, 0.143, 0.000);-500000,00;1;0,00;RGBA(0.862, 0.583, 0.749, 0.000);Rejected_BelowThreshold
14:47:09;988;RGBA(0.969, 0.619, 0.143, 0.000);-500000,00;1;0,00;RGBA(0.862, 0.583, 0.749, 0.000);Rejected_BelowThreshold
14:47:09;989;RGBA(0.969, 0.619, 0.143, 0.000);-500000,00;1;0,00;RGBA(0.862, 0.583, 0.749, 0.000);Rejected_BelowThreshold
14:47:09;990;RGBA(0.969, 0.619, 0.143, 0.000);-500000,00;1;0,00;RGBA(0.862, 0.583, 0.749, 0.000);Rejected_BelowThreshold
14:47:09;991;RGBA(0.969, 0.619, 0.143, 0.000);-500000,00;1;0,00;RGBA(0.862, 0.583, 0.749, 0.000);Rejected_BelowThreshold
14:47:09;992;RGBA(0.969, 0.619, 0.143, 0.000);-500000,00;1;0,00;RGBA(0.862, 0.583, 0.749, 0.000);Rejected_BelowThreshold
14:47:09;993;RGBA(0.969, 0.619, 0.143, 0.000);-500000,00;1;0,00;RGBA(0.862, 0.583, 0.749, 0.000);Rejected_BelowThreshold
14:47:09;994;RGBA(0.969, 0.619, 0.143, 0.000);-500000,00;1;0,00;RGBA(0.862, 0.583, 0.749, 0.000);Rejected_BelowThreshold
14:47:09;995;RGBA(0.969, 0.619, 0.143, 0.000);-500000,00;1;0,00;RGBA(0.862, 0.583, 0.749, 0.000);Rejected_BelowThreshold
14:47:09;996;RGBA(0.969, 0.619, 0.143, 0.000);-500000,00;1;0,00;RGBA(0.862, 0.583, 0.749, 0.000);Rejected_BelowThreshold
14:47:09;997;RGBA(0.969, 0.619, 0.143, 0.000);-500000,00;1;0,00;RGBA(0.862, 0.583, 0.749, 0.000);Rejected_BelowThreshold
14:47:09;998;RGBA(0.969, 0.619, 0.143, 0.000);-500000,00;1;0,00;RGBA(0.862, 0.583, 0.749, 0.000);Rejected_BelowThreshold
14:47:09;999;RGBA(0.969, 0.619, 0.143, 0.000);-500000,00;1;0,00;RGBA(0.862, 0.583, 0.749, 0.000);Rejected_BelowThreshold
14:47:09;1000;RGBA(0.969, 0.619, 0.143, 0.000);-500000,00;1;0,00;RGBA(0.862, 0.583, 0.749, 0.000);Rejected_BelowThreshold
14:47:09;1001;RGBA(0.969, 0.619, 0.143, 0.000);-500000,00;1;0,00;RGBA(0.862, 0.583, 0.749, 0.000);Rejected_BelowThreshold
14:47:09;1002;RGBA(0.969, 0.619, 0.143, 0.000);-500000,00;1;0,00;RGBA(0.862, 0.583, 0.749, 0.000);Rejected_BelowThreshold
14:47:09;1003;RGBA(0.969, 0.619, 0.143, 0.000);-500000,00;1;0,00;RGBA(0.862, 0.583, 0.749, 0.000);Rejected_BelowThreshold
14:47:09;1004;RGBA(0.969, 0.619, 0.143, 0.000);-500000,00;1;0,00;RGBA(0.862, 0.583, 0.749, 0.000);Rejected_BelowThreshold
14:47:09;1005;RGBA(0.969, 0.619, 0.143, 0.000);-500000,00;1;0,00;RGBA(0.862, 0.583, 0.749, 0.000);Rejected_BelowThreshold
14:47:09;1006;RGBA(0.969, 0.619, 0.143, 0.000);-500000,00;1;0,00;RGBA(0.862, 0.583, 0.749, 0.000);Rejected_BelowThreshold
14:47:09;1007;RGBA(0.969, 0.619, 0.143, 0.000);-500000,00;1;0,00;RGBA(0.862, 0.583, 0.749, 0.000);Rejected_BelowThreshold
14:47:09;1008;RGBA(0.969, 0.619, 0.143, 0.000);-500000,00;1;0,00;RGBA(0.862, 0.583, 0.749, 0.000);Rejected_BelowThreshold
14:47:09;1009;RGBA(0.969, 0.619, 0.143, 0.000);-500000,00;1;0,00;RGBA(0.862, 0.583, 0.749, 0.000);Rejected_BelowThreshold
14:47:09;1010;RGBA(0.969, 0.619, 0.143, 0.000);-500000,00;1;0,00;RGBA(0.862, 0.583, 0.749, 0.000);Rejected_BelowThreshold
14:47:09;1011;RGBA(0.969, 0.619, 0.143, 0.000);-500000,00;1;0,00;RGBA(0.862, 0.583, 0.749, 0.000);Rejected_BelowThreshold
14:47:09;1012;RGBA(0.969, 0.619, 0.143, 0.000);-500000,00;1;0,00;RGBA(0.862, 0.583, 0.749, 0.000);Rejected_BelowThreshold
14:47:09;1013;RGBA(0.969, 0.619, 0.143, 0.000);-500000,00;1;0,00;RGBA(0.862, 0.583, 0.749, 0.000);Rejected_BelowThreshold
14:47:09;1014;RGBA(0.969, 0.619, 0.143, 0.000);-500000,00;1;0,00;RGBA(0.862, 0.583, 0.749, 0.000);Rejected_BelowThreshold
14:47:10;1015;RGBA(0.969, 0.619, 0.143, 0.000);-500000,00;1;0,00;RGBA(0.862, 0.583, 0.749, 0.000);Rejected_BelowThreshold
14:47:10;1016;RGBA(0.969, 0.619, 0.143, 0.000);-500000,00;1;0,00;RGBA(0.862, 0.583, 0.749, 0.000);Rejected_BelowThreshold
14:47:10;1017;RGBA(0.969, 0.619, 0.143, 0.000);-500000,00;1;0,00;RGBA(0.862, 0.583, 0.749, 0.000);Rejected_BelowThreshold
14:47:10;1018;RGBA(0.969, 0.619, 0.143, 0.000);-500000,00;1;0,00;RGBA(0.862, 0.583, 0.749, 0.000);Rejected_BelowThreshold
14:47:10;1019;RGBA(0.969, 0.619, 0.143, 0.000);-500000,00;1;0,00;RGBA(0.862, 0.583, 0.749, 0.000);Rejected_BelowThreshold
14:47:10;1020;RGBA(0.969, 0.619, 0.143, 0.000);-500000,00;1;0,00;RGBA(0.862, 0.583, 0.749, 0.000);Rejected_BelowThreshold
14:47:10;1021;RGBA(0.969, 0.619, 0.143, 0.000);-500000,00;1;0,00;RGBA(0.862, 0.583, 0.749, 0.000);Rejected_BelowThreshold
14:47:10;1022;RGBA(0.969, 0.619, 0.143, 0.000);-500000,00;1;0,00;RGBA(0.862, 0.583, 0.749, 0.000);Rejected_BelowThreshold
14:47:10;1023;RGBA(0.969, 0.619, 0.143, 0.000);-500000,00;1;0,00;RGBA(0.862, 0.583, 0.749, 0.000);Rejected_BelowThreshold
14:47:10;1024;RGBA(0.969, 0.619, 0.143, 0.000);-500000,00;1;0,00;RGBA(0.862, 0.583, 0.749, 0.000);Rejected_BelowThreshold
14:47:10;1025;RGBA(0.969, 0.619, 0.143, 0.000);-500000,00;1;0,00;RGBA(0.862, 0.583, 0.749, 0.000);Rejected_BelowThreshold
14:47:10;1026;RGBA(0.969, 0.619, 0.143, 0.000);-500000,00;1;0,00;RGBA(0.862, 0.583, 0.749, 0.000);Rejected_BelowThreshold
14:47:10;1027;RGBA(0.969, 0.619, 0.143, 0.000);-500000,00;1;0,00;RGBA(0.862, 0.583, 0.749, 0.000);Rejected_BelowThreshold
14:47:10;1028;RGBA(0.969, 0.619, 0.143, 0.000);-500000,00;1;0,00;RGBA(0.862, 0.583, 0.749, 0.000);Rejected_BelowThreshold
14:47:10;1029;RGBA(0.969, 0.619, 0.143, 0.000);-500000,00;1;0,00;RGBA(0.862, 0.583, 0.749, 0.000);Rejected_BelowThreshold
14:47:10;1030;RGBA(0.969, 0.619, 0.143, 0.000);-500000,00;1;0,00;RGBA(0.862, 0.583, 0.749, 0.000);Rejected_BelowThreshold
14:47:10;1031;RGBA(0.969, 0.619, 0.143, 0.000);-500000,00;1;0,00;RGBA(0.862, 0.583, 0.749, 0.000);Rejected_BelowThreshold
14:47:10;1032;RGBA(0.969, 0.619, 0.143, 0.000);-500000,00;1;0,00;RGBA(0.862, 0.583, 0.749, 0.000);Rejected_BelowThreshold
14:47:10;1033;RGBA(0.969, 0.619, 0.143, 0.000);-500000,00;1;0,00;RGBA(0.862, 0.583, 0.749, 0.000);Rejected_BelowThreshold
14:47:10;1034;RGBA(0.969, 0.619, 0.143, 0.000);-500000,00;1;0,00;RGBA(0.862, 0.583, 0.749, 0.000);Rejected_BelowThreshold
14:47:10;1035;RGBA(0.969, 0.619, 0.143, 0.000);-500000,00;1;0,00;RGBA(0.862, 0.583, 0.749, 0.000);Rejected_BelowThreshold
14:47:10;1036;RGBA(0.969, 0.619, 0.143, 0.000);-500000,00;1;0,00;RGBA(0.862, 0.583, 0.749, 0.000);Rejected_BelowThreshold
14:47:10;1037;RGBA(0.969, 0.619, 0.143, 0.000);-500000,00;1;0,00;RGBA(0.862, 0.583, 0.749, 0.000);Rejected_BelowThreshold
14:47:10;1038;RGBA(0.969, 0.619, 0.143, 0.000);-500000,00;1;0,00;RGBA(0.862, 0.583, 0.749, 0.000);Rejected_BelowThreshold
14:47:10;1039;RGBA(0.969, 0.619, 0.143, 0.000);-500000,00;1;0,00;RGBA(0.862, 0.583, 0.749, 0.000);Rejected_BelowThreshold
14:47:10;1040;RGBA(0.969, 0.619, 0.143, 0.000);-500000,00;1;0,00;RGBA(0.862, 0.583, 0.749, 0.000);Rejected_BelowThreshold
14:47:10;1041;RGBA(0.969, 0.619, 0.143, 0.000);-500000,00;1;0,00;RGBA(0.862, 0.583, 0.749, 0.000);Rejected_BelowThreshold
14:47:10;1042;RGBA(0.969, 0.619, 0.143, 0.000);-500000,00;1;0,00;RGBA(0.862, 0.583, 0.749, 0.000);Rejected_BelowThreshold
14:47:10;1043;RGBA(0.969, 0.619, 0.143, 0.000);-500000,00;1;0,00;RGBA(0.862, 0.583, 0.749, 0.000);Rejected_BelowThreshold
14:47:10;1044;RGBA(0.969, 0.619, 0.143, 0.000);-500000,00;1;0,00;RGBA(0.862, 0.583, 0.749, 0.000);Rejected_BelowThreshold
14:47:10;1045;RGBA(0.969, 0.619, 0.143, 0.000);-500000,00;1;0,00;RGBA(0.862, 0.583, 0.749, 0.000);Rejected_BelowThreshold
14:47:10;1046;RGBA(0.969, 0.619, 0.143, 0.000);-500000,00;1;0,00;RGBA(0.862, 0.583, 0.749, 0.000);Rejected_BelowThreshold
14:47:10;1047;RGBA(0.969, 0.619, 0.143, 0.000);-500000,00;1;0,00;RGBA(0.862, 0.583, 0.749, 0.000);Rejected_BelowThreshold
14:47:10;1048;RGBA(0.969, 0.619, 0.143, 0.000);-500000,00;1;0,00;RGBA(0.862, 0.583, 0.749, 0.000);Rejected_BelowThreshold
14:47:10;1049;RGBA(0.969, 0.619, 0.143, 0.000);-500000,00;1;0,00;RGBA(0.862, 0.583, 0.749, 0.000);Rejected_BelowThreshold
14:47:10;1050;RGBA(0.969, 0.619, 0.143, 0.000);-500000,00;1;0,00;RGBA(0.862, 0.583, 0.749, 0.000);Rejected_BelowThreshold
14:47:10;1051;RGBA(0.969, 0.619, 0.143, 0.000);-500000,00;1;0,00;RGBA(0.862, 0.583, 0.749, 0.000);Rejected_BelowThreshold
14:47:10;1052;RGBA(0.969, 0.619, 0.143, 0.000);-500000,00;1;0,00;RGBA(0.862, 0.583, 0.749, 0.000);Rejected_BelowThreshold
14:47:10;1053;RGBA(0.969, 0.619, 0.143, 0.000);-500000,00;1;0,00;RGBA(0.862, 0.583, 0.749, 0.000);Rejected_BelowThreshold
14:47:10;1054;RGBA(0.969, 0.619, 0.143, 0.000);-500000,00;1;0,00;RGBA(0.862, 0.583, 0.749, 0.000);Rejected_BelowThreshold
14:47:10;1055;RGBA(0.969, 0.619, 0.143, 0.000);-500000,00;1;0,00;RGBA(0.862, 0.583, 0.749, 0.000);Rejected_BelowThreshold
14:47:10;1056;RGBA(0.969, 0.619, 0.143, 0.000);-500000,00;1;0,00;RGBA(0.862, 0.583, 0.749, 0.000);Rejected_BelowThreshold
14:47:10;1057;RGBA(0.969, 0.619, 0.143, 0.000);-500000,00;1;0,00;RGBA(0.862, 0.583, 0.749, 0.000);Rejected_BelowThreshold
14:47:10;1058;RGBA(0.969, 0.619, 0.143, 0.000);-500000,00;1;0,00;RGBA(0.862, 0.583, 0.749, 0.000);Rejected_BelowThreshold
14:47:10;1059;RGBA(0.969, 0.619, 0.143, 0.000);-500000,00;1;0,00;RGBA(0.862, 0.583, 0.749, 0.000);Rejected_BelowThreshold
14:47:10;1060;RGBA(0.969, 0.619, 0.143, 0.000);-500000,00;1;0,00;RGBA(0.862, 0.583, 0.749, 0.000);Rejected_BelowThreshold
14:47:10;1061;RGBA(0.969, 0.619, 0.143, 0.000);-500000,00;1;0,00;RGBA(0.862, 0.583, 0.749, 0.000);Rejected_BelowThreshold
14:47:10;1062;RGBA(0.969, 0.619, 0.143, 0.000);-500000,00;1;0,00;RGBA(0.862, 0.583, 0.749, 0.000);Rejected_BelowThreshold
14:47:10;1063;RGBA(0.969, 0.619, 0.143, 0.000);-500000,00;1;0,00;RGBA(0.862, 0.583, 0.749, 0.000);Rejected_BelowThreshold
14:47:10;1064;RGBA(0.969, 0.619, 0.143, 0.000);-500000,00;1;0,00;RGBA(0.862, 0.583, 0.749, 0.000);Rejected_BelowThreshold
14:47:10;1065;RGBA(0.969, 0.619, 0.143, 0.000);-500000,00;1;0,00;RGBA(0.862, 0.583, 0.749, 0.000);Rejected_BelowThreshold
14:47:10;1066;RGBA(0.969, 0.619, 0.143, 0.000);-500000,00;1;0,00;RGBA(0.862, 0.583, 0.749, 0.000);Rejected_BelowThreshold
14:47:10;1067;RGBA(0.969, 0.619, 0.143, 0.000);-500000,00;1;0,00;RGBA(0.862, 0.583, 0.749, 0.000);Rejected_BelowThreshold
14:47:10;1068;RGBA(0.969, 0.619, 0.143, 0.000);-500000,00;1;0,00;RGBA(0.862, 0.583, 0.749, 0.000);Rejected_BelowThreshold
14:47:10;1069;RGBA(0.969, 0.619, 0.143, 0.000);-500000,00;1;0,00;RGBA(0.862, 0.583, 0.749, 0.000);Rejected_BelowThreshold
14:47:10;1070;RGBA(0.969, 0.619, 0.143, 0.000);-500000,00;1;0,00;RGBA(0.862, 0.583, 0.749, 0.000);Rejected_BelowThreshold
14:47:10;1071;RGBA(0.969, 0.619, 0.143, 0.000);-500000,00;1;0,00;RGBA(0.862, 0.583, 0.749, 0.000);Rejected_BelowThreshold
14:47:10;1072;RGBA(0.969, 0.619, 0.143, 0.000);-500000,00;1;0,00;RGBA(0.862, 0.583, 0.749, 0.000);Rejected_BelowThreshold
14:47:10;1073;RGBA(0.969, 0.619, 0.143, 0.000);-500000,00;1;0,00;RGBA(0.862, 0.583, 0.749, 0.000);Rejected_BelowThreshold
14:47:10;1074;RGBA(0.969, 0.619, 0.143, 0.000);-500000,00;1;0,00;RGBA(0.862, 0.583, 0.749, 0.000);Rejected_BelowThreshold
14:47:10;1075;RGBA(0.969, 0.619, 0.143, 0.000);-500000,00;1;0,00;RGBA(0.862, 0.583, 0.749, 0.000);Rejected_BelowThreshold
14:47:10;1076;RGBA(0.969, 0.619, 0.143, 0.000);-500000,00;1;0,00;RGBA(0.862, 0.583, 0.749, 0.000);Rejected_BelowThreshold
14:47:10;1077;RGBA(0.969, 0.619, 0.143, 0.000);-500000,00;1;0,00;RGBA(0.862, 0.583, 0.749, 0.000);Rejected_BelowThreshold
14:47:10;1078;RGBA(0.969, 0.619, 0.143, 0.000);-500000,00;1;0,00;RGBA(0.862, 0.583, 0.749, 0.000);Rejected_BelowThreshold
14:47:10;1079;RGBA(0.969, 0.619, 0.143, 0.000);-500000,00;1;0,00;RGBA(0.862, 0.583, 0.749, 0.000);Rejected_BelowThreshold
14:47:10;1080;RGBA(0.969, 0.619, 0.143, 0.000);-500000,00;1;0,00;RGBA(0.862, 0.583, 0.749, 0.000);Rejected_BelowThreshold
14:47:10;1081;RGBA(0.969, 0.619, 0.143, 0.000);-500000,00;1;0,00;RGBA(0.862, 0.583, 0.749, 0.000);Rejected_BelowThreshold
14:47:10;1082;RGBA(0.969, 0.619, 0.143, 0.000);-500000,00;1;0,00;RGBA(0.862, 0.583, 0.749, 0.000);Rejected_BelowThreshold
14:47:10;1083;RGBA(0.969, 0.619, 0.143, 0.000);-500000,00;1;0,00;RGBA(0.862, 0.583, 0.749, 0.000);Rejected_BelowThreshold
14:47:10;1084;RGBA(0.969, 0.619, 0.143, 0.000);-500000,00;1;0,00;RGBA(0.862, 0.583, 0.749, 0.000);Rejected_BelowThreshold
14:47:10;1085;RGBA(0.969, 0.619, 0.143, 0.000);-500000,00;1;0,00;RGBA(0.862, 0.583, 0.749, 0.000);Rejected_BelowThreshold
14:47:10;1086;RGBA(0.969, 0.619, 0.143, 0.000);-500000,00;1;0,00;RGBA(0.862, 0.583, 0.749, 0.000);Rejected_BelowThreshold
14:47:10;1087;RGBA(0.969, 0.619, 0.143, 0.000);-500000,00;1;0,00;RGBA(0.862, 0.583, 0.749, 0.000);Rejected_BelowThreshold
14:47:10;1088;RGBA(0.969, 0.619, 0.143, 0.000);-500000,00;1;0,00;RGBA(0.862, 0.583, 0.749, 0.000);Rejected_BelowThreshold
14:47:10;1089;RGBA(0.969, 0.619, 0.143, 0.000);-500000,00;1;0,00;RGBA(0.862, 0.583, 0.749, 0.000);Rejected_BelowThreshold
14:47:10;1090;RGBA(0.969, 0.619, 0.143, 0.000);-500000,00;1;0,00;RGBA(0.862, 0.583, 0.749, 0.000);Rejected_BelowThreshold
14:47:10;1091;RGBA(0.969, 0.619, 0.143, 0.000);-500000,00;1;0,00;RGBA(0.862, 0.583, 0.749, 0.000);Rejected_BelowThreshold
14:47:10;1092;RGBA(0.969, 0.619, 0.143, 0.000);-500000,00;1;0,00;RGBA(0.862, 0.583, 0.749, 0.000);Rejected_BelowThreshold
14:47:10;1093;RGBA(0.969, 0.619, 0.143, 0.000);-500000,00;1;0,00;RGBA(0.862, 0.583, 0.749, 0.000);Rejected_BelowThreshold
14:47:10;1094;RGBA(0.969, 0.619, 0.143, 0.000);-500000,00;1;0,00;RGBA(0.862, 0.583, 0.749, 0.000);Rejected_BelowThreshold
14:47:11;1095;RGBA(0.969, 0.619, 0.143, 0.000);-500000,00;1;0,00;RGBA(0.862, 0.583, 0.749, 0.000);Rejected_BelowThreshold
14:47:11;1096;RGBA(0.969, 0.619, 0.143, 0.000);-500000,00;1;0,00;RGBA(0.862, 0.583, 0.749, 0.000);Rejected_BelowThreshold
14:47:11;1097;RGBA(0.969, 0.619, 0.143, 0.000);-500000,00;1;0,00;RGBA(0.862, 0.583, 0.749, 0.000);Rejected_BelowThreshold
14:47:11;1098;RGBA(0.969, 0.619, 0.143, 0.000);-500000,00;1;0,00;RGBA(0.862, 0.583, 0.749, 0.000);Rejected_BelowThreshold
14:47:11;1099;RGBA(0.969, 0.619, 0.143, 0.000);-500000,00;1;0,00;RGBA(0.862, 0.583, 0.749, 0.000);Rejected_BelowThreshold
14:47:11;1100;RGBA(0.969, 0.619, 0.143, 0.000);-500000,00;1;0,00;RGBA(0.862, 0.583, 0.749, 0.000);Rejected_BelowThreshold
14:47:11;1101;RGBA(0.969, 0.619, 0.143, 0.000);-500000,00;1;0,00;RGBA(0.862, 0.583, 0.749, 0.000);Rejected_BelowThreshold
14:47:11;1102;RGBA(0.969, 0.619, 0.143, 0.000);-500000,00;1;0,00;RGBA(0.862, 0.583, 0.749, 0.000);Rejected_BelowThreshold
14:47:11;1103;RGBA(0.969, 0.619, 0.143, 0.000);-500000,00;1;0,00;RGBA(0.862, 0.583, 0.749, 0.000);Rejected_BelowThreshold
14:47:11;1104;RGBA(0.969, 0.619, 0.143, 0.000);-500000,00;1;0,00;RGBA(0.862, 0.583, 0.749, 0.000);Rejected_BelowThreshold
14:47:11;1105;RGBA(0.969, 0.619, 0.143, 0.000);-500000,00;1;0,00;RGBA(0.862, 0.583, 0.749, 0.000);Rejected_BelowThreshold
14:47:11;1106;RGBA(0.969, 0.619, 0.143, 0.000);-500000,00;1;0,00;RGBA(0.862, 0.583, 0.749, 0.000);Rejected_BelowThreshold
14:47:11;1107;RGBA(0.969, 0.619, 0.143, 0.000);-500000,00;1;0,00;RGBA(0.862, 0.583, 0.749, 0.000);Rejected_BelowThreshold
14:47:11;1108;RGBA(0.969, 0.619, 0.143, 0.000);-500000,00;1;0,00;RGBA(0.862, 0.583, 0.749, 0.000);Rejected_BelowThreshold
14:47:11;1109;RGBA(0.969, 0.619, 0.143, 0.000);-500000,00;1;0,00;RGBA(0.862, 0.583, 0.749, 0.000);Rejected_BelowThreshold
14:47:11;1110;RGBA(0.969, 0.619, 0.143, 0.000);-500000,00;1;0,00;RGBA(0.862, 0.583, 0.749, 0.000);Rejected_BelowThreshold
14:47:11;1111;RGBA(0.969, 0.619, 0.143, 0.000);-500000,00;1;0,00;RGBA(0.862, 0.583, 0.749, 0.000);Rejected_BelowThreshold
14:47:11;1112;RGBA(0.969, 0.619, 0.143, 0.000);-500000,00;1;0,00;RGBA(0.862, 0.583, 0.749, 0.000);Rejected_BelowThreshold
