Timestamp;MoveID;SelectedColor;Score;FreeSlots;UnblockValue;TargetBus;Status
14:44:00;1;RGBA(0.055, 0.218, 0.753, 0.000);2000,00;5;0,00;RGBA(0.055, 0.218, 0.753, 0.000);Executed
14:44:01;2;RGBA(0.055, 0.218, 0.753, 0.000);2000,00;5;0,00;RGBA(0.055, 0.218, 0.753, 0.000);Executed
14:44:01;3;RGBA(0.055, 0.218, 0.753, 0.000);2000,00;5;0,00;RGBA(0.055, 0.218, 0.753, 0.000);Executed
14:44:02;4;RGBA(0.753, 0.055, 0.736, 0.000);2015,00;5;0,00;RGBA(0.753, 0.055, 0.736, 0.000);Executed
14:44:03;5;RGBA(0.753, 0.055, 0.736, 0.000);2015,00;5;0,00;RGBA(0.753, 0.055, 0.736, 0.000);Executed
14:44:04;6;RGBA(0.753, 0.055, 0.736, 0.000);2015,00;5;0,00;RGBA(0.753, 0.055, 0.736, 0.000);Executed
14:44:05;7;RGBA(0.755, 0.055, 0.055, 0.000);2000,00;5;0,00;RGBA(0.755, 0.055, 0.055, 0.000);Executed
14:44:05;8;RGBA(0.755, 0.055, 0.055, 0.000);2015,00;5;0,00;RGBA(0.755, 0.055, 0.055, 0.000);Executed
14:44:05;9;RGBA(0.755, 0.055, 0.055, 0.000);2030,00;5;0,00;RGBA(0.755, 0.055, 0.055, 0.000);Executed
14:44:06;10;RGBA(0.055, 0.218, 0.753, 0.000);2030,00;5;0,00;RGBA(0.055, 0.218, 0.753, 0.000);Executed
14:44:07;11;RGBA(0.055, 0.218, 0.753, 0.000);2015,00;5;0,00;RGBA(0.055, 0.218, 0.753, 0.000);Executed
14:44:07;12;RGBA(0.055, 0.218, 0.753, 0.000);2000,00;5;0,00;RGBA(0.055, 0.218, 0.753, 0.000);Executed
14:44:08;13;RGBA(0.753, 0.055, 0.736, 0.000);2000,00;5;0,00;RGBA(0.753, 0.055, 0.736, 0.000);Executed
14:44:08;14;RGBA(0.085, 0.753, 0.055, 0.000);515,00;5;0,00;RGBA(0.753, 0.055, 0.736, 0.000);Executed
14:44:09;15;RGBA(0.753, 0.055, 0.736, 0.000);2030,00;4;0,00;RGBA(0.753, 0.055, 0.736, 0.000);Executed
14:44:09;16;RGBA(0.753, 0.055, 0.736, 0.000);2015,00;4;0,00;RGBA(0.753, 0.055, 0.736, 0.000);Executed
14:44:10;17;RGBA(0.085, 0.753, 0.055, 0.000);2030,00;5;0,00;RGBA(0.085, 0.753, 0.055, 0.000);Executed
14:44:10;18;RGBA(0.085, 0.753, 0.055, 0.000);2000,00;5;0,00;RGBA(0.085, 0.753, 0.055, 0.000);Executed
14:44:11;19;RGBA(0.755, 0.055, 0.055, 0.000);2000,00;5;0,00;RGBA(0.755, 0.055, 0.055, 0.000);Executed
14:44:12;20;RGBA(0.755, 0.055, 0.055, 0.000);2015,00;5;0,00;RGBA(0.755, 0.055, 0.055, 0.000);Executed
14:44:12;21;RGBA(0.755, 0.055, 0.055, 0.000);2030,00;5;0,00;RGBA(0.755, 0.055, 0.055, 0.000);Executed
14:44:13;22;RGBA(0.753, 0.055, 0.736, 0.000);2000,00;5;0,00;RGBA(0.753, 0.055, 0.736, 0.000);Executed
14:44:13;23;RGBA(0.753, 0.055, 0.736, 0.000);2000,00;5;0,00;RGBA(0.753, 0.055, 0.736, 0.000);Executed
14:44:14;24;RGBA(0.753, 0.055, 0.736, 0.000);2015,00;5;0,00;RGBA(0.753, 0.055, 0.736, 0.000);Executed
14:44:15;25;RGBA(0.968, 1.000, 0.000, 0.000);2030,00;5;0,00;RGBA(0.968, 1.000, 0.000, 0.000);Executed
14:44:15;26;RGBA(0.968, 1.000, 0.000, 0.000);2030,00;5;0,00;RGBA(0.968, 1.000, 0.000, 0.000);Executed
14:44:15;27;RGBA(0.968, 1.000, 0.000, 0.000);2015,00;5;0,00;RGBA(0.968, 1.000, 0.000, 0.000);Executed
14:44:16;28;RGBA(0.085, 0.753, 0.055, 0.000);2000,00;5;0,00;RGBA(0.085, 0.753, 0.055, 0.000);Executed
14:44:17;29;RGBA(0.969, 0.619, 0.143, 0.000);500,00;5;0,00;RGBA(0.085, 0.753, 0.055, 0.000);Executed
14:44:17;30;RGBA(0.968, 1.000, 0.000, 0.000);-85,00;4;0,00;RGBA(0.085, 0.753, 0.055, 0.000);Executed
14:44:17;31;RGBA(0.969, 0.619, 0.143, 0.000);515,00;3;0,00;RGBA(0.085, 0.753, 0.055, 0.000);Executed
14:44:18;32;RGBA(0.085, 0.753, 0.055, 0.000);2015,00;2;0,00;RGBA(0.085, 0.753, 0.055, 0.000);Executed
14:44:18;33;RGBA(0.085, 0.753, 0.055, 0.000);2030,00;2;0,00;RGBA(0.085, 0.753, 0.055, 0.000);Executed
14:44:19;34;RGBA(0.969, 0.619, 0.143, 0.000);2030,00;4;0,00;RGBA(0.969, 0.619, 0.143, 0.000);Executed
14:44:20;35;RGBA(0.753, 0.055, 0.736, 0.000);2045,00;4;0,00;RGBA(0.753, 0.055, 0.736, 0.000);Executed
14:44:21;36;RGBA(0.753, 0.055, 0.736, 0.000);2000,00;4;0,00;RGBA(0.753, 0.055, 0.736, 0.000);Executed
14:44:21;37;RGBA(0.753, 0.055, 0.736, 0.000);2000,00;4;0,00;RGBA(0.753, 0.055, 0.736, 0.000);Executed
14:44:21;38;RGBA(0.753, 0.055, 0.736, 0.000);2000,00;4;0,00;RGBA(0.753, 0.055, 0.736, 0.000);Executed
14:44:22;39;RGBA(0.968, 1.000, 0.000, 0.000);2045,00;5;0,00;RGBA(0.968, 1.000, 0.000, 0.000);Executed
14:44:22;40;RGBA(0.968, 1.000, 0.000, 0.000);2015,00;5;0,00;RGBA(0.968, 1.000, 0.000, 0.000);Executed
14:44:24;41;RGBA(0.755, 0.055, 0.055, 0.000);2030,00;5;0,00;RGBA(0.755, 0.055, 0.055, 0.000);Executed
14:44:24;42;RGBA(0.755, 0.055, 0.055, 0.000);2000,00;5;0,00;RGBA(0.755, 0.055, 0.055, 0.000);Executed
14:44:24;43;RGBA(0.968, 1.000, 0.000, 0.000);545,00;5;0,00;RGBA(0.755, 0.055, 0.055, 0.000);Executed
14:44:24;44;RGBA(0.968, 1.000, 0.000, 0.000);530,00;4;0,00;RGBA(0.755, 0.055, 0.055, 0.000);Executed
14:44:25;45;RGBA(0.755, 0.055, 0.055, 0.000);2030,00;3;0,00;RGBA(0.755, 0.055, 0.055, 0.000);Executed
14:44:26;46;RGBA(0.968, 1.000, 0.000, 0.000);2015,00;5;0,00;RGBA(0.968, 1.000, 0.000, 0.000);Executed
14:44:27;47;RGBA(0.969, 0.619, 0.143, 0.000);2060,00;5;0,00;RGBA(0.969, 0.619, 0.143, 0.000);Executed
14:44:27;48;RGBA(0.969, 0.619, 0.143, 0.000);2045,00;5;0,00;RGBA(0.969, 0.619, 0.143, 0.000);Executed
14:44:28;49;RGBA(0.969, 0.619, 0.143, 0.000);2030,00;5;0,00;RGBA(0.969, 0.619, 0.143, 0.000);Executed
14:44:29;50;RGBA(0.000, 0.000, 0.000, 0.000);2045,00;5;0,00;RGBA(0.000, 0.000, 0.000, 0.000);Executed
14:44:29;51;RGBA(0.000, 0.000, 0.000, 0.000);2045,00;5;0,00;RGBA(0.000, 0.000, 0.000, 0.000);Executed
14:44:29;52;RGBA(0.000, 0.000, 0.000, 0.000);2015,00;5;0,00;RGBA(0.000, 0.000, 0.000, 0.000);Executed
14:44:30;53;RGBA(0.755, 0.055, 0.055, 0.000);2060,00;5;0,00;RGBA(0.755, 0.055, 0.055, 0.000);Executed
14:44:31;54;RGBA(0.055, 0.218, 0.753, 0.000);575,00;5;0,00;RGBA(0.755, 0.055, 0.055, 0.000);Executed
14:44:31;55;RGBA(0.055, 0.218, 0.753, 0.000);575,00;5;0,00;RGBA(0.755, 0.055, 0.055, 0.000);Executed
14:44:31;56;RGBA(0.055, 0.218, 0.753, 0.000);560,00;5;0,00;RGBA(0.755, 0.055, 0.055, 0.000);Executed
14:44:32;57;RGBA(0.055, 0.218, 0.753, 0.000);560,00;4;0,00;RGBA(0.755, 0.055, 0.055, 0.000);Executed
14:44:32;58;RGBA(0.755, 0.055, 0.055, 0.000);2060,00;4;0,00;RGBA(0.755, 0.055, 0.055, 0.000);Executed
14:44:32;59;RGBA(0.755, 0.055, 0.055, 0.000);2060,00;3;0,00;RGBA(0.755, 0.055, 0.055, 0.000);Executed
14:44:32;60;RGBA(0.055, 0.218, 0.753, 0.000);545,00;3;0,00;RGBA(0.755, 0.055, 0.055, 0.000);Executed
14:44:33;61;RGBA(0.055, 0.218, 0.753, 0.000);545,00;3;0,00;RGBA(0.755, 0.055, 0.055, 0.000);Executed
14:44:33;62;RGBA(0.969, 0.619, 0.143, 0.000);-925,00;2;0,00;RGBA(0.755, 0.055, 0.055, 0.000);Rejected_SafetyRisk
14:44:33;63;RGBA(0.969, 0.619, 0.143, 0.000);-925,00;2;0,00;RGBA(0.755, 0.055, 0.055, 0.000);Rejected_SafetyRisk
14:44:33;64;RGBA(0.969, 0.619, 0.143, 0.000);-925,00;2;0,00;RGBA(0.755, 0.055, 0.055, 0.000);Rejected_SafetyRisk
14:44:33;65;RGBA(0.969, 0.619, 0.143, 0.000);-925,00;2;0,00;RGBA(0.755, 0.055, 0.055, 0.000);Rejected_SafetyRisk
14:44:33;66;RGBA(0.969, 0.619, 0.143, 0.000);-925,00;2;0,00;RGBA(0.755, 0.055, 0.055, 0.000);Rejected_SafetyRisk
14:44:33;67;RGBA(0.969, 0.619, 0.143, 0.000);-925,00;2;0,00;RGBA(0.755, 0.055, 0.055, 0.000);Rejected_SafetyRisk
14:44:33;68;RGBA(0.969, 0.619, 0.143, 0.000);-925,00;2;0,00;RGBA(0.755, 0.055, 0.055, 0.000);Rejected_SafetyRisk
14:44:33;69;RGBA(0.969, 0.619, 0.143, 0.000);-925,00;2;0,00;RGBA(0.755, 0.055, 0.055, 0.000);Rejected_SafetyRisk
14:44:33;70;RGBA(0.969, 0.619, 0.143, 0.000);-925,00;2;0,00;RGBA(0.755, 0.055, 0.055, 0.000);Rejected_SafetyRisk
14:44:33;71;RGBA(0.969, 0.619, 0.143, 0.000);-925,00;2;0,00;RGBA(0.755, 0.055, 0.055, 0.000);Rejected_SafetyRisk
14:44:33;72;RGBA(0.969, 0.619, 0.143, 0.000);-925,00;2;0,00;RGBA(0.755, 0.055, 0.055, 0.000);Rejected_SafetyRisk
14:44:33;73;RGBA(0.969, 0.619, 0.143, 0.000);-925,00;2;0,00;RGBA(0.755, 0.055, 0.055, 0.000);Rejected_SafetyRisk
14:44:33;74;RGBA(0.969, 0.619, 0.143, 0.000);-925,00;2;0,00;RGBA(0.755, 0.055, 0.055, 0.000);Rejected_SafetyRisk
14:44:33;75;RGBA(0.969, 0.619, 0.143, 0.000);-925,00;2;0,00;RGBA(0.755, 0.055, 0.055, 0.000);Rejected_SafetyRisk
14:44:33;76;RGBA(0.969, 0.619, 0.143, 0.000);-925,00;2;0,00;RGBA(0.755, 0.055, 0.055, 0.000);Rejected_SafetyRisk
14:44:33;77;RGBA(0.969, 0.619, 0.143, 0.000);-925,00;2;0,00;RGBA(0.755, 0.055, 0.055, 0.000);Rejected_SafetyRisk
14:44:33;78;RGBA(0.969, 0.619, 0.143, 0.000);-925,00;2;0,00;RGBA(0.755, 0.055, 0.055, 0.000);Rejected_SafetyRisk
14:44:33;79;RGBA(0.969, 0.619, 0.143, 0.000);-925,00;2;0,00;RGBA(0.755, 0.055, 0.055, 0.000);Rejected_SafetyRisk
14:44:33;80;RGBA(0.969, 0.619, 0.143, 0.000);-925,00;2;0,00;RGBA(0.755, 0.055, 0.055, 0.000);Rejected_SafetyRisk
14:44:33;81;RGBA(0.969, 0.619, 0.143, 0.000);-925,00;2;0,00;RGBA(0.755, 0.055, 0.055, 0.000);Rejected_SafetyRisk
14:44:33;82;RGBA(0.969, 0.619, 0.143, 0.000);-925,00;2;0,00;RGBA(0.755, 0.055, 0.055, 0.000);Rejected_SafetyRisk
14:44:33;83;RGBA(0.969, 0.619, 0.143, 0.000);-925,00;2;0,00;RGBA(0.755, 0.055, 0.055, 0.000);Rejected_SafetyRisk
14:44:33;84;RGBA(0.969, 0.619, 0.143, 0.000);-925,00;2;0,00;RGBA(0.755, 0.055, 0.055, 0.000);Rejected_SafetyRisk
14:44:33;85;RGBA(0.969, 0.619, 0.143, 0.000);-925,00;2;0,00;RGBA(0.755, 0.055, 0.055, 0.000);Rejected_SafetyRisk
14:44:33;86;RGBA(0.969, 0.619, 0.143, 0.000);-925,00;2;0,00;RGBA(0.755, 0.055, 0.055, 0.000);Rejected_SafetyRisk
14:44:33;87;RGBA(0.969, 0.619, 0.143, 0.000);-925,00;2;0,00;RGBA(0.755, 0.055, 0.055, 0.000);Rejected_SafetyRisk
14:44:33;88;RGBA(0.969, 0.619, 0.143, 0.000);-925,00;2;0,00;RGBA(0.755, 0.055, 0.055, 0.000);Rejected_SafetyRisk
14:44:33;89;RGBA(0.969, 0.619, 0.143, 0.000);-925,00;2;0,00;RGBA(0.755, 0.055, 0.055, 0.000);Rejected_SafetyRisk
14:44:33;90;RGBA(0.969, 0.619, 0.143, 0.000);-925,00;2;0,00;RGBA(0.755, 0.055, 0.055, 0.000);Rejected_SafetyRisk
14:44:33;91;RGBA(0.969, 0.619, 0.143, 0.000);-925,00;2;0,00;RGBA(0.755, 0.055, 0.055, 0.000);Rejected_SafetyRisk
14:44:33;92;RGBA(0.969, 0.619, 0.143, 0.000);-925,00;2;0,00;RGBA(0.755, 0.055, 0.055, 0.000);Rejected_SafetyRisk
14:44:33;93;RGBA(0.969, 0.619, 0.143, 0.000);-925,00;2;0,00;RGBA(0.755, 0.055, 0.055, 0.000);Rejected_SafetyRisk
14:44:33;94;RGBA(0.969, 0.619, 0.143, 0.000);-925,00;2;0,00;RGBA(0.755, 0.055, 0.055, 0.000);Rejected_SafetyRisk
14:44:33;95;RGBA(0.969, 0.619, 0.143, 0.000);-925,00;2;0,00;RGBA(0.755, 0.055, 0.055, 0.000);Rejected_SafetyRisk
14:44:33;96;RGBA(0.969, 0.619, 0.143, 0.000);-925,00;2;0,00;RGBA(0.755, 0.055, 0.055, 0.000);Rejected_SafetyRisk
14:44:33;97;RGBA(0.969, 0.619, 0.143, 0.000);-925,00;2;0,00;RGBA(0.755, 0.055, 0.055, 0.000);Rejected_SafetyRisk
14:44:33;98;RGBA(0.969, 0.619, 0.143, 0.000);-925,00;2;0,00;RGBA(0.755, 0.055, 0.055, 0.000);Rejected_SafetyRisk
14:44:33;99;RGBA(0.969, 0.619, 0.143, 0.000);-925,00;2;0,00;RGBA(0.755, 0.055, 0.055, 0.000);Rejected_SafetyRisk
14:44:33;100;RGBA(0.969, 0.619, 0.143, 0.000);-925,00;2;0,00;RGBA(0.755, 0.055, 0.055, 0.000);Rejected_SafetyRisk
14:44:33;101;RGBA(0.969, 0.619, 0.143, 0.000);-925,00;2;0,00;RGBA(0.755, 0.055, 0.055, 0.000);Rejected_SafetyRisk
14:44:33;102;RGBA(0.969, 0.619, 0.143, 0.000);-925,00;2;0,00;RGBA(0.755, 0.055, 0.055, 0.000);Rejected_SafetyRisk
14:44:33;103;RGBA(0.969, 0.619, 0.143, 0.000);-925,00;2;0,00;RGBA(0.755, 0.055, 0.055, 0.000);Rejected_SafetyRisk
14:44:33;104;RGBA(0.969, 0.619, 0.143, 0.000);-925,00;2;0,00;RGBA(0.755, 0.055, 0.055, 0.000);Rejected_SafetyRisk
14:44:33;105;RGBA(0.969, 0.619, 0.143, 0.000);-925,00;2;0,00;RGBA(0.755, 0.055, 0.055, 0.000);Rejected_SafetyRisk
14:44:33;106;RGBA(0.969, 0.619, 0.143, 0.000);-925,00;2;0,00;RGBA(0.755, 0.055, 0.055, 0.000);Rejected_SafetyRisk
14:44:33;107;RGBA(0.969, 0.619, 0.143, 0.000);-925,00;2;0,00;RGBA(0.755, 0.055, 0.055, 0.000);Rejected_SafetyRisk
14:44:33;108;RGBA(0.969, 0.619, 0.143, 0.000);-925,00;2;0,00;RGBA(0.755, 0.055, 0.055, 0.000);Rejected_SafetyRisk
14:44:33;109;RGBA(0.969, 0.619, 0.143, 0.000);-925,00;2;0,00;RGBA(0.755, 0.055, 0.055, 0.000);Rejected_SafetyRisk
14:44:33;110;RGBA(0.969, 0.619, 0.143, 0.000);-925,00;2;0,00;RGBA(0.755, 0.055, 0.055, 0.000);Rejected_SafetyRisk
14:44:33;111;RGBA(0.969, 0.619, 0.143, 0.000);-925,00;2;0,00;RGBA(0.755, 0.055, 0.055, 0.000);Rejected_SafetyRisk
14:44:33;112;RGBA(0.969, 0.619, 0.143, 0.000);-925,00;2;0,00;RGBA(0.755, 0.055, 0.055, 0.000);Rejected_SafetyRisk
14:44:33;113;RGBA(0.969, 0.619, 0.143, 0.000);-925,00;2;0,00;RGBA(0.755, 0.055, 0.055, 0.000);Rejected_SafetyRisk
14:44:33;114;RGBA(0.969, 0.619, 0.143, 0.000);-925,00;2;0,00;RGBA(0.755, 0.055, 0.055, 0.000);Rejected_SafetyRisk
14:44:33;115;RGBA(0.969, 0.619, 0.143, 0.000);-925,00;2;0,00;RGBA(0.755, 0.055, 0.055, 0.000);Rejected_SafetyRisk
14:44:33;116;RGBA(0.969, 0.619, 0.143, 0.000);-925,00;2;0,00;RGBA(0.755, 0.055, 0.055, 0.000);Rejected_SafetyRisk
14:44:33;117;RGBA(0.969, 0.619, 0.143, 0.000);-925,00;2;0,00;RGBA(0.755, 0.055, 0.055, 0.000);Rejected_SafetyRisk
14:44:33;118;RGBA(0.969, 0.619, 0.143, 0.000);-925,00;2;0,00;RGBA(0.755, 0.055, 0.055, 0.000);Rejected_SafetyRisk
14:44:33;119;RGBA(0.969, 0.619, 0.143, 0.000);-925,00;2;0,00;RGBA(0.755, 0.055, 0.055, 0.000);Rejected_SafetyRisk
14:44:33;120;RGBA(0.969, 0.619, 0.143, 0.000);-925,00;2;0,00;RGBA(0.755, 0.055, 0.055, 0.000);Rejected_SafetyRisk
14:44:33;121;RGBA(0.969, 0.619, 0.143, 0.000);-925,00;2;0,00;RGBA(0.755, 0.055, 0.055, 0.000);Rejected_SafetyRisk
14:44:33;122;RGBA(0.969, 0.619, 0.143, 0.000);-925,00;2;0,00;RGBA(0.755, 0.055, 0.055, 0.000);Rejected_SafetyRisk
14:44:33;123;RGBA(0.969, 0.619, 0.143, 0.000);-925,00;2;0,00;RGBA(0.755, 0.055, 0.055, 0.000);Rejected_SafetyRisk
14:44:33;124;RGBA(0.969, 0.619, 0.143, 0.000);-925,00;2;0,00;RGBA(0.755, 0.055, 0.055, 0.000);Rejected_SafetyRisk
14:44:33;125;RGBA(0.969, 0.619, 0.143, 0.000);-925,00;2;0,00;RGBA(0.755, 0.055, 0.055, 0.000);Rejected_SafetyRisk
14:44:33;126;RGBA(0.969, 0.619, 0.143, 0.000);-925,00;2;0,00;RGBA(0.755, 0.055, 0.055, 0.000);Rejected_SafetyRisk
14:44:33;127;RGBA(0.969, 0.619, 0.143, 0.000);-925,00;2;0,00;RGBA(0.755, 0.055, 0.055, 0.000);Rejected_SafetyRisk
14:44:33;128;RGBA(0.969, 0.619, 0.143, 0.000);-925,00;2;0,00;RGBA(0.755, 0.055, 0.055, 0.000);Rejected_SafetyRisk
14:44:33;129;RGBA(0.969, 0.619, 0.143, 0.000);-925,00;2;0,00;RGBA(0.755, 0.055, 0.055, 0.000);Rejected_SafetyRisk
14:44:33;130;RGBA(0.969, 0.619, 0.143, 0.000);-925,00;2;0,00;RGBA(0.755, 0.055, 0.055, 0.000);Rejected_SafetyRisk
14:44:33;131;RGBA(0.969, 0.619, 0.143, 0.000);-925,00;2;0,00;RGBA(0.755, 0.055, 0.055, 0.000);Rejected_SafetyRisk
14:44:33;132;RGBA(0.969, 0.619, 0.143, 0.000);-925,00;2;0,00;RGBA(0.755, 0.055, 0.055, 0.000);Rejected_SafetyRisk
14:44:33;133;RGBA(0.969, 0.619, 0.143, 0.000);-925,00;2;0,00;RGBA(0.755, 0.055, 0.055, 0.000);Rejected_SafetyRisk
14:44:33;134;RGBA(0.969, 0.619, 0.143, 0.000);-925,00;2;0,00;RGBA(0.755, 0.055, 0.055, 0.000);Rejected_SafetyRisk
14:44:33;135;RGBA(0.969, 0.619, 0.143, 0.000);-925,00;2;0,00;RGBA(0.755, 0.055, 0.055, 0.000);Rejected_SafetyRisk
14:44:33;136;RGBA(0.969, 0.619, 0.143, 0.000);-925,00;2;0,00;RGBA(0.755, 0.055, 0.055, 0.000);Rejected_SafetyRisk
14:44:33;137;RGBA(0.969, 0.619, 0.143, 0.000);-925,00;2;0,00;RGBA(0.755, 0.055, 0.055, 0.000);Rejected_SafetyRisk
14:44:33;138;RGBA(0.969, 0.619, 0.143, 0.000);-925,00;2;0,00;RGBA(0.755, 0.055, 0.055, 0.000);Rejected_SafetyRisk
14:44:33;139;RGBA(0.969, 0.619, 0.143, 0.000);-925,00;2;0,00;RGBA(0.755, 0.055, 0.055, 0.000);Rejected_SafetyRisk
14:44:33;140;RGBA(0.969, 0.619, 0.143, 0.000);-925,00;2;0,00;RGBA(0.755, 0.055, 0.055, 0.000);Rejected_SafetyRisk
14:44:33;141;RGBA(0.969, 0.619, 0.143, 0.000);-925,00;2;0,00;RGBA(0.755, 0.055, 0.055, 0.000);Rejected_SafetyRisk
14:44:33;142;RGBA(0.969, 0.619, 0.143, 0.000);-925,00;2;0,00;RGBA(0.755, 0.055, 0.055, 0.000);Rejected_SafetyRisk
14:44:33;143;RGBA(0.969, 0.619, 0.143, 0.000);-925,00;2;0,00;RGBA(0.755, 0.055, 0.055, 0.000);Rejected_SafetyRisk
14:44:33;144;RGBA(0.969, 0.619, 0.143, 0.000);-925,00;2;0,00;RGBA(0.755, 0.055, 0.055, 0.000);Rejected_SafetyRisk
14:44:33;145;RGBA(0.969, 0.619, 0.143, 0.000);-925,00;2;0,00;RGBA(0.755, 0.055, 0.055, 0.000);Rejected_SafetyRisk
14:44:33;146;RGBA(0.969, 0.619, 0.143, 0.000);-925,00;2;0,00;RGBA(0.755, 0.055, 0.055, 0.000);Rejected_SafetyRisk
14:44:33;147;RGBA(0.969, 0.619, 0.143, 0.000);-925,00;2;0,00;RGBA(0.755, 0.055, 0.055, 0.000);Rejected_SafetyRisk
14:44:33;148;RGBA(0.969, 0.619, 0.143, 0.000);-925,00;2;0,00;RGBA(0.755, 0.055, 0.055, 0.000);Rejected_SafetyRisk
14:44:33;149;RGBA(0.969, 0.619, 0.143, 0.000);-925,00;2;0,00;RGBA(0.755, 0.055, 0.055, 0.000);Rejected_SafetyRisk
14:44:33;150;RGBA(0.969, 0.619, 0.143, 0.000);-925,00;2;0,00;RGBA(0.755, 0.055, 0.055, 0.000);Rejected_SafetyRisk
14:44:33;151;RGBA(0.969, 0.619, 0.143, 0.000);-925,00;2;0,00;RGBA(0.755, 0.055, 0.055, 0.000);Rejected_SafetyRisk
14:44:33;152;RGBA(0.969, 0.619, 0.143, 0.000);-925,00;2;0,00;RGBA(0.755, 0.055, 0.055, 0.000);Rejected_SafetyRisk
14:44:33;153;RGBA(0.969, 0.619, 0.143, 0.000);-925,00;2;0,00;RGBA(0.755, 0.055, 0.055, 0.000);Rejected_SafetyRisk
14:44:33;154;RGBA(0.969, 0.619, 0.143, 0.000);-925,00;2;0,00;RGBA(0.755, 0.055, 0.055, 0.000);Rejected_SafetyRisk
14:44:33;155;RGBA(0.969, 0.619, 0.143, 0.000);-925,00;2;0,00;RGBA(0.755, 0.055, 0.055, 0.000);Rejected_SafetyRisk
14:44:33;156;RGBA(0.969, 0.619, 0.143, 0.000);-925,00;2;0,00;RGBA(0.755, 0.055, 0.055, 0.000);Rejected_SafetyRisk
14:44:33;157;RGBA(0.969, 0.619, 0.143, 0.000);-925,00;2;0,00;RGBA(0.755, 0.055, 0.055, 0.000);Rejected_SafetyRisk
14:44:33;158;RGBA(0.969, 0.619, 0.143, 0.000);-925,00;2;0,00;RGBA(0.755, 0.055, 0.055, 0.000);Rejected_SafetyRisk
14:44:33;159;RGBA(0.969, 0.619, 0.143, 0.000);-925,00;2;0,00;RGBA(0.755, 0.055, 0.055, 0.000);Rejected_SafetyRisk
14:44:33;160;RGBA(0.969, 0.619, 0.143, 0.000);-925,00;2;0,00;RGBA(0.755, 0.055, 0.055, 0.000);Rejected_SafetyRisk
14:44:33;161;RGBA(0.969, 0.619, 0.143, 0.000);-925,00;2;0,00;RGBA(0.755, 0.055, 0.055, 0.000);Rejected_SafetyRisk
14:44:33;162;RGBA(0.969, 0.619, 0.143, 0.000);-925,00;2;0,00;RGBA(0.755, 0.055, 0.055, 0.000);Rejected_SafetyRisk
14:44:33;163;RGBA(0.969, 0.619, 0.143, 0.000);-925,00;2;0,00;RGBA(0.755, 0.055, 0.055, 0.000);Rejected_SafetyRisk
14:44:33;164;RGBA(0.969, 0.619, 0.143, 0.000);-925,00;2;0,00;RGBA(0.755, 0.055, 0.055, 0.000);Rejected_SafetyRisk
14:44:33;165;RGBA(0.969, 0.619, 0.143, 0.000);-925,00;2;0,00;RGBA(0.755, 0.055, 0.055, 0.000);Rejected_SafetyRisk
14:44:33;166;RGBA(0.969, 0.619, 0.143, 0.000);-925,00;2;0,00;RGBA(0.755, 0.055, 0.055, 0.000);Rejected_SafetyRisk
14:44:33;167;RGBA(0.969, 0.619, 0.143, 0.000);-925,00;2;0,00;RGBA(0.755, 0.055, 0.055, 0.000);Rejected_SafetyRisk
14:44:33;168;RGBA(0.969, 0.619, 0.143, 0.000);-925,00;2;0,00;RGBA(0.755, 0.055, 0.055, 0.000);Rejected_SafetyRisk
14:44:33;169;RGBA(0.969, 0.619, 0.143, 0.000);-925,00;2;0,00;RGBA(0.755, 0.055, 0.055, 0.000);Rejected_SafetyRisk
14:44:33;170;RGBA(0.969, 0.619, 0.143, 0.000);-925,00;2;0,00;RGBA(0.755, 0.055, 0.055, 0.000);Rejected_SafetyRisk
14:44:33;171;RGBA(0.969, 0.619, 0.143, 0.000);-925,00;2;0,00;RGBA(0.755, 0.055, 0.055, 0.000);Rejected_SafetyRisk
14:44:33;172;RGBA(0.969, 0.619, 0.143, 0.000);-925,00;2;0,00;RGBA(0.755, 0.055, 0.055, 0.000);Rejected_SafetyRisk
14:44:33;173;RGBA(0.969, 0.619, 0.143, 0.000);-925,00;2;0,00;RGBA(0.755, 0.055, 0.055, 0.000);Rejected_SafetyRisk
14:44:33;174;RGBA(0.969, 0.619, 0.143, 0.000);-925,00;2;0,00;RGBA(0.755, 0.055, 0.055, 0.000);Rejected_SafetyRisk
14:44:33;175;RGBA(0.969, 0.619, 0.143, 0.000);-925,00;2;0,00;RGBA(0.755, 0.055, 0.055, 0.000);Rejected_SafetyRisk
14:44:33;176;RGBA(0.969, 0.619, 0.143, 0.000);-925,00;2;0,00;RGBA(0.755, 0.055, 0.055, 0.000);Rejected_SafetyRisk
14:44:33;177;RGBA(0.969, 0.619, 0.143, 0.000);-925,00;2;0,00;RGBA(0.755, 0.055, 0.055, 0.000);Rejected_SafetyRisk
14:44:33;178;RGBA(0.969, 0.619, 0.143, 0.000);-925,00;2;0,00;RGBA(0.755, 0.055, 0.055, 0.000);Rejected_SafetyRisk
14:44:33;179;RGBA(0.969, 0.619, 0.143, 0.000);-925,00;2;0,00;RGBA(0.755, 0.055, 0.055, 0.000);Rejected_SafetyRisk
14:44:33;180;RGBA(0.969, 0.619, 0.143, 0.000);-925,00;2;0,00;RGBA(0.755, 0.055, 0.055, 0.000);Rejected_SafetyRisk
14:44:33;181;RGBA(0.969, 0.619, 0.143, 0.000);-925,00;2;0,00;RGBA(0.755, 0.055, 0.055, 0.000);Rejected_SafetyRisk
14:44:33;182;RGBA(0.969, 0.619, 0.143, 0.000);-925,00;2;0,00;RGBA(0.755, 0.055, 0.055, 0.000);Rejected_SafetyRisk
14:44:33;183;RGBA(0.969, 0.619, 0.143, 0.000);-925,00;2;0,00;RGBA(0.755, 0.055, 0.055, 0.000);Rejected_SafetyRisk
14:44:33;184;RGBA(0.969, 0.619, 0.143, 0.000);-925,00;2;0,00;RGBA(0.755, 0.055, 0.055, 0.000);Rejected_SafetyRisk
14:44:33;185;RGBA(0.969, 0.619, 0.143, 0.000);-925,00;2;0,00;RGBA(0.755, 0.055, 0.055, 0.000);Rejected_SafetyRisk
14:44:33;186;RGBA(0.969, 0.619, 0.143, 0.000);-925,00;2;0,00;RGBA(0.755, 0.055, 0.055, 0.000);Rejected_SafetyRisk
14:44:33;187;RGBA(0.969, 0.619, 0.143, 0.000);-925,00;2;0,00;RGBA(0.755, 0.055, 0.055, 0.000);Rejected_SafetyRisk
14:44:33;188;RGBA(0.969, 0.619, 0.143, 0.000);-925,00;2;0,00;RGBA(0.755, 0.055, 0.055, 0.000);Rejected_SafetyRisk
14:44:33;189;RGBA(0.969, 0.619, 0.143, 0.000);-925,00;2;0,00;RGBA(0.755, 0.055, 0.055, 0.000);Rejected_SafetyRisk
14:44:33;190;RGBA(0.969, 0.619, 0.143, 0.000);-925,00;2;0,00;RGBA(0.755, 0.055, 0.055, 0.000);Rejected_SafetyRisk
14:44:33;191;RGBA(0.969, 0.619, 0.143, 0.000);-925,00;2;0,00;RGBA(0.755, 0.055, 0.055, 0.000);Rejected_SafetyRisk
14:44:33;192;RGBA(0.969, 0.619, 0.143, 0.000);-925,00;2;0,00;RGBA(0.755, 0.055, 0.055, 0.000);Rejected_SafetyRisk
14:44:33;193;RGBA(0.969, 0.619, 0.143, 0.000);-925,00;2;0,00;RGBA(0.755, 0.055, 0.055, 0.000);Rejected_SafetyRisk
14:44:33;194;RGBA(0.969, 0.619, 0.143, 0.000);-925,00;2;0,00;RGBA(0.755, 0.055, 0.055, 0.000);Rejected_SafetyRisk
14:44:33;195;RGBA(0.969, 0.619, 0.143, 0.000);-925,00;2;0,00;RGBA(0.755, 0.055, 0.055, 0.000);Rejected_SafetyRisk
14:44:33;196;RGBA(0.969, 0.619, 0.143, 0.000);-925,00;2;0,00;RGBA(0.755, 0.055, 0.055, 0.000);Rejected_SafetyRisk
14:44:33;197;RGBA(0.969, 0.619, 0.143, 0.000);-925,00;2;0,00;RGBA(0.755, 0.055, 0.055, 0.000);Rejected_SafetyRisk
14:44:33;198;RGBA(0.969, 0.619, 0.143, 0.000);-925,00;2;0,00;RGBA(0.755, 0.055, 0.055, 0.000);Rejected_SafetyRisk
14:44:33;199;RGBA(0.969, 0.619, 0.143, 0.000);-925,00;2;0,00;RGBA(0.755, 0.055, 0.055, 0.000);Rejected_SafetyRisk
14:44:33;200;RGBA(0.969, 0.619, 0.143, 0.000);-925,00;2;0,00;RGBA(0.755, 0.055, 0.055, 0.000);Rejected_SafetyRisk
14:44:33;201;RGBA(0.969, 0.619, 0.143, 0.000);-925,00;2;0,00;RGBA(0.755, 0.055, 0.055, 0.000);Rejected_SafetyRisk
14:44:33;202;RGBA(0.969, 0.619, 0.143, 0.000);-925,00;2;0,00;RGBA(0.755, 0.055, 0.055, 0.000);Rejected_SafetyRisk
14:44:33;203;RGBA(0.969, 0.619, 0.143, 0.000);-925,00;2;0,00;RGBA(0.755, 0.055, 0.055, 0.000);Rejected_SafetyRisk
14:44:33;204;RGBA(0.969, 0.619, 0.143, 0.000);-925,00;2;0,00;RGBA(0.755, 0.055, 0.055, 0.000);Rejected_SafetyRisk
14:44:33;205;RGBA(0.969, 0.619, 0.143, 0.000);-925,00;2;0,00;RGBA(0.755, 0.055, 0.055, 0.000);Rejected_SafetyRisk
14:44:33;206;RGBA(0.969, 0.619, 0.143, 0.000);-925,00;2;0,00;RGBA(0.755, 0.055, 0.055, 0.000);Rejected_SafetyRisk
14:44:33;207;RGBA(0.969, 0.619, 0.143, 0.000);-925,00;2;0,00;RGBA(0.755, 0.055, 0.055, 0.000);Rejected_SafetyRisk
14:44:33;208;RGBA(0.969, 0.619, 0.143, 0.000);-925,00;2;0,00;RGBA(0.755, 0.055, 0.055, 0.000);Rejected_SafetyRisk
14:44:33;209;RGBA(0.969, 0.619, 0.143, 0.000);-925,00;2;0,00;RGBA(0.755, 0.055, 0.055, 0.000);Rejected_SafetyRisk
14:44:33;210;RGBA(0.969, 0.619, 0.143, 0.000);-925,00;2;0,00;RGBA(0.755, 0.055, 0.055, 0.000);Rejected_SafetyRisk
14:44:33;211;RGBA(0.969, 0.619, 0.143, 0.000);-925,00;2;0,00;RGBA(0.755, 0.055, 0.055, 0.000);Rejected_SafetyRisk
14:44:34;212;RGBA(0.969, 0.619, 0.143, 0.000);-925,00;2;0,00;RGBA(0.755, 0.055, 0.055, 0.000);Rejected_SafetyRisk
14:44:34;213;RGBA(0.969, 0.619, 0.143, 0.000);-925,00;2;0,00;RGBA(0.755, 0.055, 0.055, 0.000);Rejected_SafetyRisk
14:44:34;214;RGBA(0.969, 0.619, 0.143, 0.000);-925,00;2;0,00;RGBA(0.755, 0.055, 0.055, 0.000);Rejected_SafetyRisk
14:44:34;215;RGBA(0.969, 0.619, 0.143, 0.000);-925,00;2;0,00;RGBA(0.755, 0.055, 0.055, 0.000);Rejected_SafetyRisk
14:44:34;216;RGBA(0.969, 0.619, 0.143, 0.000);-925,00;2;0,00;RGBA(0.755, 0.055, 0.055, 0.000);Rejected_SafetyRisk
14:44:34;217;RGBA(0.969, 0.619, 0.143, 0.000);-925,00;2;0,00;RGBA(0.755, 0.055, 0.055, 0.000);Rejected_SafetyRisk
14:44:34;218;RGBA(0.969, 0.619, 0.143, 0.000);-925,00;2;0,00;RGBA(0.755, 0.055, 0.055, 0.000);Rejected_SafetyRisk
14:44:34;219;RGBA(0.969, 0.619, 0.143, 0.000);-925,00;2;0,00;RGBA(0.755, 0.055, 0.055, 0.000);Rejected_SafetyRisk
14:44:34;220;RGBA(0.969, 0.619, 0.143, 0.000);-925,00;2;0,00;RGBA(0.755, 0.055, 0.055, 0.000);Rejected_SafetyRisk
14:44:34;221;RGBA(0.969, 0.619, 0.143, 0.000);-925,00;2;0,00;RGBA(0.755, 0.055, 0.055, 0.000);Rejected_SafetyRisk
14:44:34;222;RGBA(0.969, 0.619, 0.143, 0.000);-925,00;2;0,00;RGBA(0.755, 0.055, 0.055, 0.000);Rejected_SafetyRisk
14:44:34;223;RGBA(0.969, 0.619, 0.143, 0.000);-925,00;2;0,00;RGBA(0.755, 0.055, 0.055, 0.000);Rejected_SafetyRisk
14:44:34;224;RGBA(0.969, 0.619, 0.143, 0.000);-925,00;2;0,00;RGBA(0.755, 0.055, 0.055, 0.000);Rejected_SafetyRisk
14:44:34;225;RGBA(0.969, 0.619, 0.143, 0.000);-925,00;2;0,00;RGBA(0.755, 0.055, 0.055, 0.000);Rejected_SafetyRisk
14:44:34;226;RGBA(0.969, 0.619, 0.143, 0.000);-925,00;2;0,00;RGBA(0.755, 0.055, 0.055, 0.000);Rejected_SafetyRisk
14:44:34;227;RGBA(0.969, 0.619, 0.143, 0.000);-925,00;2;0,00;RGBA(0.755, 0.055, 0.055, 0.000);Rejected_SafetyRisk
14:44:34;228;RGBA(0.969, 0.619, 0.143, 0.000);-925,00;2;0,00;RGBA(0.755, 0.055, 0.055, 0.000);Rejected_SafetyRisk
14:44:34;229;RGBA(0.969, 0.619, 0.143, 0.000);-925,00;2;0,00;RGBA(0.755, 0.055, 0.055, 0.000);Rejected_SafetyRisk
14:44:34;230;RGBA(0.969, 0.619, 0.143, 0.000);-925,00;2;0,00;RGBA(0.755, 0.055, 0.055, 0.000);Rejected_SafetyRisk
14:44:34;231;RGBA(0.969, 0.619, 0.143, 0.000);-925,00;2;0,00;RGBA(0.755, 0.055, 0.055, 0.000);Rejected_SafetyRisk
14:44:34;232;RGBA(0.969, 0.619, 0.143, 0.000);-925,00;2;0,00;RGBA(0.755, 0.055, 0.055, 0.000);Rejected_SafetyRisk
14:44:34;233;RGBA(0.969, 0.619, 0.143, 0.000);-925,00;2;0,00;RGBA(0.755, 0.055, 0.055, 0.000);Rejected_SafetyRisk
14:44:34;234;RGBA(0.969, 0.619, 0.143, 0.000);-925,00;2;0,00;RGBA(0.755, 0.055, 0.055, 0.000);Rejected_SafetyRisk
14:44:34;235;RGBA(0.969, 0.619, 0.143, 0.000);-925,00;2;0,00;RGBA(0.755, 0.055, 0.055, 0.000);Rejected_SafetyRisk
14:44:34;236;RGBA(0.969, 0.619, 0.143, 0.000);-925,00;2;0,00;RGBA(0.755, 0.055, 0.055, 0.000);Rejected_SafetyRisk
14:44:34;237;RGBA(0.969, 0.619, 0.143, 0.000);-925,00;2;0,00;RGBA(0.755, 0.055, 0.055, 0.000);Rejected_SafetyRisk
14:44:34;238;RGBA(0.969, 0.619, 0.143, 0.000);-925,00;2;0,00;RGBA(0.755, 0.055, 0.055, 0.000);Rejected_SafetyRisk
14:44:34;239;RGBA(0.969, 0.619, 0.143, 0.000);-925,00;2;0,00;RGBA(0.755, 0.055, 0.055, 0.000);Rejected_SafetyRisk
14:44:34;240;RGBA(0.969, 0.619, 0.143, 0.000);-925,00;2;0,00;RGBA(0.755, 0.055, 0.055, 0.000);Rejected_SafetyRisk
14:44:34;241;RGBA(0.969, 0.619, 0.143, 0.000);-925,00;2;0,00;RGBA(0.755, 0.055, 0.055, 0.000);Rejected_SafetyRisk
14:44:34;242;RGBA(0.969, 0.619, 0.143, 0.000);-925,00;2;0,00;RGBA(0.755, 0.055, 0.055, 0.000);Rejected_SafetyRisk
14:44:34;243;RGBA(0.969, 0.619, 0.143, 0.000);-925,00;2;0,00;RGBA(0.755, 0.055, 0.055, 0.000);Rejected_SafetyRisk
14:44:34;244;RGBA(0.969, 0.619, 0.143, 0.000);-925,00;2;0,00;RGBA(0.755, 0.055, 0.055, 0.000);Rejected_SafetyRisk
14:44:34;245;RGBA(0.969, 0.619, 0.143, 0.000);-925,00;2;0,00;RGBA(0.755, 0.055, 0.055, 0.000);Rejected_SafetyRisk
14:44:34;246;RGBA(0.969, 0.619, 0.143, 0.000);-925,00;2;0,00;RGBA(0.755, 0.055, 0.055, 0.000);Rejected_SafetyRisk
14:44:34;247;RGBA(0.969, 0.619, 0.143, 0.000);-925,00;2;0,00;RGBA(0.755, 0.055, 0.055, 0.000);Rejected_SafetyRisk
14:44:34;248;RGBA(0.969, 0.619, 0.143, 0.000);-925,00;2;0,00;RGBA(0.755, 0.055, 0.055, 0.000);Rejected_SafetyRisk
14:44:34;249;RGBA(0.969, 0.619, 0.143, 0.000);-925,00;2;0,00;RGBA(0.755, 0.055, 0.055, 0.000);Rejected_SafetyRisk
14:44:34;250;RGBA(0.969, 0.619, 0.143, 0.000);-925,00;2;0,00;RGBA(0.755, 0.055, 0.055, 0.000);Rejected_SafetyRisk
14:44:34;251;RGBA(0.969, 0.619, 0.143, 0.000);-925,00;2;0,00;RGBA(0.755, 0.055, 0.055, 0.000);Rejected_SafetyRisk
14:44:34;252;RGBA(0.969, 0.619, 0.143, 0.000);-925,00;2;0,00;RGBA(0.755, 0.055, 0.055, 0.000);Rejected_SafetyRisk
14:44:34;253;RGBA(0.969, 0.619, 0.143, 0.000);-925,00;2;0,00;RGBA(0.755, 0.055, 0.055, 0.000);Rejected_SafetyRisk
14:44:34;254;RGBA(0.969, 0.619, 0.143, 0.000);-925,00;2;0,00;RGBA(0.755, 0.055, 0.055, 0.000);Rejected_SafetyRisk
14:44:34;255;RGBA(0.969, 0.619, 0.143, 0.000);-925,00;2;0,00;RGBA(0.755, 0.055, 0.055, 0.000);Rejected_SafetyRisk
14:44:34;256;RGBA(0.969, 0.619, 0.143, 0.000);-925,00;2;0,00;RGBA(0.755, 0.055, 0.055, 0.000);Rejected_SafetyRisk
14:44:34;257;RGBA(0.969, 0.619, 0.143, 0.000);-925,00;2;0,00;RGBA(0.755, 0.055, 0.055, 0.000);Rejected_SafetyRisk
14:44:34;258;RGBA(0.969, 0.619, 0.143, 0.000);-925,00;2;0,00;RGBA(0.755, 0.055, 0.055, 0.000);Rejected_SafetyRisk
14:44:34;259;RGBA(0.969, 0.619, 0.143, 0.000);-925,00;2;0,00;RGBA(0.755, 0.055, 0.055, 0.000);Rejected_SafetyRisk
14:44:34;260;RGBA(0.969, 0.619, 0.143, 0.000);-925,00;2;0,00;RGBA(0.755, 0.055, 0.055, 0.000);Rejected_SafetyRisk
14:44:34;261;RGBA(0.969, 0.619, 0.143, 0.000);-925,00;2;0,00;RGBA(0.755, 0.055, 0.055, 0.000);Rejected_SafetyRisk
14:44:34;262;RGBA(0.969, 0.619, 0.143, 0.000);-925,00;2;0,00;RGBA(0.755, 0.055, 0.055, 0.000);Rejected_SafetyRisk
14:44:34;263;RGBA(0.969, 0.619, 0.143, 0.000);-925,00;2;0,00;RGBA(0.755, 0.055, 0.055, 0.000);Rejected_SafetyRisk
14:44:34;264;RGBA(0.969, 0.619, 0.143, 0.000);-925,00;2;0,00;RGBA(0.755, 0.055, 0.055, 0.000);Rejected_SafetyRisk
14:44:34;265;RGBA(0.969, 0.619, 0.143, 0.000);-925,00;2;0,00;RGBA(0.755, 0.055, 0.055, 0.000);Rejected_SafetyRisk
14:44:34;266;RGBA(0.969, 0.619, 0.143, 0.000);-925,00;2;0,00;RGBA(0.755, 0.055, 0.055, 0.000);Rejected_SafetyRisk
14:44:34;267;RGBA(0.969, 0.619, 0.143, 0.000);-925,00;2;0,00;RGBA(0.755, 0.055, 0.055, 0.000);Rejected_SafetyRisk
14:44:34;268;RGBA(0.969, 0.619, 0.143, 0.000);-925,00;2;0,00;RGBA(0.755, 0.055, 0.055, 0.000);Rejected_SafetyRisk
14:44:34;269;RGBA(0.969, 0.619, 0.143, 0.000);-925,00;2;0,00;RGBA(0.755, 0.055, 0.055, 0.000);Rejected_SafetyRisk
14:44:34;270;RGBA(0.969, 0.619, 0.143, 0.000);-925,00;2;0,00;RGBA(0.755, 0.055, 0.055, 0.000);Rejected_SafetyRisk
14:44:34;271;RGBA(0.969, 0.619, 0.143, 0.000);-925,00;2;0,00;RGBA(0.755, 0.055, 0.055, 0.000);Rejected_SafetyRisk
14:44:34;272;RGBA(0.969, 0.619, 0.143, 0.000);-925,00;2;0,00;RGBA(0.755, 0.055, 0.055, 0.000);Rejected_SafetyRisk
14:44:34;273;RGBA(0.969, 0.619, 0.143, 0.000);-925,00;2;0,00;RGBA(0.755, 0.055, 0.055, 0.000);Rejected_SafetyRisk
14:44:34;274;RGBA(0.969, 0.619, 0.143, 0.000);-925,00;2;0,00;RGBA(0.755, 0.055, 0.055, 0.000);Rejected_SafetyRisk
14:44:34;275;RGBA(0.969, 0.619, 0.143, 0.000);-925,00;2;0,00;RGBA(0.755, 0.055, 0.055, 0.000);Rejected_SafetyRisk
14:44:34;276;RGBA(0.969, 0.619, 0.143, 0.000);-925,00;2;0,00;RGBA(0.755, 0.055, 0.055, 0.000);Rejected_SafetyRisk
14:44:34;277;RGBA(0.969, 0.619, 0.143, 0.000);-925,00;2;0,00;RGBA(0.755, 0.055, 0.055, 0.000);Rejected_SafetyRisk
14:44:34;278;RGBA(0.969, 0.619, 0.143, 0.000);-925,00;2;0,00;RGBA(0.755, 0.055, 0.055, 0.000);Rejected_SafetyRisk
14:44:34;279;RGBA(0.969, 0.619, 0.143, 0.000);-925,00;2;0,00;RGBA(0.755, 0.055, 0.055, 0.000);Rejected_SafetyRisk
14:44:34;280;RGBA(0.969, 0.619, 0.143, 0.000);-925,00;2;0,00;RGBA(0.755, 0.055, 0.055, 0.000);Rejected_SafetyRisk
14:44:34;281;RGBA(0.969, 0.619, 0.143, 0.000);-925,00;2;0,00;RGBA(0.755, 0.055, 0.055, 0.000);Rejected_SafetyRisk
14:44:34;282;RGBA(0.969, 0.619, 0.143, 0.000);-925,00;2;0,00;RGBA(0.755, 0.055, 0.055, 0.000);Rejected_SafetyRisk
14:44:34;283;RGBA(0.969, 0.619, 0.143, 0.000);-925,00;2;0,00;RGBA(0.755, 0.055, 0.055, 0.000);Rejected_SafetyRisk
14:44:34;284;RGBA(0.969, 0.619, 0.143, 0.000);-925,00;2;0,00;RGBA(0.755, 0.055, 0.055, 0.000);Rejected_SafetyRisk
14:44:34;285;RGBA(0.969, 0.619, 0.143, 0.000);-925,00;2;0,00;RGBA(0.755, 0.055, 0.055, 0.000);Rejected_SafetyRisk
14:44:34;286;RGBA(0.969, 0.619, 0.143, 0.000);-925,00;2;0,00;RGBA(0.755, 0.055, 0.055, 0.000);Rejected_SafetyRisk
14:44:34;287;RGBA(0.969, 0.619, 0.143, 0.000);-925,00;2;0,00;RGBA(0.755, 0.055, 0.055, 0.000);Rejected_SafetyRisk
14:44:34;288;RGBA(0.969, 0.619, 0.143, 0.000);-925,00;2;0,00;RGBA(0.755, 0.055, 0.055, 0.000);Rejected_SafetyRisk
14:44:34;289;RGBA(0.969, 0.619, 0.143, 0.000);-925,00;2;0,00;RGBA(0.755, 0.055, 0.055, 0.000);Rejected_SafetyRisk
14:44:34;290;RGBA(0.969, 0.619, 0.143, 0.000);-925,00;2;0,00;RGBA(0.755, 0.055, 0.055, 0.000);Rejected_SafetyRisk
14:44:34;291;RGBA(0.969, 0.619, 0.143, 0.000);-925,00;2;0,00;RGBA(0.755, 0.055, 0.055, 0.000);Rejected_SafetyRisk
14:44:34;292;RGBA(0.969, 0.619, 0.143, 0.000);-925,00;2;0,00;RGBA(0.755, 0.055, 0.055, 0.000);Rejected_SafetyRisk
14:44:34;293;RGBA(0.969, 0.619, 0.143, 0.000);-925,00;2;0,00;RGBA(0.755, 0.055, 0.055, 0.000);Rejected_SafetyRisk
14:44:34;294;RGBA(0.969, 0.619, 0.143, 0.000);-925,00;2;0,00;RGBA(0.755, 0.055, 0.055, 0.000);Rejected_SafetyRisk
14:44:34;295;RGBA(0.969, 0.619, 0.143, 0.000);-925,00;2;0,00;RGBA(0.755, 0.055, 0.055, 0.000);Rejected_SafetyRisk
14:44:34;296;RGBA(0.969, 0.619, 0.143, 0.000);-925,00;2;0,00;RGBA(0.755, 0.055, 0.055, 0.000);Rejected_SafetyRisk
14:44:34;297;RGBA(0.969, 0.619, 0.143, 0.000);-925,00;2;0,00;RGBA(0.755, 0.055, 0.055, 0.000);Rejected_SafetyRisk
14:44:34;298;RGBA(0.969, 0.619, 0.143, 0.000);-925,00;2;0,00;RGBA(0.755, 0.055, 0.055, 0.000);Rejected_SafetyRisk
14:44:34;299;RGBA(0.969, 0.619, 0.143, 0.000);-925,00;2;0,00;RGBA(0.755, 0.055, 0.055, 0.000);Rejected_SafetyRisk
14:44:34;300;RGBA(0.969, 0.619, 0.143, 0.000);-925,00;2;0,00;RGBA(0.755, 0.055, 0.055, 0.000);Rejected_SafetyRisk
14:44:34;301;RGBA(0.969, 0.619, 0.143, 0.000);-925,00;2;0,00;RGBA(0.755, 0.055, 0.055, 0.000);Rejected_SafetyRisk
14:44:34;302;RGBA(0.969, 0.619, 0.143, 0.000);-925,00;2;0,00;RGBA(0.755, 0.055, 0.055, 0.000);Rejected_SafetyRisk
14:44:34;303;RGBA(0.969, 0.619, 0.143, 0.000);-925,00;2;0,00;RGBA(0.755, 0.055, 0.055, 0.000);Rejected_SafetyRisk
14:44:34;304;RGBA(0.969, 0.619, 0.143, 0.000);-925,00;2;0,00;RGBA(0.755, 0.055, 0.055, 0.000);Rejected_SafetyRisk
14:44:34;305;RGBA(0.969, 0.619, 0.143, 0.000);-925,00;2;0,00;RGBA(0.755, 0.055, 0.055, 0.000);Rejected_SafetyRisk
14:44:34;306;RGBA(0.969, 0.619, 0.143, 0.000);-925,00;2;0,00;RGBA(0.755, 0.055, 0.055, 0.000);Rejected_SafetyRisk
14:44:34;307;RGBA(0.969, 0.619, 0.143, 0.000);-925,00;2;0,00;RGBA(0.755, 0.055, 0.055, 0.000);Rejected_SafetyRisk
14:44:34;308;RGBA(0.969, 0.619, 0.143, 0.000);-925,00;2;0,00;RGBA(0.755, 0.055, 0.055, 0.000);Rejected_SafetyRisk
14:44:34;309;RGBA(0.969, 0.619, 0.143, 0.000);-925,00;2;0,00;RGBA(0.755, 0.055, 0.055, 0.000);Rejected_SafetyRisk
14:44:34;310;RGBA(0.969, 0.619, 0.143, 0.000);-925,00;2;0,00;RGBA(0.755, 0.055, 0.055, 0.000);Rejected_SafetyRisk
14:44:34;311;RGBA(0.969, 0.619, 0.143, 0.000);-925,00;2;0,00;RGBA(0.755, 0.055, 0.055, 0.000);Rejected_SafetyRisk
14:44:34;312;RGBA(0.969, 0.619, 0.143, 0.000);-925,00;2;0,00;RGBA(0.755, 0.055, 0.055, 0.000);Rejected_SafetyRisk
14:44:34;313;RGBA(0.969, 0.619, 0.143, 0.000);-925,00;2;0,00;RGBA(0.755, 0.055, 0.055, 0.000);Rejected_SafetyRisk
14:44:34;314;RGBA(0.969, 0.619, 0.143, 0.000);-925,00;2;0,00;RGBA(0.755, 0.055, 0.055, 0.000);Rejected_SafetyRisk
14:44:34;315;RGBA(0.969, 0.619, 0.143, 0.000);-925,00;2;0,00;RGBA(0.755, 0.055, 0.055, 0.000);Rejected_SafetyRisk
14:44:34;316;RGBA(0.969, 0.619, 0.143, 0.000);-925,00;2;0,00;RGBA(0.755, 0.055, 0.055, 0.000);Rejected_SafetyRisk
14:44:34;317;RGBA(0.969, 0.619, 0.143, 0.000);-925,00;2;0,00;RGBA(0.755, 0.055, 0.055, 0.000);Rejected_SafetyRisk
14:44:34;318;RGBA(0.969, 0.619, 0.143, 0.000);-925,00;2;0,00;RGBA(0.755, 0.055, 0.055, 0.000);Rejected_SafetyRisk
14:44:34;319;RGBA(0.969, 0.619, 0.143, 0.000);-925,00;2;0,00;RGBA(0.755, 0.055, 0.055, 0.000);Rejected_SafetyRisk
14:44:34;320;RGBA(0.969, 0.619, 0.143, 0.000);-925,00;2;0,00;RGBA(0.755, 0.055, 0.055, 0.000);Rejected_SafetyRisk
14:44:34;321;RGBA(0.969, 0.619, 0.143, 0.000);-925,00;2;0,00;RGBA(0.755, 0.055, 0.055, 0.000);Rejected_SafetyRisk
14:44:34;322;RGBA(0.969, 0.619, 0.143, 0.000);-925,00;2;0,00;RGBA(0.755, 0.055, 0.055, 0.000);Rejected_SafetyRisk
14:44:34;323;RGBA(0.969, 0.619, 0.143, 0.000);-925,00;2;0,00;RGBA(0.755, 0.055, 0.055, 0.000);Rejected_SafetyRisk
14:44:34;324;RGBA(0.969, 0.619, 0.143, 0.000);-925,00;2;0,00;RGBA(0.755, 0.055, 0.055, 0.000);Rejected_SafetyRisk
14:44:34;325;RGBA(0.969, 0.619, 0.143, 0.000);-925,00;2;0,00;RGBA(0.755, 0.055, 0.055, 0.000);Rejected_SafetyRisk
14:44:34;326;RGBA(0.969, 0.619, 0.143, 0.000);-925,00;2;0,00;RGBA(0.755, 0.055, 0.055, 0.000);Rejected_SafetyRisk
14:44:34;327;RGBA(0.969, 0.619, 0.143, 0.000);-925,00;2;0,00;RGBA(0.755, 0.055, 0.055, 0.000);Rejected_SafetyRisk
14:44:34;328;RGBA(0.969, 0.619, 0.143, 0.000);-925,00;2;0,00;RGBA(0.755, 0.055, 0.055, 0.000);Rejected_SafetyRisk
14:44:34;329;RGBA(0.969, 0.619, 0.143, 0.000);-925,00;2;0,00;RGBA(0.755, 0.055, 0.055, 0.000);Rejected_SafetyRisk
14:44:34;330;RGBA(0.969, 0.619, 0.143, 0.000);-925,00;2;0,00;RGBA(0.755, 0.055, 0.055, 0.000);Rejected_SafetyRisk
14:44:34;331;RGBA(0.969, 0.619, 0.143, 0.000);-925,00;2;0,00;RGBA(0.755, 0.055, 0.055, 0.000);Rejected_SafetyRisk
14:44:34;332;RGBA(0.969, 0.619, 0.143, 0.000);-925,00;2;0,00;RGBA(0.755, 0.055, 0.055, 0.000);Rejected_SafetyRisk
14:44:34;333;RGBA(0.969, 0.619, 0.143, 0.000);-925,00;2;0,00;RGBA(0.755, 0.055, 0.055, 0.000);Rejected_SafetyRisk
14:44:34;334;RGBA(0.969, 0.619, 0.143, 0.000);-925,00;2;0,00;RGBA(0.755, 0.055, 0.055, 0.000);Rejected_SafetyRisk
14:44:34;335;RGBA(0.969, 0.619, 0.143, 0.000);-925,00;2;0,00;RGBA(0.755, 0.055, 0.055, 0.000);Rejected_SafetyRisk
14:44:34;336;RGBA(0.969, 0.619, 0.143, 0.000);-925,00;2;0,00;RGBA(0.755, 0.055, 0.055, 0.000);Rejected_SafetyRisk
14:44:34;337;RGBA(0.969, 0.619, 0.143, 0.000);-925,00;2;0,00;RGBA(0.755, 0.055, 0.055, 0.000);Rejected_SafetyRisk
14:44:34;338;RGBA(0.969, 0.619, 0.143, 0.000);-925,00;2;0,00;RGBA(0.755, 0.055, 0.055, 0.000);Rejected_SafetyRisk
14:44:34;339;RGBA(0.969, 0.619, 0.143, 0.000);-925,00;2;0,00;RGBA(0.755, 0.055, 0.055, 0.000);Rejected_SafetyRisk
14:44:34;340;RGBA(0.969, 0.619, 0.143, 0.000);-925,00;2;0,00;RGBA(0.755, 0.055, 0.055, 0.000);Rejected_SafetyRisk
14:44:34;341;RGBA(0.969, 0.619, 0.143, 0.000);-925,00;2;0,00;RGBA(0.755, 0.055, 0.055, 0.000);Rejected_SafetyRisk
14:44:34;342;RGBA(0.969, 0.619, 0.143, 0.000);-925,00;2;0,00;RGBA(0.755, 0.055, 0.055, 0.000);Rejected_SafetyRisk
14:44:34;343;RGBA(0.969, 0.619, 0.143, 0.000);-925,00;2;0,00;RGBA(0.755, 0.055, 0.055, 0.000);Rejected_SafetyRisk
14:44:34;344;RGBA(0.969, 0.619, 0.143, 0.000);-925,00;2;0,00;RGBA(0.755, 0.055, 0.055, 0.000);Rejected_SafetyRisk
14:44:34;345;RGBA(0.969, 0.619, 0.143, 0.000);-925,00;2;0,00;RGBA(0.755, 0.055, 0.055, 0.000);Rejected_SafetyRisk
14:44:34;346;RGBA(0.969, 0.619, 0.143, 0.000);-925,00;2;0,00;RGBA(0.755, 0.055, 0.055, 0.000);Rejected_SafetyRisk
14:44:34;347;RGBA(0.969, 0.619, 0.143, 0.000);-925,00;2;0,00;RGBA(0.755, 0.055, 0.055, 0.000);Rejected_SafetyRisk
14:44:34;348;RGBA(0.969, 0.619, 0.143, 0.000);-925,00;2;0,00;RGBA(0.755, 0.055, 0.055, 0.000);Rejected_SafetyRisk
14:44:34;349;RGBA(0.969, 0.619, 0.143, 0.000);-925,00;2;0,00;RGBA(0.755, 0.055, 0.055, 0.000);Rejected_SafetyRisk
14:44:34;350;RGBA(0.969, 0.619, 0.143, 0.000);-925,00;2;0,00;RGBA(0.755, 0.055, 0.055, 0.000);Rejected_SafetyRisk
14:44:34;351;RGBA(0.969, 0.619, 0.143, 0.000);-925,00;2;0,00;RGBA(0.755, 0.055, 0.055, 0.000);Rejected_SafetyRisk
14:44:34;352;RGBA(0.969, 0.619, 0.143, 0.000);-925,00;2;0,00;RGBA(0.755, 0.055, 0.055, 0.000);Rejected_SafetyRisk
14:44:34;353;RGBA(0.969, 0.619, 0.143, 0.000);-925,00;2;0,00;RGBA(0.755, 0.055, 0.055, 0.000);Rejected_SafetyRisk
14:44:34;354;RGBA(0.969, 0.619, 0.143, 0.000);-925,00;2;0,00;RGBA(0.755, 0.055, 0.055, 0.000);Rejected_SafetyRisk
14:44:34;355;RGBA(0.969, 0.619, 0.143, 0.000);-925,00;2;0,00;RGBA(0.755, 0.055, 0.055, 0.000);Rejected_SafetyRisk
14:44:34;356;RGBA(0.969, 0.619, 0.143, 0.000);-925,00;2;0,00;RGBA(0.755, 0.055, 0.055, 0.000);Rejected_SafetyRisk
14:44:34;357;RGBA(0.969, 0.619, 0.143, 0.000);-925,00;2;0,00;RGBA(0.755, 0.055, 0.055, 0.000);Rejected_SafetyRisk
14:44:34;358;RGBA(0.969, 0.619, 0.143, 0.000);-925,00;2;0,00;RGBA(0.755, 0.055, 0.055, 0.000);Rejected_SafetyRisk
14:44:34;359;RGBA(0.969, 0.619, 0.143, 0.000);-925,00;2;0,00;RGBA(0.755, 0.055, 0.055, 0.000);Rejected_SafetyRisk
14:44:34;360;RGBA(0.969, 0.619, 0.143, 0.000);-925,00;2;0,00;RGBA(0.755, 0.055, 0.055, 0.000);Rejected_SafetyRisk
14:44:34;361;RGBA(0.969, 0.619, 0.143, 0.000);-925,00;2;0,00;RGBA(0.755, 0.055, 0.055, 0.000);Rejected_SafetyRisk
14:44:34;362;RGBA(0.969, 0.619, 0.143, 0.000);-925,00;2;0,00;RGBA(0.755, 0.055, 0.055, 0.000);Rejected_SafetyRisk
14:44:34;363;RGBA(0.969, 0.619, 0.143, 0.000);-925,00;2;0,00;RGBA(0.755, 0.055, 0.055, 0.000);Rejected_SafetyRisk
14:44:34;364;RGBA(0.969, 0.619, 0.143, 0.000);-925,00;2;0,00;RGBA(0.755, 0.055, 0.055, 0.000);Rejected_SafetyRisk
14:44:34;365;RGBA(0.969, 0.619, 0.143, 0.000);-925,00;2;0,00;RGBA(0.755, 0.055, 0.055, 0.000);Rejected_SafetyRisk
14:44:34;366;RGBA(0.969, 0.619, 0.143, 0.000);-925,00;2;0,00;RGBA(0.755, 0.055, 0.055, 0.000);Rejected_SafetyRisk
14:44:34;367;RGBA(0.969, 0.619, 0.143, 0.000);-925,00;2;0,00;RGBA(0.755, 0.055, 0.055, 0.000);Rejected_SafetyRisk
14:44:34;368;RGBA(0.969, 0.619, 0.143, 0.000);-925,00;2;0,00;RGBA(0.755, 0.055, 0.055, 0.000);Rejected_SafetyRisk
14:44:34;369;RGBA(0.969, 0.619, 0.143, 0.000);-925,00;2;0,00;RGBA(0.755, 0.055, 0.055, 0.000);Rejected_SafetyRisk
14:44:34;370;RGBA(0.969, 0.619, 0.143, 0.000);-925,00;2;0,00;RGBA(0.755, 0.055, 0.055, 0.000);Rejected_SafetyRisk
14:44:34;371;RGBA(0.969, 0.619, 0.143, 0.000);-925,00;2;0,00;RGBA(0.755, 0.055, 0.055, 0.000);Rejected_SafetyRisk
14:44:34;372;RGBA(0.969, 0.619, 0.143, 0.000);-925,00;2;0,00;RGBA(0.755, 0.055, 0.055, 0.000);Rejected_SafetyRisk
14:44:34;373;RGBA(0.969, 0.619, 0.143, 0.000);-925,00;2;0,00;RGBA(0.755, 0.055, 0.055, 0.000);Rejected_SafetyRisk
14:44:34;374;RGBA(0.969, 0.619, 0.143, 0.000);-925,00;2;0,00;RGBA(0.755, 0.055, 0.055, 0.000);Rejected_SafetyRisk
14:44:34;375;RGBA(0.969, 0.619, 0.143, 0.000);-925,00;2;0,00;RGBA(0.755, 0.055, 0.055, 0.000);Rejected_SafetyRisk
14:44:34;376;RGBA(0.969, 0.619, 0.143, 0.000);-925,00;2;0,00;RGBA(0.755, 0.055, 0.055, 0.000);Rejected_SafetyRisk
14:44:34;377;RGBA(0.969, 0.619, 0.143, 0.000);-925,00;2;0,00;RGBA(0.755, 0.055, 0.055, 0.000);Rejected_SafetyRisk
14:44:34;378;RGBA(0.969, 0.619, 0.143, 0.000);-925,00;2;0,00;RGBA(0.755, 0.055, 0.055, 0.000);Rejected_SafetyRisk
14:44:34;379;RGBA(0.969, 0.619, 0.143, 0.000);-925,00;2;0,00;RGBA(0.755, 0.055, 0.055, 0.000);Rejected_SafetyRisk
14:44:34;380;RGBA(0.969, 0.619, 0.143, 0.000);-925,00;2;0,00;RGBA(0.755, 0.055, 0.055, 0.000);Rejected_SafetyRisk
14:44:34;381;RGBA(0.969, 0.619, 0.143, 0.000);-925,00;2;0,00;RGBA(0.755, 0.055, 0.055, 0.000);Rejected_SafetyRisk
14:44:34;382;RGBA(0.969, 0.619, 0.143, 0.000);-925,00;2;0,00;RGBA(0.755, 0.055, 0.055, 0.000);Rejected_SafetyRisk
14:44:34;383;RGBA(0.969, 0.619, 0.143, 0.000);-925,00;2;0,00;RGBA(0.755, 0.055, 0.055, 0.000);Rejected_SafetyRisk
14:44:34;384;RGBA(0.969, 0.619, 0.143, 0.000);-925,00;2;0,00;RGBA(0.755, 0.055, 0.055, 0.000);Rejected_SafetyRisk
14:44:34;385;RGBA(0.969, 0.619, 0.143, 0.000);-925,00;2;0,00;RGBA(0.755, 0.055, 0.055, 0.000);Rejected_SafetyRisk
14:44:34;386;RGBA(0.969, 0.619, 0.143, 0.000);-925,00;2;0,00;RGBA(0.755, 0.055, 0.055, 0.000);Rejected_SafetyRisk
14:44:34;387;RGBA(0.969, 0.619, 0.143, 0.000);-925,00;2;0,00;RGBA(0.755, 0.055, 0.055, 0.000);Rejected_SafetyRisk
14:44:34;388;RGBA(0.969, 0.619, 0.143, 0.000);-925,00;2;0,00;RGBA(0.755, 0.055, 0.055, 0.000);Rejected_SafetyRisk
14:44:34;389;RGBA(0.969, 0.619, 0.143, 0.000);-925,00;2;0,00;RGBA(0.755, 0.055, 0.055, 0.000);Rejected_SafetyRisk
14:44:34;390;RGBA(0.969, 0.619, 0.143, 0.000);-925,00;2;0,00;RGBA(0.755, 0.055, 0.055, 0.000);Rejected_SafetyRisk
14:44:34;391;RGBA(0.969, 0.619, 0.143, 0.000);-925,00;2;0,00;RGBA(0.755, 0.055, 0.055, 0.000);Rejected_SafetyRisk
14:44:34;392;RGBA(0.969, 0.619, 0.143, 0.000);-925,00;2;0,00;RGBA(0.755, 0.055, 0.055, 0.000);Rejected_SafetyRisk
14:44:34;393;RGBA(0.969, 0.619, 0.143, 0.000);-925,00;2;0,00;RGBA(0.755, 0.055, 0.055, 0.000);Rejected_SafetyRisk
14:44:34;394;RGBA(0.969, 0.619, 0.143, 0.000);-925,00;2;0,00;RGBA(0.755, 0.055, 0.055, 0.000);Rejected_SafetyRisk
14:44:34;395;RGBA(0.969, 0.619, 0.143, 0.000);-925,00;2;0,00;RGBA(0.755, 0.055, 0.055, 0.000);Rejected_SafetyRisk
14:44:34;396;RGBA(0.969, 0.619, 0.143, 0.000);-925,00;2;0,00;RGBA(0.755, 0.055, 0.055, 0.000);Rejected_SafetyRisk
14:44:34;397;RGBA(0.969, 0.619, 0.143, 0.000);-925,00;2;0,00;RGBA(0.755, 0.055, 0.055, 0.000);Rejected_SafetyRisk
14:44:34;398;RGBA(0.969, 0.619, 0.143, 0.000);-925,00;2;0,00;RGBA(0.755, 0.055, 0.055, 0.000);Rejected_SafetyRisk
14:44:34;399;RGBA(0.969, 0.619, 0.143, 0.000);-925,00;2;0,00;RGBA(0.755, 0.055, 0.055, 0.000);Rejected_SafetyRisk
14:44:34;400;RGBA(0.969, 0.619, 0.143, 0.000);-925,00;2;0,00;RGBA(0.755, 0.055, 0.055, 0.000);Rejected_SafetyRisk
14:44:34;401;RGBA(0.969, 0.619, 0.143, 0.000);-925,00;2;0,00;RGBA(0.755, 0.055, 0.055, 0.000);Rejected_SafetyRisk
14:44:34;402;RGBA(0.969, 0.619, 0.143, 0.000);-925,00;2;0,00;RGBA(0.755, 0.055, 0.055, 0.000);Rejected_SafetyRisk
14:44:34;403;RGBA(0.969, 0.619, 0.143, 0.000);-925,00;2;0,00;RGBA(0.755, 0.055, 0.055, 0.000);Rejected_SafetyRisk
14:44:34;404;RGBA(0.969, 0.619, 0.143, 0.000);-925,00;2;0,00;RGBA(0.755, 0.055, 0.055, 0.000);Rejected_SafetyRisk
14:44:34;405;RGBA(0.969, 0.619, 0.143, 0.000);-925,00;2;0,00;RGBA(0.755, 0.055, 0.055, 0.000);Rejected_SafetyRisk
14:44:34;406;RGBA(0.969, 0.619, 0.143, 0.000);-925,00;2;0,00;RGBA(0.755, 0.055, 0.055, 0.000);Rejected_SafetyRisk
14:44:34;407;RGBA(0.969, 0.619, 0.143, 0.000);-925,00;2;0,00;RGBA(0.755, 0.055, 0.055, 0.000);Rejected_SafetyRisk
14:44:34;408;RGBA(0.969, 0.619, 0.143, 0.000);-925,00;2;0,00;RGBA(0.755, 0.055, 0.055, 0.000);Rejected_SafetyRisk
14:44:34;409;RGBA(0.969, 0.619, 0.143, 0.000);-925,00;2;0,00;RGBA(0.755, 0.055, 0.055, 0.000);Rejected_SafetyRisk
14:44:34;410;RGBA(0.969, 0.619, 0.143, 0.000);-925,00;2;0,00;RGBA(0.755, 0.055, 0.055, 0.000);Rejected_SafetyRisk
14:44:34;411;RGBA(0.969, 0.619, 0.143, 0.000);-925,00;2;0,00;RGBA(0.755, 0.055, 0.055, 0.000);Rejected_SafetyRisk
14:44:34;412;RGBA(0.969, 0.619, 0.143, 0.000);-925,00;2;0,00;RGBA(0.755, 0.055, 0.055, 0.000);Rejected_SafetyRisk
14:44:34;413;RGBA(0.969, 0.619, 0.143, 0.000);-925,00;2;0,00;RGBA(0.755, 0.055, 0.055, 0.000);Rejected_SafetyRisk
14:44:34;414;RGBA(0.969, 0.619, 0.143, 0.000);-925,00;2;0,00;RGBA(0.755, 0.055, 0.055, 0.000);Rejected_SafetyRisk
14:44:34;415;RGBA(0.969, 0.619, 0.143, 0.000);-925,00;2;0,00;RGBA(0.755, 0.055, 0.055, 0.000);Rejected_SafetyRisk
14:44:34;416;RGBA(0.969, 0.619, 0.143, 0.000);-925,00;2;0,00;RGBA(0.755, 0.055, 0.055, 0.000);Rejected_SafetyRisk
14:44:34;417;RGBA(0.969, 0.619, 0.143, 0.000);-925,00;2;0,00;RGBA(0.755, 0.055, 0.055, 0.000);Rejected_SafetyRisk
14:44:34;418;RGBA(0.969, 0.619, 0.143, 0.000);-925,00;2;0,00;RGBA(0.755, 0.055, 0.055, 0.000);Rejected_SafetyRisk
14:44:34;419;RGBA(0.969, 0.619, 0.143, 0.000);-925,00;2;0,00;RGBA(0.755, 0.055, 0.055, 0.000);Rejected_SafetyRisk
14:44:34;420;RGBA(0.969, 0.619, 0.143, 0.000);-925,00;2;0,00;RGBA(0.755, 0.055, 0.055, 0.000);Rejected_SafetyRisk
14:44:34;421;RGBA(0.969, 0.619, 0.143, 0.000);-925,00;2;0,00;RGBA(0.755, 0.055, 0.055, 0.000);Rejected_SafetyRisk
14:44:34;422;RGBA(0.969, 0.619, 0.143, 0.000);-925,00;2;0,00;RGBA(0.755, 0.055, 0.055, 0.000);Rejected_SafetyRisk
14:44:34;423;RGBA(0.969, 0.619, 0.143, 0.000);-925,00;2;0,00;RGBA(0.755, 0.055, 0.055, 0.000);Rejected_SafetyRisk
14:44:34;424;RGBA(0.969, 0.619, 0.143, 0.000);-925,00;2;0,00;RGBA(0.755, 0.055, 0.055, 0.000);Rejected_SafetyRisk
14:44:34;425;RGBA(0.969, 0.619, 0.143, 0.000);-925,00;2;0,00;RGBA(0.755, 0.055, 0.055, 0.000);Rejected_SafetyRisk
14:44:34;426;RGBA(0.969, 0.619, 0.143, 0.000);-925,00;2;0,00;RGBA(0.755, 0.055, 0.055, 0.000);Rejected_SafetyRisk
14:44:34;427;RGBA(0.969, 0.619, 0.143, 0.000);-925,00;2;0,00;RGBA(0.755, 0.055, 0.055, 0.000);Rejected_SafetyRisk
14:44:34;428;RGBA(0.969, 0.619, 0.143, 0.000);-925,00;2;0,00;RGBA(0.755, 0.055, 0.055, 0.000);Rejected_SafetyRisk
14:44:34;429;RGBA(0.969, 0.619, 0.143, 0.000);-925,00;2;0,00;RGBA(0.755, 0.055, 0.055, 0.000);Rejected_SafetyRisk
14:44:34;430;RGBA(0.969, 0.619, 0.143, 0.000);-925,00;2;0,00;RGBA(0.755, 0.055, 0.055, 0.000);Rejected_SafetyRisk
14:44:34;431;RGBA(0.969, 0.619, 0.143, 0.000);-925,00;2;0,00;RGBA(0.755, 0.055, 0.055, 0.000);Rejected_SafetyRisk
14:44:34;432;RGBA(0.969, 0.619, 0.143, 0.000);-925,00;2;0,00;RGBA(0.755, 0.055, 0.055, 0.000);Rejected_SafetyRisk
14:44:34;433;RGBA(0.969, 0.619, 0.143, 0.000);-925,00;2;0,00;RGBA(0.755, 0.055, 0.055, 0.000);Rejected_SafetyRisk
14:44:34;434;RGBA(0.969, 0.619, 0.143, 0.000);-925,00;2;0,00;RGBA(0.755, 0.055, 0.055, 0.000);Rejected_SafetyRisk
14:44:34;435;RGBA(0.969, 0.619, 0.143, 0.000);-925,00;2;0,00;RGBA(0.755, 0.055, 0.055, 0.000);Rejected_SafetyRisk
14:44:34;436;RGBA(0.969, 0.619, 0.143, 0.000);-925,00;2;0,00;RGBA(0.755, 0.055, 0.055, 0.000);Rejected_SafetyRisk
14:44:34;437;RGBA(0.969, 0.619, 0.143, 0.000);-925,00;2;0,00;RGBA(0.755, 0.055, 0.055, 0.000);Rejected_SafetyRisk
14:44:34;438;RGBA(0.969, 0.619, 0.143, 0.000);-925,00;2;0,00;RGBA(0.755, 0.055, 0.055, 0.000);Rejected_SafetyRisk
14:44:34;439;RGBA(0.969, 0.619, 0.143, 0.000);-925,00;2;0,00;RGBA(0.755, 0.055, 0.055, 0.000);Rejected_SafetyRisk
14:44:34;440;RGBA(0.969, 0.619, 0.143, 0.000);-925,00;2;0,00;RGBA(0.755, 0.055, 0.055, 0.000);Rejected_SafetyRisk
14:44:34;441;RGBA(0.969, 0.619, 0.143, 0.000);-925,00;2;0,00;RGBA(0.755, 0.055, 0.055, 0.000);Rejected_SafetyRisk
14:44:34;442;RGBA(0.969, 0.619, 0.143, 0.000);-925,00;2;0,00;RGBA(0.755, 0.055, 0.055, 0.000);Rejected_SafetyRisk
14:44:34;443;RGBA(0.969, 0.619, 0.143, 0.000);-925,00;2;0,00;RGBA(0.755, 0.055, 0.055, 0.000);Rejected_SafetyRisk
14:44:34;444;RGBA(0.969, 0.619, 0.143, 0.000);-925,00;2;0,00;RGBA(0.755, 0.055, 0.055, 0.000);Rejected_SafetyRisk
14:44:34;445;RGBA(0.969, 0.619, 0.143, 0.000);-925,00;2;0,00;RGBA(0.755, 0.055, 0.055, 0.000);Rejected_SafetyRisk
14:44:34;446;RGBA(0.969, 0.619, 0.143, 0.000);-925,00;2;0,00;RGBA(0.755, 0.055, 0.055, 0.000);Rejected_SafetyRisk
14:44:34;447;RGBA(0.969, 0.619, 0.143, 0.000);-925,00;2;0,00;RGBA(0.755, 0.055, 0.055, 0.000);Rejected_SafetyRisk
14:44:34;448;RGBA(0.969, 0.619, 0.143, 0.000);-925,00;2;0,00;RGBA(0.755, 0.055, 0.055, 0.000);Rejected_SafetyRisk
14:44:34;449;RGBA(0.969, 0.619, 0.143, 0.000);-925,00;2;0,00;RGBA(0.755, 0.055, 0.055, 0.000);Rejected_SafetyRisk
14:44:34;450;RGBA(0.969, 0.619, 0.143, 0.000);-925,00;2;0,00;RGBA(0.755, 0.055, 0.055, 0.000);Rejected_SafetyRisk
14:44:34;451;RGBA(0.969, 0.619, 0.143, 0.000);-925,00;2;0,00;RGBA(0.755, 0.055, 0.055, 0.000);Rejected_SafetyRisk
14:44:34;452;RGBA(0.969, 0.619, 0.143, 0.000);-925,00;2;0,00;RGBA(0.755, 0.055, 0.055, 0.000);Rejected_SafetyRisk
14:44:34;453;RGBA(0.969, 0.619, 0.143, 0.000);-925,00;2;0,00;RGBA(0.755, 0.055, 0.055, 0.000);Rejected_SafetyRisk
14:44:34;454;RGBA(0.969, 0.619, 0.143, 0.000);-925,00;2;0,00;RGBA(0.755, 0.055, 0.055, 0.000);Rejected_SafetyRisk
14:44:34;455;RGBA(0.969, 0.619, 0.143, 0.000);-925,00;2;0,00;RGBA(0.755, 0.055, 0.055, 0.000);Rejected_SafetyRisk
14:44:34;456;RGBA(0.969, 0.619, 0.143, 0.000);-925,00;2;0,00;RGBA(0.755, 0.055, 0.055, 0.000);Rejected_SafetyRisk
14:44:34;457;RGBA(0.969, 0.619, 0.143, 0.000);-925,00;2;0,00;RGBA(0.755, 0.055, 0.055, 0.000);Rejected_SafetyRisk
14:44:34;458;RGBA(0.969, 0.619, 0.143, 0.000);-925,00;2;0,00;RGBA(0.755, 0.055, 0.055, 0.000);Rejected_SafetyRisk
14:44:34;459;RGBA(0.969, 0.619, 0.143, 0.000);-925,00;2;0,00;RGBA(0.755, 0.055, 0.055, 0.000);Rejected_SafetyRisk
14:44:34;460;RGBA(0.969, 0.619, 0.143, 0.000);-925,00;2;0,00;RGBA(0.755, 0.055, 0.055, 0.000);Rejected_SafetyRisk
14:44:34;461;RGBA(0.969, 0.619, 0.143, 0.000);-925,00;2;0,00;RGBA(0.755, 0.055, 0.055, 0.000);Rejected_SafetyRisk
14:44:34;462;RGBA(0.969, 0.619, 0.143, 0.000);-925,00;2;0,00;RGBA(0.755, 0.055, 0.055, 0.000);Rejected_SafetyRisk
14:44:34;463;RGBA(0.969, 0.619, 0.143, 0.000);-925,00;2;0,00;RGBA(0.755, 0.055, 0.055, 0.000);Rejected_SafetyRisk
14:44:34;464;RGBA(0.969, 0.619, 0.143, 0.000);-925,00;2;0,00;RGBA(0.755, 0.055, 0.055, 0.000);Rejected_SafetyRisk
14:44:34;465;RGBA(0.969, 0.619, 0.143, 0.000);-925,00;2;0,00;RGBA(0.755, 0.055, 0.055, 0.000);Rejected_SafetyRisk
14:44:34;466;RGBA(0.969, 0.619, 0.143, 0.000);-925,00;2;0,00;RGBA(0.755, 0.055, 0.055, 0.000);Rejected_SafetyRisk
14:44:34;467;RGBA(0.969, 0.619, 0.143, 0.000);-925,00;2;0,00;RGBA(0.755, 0.055, 0.055, 0.000);Rejected_SafetyRisk
14:44:34;468;RGBA(0.969, 0.619, 0.143, 0.000);-925,00;2;0,00;RGBA(0.755, 0.055, 0.055, 0.000);Rejected_SafetyRisk
14:44:34;469;RGBA(0.969, 0.619, 0.143, 0.000);-925,00;2;0,00;RGBA(0.755, 0.055, 0.055, 0.000);Rejected_SafetyRisk
14:44:34;470;RGBA(0.969, 0.619, 0.143, 0.000);-925,00;2;0,00;RGBA(0.755, 0.055, 0.055, 0.000);Rejected_SafetyRisk
14:44:34;471;RGBA(0.969, 0.619, 0.143, 0.000);-925,00;2;0,00;RGBA(0.755, 0.055, 0.055, 0.000);Rejected_SafetyRisk
14:44:34;472;RGBA(0.969, 0.619, 0.143, 0.000);-925,00;2;0,00;RGBA(0.755, 0.055, 0.055, 0.000);Rejected_SafetyRisk
14:44:34;473;RGBA(0.969, 0.619, 0.143, 0.000);-925,00;2;0,00;RGBA(0.755, 0.055, 0.055, 0.000);Rejected_SafetyRisk
14:44:34;474;RGBA(0.969, 0.619, 0.143, 0.000);-925,00;2;0,00;RGBA(0.755, 0.055, 0.055, 0.000);Rejected_SafetyRisk
14:44:34;475;RGBA(0.969, 0.619, 0.143, 0.000);-925,00;2;0,00;RGBA(0.755, 0.055, 0.055, 0.000);Rejected_SafetyRisk
14:44:34;476;RGBA(0.969, 0.619, 0.143, 0.000);-925,00;2;0,00;RGBA(0.755, 0.055, 0.055, 0.000);Rejected_SafetyRisk
14:44:34;477;RGBA(0.969, 0.619, 0.143, 0.000);-925,00;2;0,00;RGBA(0.755, 0.055, 0.055, 0.000);Rejected_SafetyRisk
14:44:34;478;RGBA(0.969, 0.619, 0.143, 0.000);-925,00;2;0,00;RGBA(0.755, 0.055, 0.055, 0.000);Rejected_SafetyRisk
14:44:34;479;RGBA(0.969, 0.619, 0.143, 0.000);-925,00;2;0,00;RGBA(0.755, 0.055, 0.055, 0.000);Rejected_SafetyRisk
14:44:34;480;RGBA(0.969, 0.619, 0.143, 0.000);-925,00;2;0,00;RGBA(0.755, 0.055, 0.055, 0.000);Rejected_SafetyRisk
14:44:34;481;RGBA(0.969, 0.619, 0.143, 0.000);-925,00;2;0,00;RGBA(0.755, 0.055, 0.055, 0.000);Rejected_SafetyRisk
14:44:34;482;RGBA(0.969, 0.619, 0.143, 0.000);-925,00;2;0,00;RGBA(0.755, 0.055, 0.055, 0.000);Rejected_SafetyRisk
14:44:34;483;RGBA(0.969, 0.619, 0.143, 0.000);-925,00;2;0,00;RGBA(0.755, 0.055, 0.055, 0.000);Rejected_SafetyRisk
14:44:34;484;RGBA(0.969, 0.619, 0.143, 0.000);-925,00;2;0,00;RGBA(0.755, 0.055, 0.055, 0.000);Rejected_SafetyRisk
14:44:34;485;RGBA(0.969, 0.619, 0.143, 0.000);-925,00;2;0,00;RGBA(0.755, 0.055, 0.055, 0.000);Rejected_SafetyRisk
14:44:34;486;RGBA(0.969, 0.619, 0.143, 0.000);-925,00;2;0,00;RGBA(0.755, 0.055, 0.055, 0.000);Rejected_SafetyRisk
14:44:34;487;RGBA(0.969, 0.619, 0.143, 0.000);-925,00;2;0,00;RGBA(0.755, 0.055, 0.055, 0.000);Rejected_SafetyRisk
14:44:34;488;RGBA(0.969, 0.619, 0.143, 0.000);-925,00;2;0,00;RGBA(0.755, 0.055, 0.055, 0.000);Rejected_SafetyRisk
14:44:34;489;RGBA(0.969, 0.619, 0.143, 0.000);-925,00;2;0,00;RGBA(0.755, 0.055, 0.055, 0.000);Rejected_SafetyRisk
14:44:34;490;RGBA(0.969, 0.619, 0.143, 0.000);-925,00;2;0,00;RGBA(0.755, 0.055, 0.055, 0.000);Rejected_SafetyRisk
14:44:34;491;RGBA(0.969, 0.619, 0.143, 0.000);-925,00;2;0,00;RGBA(0.755, 0.055, 0.055, 0.000);Rejected_SafetyRisk
14:44:34;492;RGBA(0.969, 0.619, 0.143, 0.000);-925,00;2;0,00;RGBA(0.755, 0.055, 0.055, 0.000);Rejected_SafetyRisk
14:44:34;493;RGBA(0.969, 0.619, 0.143, 0.000);-925,00;2;0,00;RGBA(0.755, 0.055, 0.055, 0.000);Rejected_SafetyRisk
14:44:34;494;RGBA(0.969, 0.619, 0.143, 0.000);-925,00;2;0,00;RGBA(0.755, 0.055, 0.055, 0.000);Rejected_SafetyRisk
14:44:34;495;RGBA(0.969, 0.619, 0.143, 0.000);-925,00;2;0,00;RGBA(0.755, 0.055, 0.055, 0.000);Rejected_SafetyRisk
14:44:34;496;RGBA(0.969, 0.619, 0.143, 0.000);-925,00;2;0,00;RGBA(0.755, 0.055, 0.055, 0.000);Rejected_SafetyRisk
14:44:34;497;RGBA(0.969, 0.619, 0.143, 0.000);-925,00;2;0,00;RGBA(0.755, 0.055, 0.055, 0.000);Rejected_SafetyRisk
14:44:34;498;RGBA(0.969, 0.619, 0.143, 0.000);-925,00;2;0,00;RGBA(0.755, 0.055, 0.055, 0.000);Rejected_SafetyRisk
14:44:34;499;RGBA(0.969, 0.619, 0.143, 0.000);-925,00;2;0,00;RGBA(0.755, 0.055, 0.055, 0.000);Rejected_SafetyRisk
14:44:34;500;RGBA(0.969, 0.619, 0.143, 0.000);-925,00;2;0,00;RGBA(0.755, 0.055, 0.055, 0.000);Rejected_SafetyRisk
14:44:34;501;RGBA(0.969, 0.619, 0.143, 0.000);-925,00;2;0,00;RGBA(0.755, 0.055, 0.055, 0.000);Rejected_SafetyRisk
14:44:34;502;RGBA(0.969, 0.619, 0.143, 0.000);-925,00;2;0,00;RGBA(0.755, 0.055, 0.055, 0.000);Rejected_SafetyRisk
14:44:34;503;RGBA(0.969, 0.619, 0.143, 0.000);-925,00;2;0,00;RGBA(0.755, 0.055, 0.055, 0.000);Rejected_SafetyRisk
14:44:34;504;RGBA(0.969, 0.619, 0.143, 0.000);-925,00;2;0,00;RGBA(0.755, 0.055, 0.055, 0.000);Rejected_SafetyRisk
14:44:34;505;RGBA(0.969, 0.619, 0.143, 0.000);-925,00;2;0,00;RGBA(0.755, 0.055, 0.055, 0.000);Rejected_SafetyRisk
14:44:34;506;RGBA(0.969, 0.619, 0.143, 0.000);-925,00;2;0,00;RGBA(0.755, 0.055, 0.055, 0.000);Rejected_SafetyRisk
14:44:34;507;RGBA(0.969, 0.619, 0.143, 0.000);-925,00;2;0,00;RGBA(0.755, 0.055, 0.055, 0.000);Rejected_SafetyRisk
14:44:34;508;RGBA(0.969, 0.619, 0.143, 0.000);-925,00;2;0,00;RGBA(0.755, 0.055, 0.055, 0.000);Rejected_SafetyRisk
14:44:34;509;RGBA(0.969, 0.619, 0.143, 0.000);-925,00;2;0,00;RGBA(0.755, 0.055, 0.055, 0.000);Rejected_SafetyRisk
14:44:34;510;RGBA(0.969, 0.619, 0.143, 0.000);-925,00;2;0,00;RGBA(0.755, 0.055, 0.055, 0.000);Rejected_SafetyRisk
14:44:34;511;RGBA(0.969, 0.619, 0.143, 0.000);-925,00;2;0,00;RGBA(0.755, 0.055, 0.055, 0.000);Rejected_SafetyRisk
14:44:34;512;RGBA(0.969, 0.619, 0.143, 0.000);-925,00;2;0,00;RGBA(0.755, 0.055, 0.055, 0.000);Rejected_SafetyRisk
14:44:34;513;RGBA(0.969, 0.619, 0.143, 0.000);-925,00;2;0,00;RGBA(0.755, 0.055, 0.055, 0.000);Rejected_SafetyRisk
14:44:34;514;RGBA(0.969, 0.619, 0.143, 0.000);-925,00;2;0,00;RGBA(0.755, 0.055, 0.055, 0.000);Rejected_SafetyRisk
14:44:34;515;RGBA(0.969, 0.619, 0.143, 0.000);-925,00;2;0,00;RGBA(0.755, 0.055, 0.055, 0.000);Rejected_SafetyRisk
14:44:35;516;RGBA(0.969, 0.619, 0.143, 0.000);-925,00;2;0,00;RGBA(0.755, 0.055, 0.055, 0.000);Rejected_SafetyRisk
14:44:35;517;RGBA(0.969, 0.619, 0.143, 0.000);-925,00;2;0,00;RGBA(0.755, 0.055, 0.055, 0.000);Rejected_SafetyRisk
14:44:35;518;RGBA(0.969, 0.619, 0.143, 0.000);-925,00;2;0,00;RGBA(0.755, 0.055, 0.055, 0.000);Rejected_SafetyRisk
14:44:35;519;RGBA(0.969, 0.619, 0.143, 0.000);-925,00;2;0,00;RGBA(0.755, 0.055, 0.055, 0.000);Rejected_SafetyRisk
14:44:35;520;RGBA(0.969, 0.619, 0.143, 0.000);-925,00;2;0,00;RGBA(0.755, 0.055, 0.055, 0.000);Rejected_SafetyRisk
14:44:35;521;RGBA(0.969, 0.619, 0.143, 0.000);-925,00;2;0,00;RGBA(0.755, 0.055, 0.055, 0.000);Rejected_SafetyRisk
14:44:35;522;RGBA(0.969, 0.619, 0.143, 0.000);-925,00;2;0,00;RGBA(0.755, 0.055, 0.055, 0.000);Rejected_SafetyRisk
14:44:35;523;RGBA(0.969, 0.619, 0.143, 0.000);-925,00;2;0,00;RGBA(0.755, 0.055, 0.055, 0.000);Rejected_SafetyRisk
14:44:35;524;RGBA(0.969, 0.619, 0.143, 0.000);-925,00;2;0,00;RGBA(0.755, 0.055, 0.055, 0.000);Rejected_SafetyRisk
14:44:35;525;RGBA(0.969, 0.619, 0.143, 0.000);-925,00;2;0,00;RGBA(0.755, 0.055, 0.055, 0.000);Rejected_SafetyRisk
14:44:35;526;RGBA(0.969, 0.619, 0.143, 0.000);-925,00;2;0,00;RGBA(0.755, 0.055, 0.055, 0.000);Rejected_SafetyRisk
14:44:35;527;RGBA(0.969, 0.619, 0.143, 0.000);-925,00;2;0,00;RGBA(0.755, 0.055, 0.055, 0.000);Rejected_SafetyRisk
14:44:35;528;RGBA(0.969, 0.619, 0.143, 0.000);-925,00;2;0,00;RGBA(0.755, 0.055, 0.055, 0.000);Rejected_SafetyRisk
14:44:35;529;RGBA(0.969, 0.619, 0.143, 0.000);-925,00;2;0,00;RGBA(0.755, 0.055, 0.055, 0.000);Rejected_SafetyRisk
14:44:35;530;RGBA(0.969, 0.619, 0.143, 0.000);-925,00;2;0,00;RGBA(0.755, 0.055, 0.055, 0.000);Rejected_SafetyRisk
14:44:35;531;RGBA(0.969, 0.619, 0.143, 0.000);-925,00;2;0,00;RGBA(0.755, 0.055, 0.055, 0.000);Rejected_SafetyRisk
14:44:35;532;RGBA(0.969, 0.619, 0.143, 0.000);-925,00;2;0,00;RGBA(0.755, 0.055, 0.055, 0.000);Rejected_SafetyRisk
14:44:35;533;RGBA(0.969, 0.619, 0.143, 0.000);-925,00;2;0,00;RGBA(0.755, 0.055, 0.055, 0.000);Rejected_SafetyRisk
14:44:35;534;RGBA(0.969, 0.619, 0.143, 0.000);-925,00;2;0,00;RGBA(0.755, 0.055, 0.055, 0.000);Rejected_SafetyRisk
14:44:35;535;RGBA(0.969, 0.619, 0.143, 0.000);-925,00;2;0,00;RGBA(0.755, 0.055, 0.055, 0.000);Rejected_SafetyRisk
14:44:35;536;RGBA(0.969, 0.619, 0.143, 0.000);-925,00;2;0,00;RGBA(0.755, 0.055, 0.055, 0.000);Rejected_SafetyRisk
14:44:35;537;RGBA(0.969, 0.619, 0.143, 0.000);-925,00;2;0,00;RGBA(0.755, 0.055, 0.055, 0.000);Rejected_SafetyRisk
14:44:35;538;RGBA(0.969, 0.619, 0.143, 0.000);-925,00;2;0,00;RGBA(0.755, 0.055, 0.055, 0.000);Rejected_SafetyRisk
14:44:35;539;RGBA(0.969, 0.619, 0.143, 0.000);-925,00;2;0,00;RGBA(0.755, 0.055, 0.055, 0.000);Rejected_SafetyRisk
14:44:35;540;RGBA(0.969, 0.619, 0.143, 0.000);-925,00;2;0,00;RGBA(0.755, 0.055, 0.055, 0.000);Rejected_SafetyRisk
14:44:35;541;RGBA(0.969, 0.619, 0.143, 0.000);-925,00;2;0,00;RGBA(0.755, 0.055, 0.055, 0.000);Rejected_SafetyRisk
14:44:35;542;RGBA(0.969, 0.619, 0.143, 0.000);-925,00;2;0,00;RGBA(0.755, 0.055, 0.055, 0.000);Rejected_SafetyRisk
14:44:35;543;RGBA(0.969, 0.619, 0.143, 0.000);-925,00;2;0,00;RGBA(0.755, 0.055, 0.055, 0.000);Rejected_SafetyRisk
14:44:35;544;RGBA(0.969, 0.619, 0.143, 0.000);-925,00;2;0,00;RGBA(0.755, 0.055, 0.055, 0.000);Rejected_SafetyRisk
14:44:35;545;RGBA(0.969, 0.619, 0.143, 0.000);-925,00;2;0,00;RGBA(0.755, 0.055, 0.055, 0.000);Rejected_SafetyRisk
14:44:35;546;RGBA(0.969, 0.619, 0.143, 0.000);-925,00;2;0,00;RGBA(0.755, 0.055, 0.055, 0.000);Rejected_SafetyRisk
14:44:35;547;RGBA(0.969, 0.619, 0.143, 0.000);-925,00;2;0,00;RGBA(0.755, 0.055, 0.055, 0.000);Rejected_SafetyRisk
14:44:35;548;RGBA(0.969, 0.619, 0.143, 0.000);-925,00;2;0,00;RGBA(0.755, 0.055, 0.055, 0.000);Rejected_SafetyRisk
14:44:35;549;RGBA(0.969, 0.619, 0.143, 0.000);-925,00;2;0,00;RGBA(0.755, 0.055, 0.055, 0.000);Rejected_SafetyRisk
14:44:35;550;RGBA(0.969, 0.619, 0.143, 0.000);-925,00;2;0,00;RGBA(0.755, 0.055, 0.055, 0.000);Rejected_SafetyRisk
14:44:35;551;RGBA(0.969, 0.619, 0.143, 0.000);-925,00;2;0,00;RGBA(0.755, 0.055, 0.055, 0.000);Rejected_SafetyRisk
14:44:35;552;RGBA(0.969, 0.619, 0.143, 0.000);-925,00;2;0,00;RGBA(0.755, 0.055, 0.055, 0.000);Rejected_SafetyRisk
14:44:35;553;RGBA(0.969, 0.619, 0.143, 0.000);-925,00;2;0,00;RGBA(0.755, 0.055, 0.055, 0.000);Rejected_SafetyRisk
14:44:35;554;RGBA(0.969, 0.619, 0.143, 0.000);-925,00;2;0,00;RGBA(0.755, 0.055, 0.055, 0.000);Rejected_SafetyRisk
14:44:35;555;RGBA(0.969, 0.619, 0.143, 0.000);-925,00;2;0,00;RGBA(0.755, 0.055, 0.055, 0.000);Rejected_SafetyRisk
14:44:35;556;RGBA(0.969, 0.619, 0.143, 0.000);-925,00;2;0,00;RGBA(0.755, 0.055, 0.055, 0.000);Rejected_SafetyRisk
14:44:35;557;RGBA(0.969, 0.619, 0.143, 0.000);-925,00;2;0,00;RGBA(0.755, 0.055, 0.055, 0.000);Rejected_SafetyRisk
14:44:35;558;RGBA(0.969, 0.619, 0.143, 0.000);-925,00;2;0,00;RGBA(0.755, 0.055, 0.055, 0.000);Rejected_SafetyRisk
14:44:35;559;RGBA(0.969, 0.619, 0.143, 0.000);-925,00;2;0,00;RGBA(0.755, 0.055, 0.055, 0.000);Rejected_SafetyRisk
14:44:35;560;RGBA(0.969, 0.619, 0.143, 0.000);-925,00;2;0,00;RGBA(0.755, 0.055, 0.055, 0.000);Rejected_SafetyRisk
14:44:35;561;RGBA(0.969, 0.619, 0.143, 0.000);-925,00;2;0,00;RGBA(0.755, 0.055, 0.055, 0.000);Rejected_SafetyRisk
14:44:35;562;RGBA(0.969, 0.619, 0.143, 0.000);-925,00;2;0,00;RGBA(0.755, 0.055, 0.055, 0.000);Rejected_SafetyRisk
14:44:35;563;RGBA(0.969, 0.619, 0.143, 0.000);-925,00;2;0,00;RGBA(0.755, 0.055, 0.055, 0.000);Rejected_SafetyRisk
14:44:35;564;RGBA(0.969, 0.619, 0.143, 0.000);-925,00;2;0,00;RGBA(0.755, 0.055, 0.055, 0.000);Rejected_SafetyRisk
14:44:35;565;RGBA(0.969, 0.619, 0.143, 0.000);-925,00;2;0,00;RGBA(0.755, 0.055, 0.055, 0.000);Rejected_SafetyRisk
14:44:35;566;RGBA(0.969, 0.619, 0.143, 0.000);-925,00;2;0,00;RGBA(0.755, 0.055, 0.055, 0.000);Rejected_SafetyRisk
14:44:35;567;RGBA(0.969, 0.619, 0.143, 0.000);-925,00;2;0,00;RGBA(0.755, 0.055, 0.055, 0.000);Rejected_SafetyRisk
14:44:35;568;RGBA(0.969, 0.619, 0.143, 0.000);-925,00;2;0,00;RGBA(0.755, 0.055, 0.055, 0.000);Rejected_SafetyRisk
14:44:35;569;RGBA(0.969, 0.619, 0.143, 0.000);-925,00;2;0,00;RGBA(0.755, 0.055, 0.055, 0.000);Rejected_SafetyRisk
14:44:35;570;RGBA(0.969, 0.619, 0.143, 0.000);-925,00;2;0,00;RGBA(0.755, 0.055, 0.055, 0.000);Rejected_SafetyRisk
14:44:35;571;RGBA(0.969, 0.619, 0.143, 0.000);-925,00;2;0,00;RGBA(0.755, 0.055, 0.055, 0.000);Rejected_SafetyRisk
14:44:35;572;RGBA(0.969, 0.619, 0.143, 0.000);-925,00;2;0,00;RGBA(0.755, 0.055, 0.055, 0.000);Rejected_SafetyRisk
14:44:35;573;RGBA(0.969, 0.619, 0.143, 0.000);-925,00;2;0,00;RGBA(0.755, 0.055, 0.055, 0.000);Rejected_SafetyRisk
14:44:35;574;RGBA(0.969, 0.619, 0.143, 0.000);-925,00;2;0,00;RGBA(0.755, 0.055, 0.055, 0.000);Rejected_SafetyRisk
14:44:35;575;RGBA(0.969, 0.619, 0.143, 0.000);-925,00;2;0,00;RGBA(0.755, 0.055, 0.055, 0.000);Rejected_SafetyRisk
14:44:35;576;RGBA(0.969, 0.619, 0.143, 0.000);-925,00;2;0,00;RGBA(0.755, 0.055, 0.055, 0.000);Rejected_SafetyRisk
14:44:35;577;RGBA(0.969, 0.619, 0.143, 0.000);-925,00;2;0,00;RGBA(0.755, 0.055, 0.055, 0.000);Rejected_SafetyRisk
14:44:35;578;RGBA(0.969, 0.619, 0.143, 0.000);-925,00;2;0,00;RGBA(0.755, 0.055, 0.055, 0.000);Rejected_SafetyRisk
14:44:35;579;RGBA(0.969, 0.619, 0.143, 0.000);-925,00;2;0,00;RGBA(0.755, 0.055, 0.055, 0.000);Rejected_SafetyRisk
14:44:35;580;RGBA(0.969, 0.619, 0.143, 0.000);-925,00;2;0,00;RGBA(0.755, 0.055, 0.055, 0.000);Rejected_SafetyRisk
14:44:35;581;RGBA(0.969, 0.619, 0.143, 0.000);-925,00;2;0,00;RGBA(0.755, 0.055, 0.055, 0.000);Rejected_SafetyRisk
14:44:35;582;RGBA(0.969, 0.619, 0.143, 0.000);-925,00;2;0,00;RGBA(0.755, 0.055, 0.055, 0.000);Rejected_SafetyRisk
14:44:35;583;RGBA(0.969, 0.619, 0.143, 0.000);-925,00;2;0,00;RGBA(0.755, 0.055, 0.055, 0.000);Rejected_SafetyRisk
14:44:35;584;RGBA(0.969, 0.619, 0.143, 0.000);-925,00;2;0,00;RGBA(0.755, 0.055, 0.055, 0.000);Rejected_SafetyRisk
14:44:35;585;RGBA(0.969, 0.619, 0.143, 0.000);-925,00;2;0,00;RGBA(0.755, 0.055, 0.055, 0.000);Rejected_SafetyRisk
14:44:35;586;RGBA(0.969, 0.619, 0.143, 0.000);-925,00;2;0,00;RGBA(0.755, 0.055, 0.055, 0.000);Rejected_SafetyRisk
14:44:35;587;RGBA(0.969, 0.619, 0.143, 0.000);-925,00;2;0,00;RGBA(0.755, 0.055, 0.055, 0.000);Rejected_SafetyRisk
14:44:35;588;RGBA(0.969, 0.619, 0.143, 0.000);-925,00;2;0,00;RGBA(0.755, 0.055, 0.055, 0.000);Rejected_SafetyRisk
14:44:35;589;RGBA(0.969, 0.619, 0.143, 0.000);-925,00;2;0,00;RGBA(0.755, 0.055, 0.055, 0.000);Rejected_SafetyRisk
14:44:35;590;RGBA(0.969, 0.619, 0.143, 0.000);-925,00;2;0,00;RGBA(0.755, 0.055, 0.055, 0.000);Rejected_SafetyRisk
14:44:35;591;RGBA(0.969, 0.619, 0.143, 0.000);-925,00;2;0,00;RGBA(0.755, 0.055, 0.055, 0.000);Rejected_SafetyRisk
14:44:35;592;RGBA(0.969, 0.619, 0.143, 0.000);-925,00;2;0,00;RGBA(0.755, 0.055, 0.055, 0.000);Rejected_SafetyRisk
14:44:35;593;RGBA(0.969, 0.619, 0.143, 0.000);-925,00;2;0,00;RGBA(0.755, 0.055, 0.055, 0.000);Rejected_SafetyRisk
14:44:35;594;RGBA(0.969, 0.619, 0.143, 0.000);-925,00;2;0,00;RGBA(0.755, 0.055, 0.055, 0.000);Rejected_SafetyRisk
14:44:35;595;RGBA(0.969, 0.619, 0.143, 0.000);-925,00;2;0,00;RGBA(0.755, 0.055, 0.055, 0.000);Rejected_SafetyRisk
14:44:35;596;RGBA(0.969, 0.619, 0.143, 0.000);-925,00;2;0,00;RGBA(0.755, 0.055, 0.055, 0.000);Rejected_SafetyRisk
14:44:35;597;RGBA(0.969, 0.619, 0.143, 0.000);-925,00;2;0,00;RGBA(0.755, 0.055, 0.055, 0.000);Rejected_SafetyRisk
14:44:35;598;RGBA(0.969, 0.619, 0.143, 0.000);-925,00;2;0,00;RGBA(0.755, 0.055, 0.055, 0.000);Rejected_SafetyRisk
14:44:35;599;RGBA(0.969, 0.619, 0.143, 0.000);-925,00;2;0,00;RGBA(0.755, 0.055, 0.055, 0.000);Rejected_SafetyRisk
14:44:35;600;RGBA(0.969, 0.619, 0.143, 0.000);-925,00;2;0,00;RGBA(0.755, 0.055, 0.055, 0.000);Rejected_SafetyRisk
14:44:35;601;RGBA(0.969, 0.619, 0.143, 0.000);-925,00;2;0,00;RGBA(0.755, 0.055, 0.055, 0.000);Rejected_SafetyRisk
14:44:35;602;RGBA(0.969, 0.619, 0.143, 0.000);-925,00;2;0,00;RGBA(0.755, 0.055, 0.055, 0.000);Rejected_SafetyRisk
14:44:35;603;RGBA(0.969, 0.619, 0.143, 0.000);-925,00;2;0,00;RGBA(0.755, 0.055, 0.055, 0.000);Rejected_SafetyRisk
14:44:35;604;RGBA(0.969, 0.619, 0.143, 0.000);-925,00;2;0,00;RGBA(0.755, 0.055, 0.055, 0.000);Rejected_SafetyRisk
14:44:35;605;RGBA(0.969, 0.619, 0.143, 0.000);-925,00;2;0,00;RGBA(0.755, 0.055, 0.055, 0.000);Rejected_SafetyRisk
14:44:35;606;RGBA(0.969, 0.619, 0.143, 0.000);-925,00;2;0,00;RGBA(0.755, 0.055, 0.055, 0.000);Rejected_SafetyRisk
14:44:35;607;RGBA(0.969, 0.619, 0.143, 0.000);-925,00;2;0,00;RGBA(0.755, 0.055, 0.055, 0.000);Rejected_SafetyRisk
14:44:35;608;RGBA(0.969, 0.619, 0.143, 0.000);-925,00;2;0,00;RGBA(0.755, 0.055, 0.055, 0.000);Rejected_SafetyRisk
14:44:35;609;RGBA(0.969, 0.619, 0.143, 0.000);-925,00;2;0,00;RGBA(0.755, 0.055, 0.055, 0.000);Rejected_SafetyRisk
14:44:35;610;RGBA(0.969, 0.619, 0.143, 0.000);-925,00;2;0,00;RGBA(0.755, 0.055, 0.055, 0.000);Rejected_SafetyRisk
14:44:35;611;RGBA(0.969, 0.619, 0.143, 0.000);-925,00;2;0,00;RGBA(0.755, 0.055, 0.055, 0.000);Rejected_SafetyRisk
14:44:35;612;RGBA(0.969, 0.619, 0.143, 0.000);-925,00;2;0,00;RGBA(0.755, 0.055, 0.055, 0.000);Rejected_SafetyRisk
14:44:35;613;RGBA(0.969, 0.619, 0.143, 0.000);-925,00;2;0,00;RGBA(0.755, 0.055, 0.055, 0.000);Rejected_SafetyRisk
14:44:35;614;RGBA(0.969, 0.619, 0.143, 0.000);-925,00;2;0,00;RGBA(0.755, 0.055, 0.055, 0.000);Rejected_SafetyRisk
14:44:35;615;RGBA(0.969, 0.619, 0.143, 0.000);-925,00;2;0,00;RGBA(0.755, 0.055, 0.055, 0.000);Rejected_SafetyRisk
14:44:35;616;RGBA(0.969, 0.619, 0.143, 0.000);-925,00;2;0,00;RGBA(0.755, 0.055, 0.055, 0.000);Rejected_SafetyRisk
14:44:35;617;RGBA(0.969, 0.619, 0.143, 0.000);-925,00;2;0,00;RGBA(0.755, 0.055, 0.055, 0.000);Rejected_SafetyRisk
14:44:35;618;RGBA(0.969, 0.619, 0.143, 0.000);-925,00;2;0,00;RGBA(0.755, 0.055, 0.055, 0.000);Rejected_SafetyRisk
14:44:35;619;RGBA(0.969, 0.619, 0.143, 0.000);-925,00;2;0,00;RGBA(0.755, 0.055, 0.055, 0.000);Rejected_SafetyRisk
14:44:35;620;RGBA(0.969, 0.619, 0.143, 0.000);-925,00;2;0,00;RGBA(0.755, 0.055, 0.055, 0.000);Rejected_SafetyRisk
14:44:35;621;RGBA(0.969, 0.619, 0.143, 0.000);-925,00;2;0,00;RGBA(0.755, 0.055, 0.055, 0.000);Rejected_SafetyRisk
14:44:35;622;RGBA(0.969, 0.619, 0.143, 0.000);-925,00;2;0,00;RGBA(0.755, 0.055, 0.055, 0.000);Rejected_SafetyRisk
14:44:35;623;RGBA(0.969, 0.619, 0.143, 0.000);-925,00;2;0,00;RGBA(0.755, 0.055, 0.055, 0.000);Rejected_SafetyRisk
14:44:35;624;RGBA(0.969, 0.619, 0.143, 0.000);-925,00;2;0,00;RGBA(0.755, 0.055, 0.055, 0.000);Rejected_SafetyRisk
14:44:35;625;RGBA(0.969, 0.619, 0.143, 0.000);-925,00;2;0,00;RGBA(0.755, 0.055, 0.055, 0.000);Rejected_SafetyRisk
14:44:35;626;RGBA(0.969, 0.619, 0.143, 0.000);-925,00;2;0,00;RGBA(0.755, 0.055, 0.055, 0.000);Rejected_SafetyRisk
14:44:35;627;RGBA(0.969, 0.619, 0.143, 0.000);-925,00;2;0,00;RGBA(0.755, 0.055, 0.055, 0.000);Rejected_SafetyRisk
14:44:35;628;RGBA(0.969, 0.619, 0.143, 0.000);-925,00;2;0,00;RGBA(0.755, 0.055, 0.055, 0.000);Rejected_SafetyRisk
14:44:35;629;RGBA(0.969, 0.619, 0.143, 0.000);-925,00;2;0,00;RGBA(0.755, 0.055, 0.055, 0.000);Rejected_SafetyRisk
14:44:35;630;RGBA(0.969, 0.619, 0.143, 0.000);-925,00;2;0,00;RGBA(0.755, 0.055, 0.055, 0.000);Rejected_SafetyRisk
14:44:35;631;RGBA(0.969, 0.619, 0.143, 0.000);-925,00;2;0,00;RGBA(0.755, 0.055, 0.055, 0.000);Rejected_SafetyRisk
14:44:35;632;RGBA(0.969, 0.619, 0.143, 0.000);-925,00;2;0,00;RGBA(0.755, 0.055, 0.055, 0.000);Rejected_SafetyRisk
14:44:35;633;RGBA(0.969, 0.619, 0.143, 0.000);-925,00;2;0,00;RGBA(0.755, 0.055, 0.055, 0.000);Rejected_SafetyRisk
14:44:35;634;RGBA(0.969, 0.619, 0.143, 0.000);-925,00;2;0,00;RGBA(0.755, 0.055, 0.055, 0.000);Rejected_SafetyRisk
14:44:35;635;RGBA(0.969, 0.619, 0.143, 0.000);-925,00;2;0,00;RGBA(0.755, 0.055, 0.055, 0.000);Rejected_SafetyRisk
14:44:35;636;RGBA(0.969, 0.619, 0.143, 0.000);-925,00;2;0,00;RGBA(0.755, 0.055, 0.055, 0.000);Rejected_SafetyRisk
14:44:35;637;RGBA(0.969, 0.619, 0.143, 0.000);-925,00;2;0,00;RGBA(0.755, 0.055, 0.055, 0.000);Rejected_SafetyRisk
14:44:35;638;RGBA(0.969, 0.619, 0.143, 0.000);-925,00;2;0,00;RGBA(0.755, 0.055, 0.055, 0.000);Rejected_SafetyRisk
14:44:35;639;RGBA(0.969, 0.619, 0.143, 0.000);-925,00;2;0,00;RGBA(0.755, 0.055, 0.055, 0.000);Rejected_SafetyRisk
14:44:35;640;RGBA(0.969, 0.619, 0.143, 0.000);-925,00;2;0,00;RGBA(0.755, 0.055, 0.055, 0.000);Rejected_SafetyRisk
14:44:35;641;RGBA(0.969, 0.619, 0.143, 0.000);-925,00;2;0,00;RGBA(0.755, 0.055, 0.055, 0.000);Rejected_SafetyRisk
14:44:35;642;RGBA(0.969, 0.619, 0.143, 0.000);-925,00;2;0,00;RGBA(0.755, 0.055, 0.055, 0.000);Rejected_SafetyRisk
14:44:35;643;RGBA(0.969, 0.619, 0.143, 0.000);-925,00;2;0,00;RGBA(0.755, 0.055, 0.055, 0.000);Rejected_SafetyRisk
14:44:35;644;RGBA(0.969, 0.619, 0.143, 0.000);-925,00;2;0,00;RGBA(0.755, 0.055, 0.055, 0.000);Rejected_SafetyRisk
14:44:35;645;RGBA(0.969, 0.619, 0.143, 0.000);-925,00;2;0,00;RGBA(0.755, 0.055, 0.055, 0.000);Rejected_SafetyRisk
14:44:35;646;RGBA(0.969, 0.619, 0.143, 0.000);-925,00;2;0,00;RGBA(0.755, 0.055, 0.055, 0.000);Rejected_SafetyRisk
14:44:35;647;RGBA(0.969, 0.619, 0.143, 0.000);-925,00;2;0,00;RGBA(0.755, 0.055, 0.055, 0.000);Rejected_SafetyRisk
14:44:35;648;RGBA(0.969, 0.619, 0.143, 0.000);-925,00;2;0,00;RGBA(0.755, 0.055, 0.055, 0.000);Rejected_SafetyRisk
14:44:35;649;RGBA(0.969, 0.619, 0.143, 0.000);-925,00;2;0,00;RGBA(0.755, 0.055, 0.055, 0.000);Rejected_SafetyRisk
14:44:35;650;RGBA(0.969, 0.619, 0.143, 0.000);-925,00;2;0,00;RGBA(0.755, 0.055, 0.055, 0.000);Rejected_SafetyRisk
14:44:35;651;RGBA(0.969, 0.619, 0.143, 0.000);-925,00;2;0,00;RGBA(0.755, 0.055, 0.055, 0.000);Rejected_SafetyRisk
14:44:35;652;RGBA(0.969, 0.619, 0.143, 0.000);-925,00;2;0,00;RGBA(0.755, 0.055, 0.055, 0.000);Rejected_SafetyRisk
14:44:35;653;RGBA(0.969, 0.619, 0.143, 0.000);-925,00;2;0,00;RGBA(0.755, 0.055, 0.055, 0.000);Rejected_SafetyRisk
14:44:35;654;RGBA(0.969, 0.619, 0.143, 0.000);-925,00;2;0,00;RGBA(0.755, 0.055, 0.055, 0.000);Rejected_SafetyRisk
14:44:35;655;RGBA(0.969, 0.619, 0.143, 0.000);-925,00;2;0,00;RGBA(0.755, 0.055, 0.055, 0.000);Rejected_SafetyRisk
14:44:35;656;RGBA(0.969, 0.619, 0.143, 0.000);-925,00;2;0,00;RGBA(0.755, 0.055, 0.055, 0.000);Rejected_SafetyRisk
14:44:35;657;RGBA(0.969, 0.619, 0.143, 0.000);-925,00;2;0,00;RGBA(0.755, 0.055, 0.055, 0.000);Rejected_SafetyRisk
14:44:35;658;RGBA(0.969, 0.619, 0.143, 0.000);-925,00;2;0,00;RGBA(0.755, 0.055, 0.055, 0.000);Rejected_SafetyRisk
14:44:35;659;RGBA(0.969, 0.619, 0.143, 0.000);-925,00;2;0,00;RGBA(0.755, 0.055, 0.055, 0.000);Rejected_SafetyRisk
14:44:35;660;RGBA(0.969, 0.619, 0.143, 0.000);-925,00;2;0,00;RGBA(0.755, 0.055, 0.055, 0.000);Rejected_SafetyRisk
14:44:35;661;RGBA(0.969, 0.619, 0.143, 0.000);-925,00;2;0,00;RGBA(0.755, 0.055, 0.055, 0.000);Rejected_SafetyRisk
14:44:35;662;RGBA(0.969, 0.619, 0.143, 0.000);-925,00;2;0,00;RGBA(0.755, 0.055, 0.055, 0.000);Rejected_SafetyRisk
14:44:35;663;RGBA(0.969, 0.619, 0.143, 0.000);-925,00;2;0,00;RGBA(0.755, 0.055, 0.055, 0.000);Rejected_SafetyRisk
14:44:35;664;RGBA(0.969, 0.619, 0.143, 0.000);-925,00;2;0,00;RGBA(0.755, 0.055, 0.055, 0.000);Rejected_SafetyRisk
14:44:35;665;RGBA(0.969, 0.619, 0.143, 0.000);-925,00;2;0,00;RGBA(0.755, 0.055, 0.055, 0.000);Rejected_SafetyRisk
14:44:35;666;RGBA(0.969, 0.619, 0.143, 0.000);-925,00;2;0,00;RGBA(0.755, 0.055, 0.055, 0.000);Rejected_SafetyRisk
14:44:35;667;RGBA(0.969, 0.619, 0.143, 0.000);-925,00;2;0,00;RGBA(0.755, 0.055, 0.055, 0.000);Rejected_SafetyRisk
14:44:35;668;RGBA(0.969, 0.619, 0.143, 0.000);-925,00;2;0,00;RGBA(0.755, 0.055, 0.055, 0.000);Rejected_SafetyRisk
14:44:35;669;RGBA(0.969, 0.619, 0.143, 0.000);-925,00;2;0,00;RGBA(0.755, 0.055, 0.055, 0.000);Rejected_SafetyRisk
14:44:35;670;RGBA(0.969, 0.619, 0.143, 0.000);-925,00;2;0,00;RGBA(0.755, 0.055, 0.055, 0.000);Rejected_SafetyRisk
14:44:35;671;RGBA(0.969, 0.619, 0.143, 0.000);-925,00;2;0,00;RGBA(0.755, 0.055, 0.055, 0.000);Rejected_SafetyRisk
14:44:35;672;RGBA(0.969, 0.619, 0.143, 0.000);-925,00;2;0,00;RGBA(0.755, 0.055, 0.055, 0.000);Rejected_SafetyRisk
14:44:35;673;RGBA(0.969, 0.619, 0.143, 0.000);-925,00;2;0,00;RGBA(0.755, 0.055, 0.055, 0.000);Rejected_SafetyRisk
14:44:35;674;RGBA(0.969, 0.619, 0.143, 0.000);-925,00;2;0,00;RGBA(0.755, 0.055, 0.055, 0.000);Rejected_SafetyRisk
14:44:35;675;RGBA(0.969, 0.619, 0.143, 0.000);-925,00;2;0,00;RGBA(0.755, 0.055, 0.055, 0.000);Rejected_SafetyRisk
14:44:35;676;RGBA(0.969, 0.619, 0.143, 0.000);-925,00;2;0,00;RGBA(0.755, 0.055, 0.055, 0.000);Rejected_SafetyRisk
14:44:35;677;RGBA(0.969, 0.619, 0.143, 0.000);-925,00;2;0,00;RGBA(0.755, 0.055, 0.055, 0.000);Rejected_SafetyRisk
14:44:35;678;RGBA(0.969, 0.619, 0.143, 0.000);-925,00;2;0,00;RGBA(0.755, 0.055, 0.055, 0.000);Rejected_SafetyRisk
14:44:35;679;RGBA(0.969, 0.619, 0.143, 0.000);-925,00;2;0,00;RGBA(0.755, 0.055, 0.055, 0.000);Rejected_SafetyRisk
14:44:35;680;RGBA(0.969, 0.619, 0.143, 0.000);-925,00;2;0,00;RGBA(0.755, 0.055, 0.055, 0.000);Rejected_SafetyRisk
14:44:35;681;RGBA(0.969, 0.619, 0.143, 0.000);-925,00;2;0,00;RGBA(0.755, 0.055, 0.055, 0.000);Rejected_SafetyRisk
14:44:35;682;RGBA(0.969, 0.619, 0.143, 0.000);-925,00;2;0,00;RGBA(0.755, 0.055, 0.055, 0.000);Rejected_SafetyRisk
14:44:35;683;RGBA(0.969, 0.619, 0.143, 0.000);-925,00;2;0,00;RGBA(0.755, 0.055, 0.055, 0.000);Rejected_SafetyRisk
14:44:35;684;RGBA(0.969, 0.619, 0.143, 0.000);-925,00;2;0,00;RGBA(0.755, 0.055, 0.055, 0.000);Rejected_SafetyRisk
14:44:35;685;RGBA(0.969, 0.619, 0.143, 0.000);-925,00;2;0,00;RGBA(0.755, 0.055, 0.055, 0.000);Rejected_SafetyRisk
14:44:35;686;RGBA(0.969, 0.619, 0.143, 0.000);-925,00;2;0,00;RGBA(0.755, 0.055, 0.055, 0.000);Rejected_SafetyRisk
14:44:35;687;RGBA(0.969, 0.619, 0.143, 0.000);-925,00;2;0,00;RGBA(0.755, 0.055, 0.055, 0.000);Rejected_SafetyRisk
14:44:35;688;RGBA(0.969, 0.619, 0.143, 0.000);-925,00;2;0,00;RGBA(0.755, 0.055, 0.055, 0.000);Rejected_SafetyRisk
14:44:35;689;RGBA(0.969, 0.619, 0.143, 0.000);-925,00;2;0,00;RGBA(0.755, 0.055, 0.055, 0.000);Rejected_SafetyRisk
14:44:35;690;RGBA(0.969, 0.619, 0.143, 0.000);-925,00;2;0,00;RGBA(0.755, 0.055, 0.055, 0.000);Rejected_SafetyRisk
14:44:35;691;RGBA(0.969, 0.619, 0.143, 0.000);-925,00;2;0,00;RGBA(0.755, 0.055, 0.055, 0.000);Rejected_SafetyRisk
14:44:35;692;RGBA(0.969, 0.619, 0.143, 0.000);-925,00;2;0,00;RGBA(0.755, 0.055, 0.055, 0.000);Rejected_SafetyRisk
14:44:35;693;RGBA(0.969, 0.619, 0.143, 0.000);-925,00;2;0,00;RGBA(0.755, 0.055, 0.055, 0.000);Rejected_SafetyRisk
14:44:35;694;RGBA(0.969, 0.619, 0.143, 0.000);-925,00;2;0,00;RGBA(0.755, 0.055, 0.055, 0.000);Rejected_SafetyRisk
14:44:35;695;RGBA(0.969, 0.619, 0.143, 0.000);-925,00;2;0,00;RGBA(0.755, 0.055, 0.055, 0.000);Rejected_SafetyRisk
14:44:35;696;RGBA(0.969, 0.619, 0.143, 0.000);-925,00;2;0,00;RGBA(0.755, 0.055, 0.055, 0.000);Rejected_SafetyRisk
14:44:35;697;RGBA(0.969, 0.619, 0.143, 0.000);-925,00;2;0,00;RGBA(0.755, 0.055, 0.055, 0.000);Rejected_SafetyRisk
14:44:35;698;RGBA(0.969, 0.619, 0.143, 0.000);-925,00;2;0,00;RGBA(0.755, 0.055, 0.055, 0.000);Rejected_SafetyRisk
14:44:35;699;RGBA(0.969, 0.619, 0.143, 0.000);-925,00;2;0,00;RGBA(0.755, 0.055, 0.055, 0.000);Rejected_SafetyRisk
14:44:35;700;RGBA(0.969, 0.619, 0.143, 0.000);-925,00;2;0,00;RGBA(0.755, 0.055, 0.055, 0.000);Rejected_SafetyRisk
14:44:35;701;RGBA(0.969, 0.619, 0.143, 0.000);-925,00;2;0,00;RGBA(0.755, 0.055, 0.055, 0.000);Rejected_SafetyRisk
14:44:35;702;RGBA(0.969, 0.619, 0.143, 0.000);-925,00;2;0,00;RGBA(0.755, 0.055, 0.055, 0.000);Rejected_SafetyRisk
14:44:35;703;RGBA(0.969, 0.619, 0.143, 0.000);-925,00;2;0,00;RGBA(0.755, 0.055, 0.055, 0.000);Rejected_SafetyRisk
14:44:35;704;RGBA(0.969, 0.619, 0.143, 0.000);-925,00;2;0,00;RGBA(0.755, 0.055, 0.055, 0.000);Rejected_SafetyRisk
14:44:35;705;RGBA(0.969, 0.619, 0.143, 0.000);-925,00;2;0,00;RGBA(0.755, 0.055, 0.055, 0.000);Rejected_SafetyRisk
14:44:35;706;RGBA(0.969, 0.619, 0.143, 0.000);-925,00;2;0,00;RGBA(0.755, 0.055, 0.055, 0.000);Rejected_SafetyRisk
14:44:35;707;RGBA(0.969, 0.619, 0.143, 0.000);-925,00;2;0,00;RGBA(0.755, 0.055, 0.055, 0.000);Rejected_SafetyRisk
14:44:35;708;RGBA(0.969, 0.619, 0.143, 0.000);-925,00;2;0,00;RGBA(0.755, 0.055, 0.055, 0.000);Rejected_SafetyRisk
14:44:35;709;RGBA(0.969, 0.619, 0.143, 0.000);-925,00;2;0,00;RGBA(0.755, 0.055, 0.055, 0.000);Rejected_SafetyRisk
14:44:35;710;RGBA(0.969, 0.619, 0.143, 0.000);-925,00;2;0,00;RGBA(0.755, 0.055, 0.055, 0.000);Rejected_SafetyRisk
14:44:35;711;RGBA(0.969, 0.619, 0.143, 0.000);-925,00;2;0,00;RGBA(0.755, 0.055, 0.055, 0.000);Rejected_SafetyRisk
14:44:35;712;RGBA(0.969, 0.619, 0.143, 0.000);-925,00;2;0,00;RGBA(0.755, 0.055, 0.055, 0.000);Rejected_SafetyRisk
14:44:35;713;RGBA(0.969, 0.619, 0.143, 0.000);-925,00;2;0,00;RGBA(0.755, 0.055, 0.055, 0.000);Rejected_SafetyRisk
14:44:35;714;RGBA(0.969, 0.619, 0.143, 0.000);-925,00;2;0,00;RGBA(0.755, 0.055, 0.055, 0.000);Rejected_SafetyRisk
14:44:35;715;RGBA(0.969, 0.619, 0.143, 0.000);-925,00;2;0,00;RGBA(0.755, 0.055, 0.055, 0.000);Rejected_SafetyRisk
14:44:35;716;RGBA(0.969, 0.619, 0.143, 0.000);-925,00;2;0,00;RGBA(0.755, 0.055, 0.055, 0.000);Rejected_SafetyRisk
14:44:35;717;RGBA(0.969, 0.619, 0.143, 0.000);-925,00;2;0,00;RGBA(0.755, 0.055, 0.055, 0.000);Rejected_SafetyRisk
14:44:35;718;RGBA(0.969, 0.619, 0.143, 0.000);-925,00;2;0,00;RGBA(0.755, 0.055, 0.055, 0.000);Rejected_SafetyRisk
14:44:35;719;RGBA(0.969, 0.619, 0.143, 0.000);-925,00;2;0,00;RGBA(0.755, 0.055, 0.055, 0.000);Rejected_SafetyRisk
14:44:35;720;RGBA(0.969, 0.619, 0.143, 0.000);-925,00;2;0,00;RGBA(0.755, 0.055, 0.055, 0.000);Rejected_SafetyRisk
14:44:35;721;RGBA(0.969, 0.619, 0.143, 0.000);-925,00;2;0,00;RGBA(0.755, 0.055, 0.055, 0.000);Rejected_SafetyRisk
14:44:35;722;RGBA(0.969, 0.619, 0.143, 0.000);-925,00;2;0,00;RGBA(0.755, 0.055, 0.055, 0.000);Rejected_SafetyRisk
14:44:35;723;RGBA(0.969, 0.619, 0.143, 0.000);-925,00;2;0,00;RGBA(0.755, 0.055, 0.055, 0.000);Rejected_SafetyRisk
14:44:35;724;RGBA(0.969, 0.619, 0.143, 0.000);-925,00;2;0,00;RGBA(0.755, 0.055, 0.055, 0.000);Rejected_SafetyRisk
14:44:35;725;RGBA(0.969, 0.619, 0.143, 0.000);-925,00;2;0,00;RGBA(0.755, 0.055, 0.055, 0.000);Rejected_SafetyRisk
14:44:35;726;RGBA(0.969, 0.619, 0.143, 0.000);-925,00;2;0,00;RGBA(0.755, 0.055, 0.055, 0.000);Rejected_SafetyRisk
14:44:35;727;RGBA(0.969, 0.619, 0.143, 0.000);-925,00;2;0,00;RGBA(0.755, 0.055, 0.055, 0.000);Rejected_SafetyRisk
14:44:35;728;RGBA(0.969, 0.619, 0.143, 0.000);-925,00;2;0,00;RGBA(0.755, 0.055, 0.055, 0.000);Rejected_SafetyRisk
14:44:35;729;RGBA(0.969, 0.619, 0.143, 0.000);-925,00;2;0,00;RGBA(0.755, 0.055, 0.055, 0.000);Rejected_SafetyRisk
14:44:35;730;RGBA(0.969, 0.619, 0.143, 0.000);-925,00;2;0,00;RGBA(0.755, 0.055, 0.055, 0.000);Rejected_SafetyRisk
14:44:35;731;RGBA(0.969, 0.619, 0.143, 0.000);-925,00;2;0,00;RGBA(0.755, 0.055, 0.055, 0.000);Rejected_SafetyRisk
14:44:35;732;RGBA(0.969, 0.619, 0.143, 0.000);-925,00;2;0,00;RGBA(0.755, 0.055, 0.055, 0.000);Rejected_SafetyRisk
14:44:35;733;RGBA(0.969, 0.619, 0.143, 0.000);-925,00;2;0,00;RGBA(0.755, 0.055, 0.055, 0.000);Rejected_SafetyRisk
14:44:35;734;RGBA(0.969, 0.619, 0.143, 0.000);-925,00;2;0,00;RGBA(0.755, 0.055, 0.055, 0.000);Rejected_SafetyRisk
14:44:35;735;RGBA(0.969, 0.619, 0.143, 0.000);-925,00;2;0,00;RGBA(0.755, 0.055, 0.055, 0.000);Rejected_SafetyRisk
14:44:35;736;RGBA(0.969, 0.619, 0.143, 0.000);-925,00;2;0,00;RGBA(0.755, 0.055, 0.055, 0.000);Rejected_SafetyRisk
14:44:35;737;RGBA(0.969, 0.619, 0.143, 0.000);-925,00;2;0,00;RGBA(0.755, 0.055, 0.055, 0.000);Rejected_SafetyRisk
14:44:35;738;RGBA(0.969, 0.619, 0.143, 0.000);-925,00;2;0,00;RGBA(0.755, 0.055, 0.055, 0.000);Rejected_SafetyRisk
14:44:35;739;RGBA(0.969, 0.619, 0.143, 0.000);-925,00;2;0,00;RGBA(0.755, 0.055, 0.055, 0.000);Rejected_SafetyRisk
14:44:35;740;RGBA(0.969, 0.619, 0.143, 0.000);-925,00;2;0,00;RGBA(0.755, 0.055, 0.055, 0.000);Rejected_SafetyRisk
14:44:35;741;RGBA(0.969, 0.619, 0.143, 0.000);-925,00;2;0,00;RGBA(0.755, 0.055, 0.055, 0.000);Rejected_SafetyRisk
14:44:35;742;RGBA(0.969, 0.619, 0.143, 0.000);-925,00;2;0,00;RGBA(0.755, 0.055, 0.055, 0.000);Rejected_SafetyRisk
14:44:35;743;RGBA(0.969, 0.619, 0.143, 0.000);-925,00;2;0,00;RGBA(0.755, 0.055, 0.055, 0.000);Rejected_SafetyRisk
14:44:35;744;RGBA(0.969, 0.619, 0.143, 0.000);-925,00;2;0,00;RGBA(0.755, 0.055, 0.055, 0.000);Rejected_SafetyRisk
14:44:35;745;RGBA(0.969, 0.619, 0.143, 0.000);-925,00;2;0,00;RGBA(0.755, 0.055, 0.055, 0.000);Rejected_SafetyRisk
14:44:35;746;RGBA(0.969, 0.619, 0.143, 0.000);-925,00;2;0,00;RGBA(0.755, 0.055, 0.055, 0.000);Rejected_SafetyRisk
14:44:35;747;RGBA(0.969, 0.619, 0.143, 0.000);-925,00;2;0,00;RGBA(0.755, 0.055, 0.055, 0.000);Rejected_SafetyRisk
14:44:35;748;RGBA(0.969, 0.619, 0.143, 0.000);-925,00;2;0,00;RGBA(0.755, 0.055, 0.055, 0.000);Rejected_SafetyRisk
14:44:35;749;RGBA(0.969, 0.619, 0.143, 0.000);-925,00;2;0,00;RGBA(0.755, 0.055, 0.055, 0.000);Rejected_SafetyRisk
14:44:35;750;RGBA(0.969, 0.619, 0.143, 0.000);-925,00;2;0,00;RGBA(0.755, 0.055, 0.055, 0.000);Rejected_SafetyRisk
14:44:35;751;RGBA(0.969, 0.619, 0.143, 0.000);-925,00;2;0,00;RGBA(0.755, 0.055, 0.055, 0.000);Rejected_SafetyRisk
14:44:35;752;RGBA(0.969, 0.619, 0.143, 0.000);-925,00;2;0,00;RGBA(0.755, 0.055, 0.055, 0.000);Rejected_SafetyRisk
14:44:35;753;RGBA(0.969, 0.619, 0.143, 0.000);-925,00;2;0,00;RGBA(0.755, 0.055, 0.055, 0.000);Rejected_SafetyRisk
14:44:35;754;RGBA(0.969, 0.619, 0.143, 0.000);-925,00;2;0,00;RGBA(0.755, 0.055, 0.055, 0.000);Rejected_SafetyRisk
14:44:35;755;RGBA(0.969, 0.619, 0.143, 0.000);-925,00;2;0,00;RGBA(0.755, 0.055, 0.055, 0.000);Rejected_SafetyRisk
14:44:35;756;RGBA(0.969, 0.619, 0.143, 0.000);-925,00;2;0,00;RGBA(0.755, 0.055, 0.055, 0.000);Rejected_SafetyRisk
14:44:35;757;RGBA(0.969, 0.619, 0.143, 0.000);-925,00;2;0,00;RGBA(0.755, 0.055, 0.055, 0.000);Rejected_SafetyRisk
14:44:35;758;RGBA(0.969, 0.619, 0.143, 0.000);-925,00;2;0,00;RGBA(0.755, 0.055, 0.055, 0.000);Rejected_SafetyRisk
14:44:35;759;RGBA(0.969, 0.619, 0.143, 0.000);-925,00;2;0,00;RGBA(0.755, 0.055, 0.055, 0.000);Rejected_SafetyRisk
14:44:35;760;RGBA(0.969, 0.619, 0.143, 0.000);-925,00;2;0,00;RGBA(0.755, 0.055, 0.055, 0.000);Rejected_SafetyRisk
14:44:35;761;RGBA(0.969, 0.619, 0.143, 0.000);-925,00;2;0,00;RGBA(0.755, 0.055, 0.055, 0.000);Rejected_SafetyRisk
14:44:35;762;RGBA(0.969, 0.619, 0.143, 0.000);-925,00;2;0,00;RGBA(0.755, 0.055, 0.055, 0.000);Rejected_SafetyRisk
14:44:35;763;RGBA(0.969, 0.619, 0.143, 0.000);-925,00;2;0,00;RGBA(0.755, 0.055, 0.055, 0.000);Rejected_SafetyRisk
14:44:35;764;RGBA(0.969, 0.619, 0.143, 0.000);-925,00;2;0,00;RGBA(0.755, 0.055, 0.055, 0.000);Rejected_SafetyRisk
14:44:35;765;RGBA(0.969, 0.619, 0.143, 0.000);-925,00;2;0,00;RGBA(0.755, 0.055, 0.055, 0.000);Rejected_SafetyRisk
14:44:35;766;RGBA(0.969, 0.619, 0.143, 0.000);-925,00;2;0,00;RGBA(0.755, 0.055, 0.055, 0.000);Rejected_SafetyRisk
14:44:35;767;RGBA(0.969, 0.619, 0.143, 0.000);-925,00;2;0,00;RGBA(0.755, 0.055, 0.055, 0.000);Rejected_SafetyRisk
14:44:35;768;RGBA(0.969, 0.619, 0.143, 0.000);-925,00;2;0,00;RGBA(0.755, 0.055, 0.055, 0.000);Rejected_SafetyRisk
14:44:35;769;RGBA(0.969, 0.619, 0.143, 0.000);-925,00;2;0,00;RGBA(0.755, 0.055, 0.055, 0.000);Rejected_SafetyRisk
14:44:35;770;RGBA(0.969, 0.619, 0.143, 0.000);-925,00;2;0,00;RGBA(0.755, 0.055, 0.055, 0.000);Rejected_SafetyRisk
14:44:35;771;RGBA(0.969, 0.619, 0.143, 0.000);-925,00;2;0,00;RGBA(0.755, 0.055, 0.055, 0.000);Rejected_SafetyRisk
14:44:35;772;RGBA(0.969, 0.619, 0.143, 0.000);-925,00;2;0,00;RGBA(0.755, 0.055, 0.055, 0.000);Rejected_SafetyRisk
14:44:35;773;RGBA(0.969, 0.619, 0.143, 0.000);-925,00;2;0,00;RGBA(0.755, 0.055, 0.055, 0.000);Rejected_SafetyRisk
14:44:35;774;RGBA(0.969, 0.619, 0.143, 0.000);-925,00;2;0,00;RGBA(0.755, 0.055, 0.055, 0.000);Rejected_SafetyRisk
14:44:35;775;RGBA(0.969, 0.619, 0.143, 0.000);-925,00;2;0,00;RGBA(0.755, 0.055, 0.055, 0.000);Rejected_SafetyRisk
14:44:35;776;RGBA(0.969, 0.619, 0.143, 0.000);-925,00;2;0,00;RGBA(0.755, 0.055, 0.055, 0.000);Rejected_SafetyRisk
14:44:35;777;RGBA(0.969, 0.619, 0.143, 0.000);-925,00;2;0,00;RGBA(0.755, 0.055, 0.055, 0.000);Rejected_SafetyRisk
14:44:35;778;RGBA(0.969, 0.619, 0.143, 0.000);-925,00;2;0,00;RGBA(0.755, 0.055, 0.055, 0.000);Rejected_SafetyRisk
14:44:35;779;RGBA(0.969, 0.619, 0.143, 0.000);-925,00;2;0,00;RGBA(0.755, 0.055, 0.055, 0.000);Rejected_SafetyRisk
14:44:35;780;RGBA(0.969, 0.619, 0.143, 0.000);-925,00;2;0,00;RGBA(0.755, 0.055, 0.055, 0.000);Rejected_SafetyRisk
14:44:35;781;RGBA(0.969, 0.619, 0.143, 0.000);-925,00;2;0,00;RGBA(0.755, 0.055, 0.055, 0.000);Rejected_SafetyRisk
14:44:35;782;RGBA(0.969, 0.619, 0.143, 0.000);-925,00;2;0,00;RGBA(0.755, 0.055, 0.055, 0.000);Rejected_SafetyRisk
14:44:35;783;RGBA(0.969, 0.619, 0.143, 0.000);-925,00;2;0,00;RGBA(0.755, 0.055, 0.055, 0.000);Rejected_SafetyRisk
14:44:35;784;RGBA(0.969, 0.619, 0.143, 0.000);-925,00;2;0,00;RGBA(0.755, 0.055, 0.055, 0.000);Rejected_SafetyRisk
14:44:35;785;RGBA(0.969, 0.619, 0.143, 0.000);-925,00;2;0,00;RGBA(0.755, 0.055, 0.055, 0.000);Rejected_SafetyRisk
14:44:35;786;RGBA(0.969, 0.619, 0.143, 0.000);-925,00;2;0,00;RGBA(0.755, 0.055, 0.055, 0.000);Rejected_SafetyRisk
14:44:35;787;RGBA(0.969, 0.619, 0.143, 0.000);-925,00;2;0,00;RGBA(0.755, 0.055, 0.055, 0.000);Rejected_SafetyRisk
14:44:35;788;RGBA(0.969, 0.619, 0.143, 0.000);-925,00;2;0,00;RGBA(0.755, 0.055, 0.055, 0.000);Rejected_SafetyRisk
14:44:35;789;RGBA(0.969, 0.619, 0.143, 0.000);-925,00;2;0,00;RGBA(0.755, 0.055, 0.055, 0.000);Rejected_SafetyRisk
14:44:35;790;RGBA(0.969, 0.619, 0.143, 0.000);-925,00;2;0,00;RGBA(0.755, 0.055, 0.055, 0.000);Rejected_SafetyRisk
14:44:35;791;RGBA(0.969, 0.619, 0.143, 0.000);-925,00;2;0,00;RGBA(0.755, 0.055, 0.055, 0.000);Rejected_SafetyRisk
14:44:35;792;RGBA(0.969, 0.619, 0.143, 0.000);-925,00;2;0,00;RGBA(0.755, 0.055, 0.055, 0.000);Rejected_SafetyRisk
14:44:35;793;RGBA(0.969, 0.619, 0.143, 0.000);-925,00;2;0,00;RGBA(0.755, 0.055, 0.055, 0.000);Rejected_SafetyRisk
14:44:35;794;RGBA(0.969, 0.619, 0.143, 0.000);-925,00;2;0,00;RGBA(0.755, 0.055, 0.055, 0.000);Rejected_SafetyRisk
14:44:35;795;RGBA(0.969, 0.619, 0.143, 0.000);-925,00;2;0,00;RGBA(0.755, 0.055, 0.055, 0.000);Rejected_SafetyRisk
14:44:35;796;RGBA(0.969, 0.619, 0.143, 0.000);-925,00;2;0,00;RGBA(0.755, 0.055, 0.055, 0.000);Rejected_SafetyRisk
14:44:35;797;RGBA(0.969, 0.619, 0.143, 0.000);-925,00;2;0,00;RGBA(0.755, 0.055, 0.055, 0.000);Rejected_SafetyRisk
14:44:35;798;RGBA(0.969, 0.619, 0.143, 0.000);-925,00;2;0,00;RGBA(0.755, 0.055, 0.055, 0.000);Rejected_SafetyRisk
14:44:35;799;RGBA(0.969, 0.619, 0.143, 0.000);-925,00;2;0,00;RGBA(0.755, 0.055, 0.055, 0.000);Rejected_SafetyRisk
14:44:35;800;RGBA(0.969, 0.619, 0.143, 0.000);-925,00;2;0,00;RGBA(0.755, 0.055, 0.055, 0.000);Rejected_SafetyRisk
14:44:35;801;RGBA(0.969, 0.619, 0.143, 0.000);-925,00;2;0,00;RGBA(0.755, 0.055, 0.055, 0.000);Rejected_SafetyRisk
14:44:35;802;RGBA(0.969, 0.619, 0.143, 0.000);-925,00;2;0,00;RGBA(0.755, 0.055, 0.055, 0.000);Rejected_SafetyRisk
14:44:35;803;RGBA(0.969, 0.619, 0.143, 0.000);-925,00;2;0,00;RGBA(0.755, 0.055, 0.055, 0.000);Rejected_SafetyRisk
14:44:35;804;RGBA(0.969, 0.619, 0.143, 0.000);-925,00;2;0,00;RGBA(0.755, 0.055, 0.055, 0.000);Rejected_SafetyRisk
14:44:35;805;RGBA(0.969, 0.619, 0.143, 0.000);-925,00;2;0,00;RGBA(0.755, 0.055, 0.055, 0.000);Rejected_SafetyRisk
14:44:35;806;RGBA(0.969, 0.619, 0.143, 0.000);-925,00;2;0,00;RGBA(0.755, 0.055, 0.055, 0.000);Rejected_SafetyRisk
14:44:35;807;RGBA(0.969, 0.619, 0.143, 0.000);-925,00;2;0,00;RGBA(0.755, 0.055, 0.055, 0.000);Rejected_SafetyRisk
14:44:35;808;RGBA(0.969, 0.619, 0.143, 0.000);-925,00;2;0,00;RGBA(0.755, 0.055, 0.055, 0.000);Rejected_SafetyRisk
14:44:35;809;RGBA(0.969, 0.619, 0.143, 0.000);-925,00;2;0,00;RGBA(0.755, 0.055, 0.055, 0.000);Rejected_SafetyRisk
14:44:35;810;RGBA(0.969, 0.619, 0.143, 0.000);-925,00;2;0,00;RGBA(0.755, 0.055, 0.055, 0.000);Rejected_SafetyRisk
14:44:35;811;RGBA(0.969, 0.619, 0.143, 0.000);-925,00;2;0,00;RGBA(0.755, 0.055, 0.055, 0.000);Rejected_SafetyRisk
14:44:35;812;RGBA(0.969, 0.619, 0.143, 0.000);-925,00;2;0,00;RGBA(0.755, 0.055, 0.055, 0.000);Rejected_SafetyRisk
14:44:35;813;RGBA(0.969, 0.619, 0.143, 0.000);-925,00;2;0,00;RGBA(0.755, 0.055, 0.055, 0.000);Rejected_SafetyRisk
14:44:35;814;RGBA(0.969, 0.619, 0.143, 0.000);-925,00;2;0,00;RGBA(0.755, 0.055, 0.055, 0.000);Rejected_SafetyRisk
14:44:35;815;RGBA(0.969, 0.619, 0.143, 0.000);-925,00;2;0,00;RGBA(0.755, 0.055, 0.055, 0.000);Rejected_SafetyRisk
14:44:35;816;RGBA(0.969, 0.619, 0.143, 0.000);-925,00;2;0,00;RGBA(0.755, 0.055, 0.055, 0.000);Rejected_SafetyRisk
14:44:35;817;RGBA(0.969, 0.619, 0.143, 0.000);-925,00;2;0,00;RGBA(0.755, 0.055, 0.055, 0.000);Rejected_SafetyRisk
14:44:35;818;RGBA(0.969, 0.619, 0.143, 0.000);-925,00;2;0,00;RGBA(0.755, 0.055, 0.055, 0.000);Rejected_SafetyRisk
14:44:35;819;RGBA(0.969, 0.619, 0.143, 0.000);-925,00;2;0,00;RGBA(0.755, 0.055, 0.055, 0.000);Rejected_SafetyRisk
14:44:35;820;RGBA(0.969, 0.619, 0.143, 0.000);-925,00;2;0,00;RGBA(0.755, 0.055, 0.055, 0.000);Rejected_SafetyRisk
14:44:35;821;RGBA(0.969, 0.619, 0.143, 0.000);-925,00;2;0,00;RGBA(0.755, 0.055, 0.055, 0.000);Rejected_SafetyRisk
14:44:35;822;RGBA(0.969, 0.619, 0.143, 0.000);-925,00;2;0,00;RGBA(0.755, 0.055, 0.055, 0.000);Rejected_SafetyRisk
14:44:35;823;RGBA(0.969, 0.619, 0.143, 0.000);-925,00;2;0,00;RGBA(0.755, 0.055, 0.055, 0.000);Rejected_SafetyRisk
14:44:35;824;RGBA(0.969, 0.619, 0.143, 0.000);-925,00;2;0,00;RGBA(0.755, 0.055, 0.055, 0.000);Rejected_SafetyRisk
14:44:35;825;RGBA(0.969, 0.619, 0.143, 0.000);-925,00;2;0,00;RGBA(0.755, 0.055, 0.055, 0.000);Rejected_SafetyRisk
14:44:35;826;RGBA(0.969, 0.619, 0.143, 0.000);-925,00;2;0,00;RGBA(0.755, 0.055, 0.055, 0.000);Rejected_SafetyRisk
14:44:35;827;RGBA(0.969, 0.619, 0.143, 0.000);-925,00;2;0,00;RGBA(0.755, 0.055, 0.055, 0.000);Rejected_SafetyRisk
14:44:35;828;RGBA(0.969, 0.619, 0.143, 0.000);-925,00;2;0,00;RGBA(0.755, 0.055, 0.055, 0.000);Rejected_SafetyRisk
14:44:35;829;RGBA(0.969, 0.619, 0.143, 0.000);-925,00;2;0,00;RGBA(0.755, 0.055, 0.055, 0.000);Rejected_SafetyRisk
14:44:35;830;RGBA(0.969, 0.619, 0.143, 0.000);-925,00;2;0,00;RGBA(0.755, 0.055, 0.055, 0.000);Rejected_SafetyRisk
14:44:35;831;RGBA(0.969, 0.619, 0.143, 0.000);-925,00;2;0,00;RGBA(0.755, 0.055, 0.055, 0.000);Rejected_SafetyRisk
14:44:35;832;RGBA(0.969, 0.619, 0.143, 0.000);-925,00;2;0,00;RGBA(0.755, 0.055, 0.055, 0.000);Rejected_SafetyRisk
14:44:35;833;RGBA(0.969, 0.619, 0.143, 0.000);-925,00;2;0,00;RGBA(0.755, 0.055, 0.055, 0.000);Rejected_SafetyRisk
14:44:36;834;RGBA(0.969, 0.619, 0.143, 0.000);-925,00;2;0,00;RGBA(0.755, 0.055, 0.055, 0.000);Rejected_SafetyRisk
14:44:36;835;RGBA(0.969, 0.619, 0.143, 0.000);-925,00;2;0,00;RGBA(0.755, 0.055, 0.055, 0.000);Rejected_SafetyRisk
14:44:36;836;RGBA(0.969, 0.619, 0.143, 0.000);-925,00;2;0,00;RGBA(0.755, 0.055, 0.055, 0.000);Rejected_SafetyRisk
14:44:36;837;RGBA(0.969, 0.619, 0.143, 0.000);-925,00;2;0,00;RGBA(0.755, 0.055, 0.055, 0.000);Rejected_SafetyRisk
14:44:36;838;RGBA(0.969, 0.619, 0.143, 0.000);-925,00;2;0,00;RGBA(0.755, 0.055, 0.055, 0.000);Rejected_SafetyRisk
14:44:36;839;RGBA(0.969, 0.619, 0.143, 0.000);-925,00;2;0,00;RGBA(0.755, 0.055, 0.055, 0.000);Rejected_SafetyRisk
14:44:36;840;RGBA(0.969, 0.619, 0.143, 0.000);-925,00;2;0,00;RGBA(0.755, 0.055, 0.055, 0.000);Rejected_SafetyRisk
14:44:36;841;RGBA(0.969, 0.619, 0.143, 0.000);-925,00;2;0,00;RGBA(0.755, 0.055, 0.055, 0.000);Rejected_SafetyRisk
14:44:36;842;RGBA(0.969, 0.619, 0.143, 0.000);-925,00;2;0,00;RGBA(0.755, 0.055, 0.055, 0.000);Rejected_SafetyRisk
14:44:36;843;RGBA(0.969, 0.619, 0.143, 0.000);-925,00;2;0,00;RGBA(0.755, 0.055, 0.055, 0.000);Rejected_SafetyRisk
14:44:36;844;RGBA(0.969, 0.619, 0.143, 0.000);-925,00;2;0,00;RGBA(0.755, 0.055, 0.055, 0.000);Rejected_SafetyRisk
14:44:36;845;RGBA(0.969, 0.619, 0.143, 0.000);-925,00;2;0,00;RGBA(0.755, 0.055, 0.055, 0.000);Rejected_SafetyRisk
14:44:36;846;RGBA(0.969, 0.619, 0.143, 0.000);-925,00;2;0,00;RGBA(0.755, 0.055, 0.055, 0.000);Rejected_SafetyRisk
14:44:36;847;RGBA(0.969, 0.619, 0.143, 0.000);-925,00;2;0,00;RGBA(0.755, 0.055, 0.055, 0.000);Rejected_SafetyRisk
14:44:36;848;RGBA(0.969, 0.619, 0.143, 0.000);-925,00;2;0,00;RGBA(0.755, 0.055, 0.055, 0.000);Rejected_SafetyRisk
14:44:36;849;RGBA(0.969, 0.619, 0.143, 0.000);-925,00;2;0,00;RGBA(0.755, 0.055, 0.055, 0.000);Rejected_SafetyRisk
14:44:36;850;RGBA(0.969, 0.619, 0.143, 0.000);-925,00;2;0,00;RGBA(0.755, 0.055, 0.055, 0.000);Rejected_SafetyRisk
14:44:36;851;RGBA(0.969, 0.619, 0.143, 0.000);-925,00;2;0,00;RGBA(0.755, 0.055, 0.055, 0.000);Rejected_SafetyRisk
14:44:36;852;RGBA(0.969, 0.619, 0.143, 0.000);-925,00;2;0,00;RGBA(0.755, 0.055, 0.055, 0.000);Rejected_SafetyRisk
14:44:36;853;RGBA(0.969, 0.619, 0.143, 0.000);-925,00;2;0,00;RGBA(0.755, 0.055, 0.055, 0.000);Rejected_SafetyRisk
14:44:36;854;RGBA(0.969, 0.619, 0.143, 0.000);-925,00;2;0,00;RGBA(0.755, 0.055, 0.055, 0.000);Rejected_SafetyRisk
14:44:36;855;RGBA(0.969, 0.619, 0.143, 0.000);-925,00;2;0,00;RGBA(0.755, 0.055, 0.055, 0.000);Rejected_SafetyRisk
14:44:36;856;RGBA(0.969, 0.619, 0.143, 0.000);-925,00;2;0,00;RGBA(0.755, 0.055, 0.055, 0.000);Rejected_SafetyRisk
14:44:36;857;RGBA(0.969, 0.619, 0.143, 0.000);-925,00;2;0,00;RGBA(0.755, 0.055, 0.055, 0.000);Rejected_SafetyRisk
14:44:36;858;RGBA(0.969, 0.619, 0.143, 0.000);-925,00;2;0,00;RGBA(0.755, 0.055, 0.055, 0.000);Rejected_SafetyRisk
14:44:36;859;RGBA(0.969, 0.619, 0.143, 0.000);-925,00;2;0,00;RGBA(0.755, 0.055, 0.055, 0.000);Rejected_SafetyRisk
14:44:36;860;RGBA(0.969, 0.619, 0.143, 0.000);-925,00;2;0,00;RGBA(0.755, 0.055, 0.055, 0.000);Rejected_SafetyRisk
14:44:36;861;RGBA(0.969, 0.619, 0.143, 0.000);-925,00;2;0,00;RGBA(0.755, 0.055, 0.055, 0.000);Rejected_SafetyRisk
14:44:36;862;RGBA(0.969, 0.619, 0.143, 0.000);-925,00;2;0,00;RGBA(0.755, 0.055, 0.055, 0.000);Rejected_SafetyRisk
14:44:36;863;RGBA(0.969, 0.619, 0.143, 0.000);-925,00;2;0,00;RGBA(0.755, 0.055, 0.055, 0.000);Rejected_SafetyRisk
14:44:36;864;RGBA(0.969, 0.619, 0.143, 0.000);-925,00;2;0,00;RGBA(0.755, 0.055, 0.055, 0.000);Rejected_SafetyRisk
14:44:36;865;RGBA(0.969, 0.619, 0.143, 0.000);-925,00;2;0,00;RGBA(0.755, 0.055, 0.055, 0.000);Rejected_SafetyRisk
14:44:36;866;RGBA(0.969, 0.619, 0.143, 0.000);-925,00;2;0,00;RGBA(0.755, 0.055, 0.055, 0.000);Rejected_SafetyRisk
14:44:36;867;RGBA(0.969, 0.619, 0.143, 0.000);-925,00;2;0,00;RGBA(0.755, 0.055, 0.055, 0.000);Rejected_SafetyRisk
14:44:36;868;RGBA(0.969, 0.619, 0.143, 0.000);-925,00;2;0,00;RGBA(0.755, 0.055, 0.055, 0.000);Rejected_SafetyRisk
14:44:36;869;RGBA(0.969, 0.619, 0.143, 0.000);-925,00;2;0,00;RGBA(0.755, 0.055, 0.055, 0.000);Rejected_SafetyRisk
14:44:36;870;RGBA(0.969, 0.619, 0.143, 0.000);-925,00;2;0,00;RGBA(0.755, 0.055, 0.055, 0.000);Rejected_SafetyRisk
14:44:36;871;RGBA(0.969, 0.619, 0.143, 0.000);-925,00;2;0,00;RGBA(0.755, 0.055, 0.055, 0.000);Rejected_SafetyRisk
14:44:36;872;RGBA(0.969, 0.619, 0.143, 0.000);-925,00;2;0,00;RGBA(0.755, 0.055, 0.055, 0.000);Rejected_SafetyRisk
14:44:36;873;RGBA(0.969, 0.619, 0.143, 0.000);-925,00;2;0,00;RGBA(0.755, 0.055, 0.055, 0.000);Rejected_SafetyRisk
14:44:36;874;RGBA(0.969, 0.619, 0.143, 0.000);-925,00;2;0,00;RGBA(0.755, 0.055, 0.055, 0.000);Rejected_SafetyRisk
14:44:36;875;RGBA(0.969, 0.619, 0.143, 0.000);-925,00;2;0,00;RGBA(0.755, 0.055, 0.055, 0.000);Rejected_SafetyRisk
14:44:36;876;RGBA(0.969, 0.619, 0.143, 0.000);-925,00;2;0,00;RGBA(0.755, 0.055, 0.055, 0.000);Rejected_SafetyRisk
14:44:36;877;RGBA(0.969, 0.619, 0.143, 0.000);-925,00;2;0,00;RGBA(0.755, 0.055, 0.055, 0.000);Rejected_SafetyRisk
14:44:36;878;RGBA(0.969, 0.619, 0.143, 0.000);-925,00;2;0,00;RGBA(0.755, 0.055, 0.055, 0.000);Rejected_SafetyRisk
14:44:36;879;RGBA(0.969, 0.619, 0.143, 0.000);-925,00;2;0,00;RGBA(0.755, 0.055, 0.055, 0.000);Rejected_SafetyRisk
14:44:36;880;RGBA(0.969, 0.619, 0.143, 0.000);-925,00;2;0,00;RGBA(0.755, 0.055, 0.055, 0.000);Rejected_SafetyRisk
14:44:36;881;RGBA(0.969, 0.619, 0.143, 0.000);-925,00;2;0,00;RGBA(0.755, 0.055, 0.055, 0.000);Rejected_SafetyRisk
14:44:36;882;RGBA(0.969, 0.619, 0.143, 0.000);-925,00;2;0,00;RGBA(0.755, 0.055, 0.055, 0.000);Rejected_SafetyRisk
14:44:36;883;RGBA(0.969, 0.619, 0.143, 0.000);-925,00;2;0,00;RGBA(0.755, 0.055, 0.055, 0.000);Rejected_SafetyRisk
14:44:36;884;RGBA(0.969, 0.619, 0.143, 0.000);-925,00;2;0,00;RGBA(0.755, 0.055, 0.055, 0.000);Rejected_SafetyRisk
14:44:36;885;RGBA(0.969, 0.619, 0.143, 0.000);-925,00;2;0,00;RGBA(0.755, 0.055, 0.055, 0.000);Rejected_SafetyRisk
14:44:36;886;RGBA(0.969, 0.619, 0.143, 0.000);-925,00;2;0,00;RGBA(0.755, 0.055, 0.055, 0.000);Rejected_SafetyRisk
14:44:36;887;RGBA(0.969, 0.619, 0.143, 0.000);-925,00;2;0,00;RGBA(0.755, 0.055, 0.055, 0.000);Rejected_SafetyRisk
14:44:36;888;RGBA(0.969, 0.619, 0.143, 0.000);-925,00;2;0,00;RGBA(0.755, 0.055, 0.055, 0.000);Rejected_SafetyRisk
14:44:36;889;RGBA(0.969, 0.619, 0.143, 0.000);-925,00;2;0,00;RGBA(0.755, 0.055, 0.055, 0.000);Rejected_SafetyRisk
14:44:36;890;RGBA(0.969, 0.619, 0.143, 0.000);-925,00;2;0,00;RGBA(0.755, 0.055, 0.055, 0.000);Rejected_SafetyRisk
14:44:36;891;RGBA(0.969, 0.619, 0.143, 0.000);-925,00;2;0,00;RGBA(0.755, 0.055, 0.055, 0.000);Rejected_SafetyRisk
14:44:36;892;RGBA(0.969, 0.619, 0.143, 0.000);-925,00;2;0,00;RGBA(0.755, 0.055, 0.055, 0.000);Rejected_SafetyRisk
14:44:36;893;RGBA(0.969, 0.619, 0.143, 0.000);-925,00;2;0,00;RGBA(0.755, 0.055, 0.055, 0.000);Rejected_SafetyRisk
14:44:36;894;RGBA(0.969, 0.619, 0.143, 0.000);-925,00;2;0,00;RGBA(0.755, 0.055, 0.055, 0.000);Rejected_SafetyRisk
14:44:36;895;RGBA(0.969, 0.619, 0.143, 0.000);-925,00;2;0,00;RGBA(0.755, 0.055, 0.055, 0.000);Rejected_SafetyRisk
14:44:36;896;RGBA(0.969, 0.619, 0.143, 0.000);-925,00;2;0,00;RGBA(0.755, 0.055, 0.055, 0.000);Rejected_SafetyRisk
14:44:36;897;RGBA(0.969, 0.619, 0.143, 0.000);-925,00;2;0,00;RGBA(0.755, 0.055, 0.055, 0.000);Rejected_SafetyRisk
14:44:36;898;RGBA(0.969, 0.619, 0.143, 0.000);-925,00;2;0,00;RGBA(0.755, 0.055, 0.055, 0.000);Rejected_SafetyRisk
14:44:36;899;RGBA(0.969, 0.619, 0.143, 0.000);-925,00;2;0,00;RGBA(0.755, 0.055, 0.055, 0.000);Rejected_SafetyRisk
14:44:36;900;RGBA(0.969, 0.619, 0.143, 0.000);-925,00;2;0,00;RGBA(0.755, 0.055, 0.055, 0.000);Rejected_SafetyRisk
14:44:36;901;RGBA(0.969, 0.619, 0.143, 0.000);-925,00;2;0,00;RGBA(0.755, 0.055, 0.055, 0.000);Rejected_SafetyRisk
14:44:36;902;RGBA(0.969, 0.619, 0.143, 0.000);-925,00;2;0,00;RGBA(0.755, 0.055, 0.055, 0.000);Rejected_SafetyRisk
14:44:36;903;RGBA(0.969, 0.619, 0.143, 0.000);-925,00;2;0,00;RGBA(0.755, 0.055, 0.055, 0.000);Rejected_SafetyRisk
14:44:36;904;RGBA(0.969, 0.619, 0.143, 0.000);-925,00;2;0,00;RGBA(0.755, 0.055, 0.055, 0.000);Rejected_SafetyRisk
14:44:36;905;RGBA(0.969, 0.619, 0.143, 0.000);-925,00;2;0,00;RGBA(0.755, 0.055, 0.055, 0.000);Rejected_SafetyRisk
14:44:36;906;RGBA(0.969, 0.619, 0.143, 0.000);-925,00;2;0,00;RGBA(0.755, 0.055, 0.055, 0.000);Rejected_SafetyRisk
14:44:36;907;RGBA(0.969, 0.619, 0.143, 0.000);-925,00;2;0,00;RGBA(0.755, 0.055, 0.055, 0.000);Rejected_SafetyRisk
14:44:36;908;RGBA(0.969, 0.619, 0.143, 0.000);-925,00;2;0,00;RGBA(0.755, 0.055, 0.055, 0.000);Rejected_SafetyRisk
14:44:36;909;RGBA(0.969, 0.619, 0.143, 0.000);-925,00;2;0,00;RGBA(0.755, 0.055, 0.055, 0.000);Rejected_SafetyRisk
14:44:36;910;RGBA(0.969, 0.619, 0.143, 0.000);-925,00;2;0,00;RGBA(0.755, 0.055, 0.055, 0.000);Rejected_SafetyRisk
14:44:36;911;RGBA(0.969, 0.619, 0.143, 0.000);-925,00;2;0,00;RGBA(0.755, 0.055, 0.055, 0.000);Rejected_SafetyRisk
14:44:36;912;RGBA(0.969, 0.619, 0.143, 0.000);-925,00;2;0,00;RGBA(0.755, 0.055, 0.055, 0.000);Rejected_SafetyRisk
14:44:36;913;RGBA(0.969, 0.619, 0.143, 0.000);-925,00;2;0,00;RGBA(0.755, 0.055, 0.055, 0.000);Rejected_SafetyRisk
14:44:36;914;RGBA(0.969, 0.619, 0.143, 0.000);-925,00;2;0,00;RGBA(0.755, 0.055, 0.055, 0.000);Rejected_SafetyRisk
14:44:36;915;RGBA(0.969, 0.619, 0.143, 0.000);-925,00;2;0,00;RGBA(0.755, 0.055, 0.055, 0.000);Rejected_SafetyRisk
14:44:36;916;RGBA(0.969, 0.619, 0.143, 0.000);-925,00;2;0,00;RGBA(0.755, 0.055, 0.055, 0.000);Rejected_SafetyRisk
14:44:36;917;RGBA(0.969, 0.619, 0.143, 0.000);-925,00;2;0,00;RGBA(0.755, 0.055, 0.055, 0.000);Rejected_SafetyRisk
14:44:36;918;RGBA(0.969, 0.619, 0.143, 0.000);-925,00;2;0,00;RGBA(0.755, 0.055, 0.055, 0.000);Rejected_SafetyRisk
14:44:36;919;RGBA(0.969, 0.619, 0.143, 0.000);-925,00;2;0,00;RGBA(0.755, 0.055, 0.055, 0.000);Rejected_SafetyRisk
14:44:36;920;RGBA(0.969, 0.619, 0.143, 0.000);-925,00;2;0,00;RGBA(0.755, 0.055, 0.055, 0.000);Rejected_SafetyRisk
14:44:36;921;RGBA(0.969, 0.619, 0.143, 0.000);-925,00;2;0,00;RGBA(0.755, 0.055, 0.055, 0.000);Rejected_SafetyRisk
14:44:36;922;RGBA(0.969, 0.619, 0.143, 0.000);-925,00;2;0,00;RGBA(0.755, 0.055, 0.055, 0.000);Rejected_SafetyRisk
14:44:36;923;RGBA(0.969, 0.619, 0.143, 0.000);-925,00;2;0,00;RGBA(0.755, 0.055, 0.055, 0.000);Rejected_SafetyRisk
14:44:36;924;RGBA(0.969, 0.619, 0.143, 0.000);-925,00;2;0,00;RGBA(0.755, 0.055, 0.055, 0.000);Rejected_SafetyRisk
14:44:36;925;RGBA(0.969, 0.619, 0.143, 0.000);-925,00;2;0,00;RGBA(0.755, 0.055, 0.055, 0.000);Rejected_SafetyRisk
14:44:36;926;RGBA(0.969, 0.619, 0.143, 0.000);-925,00;2;0,00;RGBA(0.755, 0.055, 0.055, 0.000);Rejected_SafetyRisk
14:44:36;927;RGBA(0.969, 0.619, 0.143, 0.000);-925,00;2;0,00;RGBA(0.755, 0.055, 0.055, 0.000);Rejected_SafetyRisk
14:44:36;928;RGBA(0.969, 0.619, 0.143, 0.000);-925,00;2;0,00;RGBA(0.755, 0.055, 0.055, 0.000);Rejected_SafetyRisk
14:44:36;929;RGBA(0.969, 0.619, 0.143, 0.000);-925,00;2;0,00;RGBA(0.755, 0.055, 0.055, 0.000);Rejected_SafetyRisk
14:44:36;930;RGBA(0.969, 0.619, 0.143, 0.000);-925,00;2;0,00;RGBA(0.755, 0.055, 0.055, 0.000);Rejected_SafetyRisk
14:44:36;931;RGBA(0.969, 0.619, 0.143, 0.000);-925,00;2;0,00;RGBA(0.755, 0.055, 0.055, 0.000);Rejected_SafetyRisk
14:44:36;932;RGBA(0.969, 0.619, 0.143, 0.000);-925,00;2;0,00;RGBA(0.755, 0.055, 0.055, 0.000);Rejected_SafetyRisk
14:44:36;933;RGBA(0.969, 0.619, 0.143, 0.000);-925,00;2;0,00;RGBA(0.755, 0.055, 0.055, 0.000);Rejected_SafetyRisk
14:44:36;934;RGBA(0.969, 0.619, 0.143, 0.000);-925,00;2;0,00;RGBA(0.755, 0.055, 0.055, 0.000);Rejected_SafetyRisk
14:44:36;935;RGBA(0.969, 0.619, 0.143, 0.000);-925,00;2;0,00;RGBA(0.755, 0.055, 0.055, 0.000);Rejected_SafetyRisk
14:44:36;936;RGBA(0.969, 0.619, 0.143, 0.000);-925,00;2;0,00;RGBA(0.755, 0.055, 0.055, 0.000);Rejected_SafetyRisk
14:44:36;937;RGBA(0.969, 0.619, 0.143, 0.000);-925,00;2;0,00;RGBA(0.755, 0.055, 0.055, 0.000);Rejected_SafetyRisk
14:44:36;938;RGBA(0.969, 0.619, 0.143, 0.000);-925,00;2;0,00;RGBA(0.755, 0.055, 0.055, 0.000);Rejected_SafetyRisk
14:44:36;939;RGBA(0.969, 0.619, 0.143, 0.000);-925,00;2;0,00;RGBA(0.755, 0.055, 0.055, 0.000);Rejected_SafetyRisk
14:44:36;940;RGBA(0.969, 0.619, 0.143, 0.000);-925,00;2;0,00;RGBA(0.755, 0.055, 0.055, 0.000);Rejected_SafetyRisk
14:44:36;941;RGBA(0.969, 0.619, 0.143, 0.000);-925,00;2;0,00;RGBA(0.755, 0.055, 0.055, 0.000);Rejected_SafetyRisk
14:44:36;942;RGBA(0.969, 0.619, 0.143, 0.000);-925,00;2;0,00;RGBA(0.755, 0.055, 0.055, 0.000);Rejected_SafetyRisk
14:44:36;943;RGBA(0.969, 0.619, 0.143, 0.000);-925,00;2;0,00;RGBA(0.755, 0.055, 0.055, 0.000);Rejected_SafetyRisk
14:44:36;944;RGBA(0.969, 0.619, 0.143, 0.000);-925,00;2;0,00;RGBA(0.755, 0.055, 0.055, 0.000);Rejected_SafetyRisk
14:44:36;945;RGBA(0.969, 0.619, 0.143, 0.000);-925,00;2;0,00;RGBA(0.755, 0.055, 0.055, 0.000);Rejected_SafetyRisk
14:44:36;946;RGBA(0.969, 0.619, 0.143, 0.000);-925,00;2;0,00;RGBA(0.755, 0.055, 0.055, 0.000);Rejected_SafetyRisk
14:44:36;947;RGBA(0.969, 0.619, 0.143, 0.000);-925,00;2;0,00;RGBA(0.755, 0.055, 0.055, 0.000);Rejected_SafetyRisk
14:44:36;948;RGBA(0.969, 0.619, 0.143, 0.000);-925,00;2;0,00;RGBA(0.755, 0.055, 0.055, 0.000);Rejected_SafetyRisk
14:44:36;949;RGBA(0.969, 0.619, 0.143, 0.000);-925,00;2;0,00;RGBA(0.755, 0.055, 0.055, 0.000);Rejected_SafetyRisk
14:44:36;950;RGBA(0.969, 0.619, 0.143, 0.000);-925,00;2;0,00;RGBA(0.755, 0.055, 0.055, 0.000);Rejected_SafetyRisk
14:44:36;951;RGBA(0.969, 0.619, 0.143, 0.000);-925,00;2;0,00;RGBA(0.755, 0.055, 0.055, 0.000);Rejected_SafetyRisk
14:44:36;952;RGBA(0.969, 0.619, 0.143, 0.000);-925,00;2;0,00;RGBA(0.755, 0.055, 0.055, 0.000);Rejected_SafetyRisk
14:44:36;953;RGBA(0.969, 0.619, 0.143, 0.000);-925,00;2;0,00;RGBA(0.755, 0.055, 0.055, 0.000);Rejected_SafetyRisk
14:44:36;954;RGBA(0.969, 0.619, 0.143, 0.000);-925,00;2;0,00;RGBA(0.755, 0.055, 0.055, 0.000);Rejected_SafetyRisk
14:44:36;955;RGBA(0.969, 0.619, 0.143, 0.000);-925,00;2;0,00;RGBA(0.755, 0.055, 0.055, 0.000);Rejected_SafetyRisk
14:44:36;956;RGBA(0.969, 0.619, 0.143, 0.000);-925,00;2;0,00;RGBA(0.755, 0.055, 0.055, 0.000);Rejected_SafetyRisk
14:44:36;957;RGBA(0.969, 0.619, 0.143, 0.000);-925,00;2;0,00;RGBA(0.755, 0.055, 0.055, 0.000);Rejected_SafetyRisk
14:44:36;958;RGBA(0.969, 0.619, 0.143, 0.000);-925,00;2;0,00;RGBA(0.755, 0.055, 0.055, 0.000);Rejected_SafetyRisk
14:44:36;959;RGBA(0.969, 0.619, 0.143, 0.000);-925,00;2;0,00;RGBA(0.755, 0.055, 0.055, 0.000);Rejected_SafetyRisk
14:44:36;960;RGBA(0.969, 0.619, 0.143, 0.000);-925,00;2;0,00;RGBA(0.755, 0.055, 0.055, 0.000);Rejected_SafetyRisk
14:44:36;961;RGBA(0.969, 0.619, 0.143, 0.000);-925,00;2;0,00;RGBA(0.755, 0.055, 0.055, 0.000);Rejected_SafetyRisk
14:44:36;962;RGBA(0.969, 0.619, 0.143, 0.000);-925,00;2;0,00;RGBA(0.755, 0.055, 0.055, 0.000);Rejected_SafetyRisk
14:44:36;963;RGBA(0.969, 0.619, 0.143, 0.000);-925,00;2;0,00;RGBA(0.755, 0.055, 0.055, 0.000);Rejected_SafetyRisk
14:44:36;964;RGBA(0.969, 0.619, 0.143, 0.000);-925,00;2;0,00;RGBA(0.755, 0.055, 0.055, 0.000);Rejected_SafetyRisk
14:44:36;965;RGBA(0.969, 0.619, 0.143, 0.000);-925,00;2;0,00;RGBA(0.755, 0.055, 0.055, 0.000);Rejected_SafetyRisk
14:44:36;966;RGBA(0.969, 0.619, 0.143, 0.000);-925,00;2;0,00;RGBA(0.755, 0.055, 0.055, 0.000);Rejected_SafetyRisk
14:44:36;967;RGBA(0.969, 0.619, 0.143, 0.000);-925,00;2;0,00;RGBA(0.755, 0.055, 0.055, 0.000);Rejected_SafetyRisk
14:44:36;968;RGBA(0.969, 0.619, 0.143, 0.000);-925,00;2;0,00;RGBA(0.755, 0.055, 0.055, 0.000);Rejected_SafetyRisk
14:44:36;969;RGBA(0.969, 0.619, 0.143, 0.000);-925,00;2;0,00;RGBA(0.755, 0.055, 0.055, 0.000);Rejected_SafetyRisk
14:44:36;970;RGBA(0.969, 0.619, 0.143, 0.000);-925,00;2;0,00;RGBA(0.755, 0.055, 0.055, 0.000);Rejected_SafetyRisk
14:44:36;971;RGBA(0.969, 0.619, 0.143, 0.000);-925,00;2;0,00;RGBA(0.755, 0.055, 0.055, 0.000);Rejected_SafetyRisk
14:44:36;972;RGBA(0.969, 0.619, 0.143, 0.000);-925,00;2;0,00;RGBA(0.755, 0.055, 0.055, 0.000);Rejected_SafetyRisk
14:44:36;973;RGBA(0.969, 0.619, 0.143, 0.000);-925,00;2;0,00;RGBA(0.755, 0.055, 0.055, 0.000);Rejected_SafetyRisk
14:44:36;974;RGBA(0.969, 0.619, 0.143, 0.000);-925,00;2;0,00;RGBA(0.755, 0.055, 0.055, 0.000);Rejected_SafetyRisk
14:44:36;975;RGBA(0.969, 0.619, 0.143, 0.000);-925,00;2;0,00;RGBA(0.755, 0.055, 0.055, 0.000);Rejected_SafetyRisk
14:44:36;976;RGBA(0.969, 0.619, 0.143, 0.000);-925,00;2;0,00;RGBA(0.755, 0.055, 0.055, 0.000);Rejected_SafetyRisk
14:44:36;977;RGBA(0.969, 0.619, 0.143, 0.000);-925,00;2;0,00;RGBA(0.755, 0.055, 0.055, 0.000);Rejected_SafetyRisk
14:44:36;978;RGBA(0.969, 0.619, 0.143, 0.000);-925,00;2;0,00;RGBA(0.755, 0.055, 0.055, 0.000);Rejected_SafetyRisk
14:44:36;979;RGBA(0.969, 0.619, 0.143, 0.000);-925,00;2;0,00;RGBA(0.755, 0.055, 0.055, 0.000);Rejected_SafetyRisk
14:44:36;980;RGBA(0.969, 0.619, 0.143, 0.000);-925,00;2;0,00;RGBA(0.755, 0.055, 0.055, 0.000);Rejected_SafetyRisk
14:44:36;981;RGBA(0.969, 0.619, 0.143, 0.000);-925,00;2;0,00;RGBA(0.755, 0.055, 0.055, 0.000);Rejected_SafetyRisk
14:44:36;982;RGBA(0.969, 0.619, 0.143, 0.000);-925,00;2;0,00;RGBA(0.755, 0.055, 0.055, 0.000);Rejected_SafetyRisk
14:44:36;983;RGBA(0.969, 0.619, 0.143, 0.000);-925,00;2;0,00;RGBA(0.755, 0.055, 0.055, 0.000);Rejected_SafetyRisk
14:44:36;984;RGBA(0.969, 0.619, 0.143, 0.000);-925,00;2;0,00;RGBA(0.755, 0.055, 0.055, 0.000);Rejected_SafetyRisk
14:44:36;985;RGBA(0.969, 0.619, 0.143, 0.000);-925,00;2;0,00;RGBA(0.755, 0.055, 0.055, 0.000);Rejected_SafetyRisk
14:44:36;986;RGBA(0.969, 0.619, 0.143, 0.000);-925,00;2;0,00;RGBA(0.755, 0.055, 0.055, 0.000);Rejected_SafetyRisk
14:44:36;987;RGBA(0.969, 0.619, 0.143, 0.000);-925,00;2;0,00;RGBA(0.755, 0.055, 0.055, 0.000);Rejected_SafetyRisk
14:44:36;988;RGBA(0.969, 0.619, 0.143, 0.000);-925,00;2;0,00;RGBA(0.755, 0.055, 0.055, 0.000);Rejected_SafetyRisk
14:44:36;989;RGBA(0.969, 0.619, 0.143, 0.000);-925,00;2;0,00;RGBA(0.755, 0.055, 0.055, 0.000);Rejected_SafetyRisk
14:44:36;990;RGBA(0.969, 0.619, 0.143, 0.000);-925,00;2;0,00;RGBA(0.755, 0.055, 0.055, 0.000);Rejected_SafetyRisk
14:44:36;991;RGBA(0.969, 0.619, 0.143, 0.000);-925,00;2;0,00;RGBA(0.755, 0.055, 0.055, 0.000);Rejected_SafetyRisk
14:44:36;992;RGBA(0.969, 0.619, 0.143, 0.000);-925,00;2;0,00;RGBA(0.755, 0.055, 0.055, 0.000);Rejected_SafetyRisk
14:44:36;993;RGBA(0.969, 0.619, 0.143, 0.000);-925,00;2;0,00;RGBA(0.755, 0.055, 0.055, 0.000);Rejected_SafetyRisk
14:44:36;994;RGBA(0.969, 0.619, 0.143, 0.000);-925,00;2;0,00;RGBA(0.755, 0.055, 0.055, 0.000);Rejected_SafetyRisk
14:44:36;995;RGBA(0.969, 0.619, 0.143, 0.000);-925,00;2;0,00;RGBA(0.755, 0.055, 0.055, 0.000);Rejected_SafetyRisk
14:44:36;996;RGBA(0.969, 0.619, 0.143, 0.000);-925,00;2;0,00;RGBA(0.755, 0.055, 0.055, 0.000);Rejected_SafetyRisk
14:44:36;997;RGBA(0.969, 0.619, 0.143, 0.000);-925,00;2;0,00;RGBA(0.755, 0.055, 0.055, 0.000);Rejected_SafetyRisk
14:44:36;998;RGBA(0.969, 0.619, 0.143, 0.000);-925,00;2;0,00;RGBA(0.755, 0.055, 0.055, 0.000);Rejected_SafetyRisk
14:44:36;999;RGBA(0.969, 0.619, 0.143, 0.000);-925,00;2;0,00;RGBA(0.755, 0.055, 0.055, 0.000);Rejected_SafetyRisk
14:44:36;1000;RGBA(0.969, 0.619, 0.143, 0.000);-925,00;2;0,00;RGBA(0.755, 0.055, 0.055, 0.000);Rejected_SafetyRisk
14:44:36;1001;RGBA(0.969, 0.619, 0.143, 0.000);-925,00;2;0,00;RGBA(0.755, 0.055, 0.055, 0.000);Rejected_SafetyRisk
14:44:36;1002;RGBA(0.969, 0.619, 0.143, 0.000);-925,00;2;0,00;RGBA(0.755, 0.055, 0.055, 0.000);Rejected_SafetyRisk
14:44:36;1003;RGBA(0.969, 0.619, 0.143, 0.000);-925,00;2;0,00;RGBA(0.755, 0.055, 0.055, 0.000);Rejected_SafetyRisk
14:44:36;1004;RGBA(0.969, 0.619, 0.143, 0.000);-925,00;2;0,00;RGBA(0.755, 0.055, 0.055, 0.000);Rejected_SafetyRisk
14:44:36;1005;RGBA(0.969, 0.619, 0.143, 0.000);-925,00;2;0,00;RGBA(0.755, 0.055, 0.055, 0.000);Rejected_SafetyRisk
14:44:36;1006;RGBA(0.969, 0.619, 0.143, 0.000);-925,00;2;0,00;RGBA(0.755, 0.055, 0.055, 0.000);Rejected_SafetyRisk
14:44:36;1007;RGBA(0.969, 0.619, 0.143, 0.000);-925,00;2;0,00;RGBA(0.755, 0.055, 0.055, 0.000);Rejected_SafetyRisk
14:44:36;1008;RGBA(0.969, 0.619, 0.143, 0.000);-925,00;2;0,00;RGBA(0.755, 0.055, 0.055, 0.000);Rejected_SafetyRisk
14:44:36;1009;RGBA(0.969, 0.619, 0.143, 0.000);-925,00;2;0,00;RGBA(0.755, 0.055, 0.055, 0.000);Rejected_SafetyRisk
14:44:36;1010;RGBA(0.969, 0.619, 0.143, 0.000);-925,00;2;0,00;RGBA(0.755, 0.055, 0.055, 0.000);Rejected_SafetyRisk
14:44:36;1011;RGBA(0.969, 0.619, 0.143, 0.000);-925,00;2;0,00;RGBA(0.755, 0.055, 0.055, 0.000);Rejected_SafetyRisk
14:44:36;1012;RGBA(0.969, 0.619, 0.143, 0.000);-925,00;2;0,00;RGBA(0.755, 0.055, 0.055, 0.000);Rejected_SafetyRisk
14:44:36;1013;RGBA(0.969, 0.619, 0.143, 0.000);-925,00;2;0,00;RGBA(0.755, 0.055, 0.055, 0.000);Rejected_SafetyRisk
14:44:36;1014;RGBA(0.969, 0.619, 0.143, 0.000);-925,00;2;0,00;RGBA(0.755, 0.055, 0.055, 0.000);Rejected_SafetyRisk
14:44:36;1015;RGBA(0.969, 0.619, 0.143, 0.000);-925,00;2;0,00;RGBA(0.755, 0.055, 0.055, 0.000);Rejected_SafetyRisk
14:44:36;1016;RGBA(0.969, 0.619, 0.143, 0.000);-925,00;2;0,00;RGBA(0.755, 0.055, 0.055, 0.000);Rejected_SafetyRisk
14:44:36;1017;RGBA(0.969, 0.619, 0.143, 0.000);-925,00;2;0,00;RGBA(0.755, 0.055, 0.055, 0.000);Rejected_SafetyRisk
14:44:36;1018;RGBA(0.969, 0.619, 0.143, 0.000);-925,00;2;0,00;RGBA(0.755, 0.055, 0.055, 0.000);Rejected_SafetyRisk
14:44:36;1019;RGBA(0.969, 0.619, 0.143, 0.000);-925,00;2;0,00;RGBA(0.755, 0.055, 0.055, 0.000);Rejected_SafetyRisk
14:44:36;1020;RGBA(0.969, 0.619, 0.143, 0.000);-925,00;2;0,00;RGBA(0.755, 0.055, 0.055, 0.000);Rejected_SafetyRisk
14:44:36;1021;RGBA(0.969, 0.619, 0.143, 0.000);-925,00;2;0,00;RGBA(0.755, 0.055, 0.055, 0.000);Rejected_SafetyRisk
14:44:36;1022;RGBA(0.969, 0.619, 0.143, 0.000);-925,00;2;0,00;RGBA(0.755, 0.055, 0.055, 0.000);Rejected_SafetyRisk
14:44:36;1023;RGBA(0.969, 0.619, 0.143, 0.000);-925,00;2;0,00;RGBA(0.755, 0.055, 0.055, 0.000);Rejected_SafetyRisk
14:44:36;1024;RGBA(0.969, 0.619, 0.143, 0.000);-925,00;2;0,00;RGBA(0.755, 0.055, 0.055, 0.000);Rejected_SafetyRisk
14:44:36;1025;RGBA(0.969, 0.619, 0.143, 0.000);-925,00;2;0,00;RGBA(0.755, 0.055, 0.055, 0.000);Rejected_SafetyRisk
14:44:36;1026;RGBA(0.969, 0.619, 0.143, 0.000);-925,00;2;0,00;RGBA(0.755, 0.055, 0.055, 0.000);Rejected_SafetyRisk
14:44:36;1027;RGBA(0.969, 0.619, 0.143, 0.000);-925,00;2;0,00;RGBA(0.755, 0.055, 0.055, 0.000);Rejected_SafetyRisk
14:44:36;1028;RGBA(0.969, 0.619, 0.143, 0.000);-925,00;2;0,00;RGBA(0.755, 0.055, 0.055, 0.000);Rejected_SafetyRisk
14:44:36;1029;RGBA(0.969, 0.619, 0.143, 0.000);-925,00;2;0,00;RGBA(0.755, 0.055, 0.055, 0.000);Rejected_SafetyRisk
14:44:36;1030;RGBA(0.969, 0.619, 0.143, 0.000);-925,00;2;0,00;RGBA(0.755, 0.055, 0.055, 0.000);Rejected_SafetyRisk
14:44:36;1031;RGBA(0.969, 0.619, 0.143, 0.000);-925,00;2;0,00;RGBA(0.755, 0.055, 0.055, 0.000);Rejected_SafetyRisk
14:44:36;1032;RGBA(0.969, 0.619, 0.143, 0.000);-925,00;2;0,00;RGBA(0.755, 0.055, 0.055, 0.000);Rejected_SafetyRisk
14:44:36;1033;RGBA(0.969, 0.619, 0.143, 0.000);-925,00;2;0,00;RGBA(0.755, 0.055, 0.055, 0.000);Rejected_SafetyRisk
14:44:36;1034;RGBA(0.969, 0.619, 0.143, 0.000);-925,00;2;0,00;RGBA(0.755, 0.055, 0.055, 0.000);Rejected_SafetyRisk
14:44:36;1035;RGBA(0.969, 0.619, 0.143, 0.000);-925,00;2;0,00;RGBA(0.755, 0.055, 0.055, 0.000);Rejected_SafetyRisk
14:44:36;1036;RGBA(0.969, 0.619, 0.143, 0.000);-925,00;2;0,00;RGBA(0.755, 0.055, 0.055, 0.000);Rejected_SafetyRisk
14:44:36;1037;RGBA(0.969, 0.619, 0.143, 0.000);-925,00;2;0,00;RGBA(0.755, 0.055, 0.055, 0.000);Rejected_SafetyRisk
14:44:36;1038;RGBA(0.969, 0.619, 0.143, 0.000);-925,00;2;0,00;RGBA(0.755, 0.055, 0.055, 0.000);Rejected_SafetyRisk
14:44:36;1039;RGBA(0.969, 0.619, 0.143, 0.000);-925,00;2;0,00;RGBA(0.755, 0.055, 0.055, 0.000);Rejected_SafetyRisk
14:44:36;1040;RGBA(0.969, 0.619, 0.143, 0.000);-925,00;2;0,00;RGBA(0.755, 0.055, 0.055, 0.000);Rejected_SafetyRisk
14:44:36;1041;RGBA(0.969, 0.619, 0.143, 0.000);-925,00;2;0,00;RGBA(0.755, 0.055, 0.055, 0.000);Rejected_SafetyRisk
14:44:36;1042;RGBA(0.969, 0.619, 0.143, 0.000);-925,00;2;0,00;RGBA(0.755, 0.055, 0.055, 0.000);Rejected_SafetyRisk
14:44:36;1043;RGBA(0.969, 0.619, 0.143, 0.000);-925,00;2;0,00;RGBA(0.755, 0.055, 0.055, 0.000);Rejected_SafetyRisk
14:44:36;1044;RGBA(0.969, 0.619, 0.143, 0.000);-925,00;2;0,00;RGBA(0.755, 0.055, 0.055, 0.000);Rejected_SafetyRisk
14:44:36;1045;RGBA(0.969, 0.619, 0.143, 0.000);-925,00;2;0,00;RGBA(0.755, 0.055, 0.055, 0.000);Rejected_SafetyRisk
14:44:36;1046;RGBA(0.969, 0.619, 0.143, 0.000);-925,00;2;0,00;RGBA(0.755, 0.055, 0.055, 0.000);Rejected_SafetyRisk
14:44:36;1047;RGBA(0.969, 0.619, 0.143, 0.000);-925,00;2;0,00;RGBA(0.755, 0.055, 0.055, 0.000);Rejected_SafetyRisk
14:44:36;1048;RGBA(0.969, 0.619, 0.143, 0.000);-925,00;2;0,00;RGBA(0.755, 0.055, 0.055, 0.000);Rejected_SafetyRisk
14:44:36;1049;RGBA(0.969, 0.619, 0.143, 0.000);-925,00;2;0,00;RGBA(0.755, 0.055, 0.055, 0.000);Rejected_SafetyRisk
14:44:36;1050;RGBA(0.969, 0.619, 0.143, 0.000);-925,00;2;0,00;RGBA(0.755, 0.055, 0.055, 0.000);Rejected_SafetyRisk
14:44:36;1051;RGBA(0.969, 0.619, 0.143, 0.000);-925,00;2;0,00;RGBA(0.755, 0.055, 0.055, 0.000);Rejected_SafetyRisk
14:44:36;1052;RGBA(0.969, 0.619, 0.143, 0.000);-925,00;2;0,00;RGBA(0.755, 0.055, 0.055, 0.000);Rejected_SafetyRisk
14:44:36;1053;RGBA(0.969, 0.619, 0.143, 0.000);-925,00;2;0,00;RGBA(0.755, 0.055, 0.055, 0.000);Rejected_SafetyRisk
14:44:36;1054;RGBA(0.969, 0.619, 0.143, 0.000);-925,00;2;0,00;RGBA(0.755, 0.055, 0.055, 0.000);Rejected_SafetyRisk
14:44:36;1055;RGBA(0.969, 0.619, 0.143, 0.000);-925,00;2;0,00;RGBA(0.755, 0.055, 0.055, 0.000);Rejected_SafetyRisk
14:44:36;1056;RGBA(0.969, 0.619, 0.143, 0.000);-925,00;2;0,00;RGBA(0.755, 0.055, 0.055, 0.000);Rejected_SafetyRisk
14:44:36;1057;RGBA(0.969, 0.619, 0.143, 0.000);-925,00;2;0,00;RGBA(0.755, 0.055, 0.055, 0.000);Rejected_SafetyRisk
14:44:36;1058;RGBA(0.969, 0.619, 0.143, 0.000);-925,00;2;0,00;RGBA(0.755, 0.055, 0.055, 0.000);Rejected_SafetyRisk
14:44:36;1059;RGBA(0.969, 0.619, 0.143, 0.000);-925,00;2;0,00;RGBA(0.755, 0.055, 0.055, 0.000);Rejected_SafetyRisk
14:44:36;1060;RGBA(0.969, 0.619, 0.143, 0.000);-925,00;2;0,00;RGBA(0.755, 0.055, 0.055, 0.000);Rejected_SafetyRisk
14:44:36;1061;RGBA(0.969, 0.619, 0.143, 0.000);-925,00;2;0,00;RGBA(0.755, 0.055, 0.055, 0.000);Rejected_SafetyRisk
14:44:36;1062;RGBA(0.969, 0.619, 0.143, 0.000);-925,00;2;0,00;RGBA(0.755, 0.055, 0.055, 0.000);Rejected_SafetyRisk
14:44:36;1063;RGBA(0.969, 0.619, 0.143, 0.000);-925,00;2;0,00;RGBA(0.755, 0.055, 0.055, 0.000);Rejected_SafetyRisk
14:44:36;1064;RGBA(0.969, 0.619, 0.143, 0.000);-925,00;2;0,00;RGBA(0.755, 0.055, 0.055, 0.000);Rejected_SafetyRisk
14:44:36;1065;RGBA(0.969, 0.619, 0.143, 0.000);-925,00;2;0,00;RGBA(0.755, 0.055, 0.055, 0.000);Rejected_SafetyRisk
14:44:36;1066;RGBA(0.969, 0.619, 0.143, 0.000);-925,00;2;0,00;RGBA(0.755, 0.055, 0.055, 0.000);Rejected_SafetyRisk
14:44:36;1067;RGBA(0.969, 0.619, 0.143, 0.000);-925,00;2;0,00;RGBA(0.755, 0.055, 0.055, 0.000);Rejected_SafetyRisk
14:44:36;1068;RGBA(0.969, 0.619, 0.143, 0.000);-925,00;2;0,00;RGBA(0.755, 0.055, 0.055, 0.000);Rejected_SafetyRisk
14:44:36;1069;RGBA(0.969, 0.619, 0.143, 0.000);-925,00;2;0,00;RGBA(0.755, 0.055, 0.055, 0.000);Rejected_SafetyRisk
14:44:36;1070;RGBA(0.969, 0.619, 0.143, 0.000);-925,00;2;0,00;RGBA(0.755, 0.055, 0.055, 0.000);Rejected_SafetyRisk
14:44:36;1071;RGBA(0.969, 0.619, 0.143, 0.000);-925,00;2;0,00;RGBA(0.755, 0.055, 0.055, 0.000);Rejected_SafetyRisk
14:44:36;1072;RGBA(0.969, 0.619, 0.143, 0.000);-925,00;2;0,00;RGBA(0.755, 0.055, 0.055, 0.000);Rejected_SafetyRisk
14:44:36;1073;RGBA(0.969, 0.619, 0.143, 0.000);-925,00;2;0,00;RGBA(0.755, 0.055, 0.055, 0.000);Rejected_SafetyRisk
14:44:36;1074;RGBA(0.969, 0.619, 0.143, 0.000);-925,00;2;0,00;RGBA(0.755, 0.055, 0.055, 0.000);Rejected_SafetyRisk
14:44:36;1075;RGBA(0.969, 0.619, 0.143, 0.000);-925,00;2;0,00;RGBA(0.755, 0.055, 0.055, 0.000);Rejected_SafetyRisk
14:44:36;1076;RGBA(0.969, 0.619, 0.143, 0.000);-925,00;2;0,00;RGBA(0.755, 0.055, 0.055, 0.000);Rejected_SafetyRisk
14:44:36;1077;RGBA(0.969, 0.619, 0.143, 0.000);-925,00;2;0,00;RGBA(0.755, 0.055, 0.055, 0.000);Rejected_SafetyRisk
14:44:36;1078;RGBA(0.969, 0.619, 0.143, 0.000);-925,00;2;0,00;RGBA(0.755, 0.055, 0.055, 0.000);Rejected_SafetyRisk
14:44:36;1079;RGBA(0.969, 0.619, 0.143, 0.000);-925,00;2;0,00;RGBA(0.755, 0.055, 0.055, 0.000);Rejected_SafetyRisk
14:44:36;1080;RGBA(0.969, 0.619, 0.143, 0.000);-925,00;2;0,00;RGBA(0.755, 0.055, 0.055, 0.000);Rejected_SafetyRisk
14:44:36;1081;RGBA(0.969, 0.619, 0.143, 0.000);-925,00;2;0,00;RGBA(0.755, 0.055, 0.055, 0.000);Rejected_SafetyRisk
14:44:36;1082;RGBA(0.969, 0.619, 0.143, 0.000);-925,00;2;0,00;RGBA(0.755, 0.055, 0.055, 0.000);Rejected_SafetyRisk
14:44:36;1083;RGBA(0.969, 0.619, 0.143, 0.000);-925,00;2;0,00;RGBA(0.755, 0.055, 0.055, 0.000);Rejected_SafetyRisk
14:44:36;1084;RGBA(0.969, 0.619, 0.143, 0.000);-925,00;2;0,00;RGBA(0.755, 0.055, 0.055, 0.000);Rejected_SafetyRisk
14:44:36;1085;RGBA(0.969, 0.619, 0.143, 0.000);-925,00;2;0,00;RGBA(0.755, 0.055, 0.055, 0.000);Rejected_SafetyRisk
14:44:36;1086;RGBA(0.969, 0.619, 0.143, 0.000);-925,00;2;0,00;RGBA(0.755, 0.055, 0.055, 0.000);Rejected_SafetyRisk
14:44:36;1087;RGBA(0.969, 0.619, 0.143, 0.000);-925,00;2;0,00;RGBA(0.755, 0.055, 0.055, 0.000);Rejected_SafetyRisk
14:44:36;1088;RGBA(0.969, 0.619, 0.143, 0.000);-925,00;2;0,00;RGBA(0.755, 0.055, 0.055, 0.000);Rejected_SafetyRisk
14:44:36;1089;RGBA(0.969, 0.619, 0.143, 0.000);-925,00;2;0,00;RGBA(0.755, 0.055, 0.055, 0.000);Rejected_SafetyRisk
14:44:36;1090;RGBA(0.969, 0.619, 0.143, 0.000);-925,00;2;0,00;RGBA(0.755, 0.055, 0.055, 0.000);Rejected_SafetyRisk
14:44:36;1091;RGBA(0.969, 0.619, 0.143, 0.000);-925,00;2;0,00;RGBA(0.755, 0.055, 0.055, 0.000);Rejected_SafetyRisk
14:44:36;1092;RGBA(0.969, 0.619, 0.143, 0.000);-925,00;2;0,00;RGBA(0.755, 0.055, 0.055, 0.000);Rejected_SafetyRisk
14:44:36;1093;RGBA(0.969, 0.619, 0.143, 0.000);-925,00;2;0,00;RGBA(0.755, 0.055, 0.055, 0.000);Rejected_SafetyRisk
14:44:36;1094;RGBA(0.969, 0.619, 0.143, 0.000);-925,00;2;0,00;RGBA(0.755, 0.055, 0.055, 0.000);Rejected_SafetyRisk
14:44:36;1095;RGBA(0.969, 0.619, 0.143, 0.000);-925,00;2;0,00;RGBA(0.755, 0.055, 0.055, 0.000);Rejected_SafetyRisk
14:44:36;1096;RGBA(0.969, 0.619, 0.143, 0.000);-925,00;2;0,00;RGBA(0.755, 0.055, 0.055, 0.000);Rejected_SafetyRisk
14:44:36;1097;RGBA(0.969, 0.619, 0.143, 0.000);-925,00;2;0,00;RGBA(0.755, 0.055, 0.055, 0.000);Rejected_SafetyRisk
14:44:36;1098;RGBA(0.969, 0.619, 0.143, 0.000);-925,00;2;0,00;RGBA(0.755, 0.055, 0.055, 0.000);Rejected_SafetyRisk
14:44:36;1099;RGBA(0.969, 0.619, 0.143, 0.000);-925,00;2;0,00;RGBA(0.755, 0.055, 0.055, 0.000);Rejected_SafetyRisk
14:44:36;1100;RGBA(0.969, 0.619, 0.143, 0.000);-925,00;2;0,00;RGBA(0.755, 0.055, 0.055, 0.000);Rejected_SafetyRisk
14:44:36;1101;RGBA(0.969, 0.619, 0.143, 0.000);-925,00;2;0,00;RGBA(0.755, 0.055, 0.055, 0.000);Rejected_SafetyRisk
14:44:36;1102;RGBA(0.969, 0.619, 0.143, 0.000);-925,00;2;0,00;RGBA(0.755, 0.055, 0.055, 0.000);Rejected_SafetyRisk
14:44:36;1103;RGBA(0.969, 0.619, 0.143, 0.000);-925,00;2;0,00;RGBA(0.755, 0.055, 0.055, 0.000);Rejected_SafetyRisk
14:44:36;1104;RGBA(0.969, 0.619, 0.143, 0.000);-925,00;2;0,00;RGBA(0.755, 0.055, 0.055, 0.000);Rejected_SafetyRisk
14:44:36;1105;RGBA(0.969, 0.619, 0.143, 0.000);-925,00;2;0,00;RGBA(0.755, 0.055, 0.055, 0.000);Rejected_SafetyRisk
14:44:36;1106;RGBA(0.969, 0.619, 0.143, 0.000);-925,00;2;0,00;RGBA(0.755, 0.055, 0.055, 0.000);Rejected_SafetyRisk
14:44:36;1107;RGBA(0.969, 0.619, 0.143, 0.000);-925,00;2;0,00;RGBA(0.755, 0.055, 0.055, 0.000);Rejected_SafetyRisk
14:44:36;1108;RGBA(0.969, 0.619, 0.143, 0.000);-925,00;2;0,00;RGBA(0.755, 0.055, 0.055, 0.000);Rejected_SafetyRisk
14:44:36;1109;RGBA(0.969, 0.619, 0.143, 0.000);-925,00;2;0,00;RGBA(0.755, 0.055, 0.055, 0.000);Rejected_SafetyRisk
14:44:36;1110;RGBA(0.969, 0.619, 0.143, 0.000);-925,00;2;0,00;RGBA(0.755, 0.055, 0.055, 0.000);Rejected_SafetyRisk
14:44:36;1111;RGBA(0.969, 0.619, 0.143, 0.000);-925,00;2;0,00;RGBA(0.755, 0.055, 0.055, 0.000);Rejected_SafetyRisk
14:44:36;1112;RGBA(0.969, 0.619, 0.143, 0.000);-925,00;2;0,00;RGBA(0.755, 0.055, 0.055, 0.000);Rejected_SafetyRisk
14:44:36;1113;RGBA(0.969, 0.619, 0.143, 0.000);-925,00;2;0,00;RGBA(0.755, 0.055, 0.055, 0.000);Rejected_SafetyRisk
14:44:36;1114;RGBA(0.969, 0.619, 0.143, 0.000);-925,00;2;0,00;RGBA(0.755, 0.055, 0.055, 0.000);Rejected_SafetyRisk
14:44:36;1115;RGBA(0.969, 0.619, 0.143, 0.000);-925,00;2;0,00;RGBA(0.755, 0.055, 0.055, 0.000);Rejected_SafetyRisk
14:44:36;1116;RGBA(0.969, 0.619, 0.143, 0.000);-925,00;2;0,00;RGBA(0.755, 0.055, 0.055, 0.000);Rejected_SafetyRisk
14:44:36;1117;RGBA(0.969, 0.619, 0.143, 0.000);-925,00;2;0,00;RGBA(0.755, 0.055, 0.055, 0.000);Rejected_SafetyRisk
14:44:36;1118;RGBA(0.969, 0.619, 0.143, 0.000);-925,00;2;0,00;RGBA(0.755, 0.055, 0.055, 0.000);Rejected_SafetyRisk
14:44:36;1119;RGBA(0.969, 0.619, 0.143, 0.000);-925,00;2;0,00;RGBA(0.755, 0.055, 0.055, 0.000);Rejected_SafetyRisk
14:44:36;1120;RGBA(0.969, 0.619, 0.143, 0.000);-925,00;2;0,00;RGBA(0.755, 0.055, 0.055, 0.000);Rejected_SafetyRisk
14:44:36;1121;RGBA(0.969, 0.619, 0.143, 0.000);-925,00;2;0,00;RGBA(0.755, 0.055, 0.055, 0.000);Rejected_SafetyRisk
14:44:36;1122;RGBA(0.969, 0.619, 0.143, 0.000);-925,00;2;0,00;RGBA(0.755, 0.055, 0.055, 0.000);Rejected_SafetyRisk
14:44:36;1123;RGBA(0.969, 0.619, 0.143, 0.000);-925,00;2;0,00;RGBA(0.755, 0.055, 0.055, 0.000);Rejected_SafetyRisk
14:44:36;1124;RGBA(0.969, 0.619, 0.143, 0.000);-925,00;2;0,00;RGBA(0.755, 0.055, 0.055, 0.000);Rejected_SafetyRisk
14:44:36;1125;RGBA(0.969, 0.619, 0.143, 0.000);-925,00;2;0,00;RGBA(0.755, 0.055, 0.055, 0.000);Rejected_SafetyRisk
14:44:36;1126;RGBA(0.969, 0.619, 0.143, 0.000);-925,00;2;0,00;RGBA(0.755, 0.055, 0.055, 0.000);Rejected_SafetyRisk
14:44:36;1127;RGBA(0.969, 0.619, 0.143, 0.000);-925,00;2;0,00;RGBA(0.755, 0.055, 0.055, 0.000);Rejected_SafetyRisk
14:44:36;1128;RGBA(0.969, 0.619, 0.143, 0.000);-925,00;2;0,00;RGBA(0.755, 0.055, 0.055, 0.000);Rejected_SafetyRisk
14:44:36;1129;RGBA(0.969, 0.619, 0.143, 0.000);-925,00;2;0,00;RGBA(0.755, 0.055, 0.055, 0.000);Rejected_SafetyRisk
14:44:36;1130;RGBA(0.969, 0.619, 0.143, 0.000);-925,00;2;0,00;RGBA(0.755, 0.055, 0.055, 0.000);Rejected_SafetyRisk
14:44:36;1131;RGBA(0.969, 0.619, 0.143, 0.000);-925,00;2;0,00;RGBA(0.755, 0.055, 0.055, 0.000);Rejected_SafetyRisk
14:44:36;1132;RGBA(0.969, 0.619, 0.143, 0.000);-925,00;2;0,00;RGBA(0.755, 0.055, 0.055, 0.000);Rejected_SafetyRisk
14:44:36;1133;RGBA(0.969, 0.619, 0.143, 0.000);-925,00;2;0,00;RGBA(0.755, 0.055, 0.055, 0.000);Rejected_SafetyRisk
14:44:36;1134;RGBA(0.969, 0.619, 0.143, 0.000);-925,00;2;0,00;RGBA(0.755, 0.055, 0.055, 0.000);Rejected_SafetyRisk
14:44:36;1135;RGBA(0.969, 0.619, 0.143, 0.000);-925,00;2;0,00;RGBA(0.755, 0.055, 0.055, 0.000);Rejected_SafetyRisk
14:44:36;1136;RGBA(0.969, 0.619, 0.143, 0.000);-925,00;2;0,00;RGBA(0.755, 0.055, 0.055, 0.000);Rejected_SafetyRisk
14:44:36;1137;RGBA(0.969, 0.619, 0.143, 0.000);-925,00;2;0,00;RGBA(0.755, 0.055, 0.055, 0.000);Rejected_SafetyRisk
14:44:37;1138;RGBA(0.969, 0.619, 0.143, 0.000);-925,00;2;0,00;RGBA(0.755, 0.055, 0.055, 0.000);Rejected_SafetyRisk
14:44:37;1139;RGBA(0.969, 0.619, 0.143, 0.000);-925,00;2;0,00;RGBA(0.755, 0.055, 0.055, 0.000);Rejected_SafetyRisk
14:44:37;1140;RGBA(0.969, 0.619, 0.143, 0.000);-925,00;2;0,00;RGBA(0.755, 0.055, 0.055, 0.000);Rejected_SafetyRisk
14:44:37;1141;RGBA(0.969, 0.619, 0.143, 0.000);-925,00;2;0,00;RGBA(0.755, 0.055, 0.055, 0.000);Rejected_SafetyRisk
14:44:37;1142;RGBA(0.969, 0.619, 0.143, 0.000);-925,00;2;0,00;RGBA(0.755, 0.055, 0.055, 0.000);Rejected_SafetyRisk
14:44:37;1143;RGBA(0.969, 0.619, 0.143, 0.000);-925,00;2;0,00;RGBA(0.755, 0.055, 0.055, 0.000);Rejected_SafetyRisk
14:44:37;1144;RGBA(0.969, 0.619, 0.143, 0.000);-925,00;2;0,00;RGBA(0.755, 0.055, 0.055, 0.000);Rejected_SafetyRisk
14:44:37;1145;RGBA(0.969, 0.619, 0.143, 0.000);-925,00;2;0,00;RGBA(0.755, 0.055, 0.055, 0.000);Rejected_SafetyRisk
14:44:37;1146;RGBA(0.969, 0.619, 0.143, 0.000);-925,00;2;0,00;RGBA(0.755, 0.055, 0.055, 0.000);Rejected_SafetyRisk
14:44:37;1147;RGBA(0.969, 0.619, 0.143, 0.000);-925,00;2;0,00;RGBA(0.755, 0.055, 0.055, 0.000);Rejected_SafetyRisk
14:44:37;1148;RGBA(0.969, 0.619, 0.143, 0.000);-925,00;2;0,00;RGBA(0.755, 0.055, 0.055, 0.000);Rejected_SafetyRisk
14:44:37;1149;RGBA(0.969, 0.619, 0.143, 0.000);-925,00;2;0,00;RGBA(0.755, 0.055, 0.055, 0.000);Rejected_SafetyRisk
14:44:37;1150;RGBA(0.969, 0.619, 0.143, 0.000);-925,00;2;0,00;RGBA(0.755, 0.055, 0.055, 0.000);Rejected_SafetyRisk
14:44:37;1151;RGBA(0.969, 0.619, 0.143, 0.000);-925,00;2;0,00;RGBA(0.755, 0.055, 0.055, 0.000);Rejected_SafetyRisk
14:44:37;1152;RGBA(0.969, 0.619, 0.143, 0.000);-925,00;2;0,00;RGBA(0.755, 0.055, 0.055, 0.000);Rejected_SafetyRisk
14:44:37;1153;RGBA(0.969, 0.619, 0.143, 0.000);-925,00;2;0,00;RGBA(0.755, 0.055, 0.055, 0.000);Rejected_SafetyRisk
14:44:37;1154;RGBA(0.969, 0.619, 0.143, 0.000);-925,00;2;0,00;RGBA(0.755, 0.055, 0.055, 0.000);Rejected_SafetyRisk
14:44:37;1155;RGBA(0.969, 0.619, 0.143, 0.000);-925,00;2;0,00;RGBA(0.755, 0.055, 0.055, 0.000);Rejected_SafetyRisk
14:44:37;1156;RGBA(0.969, 0.619, 0.143, 0.000);-925,00;2;0,00;RGBA(0.755, 0.055, 0.055, 0.000);Rejected_SafetyRisk
14:44:37;1157;RGBA(0.969, 0.619, 0.143, 0.000);-925,00;2;0,00;RGBA(0.755, 0.055, 0.055, 0.000);Rejected_SafetyRisk
14:44:37;1158;RGBA(0.969, 0.619, 0.143, 0.000);-925,00;2;0,00;RGBA(0.755, 0.055, 0.055, 0.000);Rejected_SafetyRisk
14:44:37;1159;RGBA(0.969, 0.619, 0.143, 0.000);-925,00;2;0,00;RGBA(0.755, 0.055, 0.055, 0.000);Rejected_SafetyRisk
14:44:37;1160;RGBA(0.969, 0.619, 0.143, 0.000);-925,00;2;0,00;RGBA(0.755, 0.055, 0.055, 0.000);Rejected_SafetyRisk
14:44:37;1161;RGBA(0.969, 0.619, 0.143, 0.000);-925,00;2;0,00;RGBA(0.755, 0.055, 0.055, 0.000);Rejected_SafetyRisk
14:44:37;1162;RGBA(0.969, 0.619, 0.143, 0.000);-925,00;2;0,00;RGBA(0.755, 0.055, 0.055, 0.000);Rejected_SafetyRisk
14:44:37;1163;RGBA(0.969, 0.619, 0.143, 0.000);-925,00;2;0,00;RGBA(0.755, 0.055, 0.055, 0.000);Rejected_SafetyRisk
14:44:37;1164;RGBA(0.969, 0.619, 0.143, 0.000);-925,00;2;0,00;RGBA(0.755, 0.055, 0.055, 0.000);Rejected_SafetyRisk
14:44:37;1165;RGBA(0.969, 0.619, 0.143, 0.000);-925,00;2;0,00;RGBA(0.755, 0.055, 0.055, 0.000);Rejected_SafetyRisk
14:44:37;1166;RGBA(0.969, 0.619, 0.143, 0.000);-925,00;2;0,00;RGBA(0.755, 0.055, 0.055, 0.000);Rejected_SafetyRisk
14:44:37;1167;RGBA(0.969, 0.619, 0.143, 0.000);-925,00;2;0,00;RGBA(0.755, 0.055, 0.055, 0.000);Rejected_SafetyRisk
14:44:37;1168;RGBA(0.969, 0.619, 0.143, 0.000);-925,00;2;0,00;RGBA(0.755, 0.055, 0.055, 0.000);Rejected_SafetyRisk
14:44:37;1169;RGBA(0.969, 0.619, 0.143, 0.000);-925,00;2;0,00;RGBA(0.755, 0.055, 0.055, 0.000);Rejected_SafetyRisk
14:44:37;1170;RGBA(0.969, 0.619, 0.143, 0.000);-925,00;2;0,00;RGBA(0.755, 0.055, 0.055, 0.000);Rejected_SafetyRisk
14:44:37;1171;RGBA(0.969, 0.619, 0.143, 0.000);-925,00;2;0,00;RGBA(0.755, 0.055, 0.055, 0.000);Rejected_SafetyRisk
14:44:37;1172;RGBA(0.969, 0.619, 0.143, 0.000);-925,00;2;0,00;RGBA(0.755, 0.055, 0.055, 0.000);Rejected_SafetyRisk
14:44:37;1173;RGBA(0.969, 0.619, 0.143, 0.000);-925,00;2;0,00;RGBA(0.755, 0.055, 0.055, 0.000);Rejected_SafetyRisk
14:44:37;1174;RGBA(0.969, 0.619, 0.143, 0.000);-925,00;2;0,00;RGBA(0.755, 0.055, 0.055, 0.000);Rejected_SafetyRisk
14:44:37;1175;RGBA(0.969, 0.619, 0.143, 0.000);-925,00;2;0,00;RGBA(0.755, 0.055, 0.055, 0.000);Rejected_SafetyRisk
14:44:37;1176;RGBA(0.969, 0.619, 0.143, 0.000);-925,00;2;0,00;RGBA(0.755, 0.055, 0.055, 0.000);Rejected_SafetyRisk
14:44:37;1177;RGBA(0.969, 0.619, 0.143, 0.000);-925,00;2;0,00;RGBA(0.755, 0.055, 0.055, 0.000);Rejected_SafetyRisk
14:44:37;1178;RGBA(0.969, 0.619, 0.143, 0.000);-925,00;2;0,00;RGBA(0.755, 0.055, 0.055, 0.000);Rejected_SafetyRisk
14:44:37;1179;RGBA(0.969, 0.619, 0.143, 0.000);-925,00;2;0,00;RGBA(0.755, 0.055, 0.055, 0.000);Rejected_SafetyRisk
14:44:37;1180;RGBA(0.969, 0.619, 0.143, 0.000);-925,00;2;0,00;RGBA(0.755, 0.055, 0.055, 0.000);Rejected_SafetyRisk
14:44:37;1181;RGBA(0.969, 0.619, 0.143, 0.000);-925,00;2;0,00;RGBA(0.755, 0.055, 0.055, 0.000);Rejected_SafetyRisk
14:44:37;1182;RGBA(0.969, 0.619, 0.143, 0.000);-925,00;2;0,00;RGBA(0.755, 0.055, 0.055, 0.000);Rejected_SafetyRisk
14:44:37;1183;RGBA(0.969, 0.619, 0.143, 0.000);-925,00;2;0,00;RGBA(0.755, 0.055, 0.055, 0.000);Rejected_SafetyRisk
14:44:37;1184;RGBA(0.969, 0.619, 0.143, 0.000);-925,00;2;0,00;RGBA(0.755, 0.055, 0.055, 0.000);Rejected_SafetyRisk
14:44:37;1185;RGBA(0.969, 0.619, 0.143, 0.000);-925,00;2;0,00;RGBA(0.755, 0.055, 0.055, 0.000);Rejected_SafetyRisk
14:44:37;1186;RGBA(0.969, 0.619, 0.143, 0.000);-925,00;2;0,00;RGBA(0.755, 0.055, 0.055, 0.000);Rejected_SafetyRisk
14:44:37;1187;RGBA(0.969, 0.619, 0.143, 0.000);-925,00;2;0,00;RGBA(0.755, 0.055, 0.055, 0.000);Rejected_SafetyRisk
14:44:37;1188;RGBA(0.969, 0.619, 0.143, 0.000);-925,00;2;0,00;RGBA(0.755, 0.055, 0.055, 0.000);Rejected_SafetyRisk
14:44:37;1189;RGBA(0.969, 0.619, 0.143, 0.000);-925,00;2;0,00;RGBA(0.755, 0.055, 0.055, 0.000);Rejected_SafetyRisk
14:44:37;1190;RGBA(0.969, 0.619, 0.143, 0.000);-925,00;2;0,00;RGBA(0.755, 0.055, 0.055, 0.000);Rejected_SafetyRisk
14:44:37;1191;RGBA(0.969, 0.619, 0.143, 0.000);-925,00;2;0,00;RGBA(0.755, 0.055, 0.055, 0.000);Rejected_SafetyRisk
14:44:37;1192;RGBA(0.969, 0.619, 0.143, 0.000);-925,00;2;0,00;RGBA(0.755, 0.055, 0.055, 0.000);Rejected_SafetyRisk
14:44:37;1193;RGBA(0.969, 0.619, 0.143, 0.000);-925,00;2;0,00;RGBA(0.755, 0.055, 0.055, 0.000);Rejected_SafetyRisk
14:44:37;1194;RGBA(0.969, 0.619, 0.143, 0.000);-925,00;2;0,00;RGBA(0.755, 0.055, 0.055, 0.000);Rejected_SafetyRisk
14:44:37;1195;RGBA(0.969, 0.619, 0.143, 0.000);-925,00;2;0,00;RGBA(0.755, 0.055, 0.055, 0.000);Rejected_SafetyRisk
14:44:37;1196;RGBA(0.969, 0.619, 0.143, 0.000);-925,00;2;0,00;RGBA(0.755, 0.055, 0.055, 0.000);Rejected_SafetyRisk
14:44:37;1197;RGBA(0.969, 0.619, 0.143, 0.000);-925,00;2;0,00;RGBA(0.755, 0.055, 0.055, 0.000);Rejected_SafetyRisk
14:44:37;1198;RGBA(0.969, 0.619, 0.143, 0.000);-925,00;2;0,00;RGBA(0.755, 0.055, 0.055, 0.000);Rejected_SafetyRisk
14:44:37;1199;RGBA(0.969, 0.619, 0.143, 0.000);-925,00;2;0,00;RGBA(0.755, 0.055, 0.055, 0.000);Rejected_SafetyRisk
14:44:37;1200;RGBA(0.969, 0.619, 0.143, 0.000);-925,00;2;0,00;RGBA(0.755, 0.055, 0.055, 0.000);Rejected_SafetyRisk
14:44:37;1201;RGBA(0.969, 0.619, 0.143, 0.000);-925,00;2;0,00;RGBA(0.755, 0.055, 0.055, 0.000);Rejected_SafetyRisk
14:44:37;1202;RGBA(0.969, 0.619, 0.143, 0.000);-925,00;2;0,00;RGBA(0.755, 0.055, 0.055, 0.000);Rejected_SafetyRisk
14:44:37;1203;RGBA(0.969, 0.619, 0.143, 0.000);-925,00;2;0,00;RGBA(0.755, 0.055, 0.055, 0.000);Rejected_SafetyRisk
14:44:37;1204;RGBA(0.969, 0.619, 0.143, 0.000);-925,00;2;0,00;RGBA(0.755, 0.055, 0.055, 0.000);Rejected_SafetyRisk
14:44:37;1205;RGBA(0.969, 0.619, 0.143, 0.000);-925,00;2;0,00;RGBA(0.755, 0.055, 0.055, 0.000);Rejected_SafetyRisk
14:44:37;1206;RGBA(0.969, 0.619, 0.143, 0.000);-925,00;2;0,00;RGBA(0.755, 0.055, 0.055, 0.000);Rejected_SafetyRisk
14:44:37;1207;RGBA(0.969, 0.619, 0.143, 0.000);-925,00;2;0,00;RGBA(0.755, 0.055, 0.055, 0.000);Rejected_SafetyRisk
14:44:37;1208;RGBA(0.969, 0.619, 0.143, 0.000);-925,00;2;0,00;RGBA(0.755, 0.055, 0.055, 0.000);Rejected_SafetyRisk
14:44:37;1209;RGBA(0.969, 0.619, 0.143, 0.000);-925,00;2;0,00;RGBA(0.755, 0.055, 0.055, 0.000);Rejected_SafetyRisk
14:44:37;1210;RGBA(0.969, 0.619, 0.143, 0.000);-925,00;2;0,00;RGBA(0.755, 0.055, 0.055, 0.000);Rejected_SafetyRisk
14:44:37;1211;RGBA(0.969, 0.619, 0.143, 0.000);-925,00;2;0,00;RGBA(0.755, 0.055, 0.055, 0.000);Rejected_SafetyRisk
14:44:37;1212;RGBA(0.969, 0.619, 0.143, 0.000);-925,00;2;0,00;RGBA(0.755, 0.055, 0.055, 0.000);Rejected_SafetyRisk
14:44:37;1213;RGBA(0.969, 0.619, 0.143, 0.000);-925,00;2;0,00;RGBA(0.755, 0.055, 0.055, 0.000);Rejected_SafetyRisk
14:44:37;1214;RGBA(0.969, 0.619, 0.143, 0.000);-925,00;2;0,00;RGBA(0.755, 0.055, 0.055, 0.000);Rejected_SafetyRisk
14:44:37;1215;RGBA(0.969, 0.619, 0.143, 0.000);-925,00;2;0,00;RGBA(0.755, 0.055, 0.055, 0.000);Rejected_SafetyRisk
14:44:37;1216;RGBA(0.969, 0.619, 0.143, 0.000);-925,00;2;0,00;RGBA(0.755, 0.055, 0.055, 0.000);Rejected_SafetyRisk
14:44:37;1217;RGBA(0.969, 0.619, 0.143, 0.000);-925,00;2;0,00;RGBA(0.755, 0.055, 0.055, 0.000);Rejected_SafetyRisk
14:44:37;1218;RGBA(0.969, 0.619, 0.143, 0.000);-925,00;2;0,00;RGBA(0.755, 0.055, 0.055, 0.000);Rejected_SafetyRisk
14:44:37;1219;RGBA(0.969, 0.619, 0.143, 0.000);-925,00;2;0,00;RGBA(0.755, 0.055, 0.055, 0.000);Rejected_SafetyRisk
14:44:37;1220;RGBA(0.969, 0.619, 0.143, 0.000);-925,00;2;0,00;RGBA(0.755, 0.055, 0.055, 0.000);Rejected_SafetyRisk
14:44:37;1221;RGBA(0.969, 0.619, 0.143, 0.000);-925,00;2;0,00;RGBA(0.755, 0.055, 0.055, 0.000);Rejected_SafetyRisk
14:44:37;1222;RGBA(0.969, 0.619, 0.143, 0.000);-925,00;2;0,00;RGBA(0.755, 0.055, 0.055, 0.000);Rejected_SafetyRisk
14:44:37;1223;RGBA(0.969, 0.619, 0.143, 0.000);-925,00;2;0,00;RGBA(0.755, 0.055, 0.055, 0.000);Rejected_SafetyRisk
14:44:37;1224;RGBA(0.969, 0.619, 0.143, 0.000);-925,00;2;0,00;RGBA(0.755, 0.055, 0.055, 0.000);Rejected_SafetyRisk
14:44:37;1225;RGBA(0.969, 0.619, 0.143, 0.000);-925,00;2;0,00;RGBA(0.755, 0.055, 0.055, 0.000);Rejected_SafetyRisk
14:44:37;1226;RGBA(0.969, 0.619, 0.143, 0.000);-925,00;2;0,00;RGBA(0.755, 0.055, 0.055, 0.000);Rejected_SafetyRisk
14:44:37;1227;RGBA(0.969, 0.619, 0.143, 0.000);-925,00;2;0,00;RGBA(0.755, 0.055, 0.055, 0.000);Rejected_SafetyRisk
14:44:37;1228;RGBA(0.969, 0.619, 0.143, 0.000);-925,00;2;0,00;RGBA(0.755, 0.055, 0.055, 0.000);Rejected_SafetyRisk
14:44:37;1229;RGBA(0.969, 0.619, 0.143, 0.000);-925,00;2;0,00;RGBA(0.755, 0.055, 0.055, 0.000);Rejected_SafetyRisk
14:44:37;1230;RGBA(0.969, 0.619, 0.143, 0.000);-925,00;2;0,00;RGBA(0.755, 0.055, 0.055, 0.000);Rejected_SafetyRisk
14:44:37;1231;RGBA(0.969, 0.619, 0.143, 0.000);-925,00;2;0,00;RGBA(0.755, 0.055, 0.055, 0.000);Rejected_SafetyRisk
14:44:37;1232;RGBA(0.969, 0.619, 0.143, 0.000);-925,00;2;0,00;RGBA(0.755, 0.055, 0.055, 0.000);Rejected_SafetyRisk
14:44:37;1233;RGBA(0.969, 0.619, 0.143, 0.000);-925,00;2;0,00;RGBA(0.755, 0.055, 0.055, 0.000);Rejected_SafetyRisk
14:44:37;1234;RGBA(0.969, 0.619, 0.143, 0.000);-925,00;2;0,00;RGBA(0.755, 0.055, 0.055, 0.000);Rejected_SafetyRisk
14:44:37;1235;RGBA(0.969, 0.619, 0.143, 0.000);-925,00;2;0,00;RGBA(0.755, 0.055, 0.055, 0.000);Rejected_SafetyRisk
14:44:37;1236;RGBA(0.969, 0.619, 0.143, 0.000);-925,00;2;0,00;RGBA(0.755, 0.055, 0.055, 0.000);Rejected_SafetyRisk
14:44:37;1237;RGBA(0.969, 0.619, 0.143, 0.000);-925,00;2;0,00;RGBA(0.755, 0.055, 0.055, 0.000);Rejected_SafetyRisk
14:44:37;1238;RGBA(0.969, 0.619, 0.143, 0.000);-925,00;2;0,00;RGBA(0.755, 0.055, 0.055, 0.000);Rejected_SafetyRisk
14:44:37;1239;RGBA(0.969, 0.619, 0.143, 0.000);-925,00;2;0,00;RGBA(0.755, 0.055, 0.055, 0.000);Rejected_SafetyRisk
14:44:37;1240;RGBA(0.969, 0.619, 0.143, 0.000);-925,00;2;0,00;RGBA(0.755, 0.055, 0.055, 0.000);Rejected_SafetyRisk
14:44:37;1241;RGBA(0.969, 0.619, 0.143, 0.000);-925,00;2;0,00;RGBA(0.755, 0.055, 0.055, 0.000);Rejected_SafetyRisk
14:44:37;1242;RGBA(0.969, 0.619, 0.143, 0.000);-925,00;2;0,00;RGBA(0.755, 0.055, 0.055, 0.000);Rejected_SafetyRisk
14:44:37;1243;RGBA(0.969, 0.619, 0.143, 0.000);-925,00;2;0,00;RGBA(0.755, 0.055, 0.055, 0.000);Rejected_SafetyRisk
14:44:37;1244;RGBA(0.969, 0.619, 0.143, 0.000);-925,00;2;0,00;RGBA(0.755, 0.055, 0.055, 0.000);Rejected_SafetyRisk
14:44:37;1245;RGBA(0.969, 0.619, 0.143, 0.000);-925,00;2;0,00;RGBA(0.755, 0.055, 0.055, 0.000);Rejected_SafetyRisk
14:44:37;1246;RGBA(0.969, 0.619, 0.143, 0.000);-925,00;2;0,00;RGBA(0.755, 0.055, 0.055, 0.000);Rejected_SafetyRisk
14:44:37;1247;RGBA(0.969, 0.619, 0.143, 0.000);-925,00;2;0,00;RGBA(0.755, 0.055, 0.055, 0.000);Rejected_SafetyRisk
14:44:37;1248;RGBA(0.969, 0.619, 0.143, 0.000);-925,00;2;0,00;RGBA(0.755, 0.055, 0.055, 0.000);Rejected_SafetyRisk
14:44:37;1249;RGBA(0.969, 0.619, 0.143, 0.000);-925,00;2;0,00;RGBA(0.755, 0.055, 0.055, 0.000);Rejected_SafetyRisk
14:44:37;1250;RGBA(0.969, 0.619, 0.143, 0.000);-925,00;2;0,00;RGBA(0.755, 0.055, 0.055, 0.000);Rejected_SafetyRisk
14:44:37;1251;RGBA(0.969, 0.619, 0.143, 0.000);-925,00;2;0,00;RGBA(0.755, 0.055, 0.055, 0.000);Rejected_SafetyRisk
14:44:37;1252;RGBA(0.969, 0.619, 0.143, 0.000);-925,00;2;0,00;RGBA(0.755, 0.055, 0.055, 0.000);Rejected_SafetyRisk
14:44:37;1253;RGBA(0.969, 0.619, 0.143, 0.000);-925,00;2;0,00;RGBA(0.755, 0.055, 0.055, 0.000);Rejected_SafetyRisk
14:44:37;1254;RGBA(0.969, 0.619, 0.143, 0.000);-925,00;2;0,00;RGBA(0.755, 0.055, 0.055, 0.000);Rejected_SafetyRisk
14:44:37;1255;RGBA(0.969, 0.619, 0.143, 0.000);-925,00;2;0,00;RGBA(0.755, 0.055, 0.055, 0.000);Rejected_SafetyRisk
14:44:37;1256;RGBA(0.969, 0.619, 0.143, 0.000);-925,00;2;0,00;RGBA(0.755, 0.055, 0.055, 0.000);Rejected_SafetyRisk
14:44:37;1257;RGBA(0.969, 0.619, 0.143, 0.000);-925,00;2;0,00;RGBA(0.755, 0.055, 0.055, 0.000);Rejected_SafetyRisk
14:44:37;1258;RGBA(0.969, 0.619, 0.143, 0.000);-925,00;2;0,00;RGBA(0.755, 0.055, 0.055, 0.000);Rejected_SafetyRisk
14:44:37;1259;RGBA(0.969, 0.619, 0.143, 0.000);-925,00;2;0,00;RGBA(0.755, 0.055, 0.055, 0.000);Rejected_SafetyRisk
14:44:37;1260;RGBA(0.969, 0.619, 0.143, 0.000);-925,00;2;0,00;RGBA(0.755, 0.055, 0.055, 0.000);Rejected_SafetyRisk
14:44:37;1261;RGBA(0.969, 0.619, 0.143, 0.000);-925,00;2;0,00;RGBA(0.755, 0.055, 0.055, 0.000);Rejected_SafetyRisk
14:44:37;1262;RGBA(0.969, 0.619, 0.143, 0.000);-925,00;2;0,00;RGBA(0.755, 0.055, 0.055, 0.000);Rejected_SafetyRisk
14:44:37;1263;RGBA(0.969, 0.619, 0.143, 0.000);-925,00;2;0,00;RGBA(0.755, 0.055, 0.055, 0.000);Rejected_SafetyRisk
14:44:37;1264;RGBA(0.969, 0.619, 0.143, 0.000);-925,00;2;0,00;RGBA(0.755, 0.055, 0.055, 0.000);Rejected_SafetyRisk
14:44:37;1265;RGBA(0.969, 0.619, 0.143, 0.000);-925,00;2;0,00;RGBA(0.755, 0.055, 0.055, 0.000);Rejected_SafetyRisk
14:44:37;1266;RGBA(0.969, 0.619, 0.143, 0.000);-925,00;2;0,00;RGBA(0.755, 0.055, 0.055, 0.000);Rejected_SafetyRisk
14:44:37;1267;RGBA(0.969, 0.619, 0.143, 0.000);-925,00;2;0,00;RGBA(0.755, 0.055, 0.055, 0.000);Rejected_SafetyRisk
14:44:37;1268;RGBA(0.969, 0.619, 0.143, 0.000);-925,00;2;0,00;RGBA(0.755, 0.055, 0.055, 0.000);Rejected_SafetyRisk
14:44:37;1269;RGBA(0.969, 0.619, 0.143, 0.000);-925,00;2;0,00;RGBA(0.755, 0.055, 0.055, 0.000);Rejected_SafetyRisk
14:44:37;1270;RGBA(0.969, 0.619, 0.143, 0.000);-925,00;2;0,00;RGBA(0.755, 0.055, 0.055, 0.000);Rejected_SafetyRisk
14:44:37;1271;RGBA(0.969, 0.619, 0.143, 0.000);-925,00;2;0,00;RGBA(0.755, 0.055, 0.055, 0.000);Rejected_SafetyRisk
14:44:37;1272;RGBA(0.969, 0.619, 0.143, 0.000);-925,00;2;0,00;RGBA(0.755, 0.055, 0.055, 0.000);Rejected_SafetyRisk
14:44:37;1273;RGBA(0.969, 0.619, 0.143, 0.000);-925,00;2;0,00;RGBA(0.755, 0.055, 0.055, 0.000);Rejected_SafetyRisk
14:44:37;1274;RGBA(0.969, 0.619, 0.143, 0.000);-925,00;2;0,00;RGBA(0.755, 0.055, 0.055, 0.000);Rejected_SafetyRisk
14:44:37;1275;RGBA(0.969, 0.619, 0.143, 0.000);-925,00;2;0,00;RGBA(0.755, 0.055, 0.055, 0.000);Rejected_SafetyRisk
14:44:37;1276;RGBA(0.969, 0.619, 0.143, 0.000);-925,00;2;0,00;RGBA(0.755, 0.055, 0.055, 0.000);Rejected_SafetyRisk
14:44:37;1277;RGBA(0.969, 0.619, 0.143, 0.000);-925,00;2;0,00;RGBA(0.755, 0.055, 0.055, 0.000);Rejected_SafetyRisk
14:44:37;1278;RGBA(0.969, 0.619, 0.143, 0.000);-925,00;2;0,00;RGBA(0.755, 0.055, 0.055, 0.000);Rejected_SafetyRisk
14:44:37;1279;RGBA(0.969, 0.619, 0.143, 0.000);-925,00;2;0,00;RGBA(0.755, 0.055, 0.055, 0.000);Rejected_SafetyRisk
14:44:37;1280;RGBA(0.969, 0.619, 0.143, 0.000);-925,00;2;0,00;RGBA(0.755, 0.055, 0.055, 0.000);Rejected_SafetyRisk
14:44:37;1281;RGBA(0.969, 0.619, 0.143, 0.000);-925,00;2;0,00;RGBA(0.755, 0.055, 0.055, 0.000);Rejected_SafetyRisk
14:44:37;1282;RGBA(0.969, 0.619, 0.143, 0.000);-925,00;2;0,00;RGBA(0.755, 0.055, 0.055, 0.000);Rejected_SafetyRisk
14:44:37;1283;RGBA(0.969, 0.619, 0.143, 0.000);-925,00;2;0,00;RGBA(0.755, 0.055, 0.055, 0.000);Rejected_SafetyRisk
14:44:37;1284;RGBA(0.969, 0.619, 0.143, 0.000);-925,00;2;0,00;RGBA(0.755, 0.055, 0.055, 0.000);Rejected_SafetyRisk
14:44:37;1285;RGBA(0.969, 0.619, 0.143, 0.000);-925,00;2;0,00;RGBA(0.755, 0.055, 0.055, 0.000);Rejected_SafetyRisk
14:44:37;1286;RGBA(0.969, 0.619, 0.143, 0.000);-925,00;2;0,00;RGBA(0.755, 0.055, 0.055, 0.000);Rejected_SafetyRisk
14:44:37;1287;RGBA(0.969, 0.619, 0.143, 0.000);-925,00;2;0,00;RGBA(0.755, 0.055, 0.055, 0.000);Rejected_SafetyRisk
14:44:37;1288;RGBA(0.969, 0.619, 0.143, 0.000);-925,00;2;0,00;RGBA(0.755, 0.055, 0.055, 0.000);Rejected_SafetyRisk
14:44:37;1289;RGBA(0.969, 0.619, 0.143, 0.000);-925,00;2;0,00;RGBA(0.755, 0.055, 0.055, 0.000);Rejected_SafetyRisk
14:44:37;1290;RGBA(0.969, 0.619, 0.143, 0.000);-925,00;2;0,00;RGBA(0.755, 0.055, 0.055, 0.000);Rejected_SafetyRisk
14:44:37;1291;RGBA(0.969, 0.619, 0.143, 0.000);-925,00;2;0,00;RGBA(0.755, 0.055, 0.055, 0.000);Rejected_SafetyRisk
14:44:37;1292;RGBA(0.969, 0.619, 0.143, 0.000);-925,00;2;0,00;RGBA(0.755, 0.055, 0.055, 0.000);Rejected_SafetyRisk
14:44:37;1293;RGBA(0.969, 0.619, 0.143, 0.000);-925,00;2;0,00;RGBA(0.755, 0.055, 0.055, 0.000);Rejected_SafetyRisk
14:44:37;1294;RGBA(0.969, 0.619, 0.143, 0.000);-925,00;2;0,00;RGBA(0.755, 0.055, 0.055, 0.000);Rejected_SafetyRisk
14:44:37;1295;RGBA(0.969, 0.619, 0.143, 0.000);-925,00;2;0,00;RGBA(0.755, 0.055, 0.055, 0.000);Rejected_SafetyRisk
14:44:37;1296;RGBA(0.969, 0.619, 0.143, 0.000);-925,00;2;0,00;RGBA(0.755, 0.055, 0.055, 0.000);Rejected_SafetyRisk
14:44:37;1297;RGBA(0.969, 0.619, 0.143, 0.000);-925,00;2;0,00;RGBA(0.755, 0.055, 0.055, 0.000);Rejected_SafetyRisk
14:44:37;1298;RGBA(0.969, 0.619, 0.143, 0.000);-925,00;2;0,00;RGBA(0.755, 0.055, 0.055, 0.000);Rejected_SafetyRisk
14:44:37;1299;RGBA(0.969, 0.619, 0.143, 0.000);-925,00;2;0,00;RGBA(0.755, 0.055, 0.055, 0.000);Rejected_SafetyRisk
14:44:37;1300;RGBA(0.969, 0.619, 0.143, 0.000);-925,00;2;0,00;RGBA(0.755, 0.055, 0.055, 0.000);Rejected_SafetyRisk
14:44:37;1301;RGBA(0.969, 0.619, 0.143, 0.000);-925,00;2;0,00;RGBA(0.755, 0.055, 0.055, 0.000);Rejected_SafetyRisk
14:44:37;1302;RGBA(0.969, 0.619, 0.143, 0.000);-925,00;2;0,00;RGBA(0.755, 0.055, 0.055, 0.000);Rejected_SafetyRisk
14:44:37;1303;RGBA(0.969, 0.619, 0.143, 0.000);-925,00;2;0,00;RGBA(0.755, 0.055, 0.055, 0.000);Rejected_SafetyRisk
14:44:37;1304;RGBA(0.969, 0.619, 0.143, 0.000);-925,00;2;0,00;RGBA(0.755, 0.055, 0.055, 0.000);Rejected_SafetyRisk
14:44:37;1305;RGBA(0.969, 0.619, 0.143, 0.000);-925,00;2;0,00;RGBA(0.755, 0.055, 0.055, 0.000);Rejected_SafetyRisk
14:44:37;1306;RGBA(0.969, 0.619, 0.143, 0.000);-925,00;2;0,00;RGBA(0.755, 0.055, 0.055, 0.000);Rejected_SafetyRisk
14:44:37;1307;RGBA(0.969, 0.619, 0.143, 0.000);-925,00;2;0,00;RGBA(0.755, 0.055, 0.055, 0.000);Rejected_SafetyRisk
14:44:37;1308;RGBA(0.969, 0.619, 0.143, 0.000);-925,00;2;0,00;RGBA(0.755, 0.055, 0.055, 0.000);Rejected_SafetyRisk
14:44:37;1309;RGBA(0.969, 0.619, 0.143, 0.000);-925,00;2;0,00;RGBA(0.755, 0.055, 0.055, 0.000);Rejected_SafetyRisk
14:44:37;1310;RGBA(0.969, 0.619, 0.143, 0.000);-925,00;2;0,00;RGBA(0.755, 0.055, 0.055, 0.000);Rejected_SafetyRisk
14:44:37;1311;RGBA(0.969, 0.619, 0.143, 0.000);-925,00;2;0,00;RGBA(0.755, 0.055, 0.055, 0.000);Rejected_SafetyRisk
14:44:37;1312;RGBA(0.969, 0.619, 0.143, 0.000);-925,00;2;0,00;RGBA(0.755, 0.055, 0.055, 0.000);Rejected_SafetyRisk
14:44:37;1313;RGBA(0.969, 0.619, 0.143, 0.000);-925,00;2;0,00;RGBA(0.755, 0.055, 0.055, 0.000);Rejected_SafetyRisk
14:44:37;1314;RGBA(0.969, 0.619, 0.143, 0.000);-925,00;2;0,00;RGBA(0.755, 0.055, 0.055, 0.000);Rejected_SafetyRisk
14:44:37;1315;RGBA(0.969, 0.619, 0.143, 0.000);-925,00;2;0,00;RGBA(0.755, 0.055, 0.055, 0.000);Rejected_SafetyRisk
14:44:37;1316;RGBA(0.969, 0.619, 0.143, 0.000);-925,00;2;0,00;RGBA(0.755, 0.055, 0.055, 0.000);Rejected_SafetyRisk
14:44:37;1317;RGBA(0.969, 0.619, 0.143, 0.000);-925,00;2;0,00;RGBA(0.755, 0.055, 0.055, 0.000);Rejected_SafetyRisk
14:44:37;1318;RGBA(0.969, 0.619, 0.143, 0.000);-925,00;2;0,00;RGBA(0.755, 0.055, 0.055, 0.000);Rejected_SafetyRisk
14:44:37;1319;RGBA(0.969, 0.619, 0.143, 0.000);-925,00;2;0,00;RGBA(0.755, 0.055, 0.055, 0.000);Rejected_SafetyRisk
14:44:37;1320;RGBA(0.969, 0.619, 0.143, 0.000);-925,00;2;0,00;RGBA(0.755, 0.055, 0.055, 0.000);Rejected_SafetyRisk
14:44:37;1321;RGBA(0.969, 0.619, 0.143, 0.000);-925,00;2;0,00;RGBA(0.755, 0.055, 0.055, 0.000);Rejected_SafetyRisk
14:44:37;1322;RGBA(0.969, 0.619, 0.143, 0.000);-925,00;2;0,00;RGBA(0.755, 0.055, 0.055, 0.000);Rejected_SafetyRisk
14:44:37;1323;RGBA(0.969, 0.619, 0.143, 0.000);-925,00;2;0,00;RGBA(0.755, 0.055, 0.055, 0.000);Rejected_SafetyRisk
14:44:37;1324;RGBA(0.969, 0.619, 0.143, 0.000);-925,00;2;0,00;RGBA(0.755, 0.055, 0.055, 0.000);Rejected_SafetyRisk
14:44:37;1325;RGBA(0.969, 0.619, 0.143, 0.000);-925,00;2;0,00;RGBA(0.755, 0.055, 0.055, 0.000);Rejected_SafetyRisk
14:44:37;1326;RGBA(0.969, 0.619, 0.143, 0.000);-925,00;2;0,00;RGBA(0.755, 0.055, 0.055, 0.000);Rejected_SafetyRisk
14:44:37;1327;RGBA(0.969, 0.619, 0.143, 0.000);-925,00;2;0,00;RGBA(0.755, 0.055, 0.055, 0.000);Rejected_SafetyRisk
14:44:37;1328;RGBA(0.969, 0.619, 0.143, 0.000);-925,00;2;0,00;RGBA(0.755, 0.055, 0.055, 0.000);Rejected_SafetyRisk
14:44:37;1329;RGBA(0.969, 0.619, 0.143, 0.000);-925,00;2;0,00;RGBA(0.755, 0.055, 0.055, 0.000);Rejected_SafetyRisk
14:44:37;1330;RGBA(0.969, 0.619, 0.143, 0.000);-925,00;2;0,00;RGBA(0.755, 0.055, 0.055, 0.000);Rejected_SafetyRisk
14:44:37;1331;RGBA(0.969, 0.619, 0.143, 0.000);-925,00;2;0,00;RGBA(0.755, 0.055, 0.055, 0.000);Rejected_SafetyRisk
14:44:37;1332;RGBA(0.969, 0.619, 0.143, 0.000);-925,00;2;0,00;RGBA(0.755, 0.055, 0.055, 0.000);Rejected_SafetyRisk
14:44:37;1333;RGBA(0.969, 0.619, 0.143, 0.000);-925,00;2;0,00;RGBA(0.755, 0.055, 0.055, 0.000);Rejected_SafetyRisk
14:44:37;1334;RGBA(0.969, 0.619, 0.143, 0.000);-925,00;2;0,00;RGBA(0.755, 0.055, 0.055, 0.000);Rejected_SafetyRisk
14:44:37;1335;RGBA(0.969, 0.619, 0.143, 0.000);-925,00;2;0,00;RGBA(0.755, 0.055, 0.055, 0.000);Rejected_SafetyRisk
14:44:37;1336;RGBA(0.969, 0.619, 0.143, 0.000);-925,00;2;0,00;RGBA(0.755, 0.055, 0.055, 0.000);Rejected_SafetyRisk
14:44:37;1337;RGBA(0.969, 0.619, 0.143, 0.000);-925,00;2;0,00;RGBA(0.755, 0.055, 0.055, 0.000);Rejected_SafetyRisk
14:44:37;1338;RGBA(0.969, 0.619, 0.143, 0.000);-925,00;2;0,00;RGBA(0.755, 0.055, 0.055, 0.000);Rejected_SafetyRisk
14:44:37;1339;RGBA(0.969, 0.619, 0.143, 0.000);-925,00;2;0,00;RGBA(0.755, 0.055, 0.055, 0.000);Rejected_SafetyRisk
14:44:37;1340;RGBA(0.969, 0.619, 0.143, 0.000);-925,00;2;0,00;RGBA(0.755, 0.055, 0.055, 0.000);Rejected_SafetyRisk
14:44:37;1341;RGBA(0.969, 0.619, 0.143, 0.000);-925,00;2;0,00;RGBA(0.755, 0.055, 0.055, 0.000);Rejected_SafetyRisk
14:44:37;1342;RGBA(0.969, 0.619, 0.143, 0.000);-925,00;2;0,00;RGBA(0.755, 0.055, 0.055, 0.000);Rejected_SafetyRisk
14:44:37;1343;RGBA(0.969, 0.619, 0.143, 0.000);-925,00;2;0,00;RGBA(0.755, 0.055, 0.055, 0.000);Rejected_SafetyRisk
14:44:37;1344;RGBA(0.969, 0.619, 0.143, 0.000);-925,00;2;0,00;RGBA(0.755, 0.055, 0.055, 0.000);Rejected_SafetyRisk
14:44:37;1345;RGBA(0.969, 0.619, 0.143, 0.000);-925,00;2;0,00;RGBA(0.755, 0.055, 0.055, 0.000);Rejected_SafetyRisk
14:44:37;1346;RGBA(0.969, 0.619, 0.143, 0.000);-925,00;2;0,00;RGBA(0.755, 0.055, 0.055, 0.000);Rejected_SafetyRisk
14:44:37;1347;RGBA(0.969, 0.619, 0.143, 0.000);-925,00;2;0,00;RGBA(0.755, 0.055, 0.055, 0.000);Rejected_SafetyRisk
14:44:37;1348;RGBA(0.969, 0.619, 0.143, 0.000);-925,00;2;0,00;RGBA(0.755, 0.055, 0.055, 0.000);Rejected_SafetyRisk
14:44:37;1349;RGBA(0.969, 0.619, 0.143, 0.000);-925,00;2;0,00;RGBA(0.755, 0.055, 0.055, 0.000);Rejected_SafetyRisk
14:44:37;1350;RGBA(0.969, 0.619, 0.143, 0.000);-925,00;2;0,00;RGBA(0.755, 0.055, 0.055, 0.000);Rejected_SafetyRisk
14:44:37;1351;RGBA(0.969, 0.619, 0.143, 0.000);-925,00;2;0,00;RGBA(0.755, 0.055, 0.055, 0.000);Rejected_SafetyRisk
14:44:37;1352;RGBA(0.969, 0.619, 0.143, 0.000);-925,00;2;0,00;RGBA(0.755, 0.055, 0.055, 0.000);Rejected_SafetyRisk
14:44:37;1353;RGBA(0.969, 0.619, 0.143, 0.000);-925,00;2;0,00;RGBA(0.755, 0.055, 0.055, 0.000);Rejected_SafetyRisk
14:44:37;1354;RGBA(0.969, 0.619, 0.143, 0.000);-925,00;2;0,00;RGBA(0.755, 0.055, 0.055, 0.000);Rejected_SafetyRisk
14:44:37;1355;RGBA(0.969, 0.619, 0.143, 0.000);-925,00;2;0,00;RGBA(0.755, 0.055, 0.055, 0.000);Rejected_SafetyRisk
14:44:37;1356;RGBA(0.969, 0.619, 0.143, 0.000);-925,00;2;0,00;RGBA(0.755, 0.055, 0.055, 0.000);Rejected_SafetyRisk
14:44:37;1357;RGBA(0.969, 0.619, 0.143, 0.000);-925,00;2;0,00;RGBA(0.755, 0.055, 0.055, 0.000);Rejected_SafetyRisk
14:44:37;1358;RGBA(0.969, 0.619, 0.143, 0.000);-925,00;2;0,00;RGBA(0.755, 0.055, 0.055, 0.000);Rejected_SafetyRisk
14:44:37;1359;RGBA(0.969, 0.619, 0.143, 0.000);-925,00;2;0,00;RGBA(0.755, 0.055, 0.055, 0.000);Rejected_SafetyRisk
14:44:37;1360;RGBA(0.969, 0.619, 0.143, 0.000);-925,00;2;0,00;RGBA(0.755, 0.055, 0.055, 0.000);Rejected_SafetyRisk
14:44:37;1361;RGBA(0.969, 0.619, 0.143, 0.000);-925,00;2;0,00;RGBA(0.755, 0.055, 0.055, 0.000);Rejected_SafetyRisk
14:44:37;1362;RGBA(0.969, 0.619, 0.143, 0.000);-925,00;2;0,00;RGBA(0.755, 0.055, 0.055, 0.000);Rejected_SafetyRisk
14:44:37;1363;RGBA(0.969, 0.619, 0.143, 0.000);-925,00;2;0,00;RGBA(0.755, 0.055, 0.055, 0.000);Rejected_SafetyRisk
14:44:37;1364;RGBA(0.969, 0.619, 0.143, 0.000);-925,00;2;0,00;RGBA(0.755, 0.055, 0.055, 0.000);Rejected_SafetyRisk
14:44:37;1365;RGBA(0.969, 0.619, 0.143, 0.000);-925,00;2;0,00;RGBA(0.755, 0.055, 0.055, 0.000);Rejected_SafetyRisk
14:44:37;1366;RGBA(0.969, 0.619, 0.143, 0.000);-925,00;2;0,00;RGBA(0.755, 0.055, 0.055, 0.000);Rejected_SafetyRisk
14:44:37;1367;RGBA(0.969, 0.619, 0.143, 0.000);-925,00;2;0,00;RGBA(0.755, 0.055, 0.055, 0.000);Rejected_SafetyRisk
14:44:37;1368;RGBA(0.969, 0.619, 0.143, 0.000);-925,00;2;0,00;RGBA(0.755, 0.055, 0.055, 0.000);Rejected_SafetyRisk
14:44:37;1369;RGBA(0.969, 0.619, 0.143, 0.000);-925,00;2;0,00;RGBA(0.755, 0.055, 0.055, 0.000);Rejected_SafetyRisk
14:44:37;1370;RGBA(0.969, 0.619, 0.143, 0.000);-925,00;2;0,00;RGBA(0.755, 0.055, 0.055, 0.000);Rejected_SafetyRisk
14:44:37;1371;RGBA(0.969, 0.619, 0.143, 0.000);-925,00;2;0,00;RGBA(0.755, 0.055, 0.055, 0.000);Rejected_SafetyRisk
14:44:37;1372;RGBA(0.969, 0.619, 0.143, 0.000);-925,00;2;0,00;RGBA(0.755, 0.055, 0.055, 0.000);Rejected_SafetyRisk
14:44:37;1373;RGBA(0.969, 0.619, 0.143, 0.000);-925,00;2;0,00;RGBA(0.755, 0.055, 0.055, 0.000);Rejected_SafetyRisk
14:44:37;1374;RGBA(0.969, 0.619, 0.143, 0.000);-925,00;2;0,00;RGBA(0.755, 0.055, 0.055, 0.000);Rejected_SafetyRisk
14:44:37;1375;RGBA(0.969, 0.619, 0.143, 0.000);-925,00;2;0,00;RGBA(0.755, 0.055, 0.055, 0.000);Rejected_SafetyRisk
14:44:37;1376;RGBA(0.969, 0.619, 0.143, 0.000);-925,00;2;0,00;RGBA(0.755, 0.055, 0.055, 0.000);Rejected_SafetyRisk
14:44:37;1377;RGBA(0.969, 0.619, 0.143, 0.000);-925,00;2;0,00;RGBA(0.755, 0.055, 0.055, 0.000);Rejected_SafetyRisk
14:44:37;1378;RGBA(0.969, 0.619, 0.143, 0.000);-925,00;2;0,00;RGBA(0.755, 0.055, 0.055, 0.000);Rejected_SafetyRisk
14:44:37;1379;RGBA(0.969, 0.619, 0.143, 0.000);-925,00;2;0,00;RGBA(0.755, 0.055, 0.055, 0.000);Rejected_SafetyRisk
14:44:37;1380;RGBA(0.969, 0.619, 0.143, 0.000);-925,00;2;0,00;RGBA(0.755, 0.055, 0.055, 0.000);Rejected_SafetyRisk
14:44:37;1381;RGBA(0.969, 0.619, 0.143, 0.000);-925,00;2;0,00;RGBA(0.755, 0.055, 0.055, 0.000);Rejected_SafetyRisk
14:44:37;1382;RGBA(0.969, 0.619, 0.143, 0.000);-925,00;2;0,00;RGBA(0.755, 0.055, 0.055, 0.000);Rejected_SafetyRisk
14:44:37;1383;RGBA(0.969, 0.619, 0.143, 0.000);-925,00;2;0,00;RGBA(0.755, 0.055, 0.055, 0.000);Rejected_SafetyRisk
14:44:37;1384;RGBA(0.969, 0.619, 0.143, 0.000);-925,00;2;0,00;RGBA(0.755, 0.055, 0.055, 0.000);Rejected_SafetyRisk
14:44:37;1385;RGBA(0.969, 0.619, 0.143, 0.000);-925,00;2;0,00;RGBA(0.755, 0.055, 0.055, 0.000);Rejected_SafetyRisk
14:44:37;1386;RGBA(0.969, 0.619, 0.143, 0.000);-925,00;2;0,00;RGBA(0.755, 0.055, 0.055, 0.000);Rejected_SafetyRisk
14:44:37;1387;RGBA(0.969, 0.619, 0.143, 0.000);-925,00;2;0,00;RGBA(0.755, 0.055, 0.055, 0.000);Rejected_SafetyRisk
14:44:37;1388;RGBA(0.969, 0.619, 0.143, 0.000);-925,00;2;0,00;RGBA(0.755, 0.055, 0.055, 0.000);Rejected_SafetyRisk
14:44:37;1389;RGBA(0.969, 0.619, 0.143, 0.000);-925,00;2;0,00;RGBA(0.755, 0.055, 0.055, 0.000);Rejected_SafetyRisk
14:44:37;1390;RGBA(0.969, 0.619, 0.143, 0.000);-925,00;2;0,00;RGBA(0.755, 0.055, 0.055, 0.000);Rejected_SafetyRisk
14:44:37;1391;RGBA(0.969, 0.619, 0.143, 0.000);-925,00;2;0,00;RGBA(0.755, 0.055, 0.055, 0.000);Rejected_SafetyRisk
14:44:37;1392;RGBA(0.969, 0.619, 0.143, 0.000);-925,00;2;0,00;RGBA(0.755, 0.055, 0.055, 0.000);Rejected_SafetyRisk
14:44:37;1393;RGBA(0.969, 0.619, 0.143, 0.000);-925,00;2;0,00;RGBA(0.755, 0.055, 0.055, 0.000);Rejected_SafetyRisk
14:44:37;1394;RGBA(0.969, 0.619, 0.143, 0.000);-925,00;2;0,00;RGBA(0.755, 0.055, 0.055, 0.000);Rejected_SafetyRisk
14:44:37;1395;RGBA(0.969, 0.619, 0.143, 0.000);-925,00;2;0,00;RGBA(0.755, 0.055, 0.055, 0.000);Rejected_SafetyRisk
14:44:37;1396;RGBA(0.969, 0.619, 0.143, 0.000);-925,00;2;0,00;RGBA(0.755, 0.055, 0.055, 0.000);Rejected_SafetyRisk
14:44:37;1397;RGBA(0.969, 0.619, 0.143, 0.000);-925,00;2;0,00;RGBA(0.755, 0.055, 0.055, 0.000);Rejected_SafetyRisk
14:44:37;1398;RGBA(0.969, 0.619, 0.143, 0.000);-925,00;2;0,00;RGBA(0.755, 0.055, 0.055, 0.000);Rejected_SafetyRisk
14:44:37;1399;RGBA(0.969, 0.619, 0.143, 0.000);-925,00;2;0,00;RGBA(0.755, 0.055, 0.055, 0.000);Rejected_SafetyRisk
14:44:37;1400;RGBA(0.969, 0.619, 0.143, 0.000);-925,00;2;0,00;RGBA(0.755, 0.055, 0.055, 0.000);Rejected_SafetyRisk
14:44:37;1401;RGBA(0.969, 0.619, 0.143, 0.000);-925,00;2;0,00;RGBA(0.755, 0.055, 0.055, 0.000);Rejected_SafetyRisk
14:44:37;1402;RGBA(0.969, 0.619, 0.143, 0.000);-925,00;2;0,00;RGBA(0.755, 0.055, 0.055, 0.000);Rejected_SafetyRisk
14:44:37;1403;RGBA(0.969, 0.619, 0.143, 0.000);-925,00;2;0,00;RGBA(0.755, 0.055, 0.055, 0.000);Rejected_SafetyRisk
14:44:37;1404;RGBA(0.969, 0.619, 0.143, 0.000);-925,00;2;0,00;RGBA(0.755, 0.055, 0.055, 0.000);Rejected_SafetyRisk
14:44:37;1405;RGBA(0.969, 0.619, 0.143, 0.000);-925,00;2;0,00;RGBA(0.755, 0.055, 0.055, 0.000);Rejected_SafetyRisk
14:44:37;1406;RGBA(0.969, 0.619, 0.143, 0.000);-925,00;2;0,00;RGBA(0.755, 0.055, 0.055, 0.000);Rejected_SafetyRisk
14:44:37;1407;RGBA(0.969, 0.619, 0.143, 0.000);-925,00;2;0,00;RGBA(0.755, 0.055, 0.055, 0.000);Rejected_SafetyRisk
14:44:37;1408;RGBA(0.969, 0.619, 0.143, 0.000);-925,00;2;0,00;RGBA(0.755, 0.055, 0.055, 0.000);Rejected_SafetyRisk
14:44:37;1409;RGBA(0.969, 0.619, 0.143, 0.000);-925,00;2;0,00;RGBA(0.755, 0.055, 0.055, 0.000);Rejected_SafetyRisk
14:44:37;1410;RGBA(0.969, 0.619, 0.143, 0.000);-925,00;2;0,00;RGBA(0.755, 0.055, 0.055, 0.000);Rejected_SafetyRisk
14:44:37;1411;RGBA(0.969, 0.619, 0.143, 0.000);-925,00;2;0,00;RGBA(0.755, 0.055, 0.055, 0.000);Rejected_SafetyRisk
14:44:37;1412;RGBA(0.969, 0.619, 0.143, 0.000);-925,00;2;0,00;RGBA(0.755, 0.055, 0.055, 0.000);Rejected_SafetyRisk
14:44:37;1413;RGBA(0.969, 0.619, 0.143, 0.000);-925,00;2;0,00;RGBA(0.755, 0.055, 0.055, 0.000);Rejected_SafetyRisk
14:44:37;1414;RGBA(0.969, 0.619, 0.143, 0.000);-925,00;2;0,00;RGBA(0.755, 0.055, 0.055, 0.000);Rejected_SafetyRisk
14:44:37;1415;RGBA(0.969, 0.619, 0.143, 0.000);-925,00;2;0,00;RGBA(0.755, 0.055, 0.055, 0.000);Rejected_SafetyRisk
14:44:37;1416;RGBA(0.969, 0.619, 0.143, 0.000);-925,00;2;0,00;RGBA(0.755, 0.055, 0.055, 0.000);Rejected_SafetyRisk
14:44:37;1417;RGBA(0.969, 0.619, 0.143, 0.000);-925,00;2;0,00;RGBA(0.755, 0.055, 0.055, 0.000);Rejected_SafetyRisk
14:44:37;1418;RGBA(0.969, 0.619, 0.143, 0.000);-925,00;2;0,00;RGBA(0.755, 0.055, 0.055, 0.000);Rejected_SafetyRisk
14:44:37;1419;RGBA(0.969, 0.619, 0.143, 0.000);-925,00;2;0,00;RGBA(0.755, 0.055, 0.055, 0.000);Rejected_SafetyRisk
14:44:37;1420;RGBA(0.969, 0.619, 0.143, 0.000);-925,00;2;0,00;RGBA(0.755, 0.055, 0.055, 0.000);Rejected_SafetyRisk
14:44:37;1421;RGBA(0.969, 0.619, 0.143, 0.000);-925,00;2;0,00;RGBA(0.755, 0.055, 0.055, 0.000);Rejected_SafetyRisk
14:44:37;1422;RGBA(0.969, 0.619, 0.143, 0.000);-925,00;2;0,00;RGBA(0.755, 0.055, 0.055, 0.000);Rejected_SafetyRisk
14:44:37;1423;RGBA(0.969, 0.619, 0.143, 0.000);-925,00;2;0,00;RGBA(0.755, 0.055, 0.055, 0.000);Rejected_SafetyRisk
14:44:37;1424;RGBA(0.969, 0.619, 0.143, 0.000);-925,00;2;0,00;RGBA(0.755, 0.055, 0.055, 0.000);Rejected_SafetyRisk
14:44:37;1425;RGBA(0.969, 0.619, 0.143, 0.000);-925,00;2;0,00;RGBA(0.755, 0.055, 0.055, 0.000);Rejected_SafetyRisk
14:44:37;1426;RGBA(0.969, 0.619, 0.143, 0.000);-925,00;2;0,00;RGBA(0.755, 0.055, 0.055, 0.000);Rejected_SafetyRisk
14:44:37;1427;RGBA(0.969, 0.619, 0.143, 0.000);-925,00;2;0,00;RGBA(0.755, 0.055, 0.055, 0.000);Rejected_SafetyRisk
14:44:37;1428;RGBA(0.969, 0.619, 0.143, 0.000);-925,00;2;0,00;RGBA(0.755, 0.055, 0.055, 0.000);Rejected_SafetyRisk
14:44:37;1429;RGBA(0.969, 0.619, 0.143, 0.000);-925,00;2;0,00;RGBA(0.755, 0.055, 0.055, 0.000);Rejected_SafetyRisk
14:44:37;1430;RGBA(0.969, 0.619, 0.143, 0.000);-925,00;2;0,00;RGBA(0.755, 0.055, 0.055, 0.000);Rejected_SafetyRisk
14:44:37;1431;RGBA(0.969, 0.619, 0.143, 0.000);-925,00;2;0,00;RGBA(0.755, 0.055, 0.055, 0.000);Rejected_SafetyRisk
14:44:37;1432;RGBA(0.969, 0.619, 0.143, 0.000);-925,00;2;0,00;RGBA(0.755, 0.055, 0.055, 0.000);Rejected_SafetyRisk
14:44:37;1433;RGBA(0.969, 0.619, 0.143, 0.000);-925,00;2;0,00;RGBA(0.755, 0.055, 0.055, 0.000);Rejected_SafetyRisk
14:44:37;1434;RGBA(0.969, 0.619, 0.143, 0.000);-925,00;2;0,00;RGBA(0.755, 0.055, 0.055, 0.000);Rejected_SafetyRisk
14:44:37;1435;RGBA(0.969, 0.619, 0.143, 0.000);-925,00;2;0,00;RGBA(0.755, 0.055, 0.055, 0.000);Rejected_SafetyRisk
14:44:37;1436;RGBA(0.969, 0.619, 0.143, 0.000);-925,00;2;0,00;RGBA(0.755, 0.055, 0.055, 0.000);Rejected_SafetyRisk
14:44:37;1437;RGBA(0.969, 0.619, 0.143, 0.000);-925,00;2;0,00;RGBA(0.755, 0.055, 0.055, 0.000);Rejected_SafetyRisk
14:44:37;1438;RGBA(0.969, 0.619, 0.143, 0.000);-925,00;2;0,00;RGBA(0.755, 0.055, 0.055, 0.000);Rejected_SafetyRisk
14:44:37;1439;RGBA(0.969, 0.619, 0.143, 0.000);-925,00;2;0,00;RGBA(0.755, 0.055, 0.055, 0.000);Rejected_SafetyRisk
14:44:37;1440;RGBA(0.969, 0.619, 0.143, 0.000);-925,00;2;0,00;RGBA(0.755, 0.055, 0.055, 0.000);Rejected_SafetyRisk
14:44:37;1441;RGBA(0.969, 0.619, 0.143, 0.000);-925,00;2;0,00;RGBA(0.755, 0.055, 0.055, 0.000);Rejected_SafetyRisk
14:44:37;1442;RGBA(0.969, 0.619, 0.143, 0.000);-925,00;2;0,00;RGBA(0.755, 0.055, 0.055, 0.000);Rejected_SafetyRisk
14:44:37;1443;RGBA(0.969, 0.619, 0.143, 0.000);-925,00;2;0,00;RGBA(0.755, 0.055, 0.055, 0.000);Rejected_SafetyRisk
14:44:37;1444;RGBA(0.969, 0.619, 0.143, 0.000);-925,00;2;0,00;RGBA(0.755, 0.055, 0.055, 0.000);Rejected_SafetyRisk
14:44:37;1445;RGBA(0.969, 0.619, 0.143, 0.000);-925,00;2;0,00;RGBA(0.755, 0.055, 0.055, 0.000);Rejected_SafetyRisk
14:44:37;1446;RGBA(0.969, 0.619, 0.143, 0.000);-925,00;2;0,00;RGBA(0.755, 0.055, 0.055, 0.000);Rejected_SafetyRisk
14:44:37;1447;RGBA(0.969, 0.619, 0.143, 0.000);-925,00;2;0,00;RGBA(0.755, 0.055, 0.055, 0.000);Rejected_SafetyRisk
14:44:37;1448;RGBA(0.969, 0.619, 0.143, 0.000);-925,00;2;0,00;RGBA(0.755, 0.055, 0.055, 0.000);Rejected_SafetyRisk
14:44:37;1449;RGBA(0.969, 0.619, 0.143, 0.000);-925,00;2;0,00;RGBA(0.755, 0.055, 0.055, 0.000);Rejected_SafetyRisk
14:44:37;1450;RGBA(0.969, 0.619, 0.143, 0.000);-925,00;2;0,00;RGBA(0.755, 0.055, 0.055, 0.000);Rejected_SafetyRisk
14:44:37;1451;RGBA(0.969, 0.619, 0.143, 0.000);-925,00;2;0,00;RGBA(0.755, 0.055, 0.055, 0.000);Rejected_SafetyRisk
14:44:37;1452;RGBA(0.969, 0.619, 0.143, 0.000);-925,00;2;0,00;RGBA(0.755, 0.055, 0.055, 0.000);Rejected_SafetyRisk
14:44:37;1453;RGBA(0.969, 0.619, 0.143, 0.000);-925,00;2;0,00;RGBA(0.755, 0.055, 0.055, 0.000);Rejected_SafetyRisk
14:44:37;1454;RGBA(0.969, 0.619, 0.143, 0.000);-925,00;2;0,00;RGBA(0.755, 0.055, 0.055, 0.000);Rejected_SafetyRisk
14:44:37;1455;RGBA(0.969, 0.619, 0.143, 0.000);-925,00;2;0,00;RGBA(0.755, 0.055, 0.055, 0.000);Rejected_SafetyRisk
14:44:37;1456;RGBA(0.969, 0.619, 0.143, 0.000);-925,00;2;0,00;RGBA(0.755, 0.055, 0.055, 0.000);Rejected_SafetyRisk
14:44:37;1457;RGBA(0.969, 0.619, 0.143, 0.000);-925,00;2;0,00;RGBA(0.755, 0.055, 0.055, 0.000);Rejected_SafetyRisk
14:44:37;1458;RGBA(0.969, 0.619, 0.143, 0.000);-925,00;2;0,00;RGBA(0.755, 0.055, 0.055, 0.000);Rejected_SafetyRisk
14:44:37;1459;RGBA(0.969, 0.619, 0.143, 0.000);-925,00;2;0,00;RGBA(0.755, 0.055, 0.055, 0.000);Rejected_SafetyRisk
14:44:37;1460;RGBA(0.969, 0.619, 0.143, 0.000);-925,00;2;0,00;RGBA(0.755, 0.055, 0.055, 0.000);Rejected_SafetyRisk
14:44:37;1461;RGBA(0.969, 0.619, 0.143, 0.000);-925,00;2;0,00;RGBA(0.755, 0.055, 0.055, 0.000);Rejected_SafetyRisk
14:44:37;1462;RGBA(0.969, 0.619, 0.143, 0.000);-925,00;2;0,00;RGBA(0.755, 0.055, 0.055, 0.000);Rejected_SafetyRisk
14:44:37;1463;RGBA(0.969, 0.619, 0.143, 0.000);-925,00;2;0,00;RGBA(0.755, 0.055, 0.055, 0.000);Rejected_SafetyRisk
14:44:37;1464;RGBA(0.969, 0.619, 0.143, 0.000);-925,00;2;0,00;RGBA(0.755, 0.055, 0.055, 0.000);Rejected_SafetyRisk
14:44:37;1465;RGBA(0.969, 0.619, 0.143, 0.000);-925,00;2;0,00;RGBA(0.755, 0.055, 0.055, 0.000);Rejected_SafetyRisk
14:44:37;1466;RGBA(0.969, 0.619, 0.143, 0.000);-925,00;2;0,00;RGBA(0.755, 0.055, 0.055, 0.000);Rejected_SafetyRisk
14:44:37;1467;RGBA(0.969, 0.619, 0.143, 0.000);-925,00;2;0,00;RGBA(0.755, 0.055, 0.055, 0.000);Rejected_SafetyRisk
14:44:37;1468;RGBA(0.969, 0.619, 0.143, 0.000);-925,00;2;0,00;RGBA(0.755, 0.055, 0.055, 0.000);Rejected_SafetyRisk
14:44:37;1469;RGBA(0.969, 0.619, 0.143, 0.000);-925,00;2;0,00;RGBA(0.755, 0.055, 0.055, 0.000);Rejected_SafetyRisk
14:44:37;1470;RGBA(0.969, 0.619, 0.143, 0.000);-925,00;2;0,00;RGBA(0.755, 0.055, 0.055, 0.000);Rejected_SafetyRisk
14:44:37;1471;RGBA(0.969, 0.619, 0.143, 0.000);-925,00;2;0,00;RGBA(0.755, 0.055, 0.055, 0.000);Rejected_SafetyRisk
14:44:37;1472;RGBA(0.969, 0.619, 0.143, 0.000);-925,00;2;0,00;RGBA(0.755, 0.055, 0.055, 0.000);Rejected_SafetyRisk
14:44:37;1473;RGBA(0.969, 0.619, 0.143, 0.000);-925,00;2;0,00;RGBA(0.755, 0.055, 0.055, 0.000);Rejected_SafetyRisk
14:44:37;1474;RGBA(0.969, 0.619, 0.143, 0.000);-925,00;2;0,00;RGBA(0.755, 0.055, 0.055, 0.000);Rejected_SafetyRisk
14:44:38;1475;RGBA(0.969, 0.619, 0.143, 0.000);-925,00;2;0,00;RGBA(0.755, 0.055, 0.055, 0.000);Rejected_SafetyRisk
14:44:38;1476;RGBA(0.969, 0.619, 0.143, 0.000);-925,00;2;0,00;RGBA(0.755, 0.055, 0.055, 0.000);Rejected_SafetyRisk
14:44:38;1477;RGBA(0.969, 0.619, 0.143, 0.000);-925,00;2;0,00;RGBA(0.755, 0.055, 0.055, 0.000);Rejected_SafetyRisk
14:44:38;1478;RGBA(0.969, 0.619, 0.143, 0.000);-925,00;2;0,00;RGBA(0.755, 0.055, 0.055, 0.000);Rejected_SafetyRisk
14:44:38;1479;RGBA(0.969, 0.619, 0.143, 0.000);-925,00;2;0,00;RGBA(0.755, 0.055, 0.055, 0.000);Rejected_SafetyRisk
14:44:38;1480;RGBA(0.969, 0.619, 0.143, 0.000);-925,00;2;0,00;RGBA(0.755, 0.055, 0.055, 0.000);Rejected_SafetyRisk
14:44:38;1481;RGBA(0.969, 0.619, 0.143, 0.000);-925,00;2;0,00;RGBA(0.755, 0.055, 0.055, 0.000);Rejected_SafetyRisk
14:44:38;1482;RGBA(0.969, 0.619, 0.143, 0.000);-925,00;2;0,00;RGBA(0.755, 0.055, 0.055, 0.000);Rejected_SafetyRisk
14:44:38;1483;RGBA(0.969, 0.619, 0.143, 0.000);-925,00;2;0,00;RGBA(0.755, 0.055, 0.055, 0.000);Rejected_SafetyRisk
14:44:38;1484;RGBA(0.969, 0.619, 0.143, 0.000);-925,00;2;0,00;RGBA(0.755, 0.055, 0.055, 0.000);Rejected_SafetyRisk
14:44:38;1485;RGBA(0.969, 0.619, 0.143, 0.000);-925,00;2;0,00;RGBA(0.755, 0.055, 0.055, 0.000);Rejected_SafetyRisk
14:44:38;1486;RGBA(0.969, 0.619, 0.143, 0.000);-925,00;2;0,00;RGBA(0.755, 0.055, 0.055, 0.000);Rejected_SafetyRisk
14:44:38;1487;RGBA(0.969, 0.619, 0.143, 0.000);-925,00;2;0,00;RGBA(0.755, 0.055, 0.055, 0.000);Rejected_SafetyRisk
14:44:38;1488;RGBA(0.969, 0.619, 0.143, 0.000);-925,00;2;0,00;RGBA(0.755, 0.055, 0.055, 0.000);Rejected_SafetyRisk
14:44:38;1489;RGBA(0.969, 0.619, 0.143, 0.000);-925,00;2;0,00;RGBA(0.755, 0.055, 0.055, 0.000);Rejected_SafetyRisk
14:44:38;1490;RGBA(0.969, 0.619, 0.143, 0.000);-925,00;2;0,00;RGBA(0.755, 0.055, 0.055, 0.000);Rejected_SafetyRisk
14:44:38;1491;RGBA(0.969, 0.619, 0.143, 0.000);-925,00;2;0,00;RGBA(0.755, 0.055, 0.055, 0.000);Rejected_SafetyRisk
14:44:38;1492;RGBA(0.969, 0.619, 0.143, 0.000);-925,00;2;0,00;RGBA(0.755, 0.055, 0.055, 0.000);Rejected_SafetyRisk
14:44:38;1493;RGBA(0.969, 0.619, 0.143, 0.000);-925,00;2;0,00;RGBA(0.755, 0.055, 0.055, 0.000);Rejected_SafetyRisk
14:44:38;1494;RGBA(0.969, 0.619, 0.143, 0.000);-925,00;2;0,00;RGBA(0.755, 0.055, 0.055, 0.000);Rejected_SafetyRisk
14:44:38;1495;RGBA(0.969, 0.619, 0.143, 0.000);-925,00;2;0,00;RGBA(0.755, 0.055, 0.055, 0.000);Rejected_SafetyRisk
14:44:38;1496;RGBA(0.969, 0.619, 0.143, 0.000);-925,00;2;0,00;RGBA(0.755, 0.055, 0.055, 0.000);Rejected_SafetyRisk
14:44:38;1497;RGBA(0.969, 0.619, 0.143, 0.000);-925,00;2;0,00;RGBA(0.755, 0.055, 0.055, 0.000);Rejected_SafetyRisk
14:44:38;1498;RGBA(0.969, 0.619, 0.143, 0.000);-925,00;2;0,00;RGBA(0.755, 0.055, 0.055, 0.000);Rejected_SafetyRisk
14:44:38;1499;RGBA(0.969, 0.619, 0.143, 0.000);-925,00;2;0,00;RGBA(0.755, 0.055, 0.055, 0.000);Rejected_SafetyRisk
14:44:38;1500;RGBA(0.969, 0.619, 0.143, 0.000);-925,00;2;0,00;RGBA(0.755, 0.055, 0.055, 0.000);Rejected_SafetyRisk
14:44:38;1501;RGBA(0.969, 0.619, 0.143, 0.000);-925,00;2;0,00;RGBA(0.755, 0.055, 0.055, 0.000);Rejected_SafetyRisk
14:44:38;1502;RGBA(0.969, 0.619, 0.143, 0.000);-925,00;2;0,00;RGBA(0.755, 0.055, 0.055, 0.000);Rejected_SafetyRisk
14:44:38;1503;RGBA(0.969, 0.619, 0.143, 0.000);-925,00;2;0,00;RGBA(0.755, 0.055, 0.055, 0.000);Rejected_SafetyRisk
14:44:38;1504;RGBA(0.969, 0.619, 0.143, 0.000);-925,00;2;0,00;RGBA(0.755, 0.055, 0.055, 0.000);Rejected_SafetyRisk
14:44:38;1505;RGBA(0.969, 0.619, 0.143, 0.000);-925,00;2;0,00;RGBA(0.755, 0.055, 0.055, 0.000);Rejected_SafetyRisk
14:44:38;1506;RGBA(0.969, 0.619, 0.143, 0.000);-925,00;2;0,00;RGBA(0.755, 0.055, 0.055, 0.000);Rejected_SafetyRisk
14:44:38;1507;RGBA(0.969, 0.619, 0.143, 0.000);-925,00;2;0,00;RGBA(0.755, 0.055, 0.055, 0.000);Rejected_SafetyRisk
14:44:38;1508;RGBA(0.969, 0.619, 0.143, 0.000);-925,00;2;0,00;RGBA(0.755, 0.055, 0.055, 0.000);Rejected_SafetyRisk
14:44:38;1509;RGBA(0.969, 0.619, 0.143, 0.000);-925,00;2;0,00;RGBA(0.755, 0.055, 0.055, 0.000);Rejected_SafetyRisk
14:44:38;1510;RGBA(0.969, 0.619, 0.143, 0.000);-925,00;2;0,00;RGBA(0.755, 0.055, 0.055, 0.000);Rejected_SafetyRisk
14:44:38;1511;RGBA(0.969, 0.619, 0.143, 0.000);-925,00;2;0,00;RGBA(0.755, 0.055, 0.055, 0.000);Rejected_SafetyRisk
14:44:38;1512;RGBA(0.969, 0.619, 0.143, 0.000);-925,00;2;0,00;RGBA(0.755, 0.055, 0.055, 0.000);Rejected_SafetyRisk
14:44:38;1513;RGBA(0.969, 0.619, 0.143, 0.000);-925,00;2;0,00;RGBA(0.755, 0.055, 0.055, 0.000);Rejected_SafetyRisk
14:44:38;1514;RGBA(0.969, 0.619, 0.143, 0.000);-925,00;2;0,00;RGBA(0.755, 0.055, 0.055, 0.000);Rejected_SafetyRisk
14:44:38;1515;RGBA(0.969, 0.619, 0.143, 0.000);-925,00;2;0,00;RGBA(0.755, 0.055, 0.055, 0.000);Rejected_SafetyRisk
14:44:38;1516;RGBA(0.969, 0.619, 0.143, 0.000);-925,00;2;0,00;RGBA(0.755, 0.055, 0.055, 0.000);Rejected_SafetyRisk
14:44:38;1517;RGBA(0.969, 0.619, 0.143, 0.000);-925,00;2;0,00;RGBA(0.755, 0.055, 0.055, 0.000);Rejected_SafetyRisk
14:44:38;1518;RGBA(0.969, 0.619, 0.143, 0.000);-925,00;2;0,00;RGBA(0.755, 0.055, 0.055, 0.000);Rejected_SafetyRisk
14:44:38;1519;RGBA(0.969, 0.619, 0.143, 0.000);-925,00;2;0,00;RGBA(0.755, 0.055, 0.055, 0.000);Rejected_SafetyRisk
14:44:38;1520;RGBA(0.969, 0.619, 0.143, 0.000);-925,00;2;0,00;RGBA(0.755, 0.055, 0.055, 0.000);Rejected_SafetyRisk
14:44:38;1521;RGBA(0.969, 0.619, 0.143, 0.000);-925,00;2;0,00;RGBA(0.755, 0.055, 0.055, 0.000);Rejected_SafetyRisk
14:44:38;1522;RGBA(0.969, 0.619, 0.143, 0.000);-925,00;2;0,00;RGBA(0.755, 0.055, 0.055, 0.000);Rejected_SafetyRisk
14:44:38;1523;RGBA(0.969, 0.619, 0.143, 0.000);-925,00;2;0,00;RGBA(0.755, 0.055, 0.055, 0.000);Rejected_SafetyRisk
14:44:38;1524;RGBA(0.969, 0.619, 0.143, 0.000);-925,00;2;0,00;RGBA(0.755, 0.055, 0.055, 0.000);Rejected_SafetyRisk
14:44:38;1525;RGBA(0.969, 0.619, 0.143, 0.000);-925,00;2;0,00;RGBA(0.755, 0.055, 0.055, 0.000);Rejected_SafetyRisk
14:44:38;1526;RGBA(0.969, 0.619, 0.143, 0.000);-925,00;2;0,00;RGBA(0.755, 0.055, 0.055, 0.000);Rejected_SafetyRisk
14:44:38;1527;RGBA(0.969, 0.619, 0.143, 0.000);-925,00;2;0,00;RGBA(0.755, 0.055, 0.055, 0.000);Rejected_SafetyRisk
14:44:38;1528;RGBA(0.969, 0.619, 0.143, 0.000);-925,00;2;0,00;RGBA(0.755, 0.055, 0.055, 0.000);Rejected_SafetyRisk
14:44:38;1529;RGBA(0.969, 0.619, 0.143, 0.000);-925,00;2;0,00;RGBA(0.755, 0.055, 0.055, 0.000);Rejected_SafetyRisk
14:44:38;1530;RGBA(0.969, 0.619, 0.143, 0.000);-925,00;2;0,00;RGBA(0.755, 0.055, 0.055, 0.000);Rejected_SafetyRisk
14:44:38;1531;RGBA(0.969, 0.619, 0.143, 0.000);-925,00;2;0,00;RGBA(0.755, 0.055, 0.055, 0.000);Rejected_SafetyRisk
14:44:38;1532;RGBA(0.969, 0.619, 0.143, 0.000);-925,00;2;0,00;RGBA(0.755, 0.055, 0.055, 0.000);Rejected_SafetyRisk
14:44:38;1533;RGBA(0.969, 0.619, 0.143, 0.000);-925,00;2;0,00;RGBA(0.755, 0.055, 0.055, 0.000);Rejected_SafetyRisk
14:44:38;1534;RGBA(0.969, 0.619, 0.143, 0.000);-925,00;2;0,00;RGBA(0.755, 0.055, 0.055, 0.000);Rejected_SafetyRisk
14:44:38;1535;RGBA(0.969, 0.619, 0.143, 0.000);-925,00;2;0,00;RGBA(0.755, 0.055, 0.055, 0.000);Rejected_SafetyRisk
14:44:38;1536;RGBA(0.969, 0.619, 0.143, 0.000);-925,00;2;0,00;RGBA(0.755, 0.055, 0.055, 0.000);Rejected_SafetyRisk
14:44:38;1537;RGBA(0.969, 0.619, 0.143, 0.000);-925,00;2;0,00;RGBA(0.755, 0.055, 0.055, 0.000);Rejected_SafetyRisk
14:44:38;1538;RGBA(0.969, 0.619, 0.143, 0.000);-925,00;2;0,00;RGBA(0.755, 0.055, 0.055, 0.000);Rejected_SafetyRisk
14:44:38;1539;RGBA(0.969, 0.619, 0.143, 0.000);-925,00;2;0,00;RGBA(0.755, 0.055, 0.055, 0.000);Rejected_SafetyRisk
14:44:38;1540;RGBA(0.969, 0.619, 0.143, 0.000);-925,00;2;0,00;RGBA(0.755, 0.055, 0.055, 0.000);Rejected_SafetyRisk
14:44:38;1541;RGBA(0.969, 0.619, 0.143, 0.000);-925,00;2;0,00;RGBA(0.755, 0.055, 0.055, 0.000);Rejected_SafetyRisk
14:44:38;1542;RGBA(0.969, 0.619, 0.143, 0.000);-925,00;2;0,00;RGBA(0.755, 0.055, 0.055, 0.000);Rejected_SafetyRisk
14:44:38;1543;RGBA(0.969, 0.619, 0.143, 0.000);-925,00;2;0,00;RGBA(0.755, 0.055, 0.055, 0.000);Rejected_SafetyRisk
14:44:38;1544;RGBA(0.969, 0.619, 0.143, 0.000);-925,00;2;0,00;RGBA(0.755, 0.055, 0.055, 0.000);Rejected_SafetyRisk
14:44:38;1545;RGBA(0.969, 0.619, 0.143, 0.000);-925,00;2;0,00;RGBA(0.755, 0.055, 0.055, 0.000);Rejected_SafetyRisk
14:44:38;1546;RGBA(0.969, 0.619, 0.143, 0.000);-925,00;2;0,00;RGBA(0.755, 0.055, 0.055, 0.000);Rejected_SafetyRisk
14:44:38;1547;RGBA(0.969, 0.619, 0.143, 0.000);-925,00;2;0,00;RGBA(0.755, 0.055, 0.055, 0.000);Rejected_SafetyRisk
14:44:38;1548;RGBA(0.969, 0.619, 0.143, 0.000);-925,00;2;0,00;RGBA(0.755, 0.055, 0.055, 0.000);Rejected_SafetyRisk
14:44:38;1549;RGBA(0.969, 0.619, 0.143, 0.000);-925,00;2;0,00;RGBA(0.755, 0.055, 0.055, 0.000);Rejected_SafetyRisk
14:44:38;1550;RGBA(0.969, 0.619, 0.143, 0.000);-925,00;2;0,00;RGBA(0.755, 0.055, 0.055, 0.000);Rejected_SafetyRisk
14:44:38;1551;RGBA(0.969, 0.619, 0.143, 0.000);-925,00;2;0,00;RGBA(0.755, 0.055, 0.055, 0.000);Rejected_SafetyRisk
14:44:38;1552;RGBA(0.969, 0.619, 0.143, 0.000);-925,00;2;0,00;RGBA(0.755, 0.055, 0.055, 0.000);Rejected_SafetyRisk
14:44:38;1553;RGBA(0.969, 0.619, 0.143, 0.000);-925,00;2;0,00;RGBA(0.755, 0.055, 0.055, 0.000);Rejected_SafetyRisk
14:44:38;1554;RGBA(0.969, 0.619, 0.143, 0.000);-925,00;2;0,00;RGBA(0.755, 0.055, 0.055, 0.000);Rejected_SafetyRisk
14:44:38;1555;RGBA(0.969, 0.619, 0.143, 0.000);-925,00;2;0,00;RGBA(0.755, 0.055, 0.055, 0.000);Rejected_SafetyRisk
14:44:38;1556;RGBA(0.969, 0.619, 0.143, 0.000);-925,00;2;0,00;RGBA(0.755, 0.055, 0.055, 0.000);Rejected_SafetyRisk
14:44:38;1557;RGBA(0.969, 0.619, 0.143, 0.000);-925,00;2;0,00;RGBA(0.755, 0.055, 0.055, 0.000);Rejected_SafetyRisk
14:44:38;1558;RGBA(0.969, 0.619, 0.143, 0.000);-925,00;2;0,00;RGBA(0.755, 0.055, 0.055, 0.000);Rejected_SafetyRisk
14:44:38;1559;RGBA(0.969, 0.619, 0.143, 0.000);-925,00;2;0,00;RGBA(0.755, 0.055, 0.055, 0.000);Rejected_SafetyRisk
14:44:38;1560;RGBA(0.969, 0.619, 0.143, 0.000);-925,00;2;0,00;RGBA(0.755, 0.055, 0.055, 0.000);Rejected_SafetyRisk
14:44:38;1561;RGBA(0.969, 0.619, 0.143, 0.000);-925,00;2;0,00;RGBA(0.755, 0.055, 0.055, 0.000);Rejected_SafetyRisk
14:44:38;1562;RGBA(0.969, 0.619, 0.143, 0.000);-925,00;2;0,00;RGBA(0.755, 0.055, 0.055, 0.000);Rejected_SafetyRisk
14:44:38;1563;RGBA(0.969, 0.619, 0.143, 0.000);-925,00;2;0,00;RGBA(0.755, 0.055, 0.055, 0.000);Rejected_SafetyRisk
14:44:38;1564;RGBA(0.969, 0.619, 0.143, 0.000);-925,00;2;0,00;RGBA(0.755, 0.055, 0.055, 0.000);Rejected_SafetyRisk
14:44:38;1565;RGBA(0.969, 0.619, 0.143, 0.000);-925,00;2;0,00;RGBA(0.755, 0.055, 0.055, 0.000);Rejected_SafetyRisk
14:44:38;1566;RGBA(0.969, 0.619, 0.143, 0.000);-925,00;2;0,00;RGBA(0.755, 0.055, 0.055, 0.000);Rejected_SafetyRisk
14:44:38;1567;RGBA(0.969, 0.619, 0.143, 0.000);-925,00;2;0,00;RGBA(0.755, 0.055, 0.055, 0.000);Rejected_SafetyRisk
14:44:38;1568;RGBA(0.969, 0.619, 0.143, 0.000);-925,00;2;0,00;RGBA(0.755, 0.055, 0.055, 0.000);Rejected_SafetyRisk
14:44:38;1569;RGBA(0.969, 0.619, 0.143, 0.000);-925,00;2;0,00;RGBA(0.755, 0.055, 0.055, 0.000);Rejected_SafetyRisk
14:44:38;1570;RGBA(0.969, 0.619, 0.143, 0.000);-925,00;2;0,00;RGBA(0.755, 0.055, 0.055, 0.000);Rejected_SafetyRisk
14:44:38;1571;RGBA(0.969, 0.619, 0.143, 0.000);-925,00;2;0,00;RGBA(0.755, 0.055, 0.055, 0.000);Rejected_SafetyRisk
14:44:38;1572;RGBA(0.969, 0.619, 0.143, 0.000);-925,00;2;0,00;RGBA(0.755, 0.055, 0.055, 0.000);Rejected_SafetyRisk
14:44:38;1573;RGBA(0.969, 0.619, 0.143, 0.000);-925,00;2;0,00;RGBA(0.755, 0.055, 0.055, 0.000);Rejected_SafetyRisk
14:44:38;1574;RGBA(0.969, 0.619, 0.143, 0.000);-925,00;2;0,00;RGBA(0.755, 0.055, 0.055, 0.000);Rejected_SafetyRisk
14:44:38;1575;RGBA(0.969, 0.619, 0.143, 0.000);-925,00;2;0,00;RGBA(0.755, 0.055, 0.055, 0.000);Rejected_SafetyRisk
14:44:38;1576;RGBA(0.969, 0.619, 0.143, 0.000);-925,00;2;0,00;RGBA(0.755, 0.055, 0.055, 0.000);Rejected_SafetyRisk
14:44:38;1577;RGBA(0.969, 0.619, 0.143, 0.000);-925,00;2;0,00;RGBA(0.755, 0.055, 0.055, 0.000);Rejected_SafetyRisk
14:44:38;1578;RGBA(0.969, 0.619, 0.143, 0.000);-925,00;2;0,00;RGBA(0.755, 0.055, 0.055, 0.000);Rejected_SafetyRisk
14:44:38;1579;RGBA(0.969, 0.619, 0.143, 0.000);-925,00;2;0,00;RGBA(0.755, 0.055, 0.055, 0.000);Rejected_SafetyRisk
14:44:38;1580;RGBA(0.969, 0.619, 0.143, 0.000);-925,00;2;0,00;RGBA(0.755, 0.055, 0.055, 0.000);Rejected_SafetyRisk
14:44:38;1581;RGBA(0.969, 0.619, 0.143, 0.000);-925,00;2;0,00;RGBA(0.755, 0.055, 0.055, 0.000);Rejected_SafetyRisk
14:44:38;1582;RGBA(0.969, 0.619, 0.143, 0.000);-925,00;2;0,00;RGBA(0.755, 0.055, 0.055, 0.000);Rejected_SafetyRisk
14:44:38;1583;RGBA(0.969, 0.619, 0.143, 0.000);-925,00;2;0,00;RGBA(0.755, 0.055, 0.055, 0.000);Rejected_SafetyRisk
14:44:38;1584;RGBA(0.969, 0.619, 0.143, 0.000);-925,00;2;0,00;RGBA(0.755, 0.055, 0.055, 0.000);Rejected_SafetyRisk
14:44:38;1585;RGBA(0.969, 0.619, 0.143, 0.000);-925,00;2;0,00;RGBA(0.755, 0.055, 0.055, 0.000);Rejected_SafetyRisk
14:44:38;1586;RGBA(0.969, 0.619, 0.143, 0.000);-925,00;2;0,00;RGBA(0.755, 0.055, 0.055, 0.000);Rejected_SafetyRisk
14:44:38;1587;RGBA(0.969, 0.619, 0.143, 0.000);-925,00;2;0,00;RGBA(0.755, 0.055, 0.055, 0.000);Rejected_SafetyRisk
14:44:38;1588;RGBA(0.969, 0.619, 0.143, 0.000);-925,00;2;0,00;RGBA(0.755, 0.055, 0.055, 0.000);Rejected_SafetyRisk
14:44:38;1589;RGBA(0.969, 0.619, 0.143, 0.000);-925,00;2;0,00;RGBA(0.755, 0.055, 0.055, 0.000);Rejected_SafetyRisk
14:44:38;1590;RGBA(0.969, 0.619, 0.143, 0.000);-925,00;2;0,00;RGBA(0.755, 0.055, 0.055, 0.000);Rejected_SafetyRisk
14:44:38;1591;RGBA(0.969, 0.619, 0.143, 0.000);-925,00;2;0,00;RGBA(0.755, 0.055, 0.055, 0.000);Rejected_SafetyRisk
14:44:38;1592;RGBA(0.969, 0.619, 0.143, 0.000);-925,00;2;0,00;RGBA(0.755, 0.055, 0.055, 0.000);Rejected_SafetyRisk
14:44:38;1593;RGBA(0.969, 0.619, 0.143, 0.000);-925,00;2;0,00;RGBA(0.755, 0.055, 0.055, 0.000);Rejected_SafetyRisk
14:44:38;1594;RGBA(0.969, 0.619, 0.143, 0.000);-925,00;2;0,00;RGBA(0.755, 0.055, 0.055, 0.000);Rejected_SafetyRisk
14:44:38;1595;RGBA(0.969, 0.619, 0.143, 0.000);-925,00;2;0,00;RGBA(0.755, 0.055, 0.055, 0.000);Rejected_SafetyRisk
14:44:38;1596;RGBA(0.969, 0.619, 0.143, 0.000);-925,00;2;0,00;RGBA(0.755, 0.055, 0.055, 0.000);Rejected_SafetyRisk
14:44:38;1597;RGBA(0.969, 0.619, 0.143, 0.000);-925,00;2;0,00;RGBA(0.755, 0.055, 0.055, 0.000);Rejected_SafetyRisk
14:44:38;1598;RGBA(0.969, 0.619, 0.143, 0.000);-925,00;2;0,00;RGBA(0.755, 0.055, 0.055, 0.000);Rejected_SafetyRisk
14:44:38;1599;RGBA(0.969, 0.619, 0.143, 0.000);-925,00;2;0,00;RGBA(0.755, 0.055, 0.055, 0.000);Rejected_SafetyRisk
14:44:38;1600;RGBA(0.969, 0.619, 0.143, 0.000);-925,00;2;0,00;RGBA(0.755, 0.055, 0.055, 0.000);Rejected_SafetyRisk
14:44:38;1601;RGBA(0.969, 0.619, 0.143, 0.000);-925,00;2;0,00;RGBA(0.755, 0.055, 0.055, 0.000);Rejected_SafetyRisk
14:44:38;1602;RGBA(0.969, 0.619, 0.143, 0.000);-925,00;2;0,00;RGBA(0.755, 0.055, 0.055, 0.000);Rejected_SafetyRisk
14:44:38;1603;RGBA(0.969, 0.619, 0.143, 0.000);-925,00;2;0,00;RGBA(0.755, 0.055, 0.055, 0.000);Rejected_SafetyRisk
14:44:38;1604;RGBA(0.969, 0.619, 0.143, 0.000);-925,00;2;0,00;RGBA(0.755, 0.055, 0.055, 0.000);Rejected_SafetyRisk
14:44:38;1605;RGBA(0.969, 0.619, 0.143, 0.000);-925,00;2;0,00;RGBA(0.755, 0.055, 0.055, 0.000);Rejected_SafetyRisk
14:44:38;1606;RGBA(0.969, 0.619, 0.143, 0.000);-925,00;2;0,00;RGBA(0.755, 0.055, 0.055, 0.000);Rejected_SafetyRisk
14:44:38;1607;RGBA(0.969, 0.619, 0.143, 0.000);-925,00;2;0,00;RGBA(0.755, 0.055, 0.055, 0.000);Rejected_SafetyRisk
14:44:38;1608;RGBA(0.969, 0.619, 0.143, 0.000);-925,00;2;0,00;RGBA(0.755, 0.055, 0.055, 0.000);Rejected_SafetyRisk
14:44:38;1609;RGBA(0.969, 0.619, 0.143, 0.000);-925,00;2;0,00;RGBA(0.755, 0.055, 0.055, 0.000);Rejected_SafetyRisk
14:44:38;1610;RGBA(0.969, 0.619, 0.143, 0.000);-925,00;2;0,00;RGBA(0.755, 0.055, 0.055, 0.000);Rejected_SafetyRisk
14:44:38;1611;RGBA(0.969, 0.619, 0.143, 0.000);-925,00;2;0,00;RGBA(0.755, 0.055, 0.055, 0.000);Rejected_SafetyRisk
14:44:38;1612;RGBA(0.969, 0.619, 0.143, 0.000);-925,00;2;0,00;RGBA(0.755, 0.055, 0.055, 0.000);Rejected_SafetyRisk
14:44:38;1613;RGBA(0.969, 0.619, 0.143, 0.000);-925,00;2;0,00;RGBA(0.755, 0.055, 0.055, 0.000);Rejected_SafetyRisk
14:44:38;1614;RGBA(0.969, 0.619, 0.143, 0.000);-925,00;2;0,00;RGBA(0.755, 0.055, 0.055, 0.000);Rejected_SafetyRisk
14:44:38;1615;RGBA(0.969, 0.619, 0.143, 0.000);-925,00;2;0,00;RGBA(0.755, 0.055, 0.055, 0.000);Rejected_SafetyRisk
14:44:38;1616;RGBA(0.969, 0.619, 0.143, 0.000);-925,00;2;0,00;RGBA(0.755, 0.055, 0.055, 0.000);Rejected_SafetyRisk
14:44:38;1617;RGBA(0.969, 0.619, 0.143, 0.000);-925,00;2;0,00;RGBA(0.755, 0.055, 0.055, 0.000);Rejected_SafetyRisk
14:44:38;1618;RGBA(0.969, 0.619, 0.143, 0.000);-925,00;2;0,00;RGBA(0.755, 0.055, 0.055, 0.000);Rejected_SafetyRisk
14:44:38;1619;RGBA(0.969, 0.619, 0.143, 0.000);-925,00;2;0,00;RGBA(0.755, 0.055, 0.055, 0.000);Rejected_SafetyRisk
14:44:38;1620;RGBA(0.969, 0.619, 0.143, 0.000);-925,00;2;0,00;RGBA(0.755, 0.055, 0.055, 0.000);Rejected_SafetyRisk
14:44:38;1621;RGBA(0.969, 0.619, 0.143, 0.000);-925,00;2;0,00;RGBA(0.755, 0.055, 0.055, 0.000);Rejected_SafetyRisk
14:44:38;1622;RGBA(0.969, 0.619, 0.143, 0.000);-925,00;2;0,00;RGBA(0.755, 0.055, 0.055, 0.000);Rejected_SafetyRisk
14:44:38;1623;RGBA(0.969, 0.619, 0.143, 0.000);-925,00;2;0,00;RGBA(0.755, 0.055, 0.055, 0.000);Rejected_SafetyRisk
14:44:38;1624;RGBA(0.969, 0.619, 0.143, 0.000);-925,00;2;0,00;RGBA(0.755, 0.055, 0.055, 0.000);Rejected_SafetyRisk
14:44:38;1625;RGBA(0.969, 0.619, 0.143, 0.000);-925,00;2;0,00;RGBA(0.755, 0.055, 0.055, 0.000);Rejected_SafetyRisk
14:44:38;1626;RGBA(0.969, 0.619, 0.143, 0.000);-925,00;2;0,00;RGBA(0.755, 0.055, 0.055, 0.000);Rejected_SafetyRisk
14:44:38;1627;RGBA(0.969, 0.619, 0.143, 0.000);-925,00;2;0,00;RGBA(0.755, 0.055, 0.055, 0.000);Rejected_SafetyRisk
14:44:38;1628;RGBA(0.969, 0.619, 0.143, 0.000);-925,00;2;0,00;RGBA(0.755, 0.055, 0.055, 0.000);Rejected_SafetyRisk
14:44:38;1629;RGBA(0.969, 0.619, 0.143, 0.000);-925,00;2;0,00;RGBA(0.755, 0.055, 0.055, 0.000);Rejected_SafetyRisk
14:44:38;1630;RGBA(0.969, 0.619, 0.143, 0.000);-925,00;2;0,00;RGBA(0.755, 0.055, 0.055, 0.000);Rejected_SafetyRisk
14:44:38;1631;RGBA(0.969, 0.619, 0.143, 0.000);-925,00;2;0,00;RGBA(0.755, 0.055, 0.055, 0.000);Rejected_SafetyRisk
14:44:38;1632;RGBA(0.969, 0.619, 0.143, 0.000);-925,00;2;0,00;RGBA(0.755, 0.055, 0.055, 0.000);Rejected_SafetyRisk
14:44:38;1633;RGBA(0.969, 0.619, 0.143, 0.000);-925,00;2;0,00;RGBA(0.755, 0.055, 0.055, 0.000);Rejected_SafetyRisk
14:44:38;1634;RGBA(0.969, 0.619, 0.143, 0.000);-925,00;2;0,00;RGBA(0.755, 0.055, 0.055, 0.000);Rejected_SafetyRisk
14:44:38;1635;RGBA(0.969, 0.619, 0.143, 0.000);-925,00;2;0,00;RGBA(0.755, 0.055, 0.055, 0.000);Rejected_SafetyRisk
14:44:38;1636;RGBA(0.969, 0.619, 0.143, 0.000);-925,00;2;0,00;RGBA(0.755, 0.055, 0.055, 0.000);Rejected_SafetyRisk
14:44:38;1637;RGBA(0.969, 0.619, 0.143, 0.000);-925,00;2;0,00;RGBA(0.755, 0.055, 0.055, 0.000);Rejected_SafetyRisk
14:44:38;1638;RGBA(0.969, 0.619, 0.143, 0.000);-925,00;2;0,00;RGBA(0.755, 0.055, 0.055, 0.000);Rejected_SafetyRisk
14:44:38;1639;RGBA(0.969, 0.619, 0.143, 0.000);-925,00;2;0,00;RGBA(0.755, 0.055, 0.055, 0.000);Rejected_SafetyRisk
14:44:38;1640;RGBA(0.969, 0.619, 0.143, 0.000);-925,00;2;0,00;RGBA(0.755, 0.055, 0.055, 0.000);Rejected_SafetyRisk
14:44:38;1641;RGBA(0.969, 0.619, 0.143, 0.000);-925,00;2;0,00;RGBA(0.755, 0.055, 0.055, 0.000);Rejected_SafetyRisk
14:44:38;1642;RGBA(0.969, 0.619, 0.143, 0.000);-925,00;2;0,00;RGBA(0.755, 0.055, 0.055, 0.000);Rejected_SafetyRisk
14:44:38;1643;RGBA(0.969, 0.619, 0.143, 0.000);-925,00;2;0,00;RGBA(0.755, 0.055, 0.055, 0.000);Rejected_SafetyRisk
14:44:38;1644;RGBA(0.969, 0.619, 0.143, 0.000);-925,00;2;0,00;RGBA(0.755, 0.055, 0.055, 0.000);Rejected_SafetyRisk
14:44:38;1645;RGBA(0.969, 0.619, 0.143, 0.000);-925,00;2;0,00;RGBA(0.755, 0.055, 0.055, 0.000);Rejected_SafetyRisk
14:44:38;1646;RGBA(0.969, 0.619, 0.143, 0.000);-925,00;2;0,00;RGBA(0.755, 0.055, 0.055, 0.000);Rejected_SafetyRisk
14:44:38;1647;RGBA(0.969, 0.619, 0.143, 0.000);-925,00;2;0,00;RGBA(0.755, 0.055, 0.055, 0.000);Rejected_SafetyRisk
14:44:38;1648;RGBA(0.969, 0.619, 0.143, 0.000);-925,00;2;0,00;RGBA(0.755, 0.055, 0.055, 0.000);Rejected_SafetyRisk
14:44:38;1649;RGBA(0.969, 0.619, 0.143, 0.000);-925,00;2;0,00;RGBA(0.755, 0.055, 0.055, 0.000);Rejected_SafetyRisk
14:44:38;1650;RGBA(0.969, 0.619, 0.143, 0.000);-925,00;2;0,00;RGBA(0.755, 0.055, 0.055, 0.000);Rejected_SafetyRisk
14:44:38;1651;RGBA(0.969, 0.619, 0.143, 0.000);-925,00;2;0,00;RGBA(0.755, 0.055, 0.055, 0.000);Rejected_SafetyRisk
14:44:38;1652;RGBA(0.969, 0.619, 0.143, 0.000);-925,00;2;0,00;RGBA(0.755, 0.055, 0.055, 0.000);Rejected_SafetyRisk
14:44:38;1653;RGBA(0.969, 0.619, 0.143, 0.000);-925,00;2;0,00;RGBA(0.755, 0.055, 0.055, 0.000);Rejected_SafetyRisk
14:44:38;1654;RGBA(0.969, 0.619, 0.143, 0.000);-925,00;2;0,00;RGBA(0.755, 0.055, 0.055, 0.000);Rejected_SafetyRisk
14:44:38;1655;RGBA(0.969, 0.619, 0.143, 0.000);-925,00;2;0,00;RGBA(0.755, 0.055, 0.055, 0.000);Rejected_SafetyRisk
14:44:38;1656;RGBA(0.969, 0.619, 0.143, 0.000);-925,00;2;0,00;RGBA(0.755, 0.055, 0.055, 0.000);Rejected_SafetyRisk
14:44:38;1657;RGBA(0.969, 0.619, 0.143, 0.000);-925,00;2;0,00;RGBA(0.755, 0.055, 0.055, 0.000);Rejected_SafetyRisk
14:44:38;1658;RGBA(0.969, 0.619, 0.143, 0.000);-925,00;2;0,00;RGBA(0.755, 0.055, 0.055, 0.000);Rejected_SafetyRisk
14:44:38;1659;RGBA(0.969, 0.619, 0.143, 0.000);-925,00;2;0,00;RGBA(0.755, 0.055, 0.055, 0.000);Rejected_SafetyRisk
14:44:38;1660;RGBA(0.969, 0.619, 0.143, 0.000);-925,00;2;0,00;RGBA(0.755, 0.055, 0.055, 0.000);Rejected_SafetyRisk
14:44:38;1661;RGBA(0.969, 0.619, 0.143, 0.000);-925,00;2;0,00;RGBA(0.755, 0.055, 0.055, 0.000);Rejected_SafetyRisk
14:44:38;1662;RGBA(0.969, 0.619, 0.143, 0.000);-925,00;2;0,00;RGBA(0.755, 0.055, 0.055, 0.000);Rejected_SafetyRisk
14:44:38;1663;RGBA(0.969, 0.619, 0.143, 0.000);-925,00;2;0,00;RGBA(0.755, 0.055, 0.055, 0.000);Rejected_SafetyRisk
14:44:38;1664;RGBA(0.969, 0.619, 0.143, 0.000);-925,00;2;0,00;RGBA(0.755, 0.055, 0.055, 0.000);Rejected_SafetyRisk
14:44:38;1665;RGBA(0.969, 0.619, 0.143, 0.000);-925,00;2;0,00;RGBA(0.755, 0.055, 0.055, 0.000);Rejected_SafetyRisk
14:44:38;1666;RGBA(0.969, 0.619, 0.143, 0.000);-925,00;2;0,00;RGBA(0.755, 0.055, 0.055, 0.000);Rejected_SafetyRisk
14:44:38;1667;RGBA(0.969, 0.619, 0.143, 0.000);-925,00;2;0,00;RGBA(0.755, 0.055, 0.055, 0.000);Rejected_SafetyRisk
14:44:38;1668;RGBA(0.969, 0.619, 0.143, 0.000);-925,00;2;0,00;RGBA(0.755, 0.055, 0.055, 0.000);Rejected_SafetyRisk
14:44:38;1669;RGBA(0.969, 0.619, 0.143, 0.000);-925,00;2;0,00;RGBA(0.755, 0.055, 0.055, 0.000);Rejected_SafetyRisk
14:44:38;1670;RGBA(0.969, 0.619, 0.143, 0.000);-925,00;2;0,00;RGBA(0.755, 0.055, 0.055, 0.000);Rejected_SafetyRisk
14:44:38;1671;RGBA(0.969, 0.619, 0.143, 0.000);-925,00;2;0,00;RGBA(0.755, 0.055, 0.055, 0.000);Rejected_SafetyRisk
14:44:38;1672;RGBA(0.969, 0.619, 0.143, 0.000);-925,00;2;0,00;RGBA(0.755, 0.055, 0.055, 0.000);Rejected_SafetyRisk
14:44:38;1673;RGBA(0.969, 0.619, 0.143, 0.000);-925,00;2;0,00;RGBA(0.755, 0.055, 0.055, 0.000);Rejected_SafetyRisk
14:44:38;1674;RGBA(0.969, 0.619, 0.143, 0.000);-925,00;2;0,00;RGBA(0.755, 0.055, 0.055, 0.000);Rejected_SafetyRisk
14:44:38;1675;RGBA(0.969, 0.619, 0.143, 0.000);-925,00;2;0,00;RGBA(0.755, 0.055, 0.055, 0.000);Rejected_SafetyRisk
14:44:38;1676;RGBA(0.969, 0.619, 0.143, 0.000);-925,00;2;0,00;RGBA(0.755, 0.055, 0.055, 0.000);Rejected_SafetyRisk
14:44:38;1677;RGBA(0.969, 0.619, 0.143, 0.000);-925,00;2;0,00;RGBA(0.755, 0.055, 0.055, 0.000);Rejected_SafetyRisk
14:44:38;1678;RGBA(0.969, 0.619, 0.143, 0.000);-925,00;2;0,00;RGBA(0.755, 0.055, 0.055, 0.000);Rejected_SafetyRisk
14:44:38;1679;RGBA(0.969, 0.619, 0.143, 0.000);-925,00;2;0,00;RGBA(0.755, 0.055, 0.055, 0.000);Rejected_SafetyRisk
14:44:38;1680;RGBA(0.969, 0.619, 0.143, 0.000);-925,00;2;0,00;RGBA(0.755, 0.055, 0.055, 0.000);Rejected_SafetyRisk
14:44:38;1681;RGBA(0.969, 0.619, 0.143, 0.000);-925,00;2;0,00;RGBA(0.755, 0.055, 0.055, 0.000);Rejected_SafetyRisk
14:44:38;1682;RGBA(0.969, 0.619, 0.143, 0.000);-925,00;2;0,00;RGBA(0.755, 0.055, 0.055, 0.000);Rejected_SafetyRisk
14:44:38;1683;RGBA(0.969, 0.619, 0.143, 0.000);-925,00;2;0,00;RGBA(0.755, 0.055, 0.055, 0.000);Rejected_SafetyRisk
14:44:38;1684;RGBA(0.969, 0.619, 0.143, 0.000);-925,00;2;0,00;RGBA(0.755, 0.055, 0.055, 0.000);Rejected_SafetyRisk
14:44:38;1685;RGBA(0.969, 0.619, 0.143, 0.000);-925,00;2;0,00;RGBA(0.755, 0.055, 0.055, 0.000);Rejected_SafetyRisk
14:44:38;1686;RGBA(0.969, 0.619, 0.143, 0.000);-925,00;2;0,00;RGBA(0.755, 0.055, 0.055, 0.000);Rejected_SafetyRisk
14:44:38;1687;RGBA(0.969, 0.619, 0.143, 0.000);-925,00;2;0,00;RGBA(0.755, 0.055, 0.055, 0.000);Rejected_SafetyRisk
14:44:38;1688;RGBA(0.969, 0.619, 0.143, 0.000);-925,00;2;0,00;RGBA(0.755, 0.055, 0.055, 0.000);Rejected_SafetyRisk
14:44:38;1689;RGBA(0.969, 0.619, 0.143, 0.000);-925,00;2;0,00;RGBA(0.755, 0.055, 0.055, 0.000);Rejected_SafetyRisk
14:44:38;1690;RGBA(0.969, 0.619, 0.143, 0.000);-925,00;2;0,00;RGBA(0.755, 0.055, 0.055, 0.000);Rejected_SafetyRisk
14:44:38;1691;RGBA(0.969, 0.619, 0.143, 0.000);-925,00;2;0,00;RGBA(0.755, 0.055, 0.055, 0.000);Rejected_SafetyRisk
14:44:38;1692;RGBA(0.969, 0.619, 0.143, 0.000);-925,00;2;0,00;RGBA(0.755, 0.055, 0.055, 0.000);Rejected_SafetyRisk
14:44:38;1693;RGBA(0.969, 0.619, 0.143, 0.000);-925,00;2;0,00;RGBA(0.755, 0.055, 0.055, 0.000);Rejected_SafetyRisk
14:44:38;1694;RGBA(0.969, 0.619, 0.143, 0.000);-925,00;2;0,00;RGBA(0.755, 0.055, 0.055, 0.000);Rejected_SafetyRisk
14:44:38;1695;RGBA(0.969, 0.619, 0.143, 0.000);-925,00;2;0,00;RGBA(0.755, 0.055, 0.055, 0.000);Rejected_SafetyRisk
14:44:38;1696;RGBA(0.969, 0.619, 0.143, 0.000);-925,00;2;0,00;RGBA(0.755, 0.055, 0.055, 0.000);Rejected_SafetyRisk
14:44:38;1697;RGBA(0.969, 0.619, 0.143, 0.000);-925,00;2;0,00;RGBA(0.755, 0.055, 0.055, 0.000);Rejected_SafetyRisk
14:44:38;1698;RGBA(0.969, 0.619, 0.143, 0.000);-925,00;2;0,00;RGBA(0.755, 0.055, 0.055, 0.000);Rejected_SafetyRisk
14:44:38;1699;RGBA(0.969, 0.619, 0.143, 0.000);-925,00;2;0,00;RGBA(0.755, 0.055, 0.055, 0.000);Rejected_SafetyRisk
14:44:38;1700;RGBA(0.969, 0.619, 0.143, 0.000);-925,00;2;0,00;RGBA(0.755, 0.055, 0.055, 0.000);Rejected_SafetyRisk
14:44:38;1701;RGBA(0.969, 0.619, 0.143, 0.000);-925,00;2;0,00;RGBA(0.755, 0.055, 0.055, 0.000);Rejected_SafetyRisk
14:44:38;1702;RGBA(0.969, 0.619, 0.143, 0.000);-925,00;2;0,00;RGBA(0.755, 0.055, 0.055, 0.000);Rejected_SafetyRisk
14:44:38;1703;RGBA(0.969, 0.619, 0.143, 0.000);-925,00;2;0,00;RGBA(0.755, 0.055, 0.055, 0.000);Rejected_SafetyRisk
14:44:38;1704;RGBA(0.969, 0.619, 0.143, 0.000);-925,00;2;0,00;RGBA(0.755, 0.055, 0.055, 0.000);Rejected_SafetyRisk
14:44:38;1705;RGBA(0.969, 0.619, 0.143, 0.000);-925,00;2;0,00;RGBA(0.755, 0.055, 0.055, 0.000);Rejected_SafetyRisk
14:44:38;1706;RGBA(0.969, 0.619, 0.143, 0.000);-925,00;2;0,00;RGBA(0.755, 0.055, 0.055, 0.000);Rejected_SafetyRisk
14:44:38;1707;RGBA(0.969, 0.619, 0.143, 0.000);-925,00;2;0,00;RGBA(0.755, 0.055, 0.055, 0.000);Rejected_SafetyRisk
14:44:38;1708;RGBA(0.969, 0.619, 0.143, 0.000);-925,00;2;0,00;RGBA(0.755, 0.055, 0.055, 0.000);Rejected_SafetyRisk
14:44:38;1709;RGBA(0.969, 0.619, 0.143, 0.000);-925,00;2;0,00;RGBA(0.755, 0.055, 0.055, 0.000);Rejected_SafetyRisk
14:44:38;1710;RGBA(0.969, 0.619, 0.143, 0.000);-925,00;2;0,00;RGBA(0.755, 0.055, 0.055, 0.000);Rejected_SafetyRisk
14:44:38;1711;RGBA(0.969, 0.619, 0.143, 0.000);-925,00;2;0,00;RGBA(0.755, 0.055, 0.055, 0.000);Rejected_SafetyRisk
14:44:38;1712;RGBA(0.969, 0.619, 0.143, 0.000);-925,00;2;0,00;RGBA(0.755, 0.055, 0.055, 0.000);Rejected_SafetyRisk
14:44:38;1713;RGBA(0.969, 0.619, 0.143, 0.000);-925,00;2;0,00;RGBA(0.755, 0.055, 0.055, 0.000);Rejected_SafetyRisk
14:44:38;1714;RGBA(0.969, 0.619, 0.143, 0.000);-925,00;2;0,00;RGBA(0.755, 0.055, 0.055, 0.000);Rejected_SafetyRisk
14:44:38;1715;RGBA(0.969, 0.619, 0.143, 0.000);-925,00;2;0,00;RGBA(0.755, 0.055, 0.055, 0.000);Rejected_SafetyRisk
14:44:38;1716;RGBA(0.969, 0.619, 0.143, 0.000);-925,00;2;0,00;RGBA(0.755, 0.055, 0.055, 0.000);Rejected_SafetyRisk
14:44:38;1717;RGBA(0.969, 0.619, 0.143, 0.000);-925,00;2;0,00;RGBA(0.755, 0.055, 0.055, 0.000);Rejected_SafetyRisk
14:44:38;1718;RGBA(0.969, 0.619, 0.143, 0.000);-925,00;2;0,00;RGBA(0.755, 0.055, 0.055, 0.000);Rejected_SafetyRisk
14:44:38;1719;RGBA(0.969, 0.619, 0.143, 0.000);-925,00;2;0,00;RGBA(0.755, 0.055, 0.055, 0.000);Rejected_SafetyRisk
14:44:38;1720;RGBA(0.969, 0.619, 0.143, 0.000);-925,00;2;0,00;RGBA(0.755, 0.055, 0.055, 0.000);Rejected_SafetyRisk
14:44:38;1721;RGBA(0.969, 0.619, 0.143, 0.000);-925,00;2;0,00;RGBA(0.755, 0.055, 0.055, 0.000);Rejected_SafetyRisk
14:44:38;1722;RGBA(0.969, 0.619, 0.143, 0.000);-925,00;2;0,00;RGBA(0.755, 0.055, 0.055, 0.000);Rejected_SafetyRisk
14:44:38;1723;RGBA(0.969, 0.619, 0.143, 0.000);-925,00;2;0,00;RGBA(0.755, 0.055, 0.055, 0.000);Rejected_SafetyRisk
14:44:38;1724;RGBA(0.969, 0.619, 0.143, 0.000);-925,00;2;0,00;RGBA(0.755, 0.055, 0.055, 0.000);Rejected_SafetyRisk
14:44:38;1725;RGBA(0.969, 0.619, 0.143, 0.000);-925,00;2;0,00;RGBA(0.755, 0.055, 0.055, 0.000);Rejected_SafetyRisk
14:44:38;1726;RGBA(0.969, 0.619, 0.143, 0.000);-925,00;2;0,00;RGBA(0.755, 0.055, 0.055, 0.000);Rejected_SafetyRisk
14:44:38;1727;RGBA(0.969, 0.619, 0.143, 0.000);-925,00;2;0,00;RGBA(0.755, 0.055, 0.055, 0.000);Rejected_SafetyRisk
14:44:38;1728;RGBA(0.969, 0.619, 0.143, 0.000);-925,00;2;0,00;RGBA(0.755, 0.055, 0.055, 0.000);Rejected_SafetyRisk
14:44:38;1729;RGBA(0.969, 0.619, 0.143, 0.000);-925,00;2;0,00;RGBA(0.755, 0.055, 0.055, 0.000);Rejected_SafetyRisk
14:44:38;1730;RGBA(0.969, 0.619, 0.143, 0.000);-925,00;2;0,00;RGBA(0.755, 0.055, 0.055, 0.000);Rejected_SafetyRisk
14:44:38;1731;RGBA(0.969, 0.619, 0.143, 0.000);-925,00;2;0,00;RGBA(0.755, 0.055, 0.055, 0.000);Rejected_SafetyRisk
14:44:38;1732;RGBA(0.969, 0.619, 0.143, 0.000);-925,00;2;0,00;RGBA(0.755, 0.055, 0.055, 0.000);Rejected_SafetyRisk
14:44:38;1733;RGBA(0.969, 0.619, 0.143, 0.000);-925,00;2;0,00;RGBA(0.755, 0.055, 0.055, 0.000);Rejected_SafetyRisk
14:44:38;1734;RGBA(0.969, 0.619, 0.143, 0.000);-925,00;2;0,00;RGBA(0.755, 0.055, 0.055, 0.000);Rejected_SafetyRisk
14:44:38;1735;RGBA(0.969, 0.619, 0.143, 0.000);-925,00;2;0,00;RGBA(0.755, 0.055, 0.055, 0.000);Rejected_SafetyRisk
14:44:38;1736;RGBA(0.969, 0.619, 0.143, 0.000);-925,00;2;0,00;RGBA(0.755, 0.055, 0.055, 0.000);Rejected_SafetyRisk
14:44:38;1737;RGBA(0.969, 0.619, 0.143, 0.000);-925,00;2;0,00;RGBA(0.755, 0.055, 0.055, 0.000);Rejected_SafetyRisk
14:44:38;1738;RGBA(0.969, 0.619, 0.143, 0.000);-925,00;2;0,00;RGBA(0.755, 0.055, 0.055, 0.000);Rejected_SafetyRisk
14:44:38;1739;RGBA(0.969, 0.619, 0.143, 0.000);-925,00;2;0,00;RGBA(0.755, 0.055, 0.055, 0.000);Rejected_SafetyRisk
14:44:38;1740;RGBA(0.969, 0.619, 0.143, 0.000);-925,00;2;0,00;RGBA(0.755, 0.055, 0.055, 0.000);Rejected_SafetyRisk
14:44:38;1741;RGBA(0.969, 0.619, 0.143, 0.000);-925,00;2;0,00;RGBA(0.755, 0.055, 0.055, 0.000);Rejected_SafetyRisk
14:44:38;1742;RGBA(0.969, 0.619, 0.143, 0.000);-925,00;2;0,00;RGBA(0.755, 0.055, 0.055, 0.000);Rejected_SafetyRisk
14:44:38;1743;RGBA(0.969, 0.619, 0.143, 0.000);-925,00;2;0,00;RGBA(0.755, 0.055, 0.055, 0.000);Rejected_SafetyRisk
14:44:38;1744;RGBA(0.969, 0.619, 0.143, 0.000);-925,00;2;0,00;RGBA(0.755, 0.055, 0.055, 0.000);Rejected_SafetyRisk
14:44:38;1745;RGBA(0.969, 0.619, 0.143, 0.000);-925,00;2;0,00;RGBA(0.755, 0.055, 0.055, 0.000);Rejected_SafetyRisk
14:44:38;1746;RGBA(0.969, 0.619, 0.143, 0.000);-925,00;2;0,00;RGBA(0.755, 0.055, 0.055, 0.000);Rejected_SafetyRisk
14:44:38;1747;RGBA(0.969, 0.619, 0.143, 0.000);-925,00;2;0,00;RGBA(0.755, 0.055, 0.055, 0.000);Rejected_SafetyRisk
14:44:38;1748;RGBA(0.969, 0.619, 0.143, 0.000);-925,00;2;0,00;RGBA(0.755, 0.055, 0.055, 0.000);Rejected_SafetyRisk
14:44:38;1749;RGBA(0.969, 0.619, 0.143, 0.000);-925,00;2;0,00;RGBA(0.755, 0.055, 0.055, 0.000);Rejected_SafetyRisk
14:44:38;1750;RGBA(0.969, 0.619, 0.143, 0.000);-925,00;2;0,00;RGBA(0.755, 0.055, 0.055, 0.000);Rejected_SafetyRisk
14:44:38;1751;RGBA(0.969, 0.619, 0.143, 0.000);-925,00;2;0,00;RGBA(0.755, 0.055, 0.055, 0.000);Rejected_SafetyRisk
14:44:38;1752;RGBA(0.969, 0.619, 0.143, 0.000);-925,00;2;0,00;RGBA(0.755, 0.055, 0.055, 0.000);Rejected_SafetyRisk
14:44:38;1753;RGBA(0.969, 0.619, 0.143, 0.000);-925,00;2;0,00;RGBA(0.755, 0.055, 0.055, 0.000);Rejected_SafetyRisk
14:44:38;1754;RGBA(0.969, 0.619, 0.143, 0.000);-925,00;2;0,00;RGBA(0.755, 0.055, 0.055, 0.000);Rejected_SafetyRisk
14:44:38;1755;RGBA(0.969, 0.619, 0.143, 0.000);-925,00;2;0,00;RGBA(0.755, 0.055, 0.055, 0.000);Rejected_SafetyRisk
14:44:38;1756;RGBA(0.969, 0.619, 0.143, 0.000);-925,00;2;0,00;RGBA(0.755, 0.055, 0.055, 0.000);Rejected_SafetyRisk
14:44:38;1757;RGBA(0.969, 0.619, 0.143, 0.000);-925,00;2;0,00;RGBA(0.755, 0.055, 0.055, 0.000);Rejected_SafetyRisk
14:44:38;1758;RGBA(0.969, 0.619, 0.143, 0.000);-925,00;2;0,00;RGBA(0.755, 0.055, 0.055, 0.000);Rejected_SafetyRisk
14:44:38;1759;RGBA(0.969, 0.619, 0.143, 0.000);-925,00;2;0,00;RGBA(0.755, 0.055, 0.055, 0.000);Rejected_SafetyRisk
14:44:38;1760;RGBA(0.969, 0.619, 0.143, 0.000);-925,00;2;0,00;RGBA(0.755, 0.055, 0.055, 0.000);Rejected_SafetyRisk
14:44:38;1761;RGBA(0.969, 0.619, 0.143, 0.000);-925,00;2;0,00;RGBA(0.755, 0.055, 0.055, 0.000);Rejected_SafetyRisk
14:44:38;1762;RGBA(0.969, 0.619, 0.143, 0.000);-925,00;2;0,00;RGBA(0.755, 0.055, 0.055, 0.000);Rejected_SafetyRisk
14:44:38;1763;RGBA(0.969, 0.619, 0.143, 0.000);-925,00;2;0,00;RGBA(0.755, 0.055, 0.055, 0.000);Rejected_SafetyRisk
14:44:38;1764;RGBA(0.969, 0.619, 0.143, 0.000);-925,00;2;0,00;RGBA(0.755, 0.055, 0.055, 0.000);Rejected_SafetyRisk
14:44:38;1765;RGBA(0.969, 0.619, 0.143, 0.000);-925,00;2;0,00;RGBA(0.755, 0.055, 0.055, 0.000);Rejected_SafetyRisk
14:44:38;1766;RGBA(0.969, 0.619, 0.143, 0.000);-925,00;2;0,00;RGBA(0.755, 0.055, 0.055, 0.000);Rejected_SafetyRisk
14:44:38;1767;RGBA(0.969, 0.619, 0.143, 0.000);-925,00;2;0,00;RGBA(0.755, 0.055, 0.055, 0.000);Rejected_SafetyRisk
14:44:38;1768;RGBA(0.969, 0.619, 0.143, 0.000);-925,00;2;0,00;RGBA(0.755, 0.055, 0.055, 0.000);Rejected_SafetyRisk
14:44:38;1769;RGBA(0.969, 0.619, 0.143, 0.000);-925,00;2;0,00;RGBA(0.755, 0.055, 0.055, 0.000);Rejected_SafetyRisk
14:44:38;1770;RGBA(0.969, 0.619, 0.143, 0.000);-925,00;2;0,00;RGBA(0.755, 0.055, 0.055, 0.000);Rejected_SafetyRisk
14:44:38;1771;RGBA(0.969, 0.619, 0.143, 0.000);-925,00;2;0,00;RGBA(0.755, 0.055, 0.055, 0.000);Rejected_SafetyRisk
14:44:38;1772;RGBA(0.969, 0.619, 0.143, 0.000);-925,00;2;0,00;RGBA(0.755, 0.055, 0.055, 0.000);Rejected_SafetyRisk
14:44:38;1773;RGBA(0.969, 0.619, 0.143, 0.000);-925,00;2;0,00;RGBA(0.755, 0.055, 0.055, 0.000);Rejected_SafetyRisk
14:44:38;1774;RGBA(0.969, 0.619, 0.143, 0.000);-925,00;2;0,00;RGBA(0.755, 0.055, 0.055, 0.000);Rejected_SafetyRisk
14:44:38;1775;RGBA(0.969, 0.619, 0.143, 0.000);-925,00;2;0,00;RGBA(0.755, 0.055, 0.055, 0.000);Rejected_SafetyRisk
14:44:38;1776;RGBA(0.969, 0.619, 0.143, 0.000);-925,00;2;0,00;RGBA(0.755, 0.055, 0.055, 0.000);Rejected_SafetyRisk
14:44:38;1777;RGBA(0.969, 0.619, 0.143, 0.000);-925,00;2;0,00;RGBA(0.755, 0.055, 0.055, 0.000);Rejected_SafetyRisk
14:44:38;1778;RGBA(0.969, 0.619, 0.143, 0.000);-925,00;2;0,00;RGBA(0.755, 0.055, 0.055, 0.000);Rejected_SafetyRisk
14:44:38;1779;RGBA(0.969, 0.619, 0.143, 0.000);-925,00;2;0,00;RGBA(0.755, 0.055, 0.055, 0.000);Rejected_SafetyRisk
14:44:38;1780;RGBA(0.969, 0.619, 0.143, 0.000);-925,00;2;0,00;RGBA(0.755, 0.055, 0.055, 0.000);Rejected_SafetyRisk
14:44:38;1781;RGBA(0.969, 0.619, 0.143, 0.000);-925,00;2;0,00;RGBA(0.755, 0.055, 0.055, 0.000);Rejected_SafetyRisk
14:44:38;1782;RGBA(0.969, 0.619, 0.143, 0.000);-925,00;2;0,00;RGBA(0.755, 0.055, 0.055, 0.000);Rejected_SafetyRisk
14:44:38;1783;RGBA(0.969, 0.619, 0.143, 0.000);-925,00;2;0,00;RGBA(0.755, 0.055, 0.055, 0.000);Rejected_SafetyRisk
14:44:38;1784;RGBA(0.969, 0.619, 0.143, 0.000);-925,00;2;0,00;RGBA(0.755, 0.055, 0.055, 0.000);Rejected_SafetyRisk
14:44:38;1785;RGBA(0.969, 0.619, 0.143, 0.000);-925,00;2;0,00;RGBA(0.755, 0.055, 0.055, 0.000);Rejected_SafetyRisk
14:44:38;1786;RGBA(0.969, 0.619, 0.143, 0.000);-925,00;2;0,00;RGBA(0.755, 0.055, 0.055, 0.000);Rejected_SafetyRisk
14:44:38;1787;RGBA(0.969, 0.619, 0.143, 0.000);-925,00;2;0,00;RGBA(0.755, 0.055, 0.055, 0.000);Rejected_SafetyRisk
14:44:38;1788;RGBA(0.969, 0.619, 0.143, 0.000);-925,00;2;0,00;RGBA(0.755, 0.055, 0.055, 0.000);Rejected_SafetyRisk
14:44:38;1789;RGBA(0.969, 0.619, 0.143, 0.000);-925,00;2;0,00;RGBA(0.755, 0.055, 0.055, 0.000);Rejected_SafetyRisk
14:44:38;1790;RGBA(0.969, 0.619, 0.143, 0.000);-925,00;2;0,00;RGBA(0.755, 0.055, 0.055, 0.000);Rejected_SafetyRisk
14:44:38;1791;RGBA(0.969, 0.619, 0.143, 0.000);-925,00;2;0,00;RGBA(0.755, 0.055, 0.055, 0.000);Rejected_SafetyRisk
14:44:38;1792;RGBA(0.969, 0.619, 0.143, 0.000);-925,00;2;0,00;RGBA(0.755, 0.055, 0.055, 0.000);Rejected_SafetyRisk
14:44:38;1793;RGBA(0.969, 0.619, 0.143, 0.000);-925,00;2;0,00;RGBA(0.755, 0.055, 0.055, 0.000);Rejected_SafetyRisk
14:44:38;1794;RGBA(0.969, 0.619, 0.143, 0.000);-925,00;2;0,00;RGBA(0.755, 0.055, 0.055, 0.000);Rejected_SafetyRisk
14:44:38;1795;RGBA(0.969, 0.619, 0.143, 0.000);-925,00;2;0,00;RGBA(0.755, 0.055, 0.055, 0.000);Rejected_SafetyRisk
14:44:38;1796;RGBA(0.969, 0.619, 0.143, 0.000);-925,00;2;0,00;RGBA(0.755, 0.055, 0.055, 0.000);Rejected_SafetyRisk
14:44:38;1797;RGBA(0.969, 0.619, 0.143, 0.000);-925,00;2;0,00;RGBA(0.755, 0.055, 0.055, 0.000);Rejected_SafetyRisk
14:44:38;1798;RGBA(0.969, 0.619, 0.143, 0.000);-925,00;2;0,00;RGBA(0.755, 0.055, 0.055, 0.000);Rejected_SafetyRisk
14:44:38;1799;RGBA(0.969, 0.619, 0.143, 0.000);-925,00;2;0,00;RGBA(0.755, 0.055, 0.055, 0.000);Rejected_SafetyRisk
14:44:38;1800;RGBA(0.969, 0.619, 0.143, 0.000);-925,00;2;0,00;RGBA(0.755, 0.055, 0.055, 0.000);Rejected_SafetyRisk
14:44:38;1801;RGBA(0.969, 0.619, 0.143, 0.000);-925,00;2;0,00;RGBA(0.755, 0.055, 0.055, 0.000);Rejected_SafetyRisk
14:44:38;1802;RGBA(0.969, 0.619, 0.143, 0.000);-925,00;2;0,00;RGBA(0.755, 0.055, 0.055, 0.000);Rejected_SafetyRisk
14:44:38;1803;RGBA(0.969, 0.619, 0.143, 0.000);-925,00;2;0,00;RGBA(0.755, 0.055, 0.055, 0.000);Rejected_SafetyRisk
14:44:38;1804;RGBA(0.969, 0.619, 0.143, 0.000);-925,00;2;0,00;RGBA(0.755, 0.055, 0.055, 0.000);Rejected_SafetyRisk
14:44:38;1805;RGBA(0.969, 0.619, 0.143, 0.000);-925,00;2;0,00;RGBA(0.755, 0.055, 0.055, 0.000);Rejected_SafetyRisk
14:44:38;1806;RGBA(0.969, 0.619, 0.143, 0.000);-925,00;2;0,00;RGBA(0.755, 0.055, 0.055, 0.000);Rejected_SafetyRisk
14:44:39;1807;RGBA(0.969, 0.619, 0.143, 0.000);-925,00;2;0,00;RGBA(0.755, 0.055, 0.055, 0.000);Rejected_SafetyRisk
14:44:39;1808;RGBA(0.969, 0.619, 0.143, 0.000);-925,00;2;0,00;RGBA(0.755, 0.055, 0.055, 0.000);Rejected_SafetyRisk
14:44:39;1809;RGBA(0.969, 0.619, 0.143, 0.000);-925,00;2;0,00;RGBA(0.755, 0.055, 0.055, 0.000);Rejected_SafetyRisk
14:44:39;1810;RGBA(0.969, 0.619, 0.143, 0.000);-925,00;2;0,00;RGBA(0.755, 0.055, 0.055, 0.000);Rejected_SafetyRisk
14:44:39;1811;RGBA(0.969, 0.619, 0.143, 0.000);-925,00;2;0,00;RGBA(0.755, 0.055, 0.055, 0.000);Rejected_SafetyRisk
14:44:39;1812;RGBA(0.969, 0.619, 0.143, 0.000);-925,00;2;0,00;RGBA(0.755, 0.055, 0.055, 0.000);Rejected_SafetyRisk
14:44:39;1813;RGBA(0.969, 0.619, 0.143, 0.000);-925,00;2;0,00;RGBA(0.755, 0.055, 0.055, 0.000);Rejected_SafetyRisk
14:44:39;1814;RGBA(0.969, 0.619, 0.143, 0.000);-925,00;2;0,00;RGBA(0.755, 0.055, 0.055, 0.000);Rejected_SafetyRisk
14:44:39;1815;RGBA(0.969, 0.619, 0.143, 0.000);-925,00;2;0,00;RGBA(0.755, 0.055, 0.055, 0.000);Rejected_SafetyRisk
14:44:39;1816;RGBA(0.969, 0.619, 0.143, 0.000);-925,00;2;0,00;RGBA(0.755, 0.055, 0.055, 0.000);Rejected_SafetyRisk
14:44:39;1817;RGBA(0.969, 0.619, 0.143, 0.000);-925,00;2;0,00;RGBA(0.755, 0.055, 0.055, 0.000);Rejected_SafetyRisk
14:44:39;1818;RGBA(0.969, 0.619, 0.143, 0.000);-925,00;2;0,00;RGBA(0.755, 0.055, 0.055, 0.000);Rejected_SafetyRisk
14:44:39;1819;RGBA(0.969, 0.619, 0.143, 0.000);-925,00;2;0,00;RGBA(0.755, 0.055, 0.055, 0.000);Rejected_SafetyRisk
14:44:39;1820;RGBA(0.969, 0.619, 0.143, 0.000);-925,00;2;0,00;RGBA(0.755, 0.055, 0.055, 0.000);Rejected_SafetyRisk
14:44:39;1821;RGBA(0.969, 0.619, 0.143, 0.000);-925,00;2;0,00;RGBA(0.755, 0.055, 0.055, 0.000);Rejected_SafetyRisk
14:44:39;1822;RGBA(0.969, 0.619, 0.143, 0.000);-925,00;2;0,00;RGBA(0.755, 0.055, 0.055, 0.000);Rejected_SafetyRisk
14:44:39;1823;RGBA(0.969, 0.619, 0.143, 0.000);-925,00;2;0,00;RGBA(0.755, 0.055, 0.055, 0.000);Rejected_SafetyRisk
14:44:39;1824;RGBA(0.969, 0.619, 0.143, 0.000);-925,00;2;0,00;RGBA(0.755, 0.055, 0.055, 0.000);Rejected_SafetyRisk
14:44:39;1825;RGBA(0.969, 0.619, 0.143, 0.000);-925,00;2;0,00;RGBA(0.755, 0.055, 0.055, 0.000);Rejected_SafetyRisk
14:44:39;1826;RGBA(0.969, 0.619, 0.143, 0.000);-925,00;2;0,00;RGBA(0.755, 0.055, 0.055, 0.000);Rejected_SafetyRisk
14:44:39;1827;RGBA(0.969, 0.619, 0.143, 0.000);-925,00;2;0,00;RGBA(0.755, 0.055, 0.055, 0.000);Rejected_SafetyRisk
14:44:39;1828;RGBA(0.969, 0.619, 0.143, 0.000);-925,00;2;0,00;RGBA(0.755, 0.055, 0.055, 0.000);Rejected_SafetyRisk
14:44:39;1829;RGBA(0.969, 0.619, 0.143, 0.000);-925,00;2;0,00;RGBA(0.755, 0.055, 0.055, 0.000);Rejected_SafetyRisk
14:44:39;1830;RGBA(0.969, 0.619, 0.143, 0.000);-925,00;2;0,00;RGBA(0.755, 0.055, 0.055, 0.000);Rejected_SafetyRisk
14:44:39;1831;RGBA(0.969, 0.619, 0.143, 0.000);-925,00;2;0,00;RGBA(0.755, 0.055, 0.055, 0.000);Rejected_SafetyRisk
14:44:39;1832;RGBA(0.969, 0.619, 0.143, 0.000);-925,00;2;0,00;RGBA(0.755, 0.055, 0.055, 0.000);Rejected_SafetyRisk
14:44:39;1833;RGBA(0.969, 0.619, 0.143, 0.000);-925,00;2;0,00;RGBA(0.755, 0.055, 0.055, 0.000);Rejected_SafetyRisk
14:44:39;1834;RGBA(0.969, 0.619, 0.143, 0.000);-925,00;2;0,00;RGBA(0.755, 0.055, 0.055, 0.000);Rejected_SafetyRisk
14:44:39;1835;RGBA(0.969, 0.619, 0.143, 0.000);-925,00;2;0,00;RGBA(0.755, 0.055, 0.055, 0.000);Rejected_SafetyRisk
14:44:39;1836;RGBA(0.969, 0.619, 0.143, 0.000);-925,00;2;0,00;RGBA(0.755, 0.055, 0.055, 0.000);Rejected_SafetyRisk
14:44:39;1837;RGBA(0.969, 0.619, 0.143, 0.000);-925,00;2;0,00;RGBA(0.755, 0.055, 0.055, 0.000);Rejected_SafetyRisk
14:44:39;1838;RGBA(0.969, 0.619, 0.143, 0.000);-925,00;2;0,00;RGBA(0.755, 0.055, 0.055, 0.000);Rejected_SafetyRisk
14:44:39;1839;RGBA(0.969, 0.619, 0.143, 0.000);-925,00;2;0,00;RGBA(0.755, 0.055, 0.055, 0.000);Rejected_SafetyRisk
14:44:39;1840;RGBA(0.969, 0.619, 0.143, 0.000);-925,00;2;0,00;RGBA(0.755, 0.055, 0.055, 0.000);Rejected_SafetyRisk
14:44:39;1841;RGBA(0.969, 0.619, 0.143, 0.000);-925,00;2;0,00;RGBA(0.755, 0.055, 0.055, 0.000);Rejected_SafetyRisk
14:44:39;1842;RGBA(0.969, 0.619, 0.143, 0.000);-925,00;2;0,00;RGBA(0.755, 0.055, 0.055, 0.000);Rejected_SafetyRisk
14:44:39;1843;RGBA(0.969, 0.619, 0.143, 0.000);-925,00;2;0,00;RGBA(0.755, 0.055, 0.055, 0.000);Rejected_SafetyRisk
14:44:39;1844;RGBA(0.969, 0.619, 0.143, 0.000);-925,00;2;0,00;RGBA(0.755, 0.055, 0.055, 0.000);Rejected_SafetyRisk
14:44:39;1845;RGBA(0.969, 0.619, 0.143, 0.000);-925,00;2;0,00;RGBA(0.755, 0.055, 0.055, 0.000);Rejected_SafetyRisk
14:44:39;1846;RGBA(0.969, 0.619, 0.143, 0.000);-925,00;2;0,00;RGBA(0.755, 0.055, 0.055, 0.000);Rejected_SafetyRisk
14:44:39;1847;RGBA(0.969, 0.619, 0.143, 0.000);-925,00;2;0,00;RGBA(0.755, 0.055, 0.055, 0.000);Rejected_SafetyRisk
14:44:39;1848;RGBA(0.969, 0.619, 0.143, 0.000);-925,00;2;0,00;RGBA(0.755, 0.055, 0.055, 0.000);Rejected_SafetyRisk
14:44:39;1849;RGBA(0.969, 0.619, 0.143, 0.000);-925,00;2;0,00;RGBA(0.755, 0.055, 0.055, 0.000);Rejected_SafetyRisk
14:44:39;1850;RGBA(0.969, 0.619, 0.143, 0.000);-925,00;2;0,00;RGBA(0.755, 0.055, 0.055, 0.000);Rejected_SafetyRisk
14:44:39;1851;RGBA(0.969, 0.619, 0.143, 0.000);-925,00;2;0,00;RGBA(0.755, 0.055, 0.055, 0.000);Rejected_SafetyRisk
14:44:39;1852;RGBA(0.969, 0.619, 0.143, 0.000);-925,00;2;0,00;RGBA(0.755, 0.055, 0.055, 0.000);Rejected_SafetyRisk
14:44:39;1853;RGBA(0.969, 0.619, 0.143, 0.000);-925,00;2;0,00;RGBA(0.755, 0.055, 0.055, 0.000);Rejected_SafetyRisk
14:44:39;1854;RGBA(0.969, 0.619, 0.143, 0.000);-925,00;2;0,00;RGBA(0.755, 0.055, 0.055, 0.000);Rejected_SafetyRisk
14:44:39;1855;RGBA(0.969, 0.619, 0.143, 0.000);-925,00;2;0,00;RGBA(0.755, 0.055, 0.055, 0.000);Rejected_SafetyRisk
14:44:39;1856;RGBA(0.969, 0.619, 0.143, 0.000);-925,00;2;0,00;RGBA(0.755, 0.055, 0.055, 0.000);Rejected_SafetyRisk
14:44:39;1857;RGBA(0.969, 0.619, 0.143, 0.000);-925,00;2;0,00;RGBA(0.755, 0.055, 0.055, 0.000);Rejected_SafetyRisk
14:44:39;1858;RGBA(0.969, 0.619, 0.143, 0.000);-925,00;2;0,00;RGBA(0.755, 0.055, 0.055, 0.000);Rejected_SafetyRisk
14:44:39;1859;RGBA(0.969, 0.619, 0.143, 0.000);-925,00;2;0,00;RGBA(0.755, 0.055, 0.055, 0.000);Rejected_SafetyRisk
14:44:39;1860;RGBA(0.969, 0.619, 0.143, 0.000);-925,00;2;0,00;RGBA(0.755, 0.055, 0.055, 0.000);Rejected_SafetyRisk
14:44:39;1861;RGBA(0.969, 0.619, 0.143, 0.000);-925,00;2;0,00;RGBA(0.755, 0.055, 0.055, 0.000);Rejected_SafetyRisk
14:44:39;1862;RGBA(0.969, 0.619, 0.143, 0.000);-925,00;2;0,00;RGBA(0.755, 0.055, 0.055, 0.000);Rejected_SafetyRisk
14:44:39;1863;RGBA(0.969, 0.619, 0.143, 0.000);-925,00;2;0,00;RGBA(0.755, 0.055, 0.055, 0.000);Rejected_SafetyRisk
14:44:39;1864;RGBA(0.969, 0.619, 0.143, 0.000);-925,00;2;0,00;RGBA(0.755, 0.055, 0.055, 0.000);Rejected_SafetyRisk
14:44:39;1865;RGBA(0.969, 0.619, 0.143, 0.000);-925,00;2;0,00;RGBA(0.755, 0.055, 0.055, 0.000);Rejected_SafetyRisk
14:44:39;1866;RGBA(0.969, 0.619, 0.143, 0.000);-925,00;2;0,00;RGBA(0.755, 0.055, 0.055, 0.000);Rejected_SafetyRisk
14:44:39;1867;RGBA(0.969, 0.619, 0.143, 0.000);-925,00;2;0,00;RGBA(0.755, 0.055, 0.055, 0.000);Rejected_SafetyRisk
14:44:39;1868;RGBA(0.969, 0.619, 0.143, 0.000);-925,00;2;0,00;RGBA(0.755, 0.055, 0.055, 0.000);Rejected_SafetyRisk
14:44:39;1869;RGBA(0.969, 0.619, 0.143, 0.000);-925,00;2;0,00;RGBA(0.755, 0.055, 0.055, 0.000);Rejected_SafetyRisk
14:44:39;1870;RGBA(0.969, 0.619, 0.143, 0.000);-925,00;2;0,00;RGBA(0.755, 0.055, 0.055, 0.000);Rejected_SafetyRisk
14:44:39;1871;RGBA(0.969, 0.619, 0.143, 0.000);-925,00;2;0,00;RGBA(0.755, 0.055, 0.055, 0.000);Rejected_SafetyRisk
14:44:39;1872;RGBA(0.969, 0.619, 0.143, 0.000);-925,00;2;0,00;RGBA(0.755, 0.055, 0.055, 0.000);Rejected_SafetyRisk
14:44:39;1873;RGBA(0.969, 0.619, 0.143, 0.000);-925,00;2;0,00;RGBA(0.755, 0.055, 0.055, 0.000);Rejected_SafetyRisk
14:44:39;1874;RGBA(0.969, 0.619, 0.143, 0.000);-925,00;2;0,00;RGBA(0.755, 0.055, 0.055, 0.000);Rejected_SafetyRisk
14:44:39;1875;RGBA(0.969, 0.619, 0.143, 0.000);-925,00;2;0,00;RGBA(0.755, 0.055, 0.055, 0.000);Rejected_SafetyRisk
14:44:39;1876;RGBA(0.969, 0.619, 0.143, 0.000);-925,00;2;0,00;RGBA(0.755, 0.055, 0.055, 0.000);Rejected_SafetyRisk
14:44:39;1877;RGBA(0.969, 0.619, 0.143, 0.000);-925,00;2;0,00;RGBA(0.755, 0.055, 0.055, 0.000);Rejected_SafetyRisk
14:44:39;1878;RGBA(0.969, 0.619, 0.143, 0.000);-925,00;2;0,00;RGBA(0.755, 0.055, 0.055, 0.000);Rejected_SafetyRisk
14:44:39;1879;RGBA(0.969, 0.619, 0.143, 0.000);-925,00;2;0,00;RGBA(0.755, 0.055, 0.055, 0.000);Rejected_SafetyRisk
14:44:39;1880;RGBA(0.969, 0.619, 0.143, 0.000);-925,00;2;0,00;RGBA(0.755, 0.055, 0.055, 0.000);Rejected_SafetyRisk
14:44:39;1881;RGBA(0.969, 0.619, 0.143, 0.000);-925,00;2;0,00;RGBA(0.755, 0.055, 0.055, 0.000);Rejected_SafetyRisk
14:44:39;1882;RGBA(0.969, 0.619, 0.143, 0.000);-925,00;2;0,00;RGBA(0.755, 0.055, 0.055, 0.000);Rejected_SafetyRisk
14:44:39;1883;RGBA(0.969, 0.619, 0.143, 0.000);-925,00;2;0,00;RGBA(0.755, 0.055, 0.055, 0.000);Rejected_SafetyRisk
14:44:39;1884;RGBA(0.969, 0.619, 0.143, 0.000);-925,00;2;0,00;RGBA(0.755, 0.055, 0.055, 0.000);Rejected_SafetyRisk
14:44:39;1885;RGBA(0.969, 0.619, 0.143, 0.000);-925,00;2;0,00;RGBA(0.755, 0.055, 0.055, 0.000);Rejected_SafetyRisk
14:44:39;1886;RGBA(0.969, 0.619, 0.143, 0.000);-925,00;2;0,00;RGBA(0.755, 0.055, 0.055, 0.000);Rejected_SafetyRisk
14:44:39;1887;RGBA(0.969, 0.619, 0.143, 0.000);-925,00;2;0,00;RGBA(0.755, 0.055, 0.055, 0.000);Rejected_SafetyRisk
14:44:39;1888;RGBA(0.969, 0.619, 0.143, 0.000);-925,00;2;0,00;RGBA(0.755, 0.055, 0.055, 0.000);Rejected_SafetyRisk
14:44:39;1889;RGBA(0.969, 0.619, 0.143, 0.000);-925,00;2;0,00;RGBA(0.755, 0.055, 0.055, 0.000);Rejected_SafetyRisk
14:44:39;1890;RGBA(0.969, 0.619, 0.143, 0.000);-925,00;2;0,00;RGBA(0.755, 0.055, 0.055, 0.000);Rejected_SafetyRisk
14:44:39;1891;RGBA(0.969, 0.619, 0.143, 0.000);-925,00;2;0,00;RGBA(0.755, 0.055, 0.055, 0.000);Rejected_SafetyRisk
14:44:39;1892;RGBA(0.969, 0.619, 0.143, 0.000);-925,00;2;0,00;RGBA(0.755, 0.055, 0.055, 0.000);Rejected_SafetyRisk
14:44:39;1893;RGBA(0.969, 0.619, 0.143, 0.000);-925,00;2;0,00;RGBA(0.755, 0.055, 0.055, 0.000);Rejected_SafetyRisk
14:44:39;1894;RGBA(0.969, 0.619, 0.143, 0.000);-925,00;2;0,00;RGBA(0.755, 0.055, 0.055, 0.000);Rejected_SafetyRisk
14:44:39;1895;RGBA(0.969, 0.619, 0.143, 0.000);-925,00;2;0,00;RGBA(0.755, 0.055, 0.055, 0.000);Rejected_SafetyRisk
14:44:39;1896;RGBA(0.969, 0.619, 0.143, 0.000);-925,00;2;0,00;RGBA(0.755, 0.055, 0.055, 0.000);Rejected_SafetyRisk
14:44:39;1897;RGBA(0.969, 0.619, 0.143, 0.000);-925,00;2;0,00;RGBA(0.755, 0.055, 0.055, 0.000);Rejected_SafetyRisk
14:44:39;1898;RGBA(0.969, 0.619, 0.143, 0.000);-925,00;2;0,00;RGBA(0.755, 0.055, 0.055, 0.000);Rejected_SafetyRisk
14:44:39;1899;RGBA(0.969, 0.619, 0.143, 0.000);-925,00;2;0,00;RGBA(0.755, 0.055, 0.055, 0.000);Rejected_SafetyRisk
14:44:39;1900;RGBA(0.969, 0.619, 0.143, 0.000);-925,00;2;0,00;RGBA(0.755, 0.055, 0.055, 0.000);Rejected_SafetyRisk
14:44:39;1901;RGBA(0.969, 0.619, 0.143, 0.000);-925,00;2;0,00;RGBA(0.755, 0.055, 0.055, 0.000);Rejected_SafetyRisk
14:44:39;1902;RGBA(0.969, 0.619, 0.143, 0.000);-925,00;2;0,00;RGBA(0.755, 0.055, 0.055, 0.000);Rejected_SafetyRisk
14:44:39;1903;RGBA(0.969, 0.619, 0.143, 0.000);-925,00;2;0,00;RGBA(0.755, 0.055, 0.055, 0.000);Rejected_SafetyRisk
14:44:39;1904;RGBA(0.969, 0.619, 0.143, 0.000);-925,00;2;0,00;RGBA(0.755, 0.055, 0.055, 0.000);Rejected_SafetyRisk
14:44:39;1905;RGBA(0.969, 0.619, 0.143, 0.000);-925,00;2;0,00;RGBA(0.755, 0.055, 0.055, 0.000);Rejected_SafetyRisk
14:44:39;1906;RGBA(0.969, 0.619, 0.143, 0.000);-925,00;2;0,00;RGBA(0.755, 0.055, 0.055, 0.000);Rejected_SafetyRisk
14:44:39;1907;RGBA(0.969, 0.619, 0.143, 0.000);-925,00;2;0,00;RGBA(0.755, 0.055, 0.055, 0.000);Rejected_SafetyRisk
14:44:39;1908;RGBA(0.969, 0.619, 0.143, 0.000);-925,00;2;0,00;RGBA(0.755, 0.055, 0.055, 0.000);Rejected_SafetyRisk
14:44:39;1909;RGBA(0.969, 0.619, 0.143, 0.000);-925,00;2;0,00;RGBA(0.755, 0.055, 0.055, 0.000);Rejected_SafetyRisk
14:44:39;1910;RGBA(0.969, 0.619, 0.143, 0.000);-925,00;2;0,00;RGBA(0.755, 0.055, 0.055, 0.000);Rejected_SafetyRisk
14:44:39;1911;RGBA(0.969, 0.619, 0.143, 0.000);-925,00;2;0,00;RGBA(0.755, 0.055, 0.055, 0.000);Rejected_SafetyRisk
14:44:39;1912;RGBA(0.969, 0.619, 0.143, 0.000);-925,00;2;0,00;RGBA(0.755, 0.055, 0.055, 0.000);Rejected_SafetyRisk
14:44:39;1913;RGBA(0.969, 0.619, 0.143, 0.000);-925,00;2;0,00;RGBA(0.755, 0.055, 0.055, 0.000);Rejected_SafetyRisk
14:44:39;1914;RGBA(0.969, 0.619, 0.143, 0.000);-925,00;2;0,00;RGBA(0.755, 0.055, 0.055, 0.000);Rejected_SafetyRisk
14:44:39;1915;RGBA(0.969, 0.619, 0.143, 0.000);-925,00;2;0,00;RGBA(0.755, 0.055, 0.055, 0.000);Rejected_SafetyRisk
14:44:39;1916;RGBA(0.969, 0.619, 0.143, 0.000);-925,00;2;0,00;RGBA(0.755, 0.055, 0.055, 0.000);Rejected_SafetyRisk
14:44:39;1917;RGBA(0.969, 0.619, 0.143, 0.000);-925,00;2;0,00;RGBA(0.755, 0.055, 0.055, 0.000);Rejected_SafetyRisk
14:44:39;1918;RGBA(0.969, 0.619, 0.143, 0.000);-925,00;2;0,00;RGBA(0.755, 0.055, 0.055, 0.000);Rejected_SafetyRisk
14:44:39;1919;RGBA(0.969, 0.619, 0.143, 0.000);-925,00;2;0,00;RGBA(0.755, 0.055, 0.055, 0.000);Rejected_SafetyRisk
14:44:39;1920;RGBA(0.969, 0.619, 0.143, 0.000);-925,00;2;0,00;RGBA(0.755, 0.055, 0.055, 0.000);Rejected_SafetyRisk
14:44:39;1921;RGBA(0.969, 0.619, 0.143, 0.000);-925,00;2;0,00;RGBA(0.755, 0.055, 0.055, 0.000);Rejected_SafetyRisk
14:44:39;1922;RGBA(0.969, 0.619, 0.143, 0.000);-925,00;2;0,00;RGBA(0.755, 0.055, 0.055, 0.000);Rejected_SafetyRisk
14:44:39;1923;RGBA(0.969, 0.619, 0.143, 0.000);-925,00;2;0,00;RGBA(0.755, 0.055, 0.055, 0.000);Rejected_SafetyRisk
14:44:39;1924;RGBA(0.969, 0.619, 0.143, 0.000);-925,00;2;0,00;RGBA(0.755, 0.055, 0.055, 0.000);Rejected_SafetyRisk
14:44:39;1925;RGBA(0.969, 0.619, 0.143, 0.000);-925,00;2;0,00;RGBA(0.755, 0.055, 0.055, 0.000);Rejected_SafetyRisk
14:44:39;1926;RGBA(0.969, 0.619, 0.143, 0.000);-925,00;2;0,00;RGBA(0.755, 0.055, 0.055, 0.000);Rejected_SafetyRisk
14:44:39;1927;RGBA(0.969, 0.619, 0.143, 0.000);-925,00;2;0,00;RGBA(0.755, 0.055, 0.055, 0.000);Rejected_SafetyRisk
14:44:39;1928;RGBA(0.969, 0.619, 0.143, 0.000);-925,00;2;0,00;RGBA(0.755, 0.055, 0.055, 0.000);Rejected_SafetyRisk
14:44:39;1929;RGBA(0.969, 0.619, 0.143, 0.000);-925,00;2;0,00;RGBA(0.755, 0.055, 0.055, 0.000);Rejected_SafetyRisk
14:44:39;1930;RGBA(0.969, 0.619, 0.143, 0.000);-925,00;2;0,00;RGBA(0.755, 0.055, 0.055, 0.000);Rejected_SafetyRisk
14:44:39;1931;RGBA(0.969, 0.619, 0.143, 0.000);-925,00;2;0,00;RGBA(0.755, 0.055, 0.055, 0.000);Rejected_SafetyRisk
14:44:39;1932;RGBA(0.969, 0.619, 0.143, 0.000);-925,00;2;0,00;RGBA(0.755, 0.055, 0.055, 0.000);Rejected_SafetyRisk
