Timestamp;MoveID;SelectedColor;Score;FreeSlots;UnblockValue;TargetBus;Status
14:55:29;1;RGBA(0.055, 0.218, 0.753, 0.000);25000,00;5;6000,00;RGBA(0.055, 0.218, 0.753, 0.000);Executed
14:55:30;2;RGBA(0.055, 0.218, 0.753, 0.000);25000,00;5;6000,00;RGBA(0.055, 0.218, 0.753, 0.000);Executed
14:55:30;3;RGBA(0.055, 0.218, 0.753, 0.000);25000,00;5;6000,00;RGBA(0.055, 0.218, 0.753, 0.000);Executed
14:55:31;4;RGBA(0.753, 0.055, 0.736, 0.000);25075,00;5;0,00;RGBA(0.753, 0.055, 0.736, 0.000);Executed
14:55:31;5;RGBA(0.753, 0.055, 0.736, 0.000);25075,00;5;0,00;RGBA(0.753, 0.055, 0.736, 0.000);Executed
14:55:32;6;RGBA(0.753, 0.055, 0.736, 0.000);25075,00;5;0,00;RGBA(0.753, 0.055, 0.736, 0.000);Executed
14:55:33;7;RGBA(0.755, 0.055, 0.055, 0.000);25000,00;5;18000,00;RGBA(0.755, 0.055, 0.055, 0.000);Executed
14:55:33;8;RGBA(0.755, 0.055, 0.055, 0.000);25075,00;5;18000,00;RGBA(0.755, 0.055, 0.055, 0.000);Executed
14:55:33;9;RGBA(0.755, 0.055, 0.055, 0.000);25150,00;5;0,00;RGBA(0.755, 0.055, 0.055, 0.000);Executed
14:55:34;10;RGBA(0.055, 0.218, 0.753, 0.000);25150,00;5;0,00;RGBA(0.055, 0.218, 0.753, 0.000);Executed
14:55:35;11;RGBA(0.055, 0.218, 0.753, 0.000);25075,00;5;0,00;RGBA(0.055, 0.218, 0.753, 0.000);Executed
14:55:35;12;RGBA(0.055, 0.218, 0.753, 0.000);25000,00;5;0,00;RGBA(0.055, 0.218, 0.753, 0.000);Executed
14:55:36;13;RGBA(0.753, 0.055, 0.736, 0.000);25000,00;5;6000,00;RGBA(0.753, 0.055, 0.736, 0.000);Executed
14:55:36;14;RGBA(0.085, 0.753, 0.055, 0.000);24525,00;5;18000,00;RGBA(0.753, 0.055, 0.736, 0.000);Executed
14:55:37;15;RGBA(0.753, 0.055, 0.736, 0.000);25150,00;4;0,00;RGBA(0.753, 0.055, 0.736, 0.000);Executed
14:55:37;16;RGBA(0.753, 0.055, 0.736, 0.000);25075,00;4;6000,00;RGBA(0.753, 0.055, 0.736, 0.000);Executed
14:55:38;17;RGBA(0.085, 0.753, 0.055, 0.000);25150,00;5;0,00;RGBA(0.085, 0.753, 0.055, 0.000);Executed
14:55:38;18;RGBA(0.085, 0.753, 0.055, 0.000);25000,00;5;0,00;RGBA(0.085, 0.753, 0.055, 0.000);Executed
14:55:39;19;RGBA(0.755, 0.055, 0.055, 0.000);25000,00;5;18000,00;RGBA(0.755, 0.055, 0.055, 0.000);Executed
14:55:40;20;RGBA(0.755, 0.055, 0.055, 0.000);25075,00;5;18000,00;RGBA(0.755, 0.055, 0.055, 0.000);Executed
14:55:40;21;RGBA(0.755, 0.055, 0.055, 0.000);25150,00;5;0,00;RGBA(0.755, 0.055, 0.055, 0.000);Executed
14:55:41;22;RGBA(0.753, 0.055, 0.736, 0.000);25000,00;5;6000,00;RGBA(0.753, 0.055, 0.736, 0.000);Executed
14:55:41;23;RGBA(0.753, 0.055, 0.736, 0.000);25000,00;5;18000,00;RGBA(0.753, 0.055, 0.736, 0.000);Executed
14:55:42;24;RGBA(0.753, 0.055, 0.736, 0.000);25075,00;5;6000,00;RGBA(0.753, 0.055, 0.736, 0.000);Executed
14:55:43;25;RGBA(0.968, 1.000, 0.000, 0.000);25150,00;5;0,00;RGBA(0.968, 1.000, 0.000, 0.000);Executed
14:55:43;26;RGBA(0.968, 1.000, 0.000, 0.000);25150,00;5;0,00;RGBA(0.968, 1.000, 0.000, 0.000);Executed
14:55:43;27;RGBA(0.968, 1.000, 0.000, 0.000);25075,00;5;0,00;RGBA(0.968, 1.000, 0.000, 0.000);Executed
14:55:44;28;RGBA(0.085, 0.753, 0.055, 0.000);25000,00;5;0,00;RGBA(0.085, 0.753, 0.055, 0.000);Executed
14:55:45;29;RGBA(0.753, 0.055, 0.736, 0.000);18450,00;5;18000,00;RGBA(0.085, 0.753, 0.055, 0.000);Executed
14:55:45;30;RGBA(0.085, 0.753, 0.055, 0.000);25075,00;4;18000,00;RGBA(0.085, 0.753, 0.055, 0.000);Executed
14:55:45;31;RGBA(0.085, 0.753, 0.055, 0.000);25150,00;4;0,00;RGBA(0.085, 0.753, 0.055, 0.000);Executed
14:55:46;32;RGBA(0.969, 0.619, 0.143, 0.000);25150,00;4;0,00;RGBA(0.969, 0.619, 0.143, 0.000);Executed
14:55:47;33;RGBA(0.969, 0.619, 0.143, 0.000);25075,00;4;0,00;RGBA(0.969, 0.619, 0.143, 0.000);Executed
14:55:47;34;RGBA(0.969, 0.619, 0.143, 0.000);25000,00;4;0,00;RGBA(0.969, 0.619, 0.143, 0.000);Executed
14:55:48;35;RGBA(0.753, 0.055, 0.736, 0.000);25225,00;5;0,00;RGBA(0.753, 0.055, 0.736, 0.000);Executed
14:55:48;36;RGBA(0.753, 0.055, 0.736, 0.000);25000,00;5;6000,00;RGBA(0.753, 0.055, 0.736, 0.000);Executed
14:55:49;37;RGBA(0.968, 1.000, 0.000, 0.000);25225,00;5;0,00;RGBA(0.968, 1.000, 0.000, 0.000);Executed
14:55:50;38;RGBA(0.968, 1.000, 0.000, 0.000);25075,00;5;0,00;RGBA(0.968, 1.000, 0.000, 0.000);Executed
14:55:50;39;RGBA(0.968, 1.000, 0.000, 0.000);25075,00;5;0,00;RGBA(0.968, 1.000, 0.000, 0.000);Executed
14:55:51;40;RGBA(0.755, 0.055, 0.055, 0.000);25150,00;5;18000,00;RGBA(0.755, 0.055, 0.055, 0.000);Executed
14:55:51;41;RGBA(0.755, 0.055, 0.055, 0.000);25000,00;5;6000,00;RGBA(0.755, 0.055, 0.055, 0.000);Executed
14:55:52;42;RGBA(0.055, 0.218, 0.753, 0.000);19125,00;5;18000,00;RGBA(0.755, 0.055, 0.055, 0.000);Executed
14:55:52;43;RGBA(0.755, 0.055, 0.055, 0.000);25300,00;4;6000,00;RGBA(0.755, 0.055, 0.055, 0.000);Executed
14:55:53;44;RGBA(0.968, 1.000, 0.000, 0.000);25375,00;4;0,00;RGBA(0.968, 1.000, 0.000, 0.000);Executed
14:55:53;45;RGBA(0.969, 0.619, 0.143, 0.000);25275,00;4;18000,00;RGBA(0.968, 1.000, 0.000, 0.000);Executed
14:55:54;46;RGBA(0.969, 0.619, 0.143, 0.000);25275,00;4;18000,00;RGBA(0.968, 1.000, 0.000, 0.000);Executed
14:55:54;47;RGBA(0.968, 1.000, 0.000, 0.000);25450,00;4;0,00;RGBA(0.968, 1.000, 0.000, 0.000);Executed
14:55:54;48;RGBA(0.968, 1.000, 0.000, 0.000);25450,00;3;0,00;RGBA(0.968, 1.000, 0.000, 0.000);Executed
14:55:55;49;RGBA(0.968, 1.000, 0.000, 0.000);25225,00;3;6000,00;RGBA(0.968, 1.000, 0.000, 0.000);Executed
14:55:55;50;RGBA(0.968, 1.000, 0.000, 0.000);25225,00;3;6000,00;RGBA(0.968, 1.000, 0.000, 0.000);Executed
14:55:56;51;RGBA(0.969, 0.619, 0.143, 0.000);25300,00;4;0,00;RGBA(0.969, 0.619, 0.143, 0.000);Executed
14:55:56;52;RGBA(0.969, 0.619, 0.143, 0.000);25150,00;4;6000,00;RGBA(0.969, 0.619, 0.143, 0.000);Executed
14:55:57;53;RGBA(0.000, 0.000, 0.000, 0.000);25450,00;4;0,00;RGBA(0.000, 0.000, 0.000, 0.000);Executed
14:55:58;54;RGBA(0.000, 0.000, 0.000, 0.000);25225,00;4;0,00;RGBA(0.000, 0.000, 0.000, 0.000);Executed
14:55:58;55;RGBA(0.000, 0.000, 0.000, 0.000);25225,00;4;0,00;RGBA(0.000, 0.000, 0.000, 0.000);Executed
14:55:58;56;RGBA(0.000, 0.000, 0.000, 0.000);25075,00;4;0,00;RGBA(0.000, 0.000, 0.000, 0.000);Executed
14:55:59;57;RGBA(0.755, 0.055, 0.055, 0.000);25450,00;4;0,00;RGBA(0.755, 0.055, 0.055, 0.000);Executed
14:56:00;58;RGBA(0.055, 0.218, 0.753, 0.000);24825,00;4;18000,00;RGBA(0.755, 0.055, 0.055, 0.000);Executed
14:56:00;59;RGBA(0.055, 0.218, 0.753, 0.000);24825,00;4;18000,00;RGBA(0.755, 0.055, 0.055, 0.000);Executed
14:56:00;60;RGBA(0.755, 0.055, 0.055, 0.000);25150,00;3;6000,00;RGBA(0.755, 0.055, 0.055, 0.000);Executed
14:56:01;61;RGBA(0.058, 0.799, 0.659, 0.000);18675,00;3;18000,00;RGBA(0.755, 0.055, 0.055, 0.000);Executed
14:56:01;62;RGBA(0.755, 0.055, 0.055, 0.000);25300,00;2;0,00;RGBA(0.755, 0.055, 0.055, 0.000);Executed
14:56:02;63;RGBA(0.055, 0.218, 0.753, 0.000);25375,00;4;0,00;RGBA(0.055, 0.218, 0.753, 0.000);Executed
14:56:02;64;RGBA(0.055, 0.218, 0.753, 0.000);25375,00;4;0,00;RGBA(0.055, 0.218, 0.753, 0.000);Executed
14:56:04;65;RGBA(0.968, 1.000, 0.000, 0.000);25225,00;4;6000,00;RGBA(0.968, 1.000, 0.000, 0.000);Executed
14:56:04;66;RGBA(0.968, 1.000, 0.000, 0.000);25150,00;4;0,00;RGBA(0.968, 1.000, 0.000, 0.000);Executed
14:56:04;67;RGBA(0.968, 1.000, 0.000, 0.000);25150,00;4;0,00;RGBA(0.968, 1.000, 0.000, 0.000);Executed
14:56:04;68;RGBA(0.968, 1.000, 0.000, 0.000);25075,00;4;6000,00;RGBA(0.968, 1.000, 0.000, 0.000);Executed
14:56:05;69;RGBA(0.862, 0.583, 0.749, 0.000);25375,00;4;0,00;RGBA(0.862, 0.583, 0.749, 0.000);Executed
14:56:06;70;RGBA(0.862, 0.583, 0.749, 0.000);25300,00;4;0,00;RGBA(0.862, 0.583, 0.749, 0.000);Executed
14:56:06;71;RGBA(0.862, 0.583, 0.749, 0.000);25300,00;4;0,00;RGBA(0.862, 0.583, 0.749, 0.000);Executed
14:56:06;72;RGBA(0.862, 0.583, 0.749, 0.000);25300,00;4;0,00;RGBA(0.862, 0.583, 0.749, 0.000);Executed
14:56:07;73;RGBA(0.862, 0.583, 0.749, 0.000);25300,00;4;0,00;RGBA(0.862, 0.583, 0.749, 0.000);Executed
14:56:07;74;RGBA(0.969, 0.619, 0.143, 0.000);6825,00;4;0,00;RGBA(0.862, 0.583, 0.749, 0.000);Executed
14:56:08;75;RGBA(0.969, 0.619, 0.143, 0.000);25375,00;4;0,00;RGBA(0.969, 0.619, 0.143, 0.000);Executed
14:56:08;76;RGBA(0.969, 0.619, 0.143, 0.000);25300,00;4;6000,00;RGBA(0.969, 0.619, 0.143, 0.000);Executed
14:56:08;77;RGBA(0.969, 0.619, 0.143, 0.000);25300,00;4;6000,00;RGBA(0.969, 0.619, 0.143, 0.000);Executed
14:56:09;78;RGBA(0.969, 0.619, 0.143, 0.000);25225,00;4;6000,00;RGBA(0.969, 0.619, 0.143, 0.000);Executed
14:56:09;79;RGBA(0.969, 0.619, 0.143, 0.000);25225,00;4;6000,00;RGBA(0.969, 0.619, 0.143, 0.000);Executed
14:56:10;80;RGBA(0.058, 0.799, 0.659, 0.000);25525,00;5;0,00;RGBA(0.058, 0.799, 0.659, 0.000);Executed
14:56:11;81;RGBA(0.058, 0.799, 0.659, 0.000);25450,00;5;0,00;RGBA(0.058, 0.799, 0.659, 0.000);Executed
14:56:11;82;RGBA(0.058, 0.799, 0.659, 0.000);25450,00;5;0,00;RGBA(0.058, 0.799, 0.659, 0.000);Executed
14:56:11;83;RGBA(0.055, 0.218, 0.753, 0.000);6825,00;5;0,00;RGBA(0.058, 0.799, 0.659, 0.000);Executed
14:56:12;84;RGBA(0.055, 0.218, 0.753, 0.000);25375,00;5;0,00;RGBA(0.055, 0.218, 0.753, 0.000);Executed
14:56:13;85;RGBA(0.055, 0.218, 0.753, 0.000);25300,00;5;6000,00;RGBA(0.055, 0.218, 0.753, 0.000);Executed
14:56:13;86;RGBA(0.055, 0.218, 0.753, 0.000);25300,00;5;6000,00;RGBA(0.055, 0.218, 0.753, 0.000);Executed
14:56:13;87;RGBA(0.055, 0.218, 0.753, 0.000);25150,00;5;0,00;RGBA(0.055, 0.218, 0.753, 0.000);Executed
14:56:14;88;RGBA(0.000, 0.000, 0.000, 0.000);25525,00;5;0,00;RGBA(0.000, 0.000, 0.000, 0.000);Executed
14:56:15;89;RGBA(0.000, 0.000, 0.000, 0.000);25375,00;5;0,00;RGBA(0.000, 0.000, 0.000, 0.000);Executed
14:56:15;90;RGBA(0.000, 0.000, 0.000, 0.000);25375,00;5;0,00;RGBA(0.000, 0.000, 0.000, 0.000);Executed
14:56:15;91;RGBA(0.000, 0.000, 0.000, 0.000);25225,00;5;0,00;RGBA(0.000, 0.000, 0.000, 0.000);Executed
14:56:15;92;RGBA(0.000, 0.000, 0.000, 0.000);25225,00;5;0,00;RGBA(0.000, 0.000, 0.000, 0.000);Executed
14:56:17;93;RGBA(1.000, 1.000, 1.000, 0.000);25525,00;5;0,00;RGBA(1.000, 1.000, 1.000, 0.000);Executed
14:56:17;94;RGBA(1.000, 1.000, 1.000, 0.000);25450,00;5;0,00;RGBA(1.000, 1.000, 1.000, 0.000);Executed
14:56:17;95;RGBA(1.000, 1.000, 1.000, 0.000);25450,00;5;0,00;RGBA(1.000, 1.000, 1.000, 0.000);Executed
14:56:17;96;RGBA(1.000, 1.000, 1.000, 0.000);25000,00;5;0,00;RGBA(1.000, 1.000, 1.000, 0.000);Executed
14:56:18;97;RGBA(1.000, 1.000, 1.000, 0.000);25000,00;5;0,00;RGBA(1.000, 1.000, 1.000, 0.000);Executed
14:56:19;98;RGBA(0.055, 0.218, 0.753, 0.000);25000,00;7;18000,00;RGBA(0.055, 0.218, 0.753, 0.000);Executed
14:56:19;99;RGBA(0.055, 0.218, 0.753, 0.000);25000,00;7;18000,00;RGBA(0.055, 0.218, 0.753, 0.000);Executed
14:56:20;100;RGBA(0.755, 0.055, 0.055, 0.000);19050,00;7;18000,00;RGBA(0.968, 1.000, 0.000, 0.000);Executed
14:56:20;101;RGBA(0.058, 0.799, 0.659, 0.000);19050,00;6;18000,00;RGBA(0.968, 1.000, 0.000, 0.000);Executed
14:56:21;102;RGBA(0.968, 1.000, 0.000, 0.000);25075,00;5;18000,00;RGBA(0.968, 1.000, 0.000, 0.000);Executed
14:56:21;103;RGBA(0.969, 0.619, 0.143, 0.000);19050,00;5;18000,00;RGBA(0.968, 1.000, 0.000, 0.000);Executed
14:56:21;104;RGBA(0.755, 0.055, 0.055, 0.000);18900,00;4;18000,00;RGBA(0.968, 1.000, 0.000, 0.000);Executed
14:56:22;105;RGBA(0.968, 1.000, 0.000, 0.000);25075,00;3;0,00;RGBA(0.968, 1.000, 0.000, 0.000);Executed
14:56:23;106;RGBA(1.000, 1.000, 1.000, 0.000);25075,00;3;18000,00;RGBA(1.000, 1.000, 1.000, 0.000);Executed
14:56:23;107;RGBA(0.753, 0.055, 0.736, 0.000);25050,00;3;18000,00;RGBA(1.000, 1.000, 1.000, 0.000);Executed
14:56:23;108;RGBA(1.000, 1.000, 1.000, 0.000);25000,00;2;18000,00;RGBA(1.000, 1.000, 1.000, 0.000);Executed
14:56:24;109;RGBA(1.000, 1.000, 1.000, 0.000);25000,00;2;0,00;RGBA(1.000, 1.000, 1.000, 0.000);Executed
14:56:25;110;RGBA(0.753, 0.055, 0.736, 0.000);25000,00;3;18000,00;RGBA(0.753, 0.055, 0.736, 0.000);Executed
14:56:25;111;RGBA(0.755, 0.055, 0.055, 0.000);24900,00;3;18000,00;RGBA(0.753, 0.055, 0.736, 0.000);Executed
14:56:25;112;RGBA(0.753, 0.055, 0.736, 0.000);25150,00;2;0,00;RGBA(0.753, 0.055, 0.736, 0.000);Executed
14:56:26;113;RGBA(0.755, 0.055, 0.055, 0.000);25075,00;5;6000,00;RGBA(0.755, 0.055, 0.055, 0.000);Executed
14:56:27;114;RGBA(0.058, 0.799, 0.659, 0.000);25150,00;6;6000,00;RGBA(0.058, 0.799, 0.659, 0.000);Executed
14:56:27;115;RGBA(0.058, 0.799, 0.659, 0.000);25150,00;6;6000,00;RGBA(0.058, 0.799, 0.659, 0.000);Executed
14:56:29;116;RGBA(0.862, 0.583, 0.749, 0.000);25150,00;6;0,00;RGBA(0.862, 0.583, 0.749, 0.000);Executed
14:56:29;117;RGBA(0.969, 0.619, 0.143, 0.000);18825,00;6;18000,00;RGBA(0.862, 0.583, 0.749, 0.000);Executed
14:56:29;118;RGBA(0.000, 0.000, 0.000, 0.000);13125,00;5;6000,00;RGBA(0.862, 0.583, 0.749, 0.000);Executed
14:56:30;119;RGBA(0.000, 0.000, 0.000, 0.000);24975,00;4;18000,00;RGBA(0.862, 0.583, 0.749, 0.000);Executed
14:56:30;120;RGBA(0.000, 0.000, 0.000, 0.000);24750,00;3;18000,00;RGBA(0.862, 0.583, 0.749, 0.000);Executed
14:56:30;121;RGBA(1.000, 1.000, 1.000, 0.000);19050,00;2;18000,00;RGBA(0.862, 0.583, 0.749, 0.000);Executed
14:56:30;122;RGBA(0.969, 0.619, 0.143, 0.000);-500000,00;1;0,00;RGBA(0.862, 0.583, 0.749, 0.000);Rejected_BelowThreshold
14:56:30;123;RGBA(0.969, 0.619, 0.143, 0.000);-500000,00;1;0,00;RGBA(0.862, 0.583, 0.749, 0.000);Rejected_BelowThreshold
14:56:30;124;RGBA(0.969, 0.619, 0.143, 0.000);-500000,00;1;0,00;RGBA(0.862, 0.583, 0.749, 0.000);Rejected_BelowThreshold
14:56:30;125;RGBA(0.969, 0.619, 0.143, 0.000);-500000,00;1;0,00;RGBA(0.862, 0.583, 0.749, 0.000);Rejected_BelowThreshold
14:56:30;126;RGBA(0.969, 0.619, 0.143, 0.000);-500000,00;1;0,00;RGBA(0.862, 0.583, 0.749, 0.000);Rejected_BelowThreshold
14:56:30;127;RGBA(0.969, 0.619, 0.143, 0.000);-500000,00;1;0,00;RGBA(0.862, 0.583, 0.749, 0.000);Rejected_BelowThreshold
14:56:30;128;RGBA(0.969, 0.619, 0.143, 0.000);-500000,00;1;0,00;RGBA(0.862, 0.583, 0.749, 0.000);Rejected_BelowThreshold
14:56:30;129;RGBA(0.969, 0.619, 0.143, 0.000);-500000,00;1;0,00;RGBA(0.862, 0.583, 0.749, 0.000);Rejected_BelowThreshold
14:56:30;130;RGBA(0.969, 0.619, 0.143, 0.000);-500000,00;1;0,00;RGBA(0.862, 0.583, 0.749, 0.000);Rejected_BelowThreshold
14:56:30;131;RGBA(0.969, 0.619, 0.143, 0.000);-500000,00;1;0,00;RGBA(0.862, 0.583, 0.749, 0.000);Rejected_BelowThreshold
14:56:30;132;RGBA(0.969, 0.619, 0.143, 0.000);-500000,00;1;0,00;RGBA(0.862, 0.583, 0.749, 0.000);Rejected_BelowThreshold
14:56:30;133;RGBA(0.969, 0.619, 0.143, 0.000);-500000,00;1;0,00;RGBA(0.862, 0.583, 0.749, 0.000);Rejected_BelowThreshold
14:56:30;134;RGBA(0.969, 0.619, 0.143, 0.000);-500000,00;1;0,00;RGBA(0.862, 0.583, 0.749, 0.000);Rejected_BelowThreshold
14:56:30;135;RGBA(0.969, 0.619, 0.143, 0.000);-500000,00;1;0,00;RGBA(0.862, 0.583, 0.749, 0.000);Rejected_BelowThreshold
14:56:30;136;RGBA(0.969, 0.619, 0.143, 0.000);-500000,00;1;0,00;RGBA(0.862, 0.583, 0.749, 0.000);Rejected_BelowThreshold
14:56:30;137;RGBA(0.969, 0.619, 0.143, 0.000);-500000,00;1;0,00;RGBA(0.862, 0.583, 0.749, 0.000);Rejected_BelowThreshold
14:56:30;138;RGBA(0.969, 0.619, 0.143, 0.000);-500000,00;1;0,00;RGBA(0.862, 0.583, 0.749, 0.000);Rejected_BelowThreshold
14:56:30;139;RGBA(0.969, 0.619, 0.143, 0.000);-500000,00;1;0,00;RGBA(0.862, 0.583, 0.749, 0.000);Rejected_BelowThreshold
14:56:30;140;RGBA(0.969, 0.619, 0.143, 0.000);-500000,00;1;0,00;RGBA(0.862, 0.583, 0.749, 0.000);Rejected_BelowThreshold
14:56:30;141;RGBA(0.969, 0.619, 0.143, 0.000);-500000,00;1;0,00;RGBA(0.862, 0.583, 0.749, 0.000);Rejected_BelowThreshold
14:56:30;142;RGBA(0.969, 0.619, 0.143, 0.000);-500000,00;1;0,00;RGBA(0.862, 0.583, 0.749, 0.000);Rejected_BelowThreshold
14:56:30;143;RGBA(0.969, 0.619, 0.143, 0.000);-500000,00;1;0,00;RGBA(0.862, 0.583, 0.749, 0.000);Rejected_BelowThreshold
14:56:30;144;RGBA(0.969, 0.619, 0.143, 0.000);-500000,00;1;0,00;RGBA(0.862, 0.583, 0.749, 0.000);Rejected_BelowThreshold
14:56:30;145;RGBA(0.969, 0.619, 0.143, 0.000);-500000,00;1;0,00;RGBA(0.862, 0.583, 0.749, 0.000);Rejected_BelowThreshold
14:56:30;146;RGBA(0.969, 0.619, 0.143, 0.000);-500000,00;1;0,00;RGBA(0.862, 0.583, 0.749, 0.000);Rejected_BelowThreshold
14:56:30;147;RGBA(0.969, 0.619, 0.143, 0.000);-500000,00;1;0,00;RGBA(0.862, 0.583, 0.749, 0.000);Rejected_BelowThreshold
14:56:30;148;RGBA(0.969, 0.619, 0.143, 0.000);-500000,00;1;0,00;RGBA(0.862, 0.583, 0.749, 0.000);Rejected_BelowThreshold
14:56:30;149;RGBA(0.969, 0.619, 0.143, 0.000);-500000,00;1;0,00;RGBA(0.862, 0.583, 0.749, 0.000);Rejected_BelowThreshold
14:56:30;150;RGBA(0.969, 0.619, 0.143, 0.000);-500000,00;1;0,00;RGBA(0.862, 0.583, 0.749, 0.000);Rejected_BelowThreshold
14:56:31;151;RGBA(0.969, 0.619, 0.143, 0.000);-500000,00;1;0,00;RGBA(0.862, 0.583, 0.749, 0.000);Rejected_BelowThreshold
14:56:31;152;RGBA(0.969, 0.619, 0.143, 0.000);-500000,00;1;0,00;RGBA(0.862, 0.583, 0.749, 0.000);Rejected_BelowThreshold
14:56:31;153;RGBA(0.969, 0.619, 0.143, 0.000);-500000,00;1;0,00;RGBA(0.862, 0.583, 0.749, 0.000);Rejected_BelowThreshold
14:56:31;154;RGBA(0.969, 0.619, 0.143, 0.000);-500000,00;1;0,00;RGBA(0.862, 0.583, 0.749, 0.000);Rejected_BelowThreshold
14:56:31;155;RGBA(0.969, 0.619, 0.143, 0.000);-500000,00;1;0,00;RGBA(0.862, 0.583, 0.749, 0.000);Rejected_BelowThreshold
14:56:31;156;RGBA(0.969, 0.619, 0.143, 0.000);-500000,00;1;0,00;RGBA(0.862, 0.583, 0.749, 0.000);Rejected_BelowThreshold
14:56:31;157;RGBA(0.969, 0.619, 0.143, 0.000);-500000,00;1;0,00;RGBA(0.862, 0.583, 0.749, 0.000);Rejected_BelowThreshold
14:56:31;158;RGBA(0.969, 0.619, 0.143, 0.000);-500000,00;1;0,00;RGBA(0.862, 0.583, 0.749, 0.000);Rejected_BelowThreshold
14:56:31;159;RGBA(0.969, 0.619, 0.143, 0.000);-500000,00;1;0,00;RGBA(0.862, 0.583, 0.749, 0.000);Rejected_BelowThreshold
14:56:31;160;RGBA(0.969, 0.619, 0.143, 0.000);-500000,00;1;0,00;RGBA(0.862, 0.583, 0.749, 0.000);Rejected_BelowThreshold
14:56:31;161;RGBA(0.969, 0.619, 0.143, 0.000);-500000,00;1;0,00;RGBA(0.862, 0.583, 0.749, 0.000);Rejected_BelowThreshold
14:56:31;162;RGBA(0.969, 0.619, 0.143, 0.000);-500000,00;1;0,00;RGBA(0.862, 0.583, 0.749, 0.000);Rejected_BelowThreshold
14:56:31;163;RGBA(0.969, 0.619, 0.143, 0.000);-500000,00;1;0,00;RGBA(0.862, 0.583, 0.749, 0.000);Rejected_BelowThreshold
14:56:31;164;RGBA(0.969, 0.619, 0.143, 0.000);-500000,00;1;0,00;RGBA(0.862, 0.583, 0.749, 0.000);Rejected_BelowThreshold
14:56:31;165;RGBA(0.969, 0.619, 0.143, 0.000);-500000,00;1;0,00;RGBA(0.862, 0.583, 0.749, 0.000);Rejected_BelowThreshold
14:56:31;166;RGBA(0.969, 0.619, 0.143, 0.000);-500000,00;1;0,00;RGBA(0.862, 0.583, 0.749, 0.000);Rejected_BelowThreshold
14:56:31;167;RGBA(0.969, 0.619, 0.143, 0.000);-500000,00;1;0,00;RGBA(0.862, 0.583, 0.749, 0.000);Rejected_BelowThreshold
14:56:31;168;RGBA(0.969, 0.619, 0.143, 0.000);-500000,00;1;0,00;RGBA(0.862, 0.583, 0.749, 0.000);Rejected_BelowThreshold
14:56:31;169;RGBA(0.969, 0.619, 0.143, 0.000);-500000,00;1;0,00;RGBA(0.862, 0.583, 0.749, 0.000);Rejected_BelowThreshold
14:56:31;170;RGBA(0.969, 0.619, 0.143, 0.000);-500000,00;1;0,00;RGBA(0.862, 0.583, 0.749, 0.000);Rejected_BelowThreshold
14:56:31;171;RGBA(0.969, 0.619, 0.143, 0.000);-500000,00;1;0,00;RGBA(0.862, 0.583, 0.749, 0.000);Rejected_BelowThreshold
14:56:31;172;RGBA(0.969, 0.619, 0.143, 0.000);-500000,00;1;0,00;RGBA(0.862, 0.583, 0.749, 0.000);Rejected_BelowThreshold
14:56:31;173;RGBA(0.969, 0.619, 0.143, 0.000);-500000,00;1;0,00;RGBA(0.862, 0.583, 0.749, 0.000);Rejected_BelowThreshold
14:56:31;174;RGBA(0.969, 0.619, 0.143, 0.000);-500000,00;1;0,00;RGBA(0.862, 0.583, 0.749, 0.000);Rejected_BelowThreshold
14:56:31;175;RGBA(0.969, 0.619, 0.143, 0.000);-500000,00;1;0,00;RGBA(0.862, 0.583, 0.749, 0.000);Rejected_BelowThreshold
14:56:31;176;RGBA(0.969, 0.619, 0.143, 0.000);-500000,00;1;0,00;RGBA(0.862, 0.583, 0.749, 0.000);Rejected_BelowThreshold
14:56:31;177;RGBA(0.969, 0.619, 0.143, 0.000);-500000,00;1;0,00;RGBA(0.862, 0.583, 0.749, 0.000);Rejected_BelowThreshold
14:56:31;178;RGBA(0.969, 0.619, 0.143, 0.000);-500000,00;1;0,00;RGBA(0.862, 0.583, 0.749, 0.000);Rejected_BelowThreshold
14:56:31;179;RGBA(0.969, 0.619, 0.143, 0.000);-500000,00;1;0,00;RGBA(0.862, 0.583, 0.749, 0.000);Rejected_BelowThreshold
14:56:31;180;RGBA(0.969, 0.619, 0.143, 0.000);-500000,00;1;0,00;RGBA(0.862, 0.583, 0.749, 0.000);Rejected_BelowThreshold
14:56:31;181;RGBA(0.969, 0.619, 0.143, 0.000);-500000,00;1;0,00;RGBA(0.862, 0.583, 0.749, 0.000);Rejected_BelowThreshold
14:56:31;182;RGBA(0.969, 0.619, 0.143, 0.000);-500000,00;1;0,00;RGBA(0.862, 0.583, 0.749, 0.000);Rejected_BelowThreshold
14:56:31;183;RGBA(0.969, 0.619, 0.143, 0.000);-500000,00;1;0,00;RGBA(0.862, 0.583, 0.749, 0.000);Rejected_BelowThreshold
14:56:31;184;RGBA(0.969, 0.619, 0.143, 0.000);-500000,00;1;0,00;RGBA(0.862, 0.583, 0.749, 0.000);Rejected_BelowThreshold
14:56:31;185;RGBA(0.969, 0.619, 0.143, 0.000);-500000,00;1;0,00;RGBA(0.862, 0.583, 0.749, 0.000);Rejected_BelowThreshold
14:56:31;186;RGBA(0.969, 0.619, 0.143, 0.000);-500000,00;1;0,00;RGBA(0.862, 0.583, 0.749, 0.000);Rejected_BelowThreshold
14:56:31;187;RGBA(0.969, 0.619, 0.143, 0.000);-500000,00;1;0,00;RGBA(0.862, 0.583, 0.749, 0.000);Rejected_BelowThreshold
14:56:31;188;RGBA(0.969, 0.619, 0.143, 0.000);-500000,00;1;0,00;RGBA(0.862, 0.583, 0.749, 0.000);Rejected_BelowThreshold
14:56:31;189;RGBA(0.969, 0.619, 0.143, 0.000);-500000,00;1;0,00;RGBA(0.862, 0.583, 0.749, 0.000);Rejected_BelowThreshold
14:56:31;190;RGBA(0.969, 0.619, 0.143, 0.000);-500000,00;1;0,00;RGBA(0.862, 0.583, 0.749, 0.000);Rejected_BelowThreshold
14:56:31;191;RGBA(0.969, 0.619, 0.143, 0.000);-500000,00;1;0,00;RGBA(0.862, 0.583, 0.749, 0.000);Rejected_BelowThreshold
14:56:31;192;RGBA(0.969, 0.619, 0.143, 0.000);-500000,00;1;0,00;RGBA(0.862, 0.583, 0.749, 0.000);Rejected_BelowThreshold
14:56:31;193;RGBA(0.969, 0.619, 0.143, 0.000);-500000,00;1;0,00;RGBA(0.862, 0.583, 0.749, 0.000);Rejected_BelowThreshold
14:56:31;194;RGBA(0.969, 0.619, 0.143, 0.000);-500000,00;1;0,00;RGBA(0.862, 0.583, 0.749, 0.000);Rejected_BelowThreshold
14:56:31;195;RGBA(0.969, 0.619, 0.143, 0.000);-500000,00;1;0,00;RGBA(0.862, 0.583, 0.749, 0.000);Rejected_BelowThreshold
14:56:31;196;RGBA(0.969, 0.619, 0.143, 0.000);-500000,00;1;0,00;RGBA(0.862, 0.583, 0.749, 0.000);Rejected_BelowThreshold
14:56:31;197;RGBA(0.969, 0.619, 0.143, 0.000);-500000,00;1;0,00;RGBA(0.862, 0.583, 0.749, 0.000);Rejected_BelowThreshold
14:56:31;198;RGBA(0.969, 0.619, 0.143, 0.000);-500000,00;1;0,00;RGBA(0.862, 0.583, 0.749, 0.000);Rejected_BelowThreshold
14:56:31;199;RGBA(0.969, 0.619, 0.143, 0.000);-500000,00;1;0,00;RGBA(0.862, 0.583, 0.749, 0.000);Rejected_BelowThreshold
14:56:31;200;RGBA(0.969, 0.619, 0.143, 0.000);-500000,00;1;0,00;RGBA(0.862, 0.583, 0.749, 0.000);Rejected_BelowThreshold
14:56:31;201;RGBA(0.969, 0.619, 0.143, 0.000);-500000,00;1;0,00;RGBA(0.862, 0.583, 0.749, 0.000);Rejected_BelowThreshold
14:56:31;202;RGBA(0.969, 0.619, 0.143, 0.000);-500000,00;1;0,00;RGBA(0.862, 0.583, 0.749, 0.000);Rejected_BelowThreshold
14:56:31;203;RGBA(0.969, 0.619, 0.143, 0.000);-500000,00;1;0,00;RGBA(0.862, 0.583, 0.749, 0.000);Rejected_BelowThreshold
14:56:31;204;RGBA(0.969, 0.619, 0.143, 0.000);-500000,00;1;0,00;RGBA(0.862, 0.583, 0.749, 0.000);Rejected_BelowThreshold
14:56:31;205;RGBA(0.969, 0.619, 0.143, 0.000);-500000,00;1;0,00;RGBA(0.862, 0.583, 0.749, 0.000);Rejected_BelowThreshold
14:56:31;206;RGBA(0.969, 0.619, 0.143, 0.000);-500000,00;1;0,00;RGBA(0.862, 0.583, 0.749, 0.000);Rejected_BelowThreshold
14:56:31;207;RGBA(0.969, 0.619, 0.143, 0.000);-500000,00;1;0,00;RGBA(0.862, 0.583, 0.749, 0.000);Rejected_BelowThreshold
14:56:31;208;RGBA(0.969, 0.619, 0.143, 0.000);-500000,00;1;0,00;RGBA(0.862, 0.583, 0.749, 0.000);Rejected_BelowThreshold
14:56:31;209;RGBA(0.969, 0.619, 0.143, 0.000);-500000,00;1;0,00;RGBA(0.862, 0.583, 0.749, 0.000);Rejected_BelowThreshold
14:56:31;210;RGBA(0.969, 0.619, 0.143, 0.000);-500000,00;1;0,00;RGBA(0.862, 0.583, 0.749, 0.000);Rejected_BelowThreshold
14:56:31;211;RGBA(0.969, 0.619, 0.143, 0.000);-500000,00;1;0,00;RGBA(0.862, 0.583, 0.749, 0.000);Rejected_BelowThreshold
14:56:31;212;RGBA(0.969, 0.619, 0.143, 0.000);-500000,00;1;0,00;RGBA(0.862, 0.583, 0.749, 0.000);Rejected_BelowThreshold
14:56:31;213;RGBA(0.969, 0.619, 0.143, 0.000);-500000,00;1;0,00;RGBA(0.862, 0.583, 0.749, 0.000);Rejected_BelowThreshold
14:56:31;214;RGBA(0.969, 0.619, 0.143, 0.000);-500000,00;1;0,00;RGBA(0.862, 0.583, 0.749, 0.000);Rejected_BelowThreshold
14:56:31;215;RGBA(0.969, 0.619, 0.143, 0.000);-500000,00;1;0,00;RGBA(0.862, 0.583, 0.749, 0.000);Rejected_BelowThreshold
14:56:31;216;RGBA(0.969, 0.619, 0.143, 0.000);-500000,00;1;0,00;RGBA(0.862, 0.583, 0.749, 0.000);Rejected_BelowThreshold
14:56:31;217;RGBA(0.969, 0.619, 0.143, 0.000);-500000,00;1;0,00;RGBA(0.862, 0.583, 0.749, 0.000);Rejected_BelowThreshold
14:56:31;218;RGBA(0.969, 0.619, 0.143, 0.000);-500000,00;1;0,00;RGBA(0.862, 0.583, 0.749, 0.000);Rejected_BelowThreshold
14:56:31;219;RGBA(0.969, 0.619, 0.143, 0.000);-500000,00;1;0,00;RGBA(0.862, 0.583, 0.749, 0.000);Rejected_BelowThreshold
14:56:31;220;RGBA(0.969, 0.619, 0.143, 0.000);-500000,00;1;0,00;RGBA(0.862, 0.583, 0.749, 0.000);Rejected_BelowThreshold
14:56:31;221;RGBA(0.969, 0.619, 0.143, 0.000);-500000,00;1;0,00;RGBA(0.862, 0.583, 0.749, 0.000);Rejected_BelowThreshold
14:56:31;222;RGBA(0.969, 0.619, 0.143, 0.000);-500000,00;1;0,00;RGBA(0.862, 0.583, 0.749, 0.000);Rejected_BelowThreshold
14:56:31;223;RGBA(0.969, 0.619, 0.143, 0.000);-500000,00;1;0,00;RGBA(0.862, 0.583, 0.749, 0.000);Rejected_BelowThreshold
14:56:31;224;RGBA(0.969, 0.619, 0.143, 0.000);-500000,00;1;0,00;RGBA(0.862, 0.583, 0.749, 0.000);Rejected_BelowThreshold
14:56:31;225;RGBA(0.969, 0.619, 0.143, 0.000);-500000,00;1;0,00;RGBA(0.862, 0.583, 0.749, 0.000);Rejected_BelowThreshold
14:56:31;226;RGBA(0.969, 0.619, 0.143, 0.000);-500000,00;1;0,00;RGBA(0.862, 0.583, 0.749, 0.000);Rejected_BelowThreshold
14:56:31;227;RGBA(0.969, 0.619, 0.143, 0.000);-500000,00;1;0,00;RGBA(0.862, 0.583, 0.749, 0.000);Rejected_BelowThreshold
14:56:31;228;RGBA(0.969, 0.619, 0.143, 0.000);-500000,00;1;0,00;RGBA(0.862, 0.583, 0.749, 0.000);Rejected_BelowThreshold
14:56:31;229;RGBA(0.969, 0.619, 0.143, 0.000);-500000,00;1;0,00;RGBA(0.862, 0.583, 0.749, 0.000);Rejected_BelowThreshold
14:56:31;230;RGBA(0.969, 0.619, 0.143, 0.000);-500000,00;1;0,00;RGBA(0.862, 0.583, 0.749, 0.000);Rejected_BelowThreshold
14:56:31;231;RGBA(0.969, 0.619, 0.143, 0.000);-500000,00;1;0,00;RGBA(0.862, 0.583, 0.749, 0.000);Rejected_BelowThreshold
14:56:31;232;RGBA(0.969, 0.619, 0.143, 0.000);-500000,00;1;0,00;RGBA(0.862, 0.583, 0.749, 0.000);Rejected_BelowThreshold
14:56:31;233;RGBA(0.969, 0.619, 0.143, 0.000);-500000,00;1;0,00;RGBA(0.862, 0.583, 0.749, 0.000);Rejected_BelowThreshold
14:56:31;234;RGBA(0.969, 0.619, 0.143, 0.000);-500000,00;1;0,00;RGBA(0.862, 0.583, 0.749, 0.000);Rejected_BelowThreshold
14:56:31;235;RGBA(0.969, 0.619, 0.143, 0.000);-500000,00;1;0,00;RGBA(0.862, 0.583, 0.749, 0.000);Rejected_BelowThreshold
14:56:31;236;RGBA(0.969, 0.619, 0.143, 0.000);-500000,00;1;0,00;RGBA(0.862, 0.583, 0.749, 0.000);Rejected_BelowThreshold
14:56:31;237;RGBA(0.969, 0.619, 0.143, 0.000);-500000,00;1;0,00;RGBA(0.862, 0.583, 0.749, 0.000);Rejected_BelowThreshold
14:56:31;238;RGBA(0.969, 0.619, 0.143, 0.000);-500000,00;1;0,00;RGBA(0.862, 0.583, 0.749, 0.000);Rejected_BelowThreshold
14:56:31;239;RGBA(0.969, 0.619, 0.143, 0.000);-500000,00;1;0,00;RGBA(0.862, 0.583, 0.749, 0.000);Rejected_BelowThreshold
14:56:31;240;RGBA(0.969, 0.619, 0.143, 0.000);-500000,00;1;0,00;RGBA(0.862, 0.583, 0.749, 0.000);Rejected_BelowThreshold
14:56:31;241;RGBA(0.969, 0.619, 0.143, 0.000);-500000,00;1;0,00;RGBA(0.862, 0.583, 0.749, 0.000);Rejected_BelowThreshold
14:56:31;242;RGBA(0.969, 0.619, 0.143, 0.000);-500000,00;1;0,00;RGBA(0.862, 0.583, 0.749, 0.000);Rejected_BelowThreshold
14:56:31;243;RGBA(0.969, 0.619, 0.143, 0.000);-500000,00;1;0,00;RGBA(0.862, 0.583, 0.749, 0.000);Rejected_BelowThreshold
14:56:31;244;RGBA(0.969, 0.619, 0.143, 0.000);-500000,00;1;0,00;RGBA(0.862, 0.583, 0.749, 0.000);Rejected_BelowThreshold
14:56:31;245;RGBA(0.969, 0.619, 0.143, 0.000);-500000,00;1;0,00;RGBA(0.862, 0.583, 0.749, 0.000);Rejected_BelowThreshold
14:56:31;246;RGBA(0.969, 0.619, 0.143, 0.000);-500000,00;1;0,00;RGBA(0.862, 0.583, 0.749, 0.000);Rejected_BelowThreshold
14:56:31;247;RGBA(0.969, 0.619, 0.143, 0.000);-500000,00;1;0,00;RGBA(0.862, 0.583, 0.749, 0.000);Rejected_BelowThreshold
14:56:31;248;RGBA(0.969, 0.619, 0.143, 0.000);-500000,00;1;0,00;RGBA(0.862, 0.583, 0.749, 0.000);Rejected_BelowThreshold
14:56:31;249;RGBA(0.969, 0.619, 0.143, 0.000);-500000,00;1;0,00;RGBA(0.862, 0.583, 0.749, 0.000);Rejected_BelowThreshold
14:56:31;250;RGBA(0.969, 0.619, 0.143, 0.000);-500000,00;1;0,00;RGBA(0.862, 0.583, 0.749, 0.000);Rejected_BelowThreshold
14:56:31;251;RGBA(0.969, 0.619, 0.143, 0.000);-500000,00;1;0,00;RGBA(0.862, 0.583, 0.749, 0.000);Rejected_BelowThreshold
14:56:31;252;RGBA(0.969, 0.619, 0.143, 0.000);-500000,00;1;0,00;RGBA(0.862, 0.583, 0.749, 0.000);Rejected_BelowThreshold
14:56:31;253;RGBA(0.969, 0.619, 0.143, 0.000);-500000,00;1;0,00;RGBA(0.862, 0.583, 0.749, 0.000);Rejected_BelowThreshold
14:56:31;254;RGBA(0.969, 0.619, 0.143, 0.000);-500000,00;1;0,00;RGBA(0.862, 0.583, 0.749, 0.000);Rejected_BelowThreshold
14:56:31;255;RGBA(0.969, 0.619, 0.143, 0.000);-500000,00;1;0,00;RGBA(0.862, 0.583, 0.749, 0.000);Rejected_BelowThreshold
14:56:31;256;RGBA(0.969, 0.619, 0.143, 0.000);-500000,00;1;0,00;RGBA(0.862, 0.583, 0.749, 0.000);Rejected_BelowThreshold
14:56:31;257;RGBA(0.969, 0.619, 0.143, 0.000);-500000,00;1;0,00;RGBA(0.862, 0.583, 0.749, 0.000);Rejected_BelowThreshold
14:56:31;258;RGBA(0.969, 0.619, 0.143, 0.000);-500000,00;1;0,00;RGBA(0.862, 0.583, 0.749, 0.000);Rejected_BelowThreshold
14:56:31;259;RGBA(0.969, 0.619, 0.143, 0.000);-500000,00;1;0,00;RGBA(0.862, 0.583, 0.749, 0.000);Rejected_BelowThreshold
14:56:31;260;RGBA(0.969, 0.619, 0.143, 0.000);-500000,00;1;0,00;RGBA(0.862, 0.583, 0.749, 0.000);Rejected_BelowThreshold
14:56:31;261;RGBA(0.969, 0.619, 0.143, 0.000);-500000,00;1;0,00;RGBA(0.862, 0.583, 0.749, 0.000);Rejected_BelowThreshold
14:56:31;262;RGBA(0.969, 0.619, 0.143, 0.000);-500000,00;1;0,00;RGBA(0.862, 0.583, 0.749, 0.000);Rejected_BelowThreshold
14:56:31;263;RGBA(0.969, 0.619, 0.143, 0.000);-500000,00;1;0,00;RGBA(0.862, 0.583, 0.749, 0.000);Rejected_BelowThreshold
14:56:31;264;RGBA(0.969, 0.619, 0.143, 0.000);-500000,00;1;0,00;RGBA(0.862, 0.583, 0.749, 0.000);Rejected_BelowThreshold
14:56:31;265;RGBA(0.969, 0.619, 0.143, 0.000);-500000,00;1;0,00;RGBA(0.862, 0.583, 0.749, 0.000);Rejected_BelowThreshold
14:56:31;266;RGBA(0.969, 0.619, 0.143, 0.000);-500000,00;1;0,00;RGBA(0.862, 0.583, 0.749, 0.000);Rejected_BelowThreshold
14:56:31;267;RGBA(0.969, 0.619, 0.143, 0.000);-500000,00;1;0,00;RGBA(0.862, 0.583, 0.749, 0.000);Rejected_BelowThreshold
14:56:31;268;RGBA(0.969, 0.619, 0.143, 0.000);-500000,00;1;0,00;RGBA(0.862, 0.583, 0.749, 0.000);Rejected_BelowThreshold
14:56:31;269;RGBA(0.969, 0.619, 0.143, 0.000);-500000,00;1;0,00;RGBA(0.862, 0.583, 0.749, 0.000);Rejected_BelowThreshold
14:56:31;270;RGBA(0.969, 0.619, 0.143, 0.000);-500000,00;1;0,00;RGBA(0.862, 0.583, 0.749, 0.000);Rejected_BelowThreshold
14:56:31;271;RGBA(0.969, 0.619, 0.143, 0.000);-500000,00;1;0,00;RGBA(0.862, 0.583, 0.749, 0.000);Rejected_BelowThreshold
14:56:31;272;RGBA(0.969, 0.619, 0.143, 0.000);-500000,00;1;0,00;RGBA(0.862, 0.583, 0.749, 0.000);Rejected_BelowThreshold
14:56:31;273;RGBA(0.969, 0.619, 0.143, 0.000);-500000,00;1;0,00;RGBA(0.862, 0.583, 0.749, 0.000);Rejected_BelowThreshold
14:56:31;274;RGBA(0.969, 0.619, 0.143, 0.000);-500000,00;1;0,00;RGBA(0.862, 0.583, 0.749, 0.000);Rejected_BelowThreshold
14:56:31;275;RGBA(0.969, 0.619, 0.143, 0.000);-500000,00;1;0,00;RGBA(0.862, 0.583, 0.749, 0.000);Rejected_BelowThreshold
14:56:31;276;RGBA(0.969, 0.619, 0.143, 0.000);-500000,00;1;0,00;RGBA(0.862, 0.583, 0.749, 0.000);Rejected_BelowThreshold
14:56:31;277;RGBA(0.969, 0.619, 0.143, 0.000);-500000,00;1;0,00;RGBA(0.862, 0.583, 0.749, 0.000);Rejected_BelowThreshold
14:56:31;278;RGBA(0.969, 0.619, 0.143, 0.000);-500000,00;1;0,00;RGBA(0.862, 0.583, 0.749, 0.000);Rejected_BelowThreshold
14:56:31;279;RGBA(0.969, 0.619, 0.143, 0.000);-500000,00;1;0,00;RGBA(0.862, 0.583, 0.749, 0.000);Rejected_BelowThreshold
14:56:31;280;RGBA(0.969, 0.619, 0.143, 0.000);-500000,00;1;0,00;RGBA(0.862, 0.583, 0.749, 0.000);Rejected_BelowThreshold
14:56:31;281;RGBA(0.969, 0.619, 0.143, 0.000);-500000,00;1;0,00;RGBA(0.862, 0.583, 0.749, 0.000);Rejected_BelowThreshold
14:56:31;282;RGBA(0.969, 0.619, 0.143, 0.000);-500000,00;1;0,00;RGBA(0.862, 0.583, 0.749, 0.000);Rejected_BelowThreshold
14:56:31;283;RGBA(0.969, 0.619, 0.143, 0.000);-500000,00;1;0,00;RGBA(0.862, 0.583, 0.749, 0.000);Rejected_BelowThreshold
14:56:31;284;RGBA(0.969, 0.619, 0.143, 0.000);-500000,00;1;0,00;RGBA(0.862, 0.583, 0.749, 0.000);Rejected_BelowThreshold
14:56:31;285;RGBA(0.969, 0.619, 0.143, 0.000);-500000,00;1;0,00;RGBA(0.862, 0.583, 0.749, 0.000);Rejected_BelowThreshold
14:56:31;286;RGBA(0.969, 0.619, 0.143, 0.000);-500000,00;1;0,00;RGBA(0.862, 0.583, 0.749, 0.000);Rejected_BelowThreshold
14:56:31;287;RGBA(0.969, 0.619, 0.143, 0.000);-500000,00;1;0,00;RGBA(0.862, 0.583, 0.749, 0.000);Rejected_BelowThreshold
14:56:31;288;RGBA(0.969, 0.619, 0.143, 0.000);-500000,00;1;0,00;RGBA(0.862, 0.583, 0.749, 0.000);Rejected_BelowThreshold
14:56:31;289;RGBA(0.969, 0.619, 0.143, 0.000);-500000,00;1;0,00;RGBA(0.862, 0.583, 0.749, 0.000);Rejected_BelowThreshold
14:56:31;290;RGBA(0.969, 0.619, 0.143, 0.000);-500000,00;1;0,00;RGBA(0.862, 0.583, 0.749, 0.000);Rejected_BelowThreshold
14:56:31;291;RGBA(0.969, 0.619, 0.143, 0.000);-500000,00;1;0,00;RGBA(0.862, 0.583, 0.749, 0.000);Rejected_BelowThreshold
14:56:31;292;RGBA(0.969, 0.619, 0.143, 0.000);-500000,00;1;0,00;RGBA(0.862, 0.583, 0.749, 0.000);Rejected_BelowThreshold
14:56:31;293;RGBA(0.969, 0.619, 0.143, 0.000);-500000,00;1;0,00;RGBA(0.862, 0.583, 0.749, 0.000);Rejected_BelowThreshold
14:56:31;294;RGBA(0.969, 0.619, 0.143, 0.000);-500000,00;1;0,00;RGBA(0.862, 0.583, 0.749, 0.000);Rejected_BelowThreshold
14:56:31;295;RGBA(0.969, 0.619, 0.143, 0.000);-500000,00;1;0,00;RGBA(0.862, 0.583, 0.749, 0.000);Rejected_BelowThreshold
14:56:31;296;RGBA(0.969, 0.619, 0.143, 0.000);-500000,00;1;0,00;RGBA(0.862, 0.583, 0.749, 0.000);Rejected_BelowThreshold
14:56:31;297;RGBA(0.969, 0.619, 0.143, 0.000);-500000,00;1;0,00;RGBA(0.862, 0.583, 0.749, 0.000);Rejected_BelowThreshold
14:56:31;298;RGBA(0.969, 0.619, 0.143, 0.000);-500000,00;1;0,00;RGBA(0.862, 0.583, 0.749, 0.000);Rejected_BelowThreshold
14:56:31;299;RGBA(0.969, 0.619, 0.143, 0.000);-500000,00;1;0,00;RGBA(0.862, 0.583, 0.749, 0.000);Rejected_BelowThreshold
14:56:31;300;RGBA(0.969, 0.619, 0.143, 0.000);-500000,00;1;0,00;RGBA(0.862, 0.583, 0.749, 0.000);Rejected_BelowThreshold
14:56:31;301;RGBA(0.969, 0.619, 0.143, 0.000);-500000,00;1;0,00;RGBA(0.862, 0.583, 0.749, 0.000);Rejected_BelowThreshold
14:56:31;302;RGBA(0.969, 0.619, 0.143, 0.000);-500000,00;1;0,00;RGBA(0.862, 0.583, 0.749, 0.000);Rejected_BelowThreshold
14:56:31;303;RGBA(0.969, 0.619, 0.143, 0.000);-500000,00;1;0,00;RGBA(0.862, 0.583, 0.749, 0.000);Rejected_BelowThreshold
14:56:31;304;RGBA(0.969, 0.619, 0.143, 0.000);-500000,00;1;0,00;RGBA(0.862, 0.583, 0.749, 0.000);Rejected_BelowThreshold
14:56:31;305;RGBA(0.969, 0.619, 0.143, 0.000);-500000,00;1;0,00;RGBA(0.862, 0.583, 0.749, 0.000);Rejected_BelowThreshold
14:56:31;306;RGBA(0.969, 0.619, 0.143, 0.000);-500000,00;1;0,00;RGBA(0.862, 0.583, 0.749, 0.000);Rejected_BelowThreshold
14:56:31;307;RGBA(0.969, 0.619, 0.143, 0.000);-500000,00;1;0,00;RGBA(0.862, 0.583, 0.749, 0.000);Rejected_BelowThreshold
14:56:31;308;RGBA(0.969, 0.619, 0.143, 0.000);-500000,00;1;0,00;RGBA(0.862, 0.583, 0.749, 0.000);Rejected_BelowThreshold
14:56:31;309;RGBA(0.969, 0.619, 0.143, 0.000);-500000,00;1;0,00;RGBA(0.862, 0.583, 0.749, 0.000);Rejected_BelowThreshold
14:56:31;310;RGBA(0.969, 0.619, 0.143, 0.000);-500000,00;1;0,00;RGBA(0.862, 0.583, 0.749, 0.000);Rejected_BelowThreshold
14:56:31;311;RGBA(0.969, 0.619, 0.143, 0.000);-500000,00;1;0,00;RGBA(0.862, 0.583, 0.749, 0.000);Rejected_BelowThreshold
14:56:31;312;RGBA(0.969, 0.619, 0.143, 0.000);-500000,00;1;0,00;RGBA(0.862, 0.583, 0.749, 0.000);Rejected_BelowThreshold
14:56:31;313;RGBA(0.969, 0.619, 0.143, 0.000);-500000,00;1;0,00;RGBA(0.862, 0.583, 0.749, 0.000);Rejected_BelowThreshold
14:56:31;314;RGBA(0.969, 0.619, 0.143, 0.000);-500000,00;1;0,00;RGBA(0.862, 0.583, 0.749, 0.000);Rejected_BelowThreshold
14:56:31;315;RGBA(0.969, 0.619, 0.143, 0.000);-500000,00;1;0,00;RGBA(0.862, 0.583, 0.749, 0.000);Rejected_BelowThreshold
14:56:31;316;RGBA(0.969, 0.619, 0.143, 0.000);-500000,00;1;0,00;RGBA(0.862, 0.583, 0.749, 0.000);Rejected_BelowThreshold
14:56:31;317;RGBA(0.969, 0.619, 0.143, 0.000);-500000,00;1;0,00;RGBA(0.862, 0.583, 0.749, 0.000);Rejected_BelowThreshold
14:56:31;318;RGBA(0.969, 0.619, 0.143, 0.000);-500000,00;1;0,00;RGBA(0.862, 0.583, 0.749, 0.000);Rejected_BelowThreshold
14:56:31;319;RGBA(0.969, 0.619, 0.143, 0.000);-500000,00;1;0,00;RGBA(0.862, 0.583, 0.749, 0.000);Rejected_BelowThreshold
14:56:31;320;RGBA(0.969, 0.619, 0.143, 0.000);-500000,00;1;0,00;RGBA(0.862, 0.583, 0.749, 0.000);Rejected_BelowThreshold
14:56:31;321;RGBA(0.969, 0.619, 0.143, 0.000);-500000,00;1;0,00;RGBA(0.862, 0.583, 0.749, 0.000);Rejected_BelowThreshold
14:56:31;322;RGBA(0.969, 0.619, 0.143, 0.000);-500000,00;1;0,00;RGBA(0.862, 0.583, 0.749, 0.000);Rejected_BelowThreshold
14:56:31;323;RGBA(0.969, 0.619, 0.143, 0.000);-500000,00;1;0,00;RGBA(0.862, 0.583, 0.749, 0.000);Rejected_BelowThreshold
14:56:31;324;RGBA(0.969, 0.619, 0.143, 0.000);-500000,00;1;0,00;RGBA(0.862, 0.583, 0.749, 0.000);Rejected_BelowThreshold
14:56:31;325;RGBA(0.969, 0.619, 0.143, 0.000);-500000,00;1;0,00;RGBA(0.862, 0.583, 0.749, 0.000);Rejected_BelowThreshold
14:56:31;326;RGBA(0.969, 0.619, 0.143, 0.000);-500000,00;1;0,00;RGBA(0.862, 0.583, 0.749, 0.000);Rejected_BelowThreshold
14:56:31;327;RGBA(0.969, 0.619, 0.143, 0.000);-500000,00;1;0,00;RGBA(0.862, 0.583, 0.749, 0.000);Rejected_BelowThreshold
14:56:31;328;RGBA(0.969, 0.619, 0.143, 0.000);-500000,00;1;0,00;RGBA(0.862, 0.583, 0.749, 0.000);Rejected_BelowThreshold
14:56:31;329;RGBA(0.969, 0.619, 0.143, 0.000);-500000,00;1;0,00;RGBA(0.862, 0.583, 0.749, 0.000);Rejected_BelowThreshold
14:56:31;330;RGBA(0.969, 0.619, 0.143, 0.000);-500000,00;1;0,00;RGBA(0.862, 0.583, 0.749, 0.000);Rejected_BelowThreshold
14:56:31;331;RGBA(0.969, 0.619, 0.143, 0.000);-500000,00;1;0,00;RGBA(0.862, 0.583, 0.749, 0.000);Rejected_BelowThreshold
14:56:31;332;RGBA(0.969, 0.619, 0.143, 0.000);-500000,00;1;0,00;RGBA(0.862, 0.583, 0.749, 0.000);Rejected_BelowThreshold
14:56:31;333;RGBA(0.969, 0.619, 0.143, 0.000);-500000,00;1;0,00;RGBA(0.862, 0.583, 0.749, 0.000);Rejected_BelowThreshold
14:56:31;334;RGBA(0.969, 0.619, 0.143, 0.000);-500000,00;1;0,00;RGBA(0.862, 0.583, 0.749, 0.000);Rejected_BelowThreshold
14:56:31;335;RGBA(0.969, 0.619, 0.143, 0.000);-500000,00;1;0,00;RGBA(0.862, 0.583, 0.749, 0.000);Rejected_BelowThreshold
14:56:31;336;RGBA(0.969, 0.619, 0.143, 0.000);-500000,00;1;0,00;RGBA(0.862, 0.583, 0.749, 0.000);Rejected_BelowThreshold
14:56:31;337;RGBA(0.969, 0.619, 0.143, 0.000);-500000,00;1;0,00;RGBA(0.862, 0.583, 0.749, 0.000);Rejected_BelowThreshold
14:56:31;338;RGBA(0.969, 0.619, 0.143, 0.000);-500000,00;1;0,00;RGBA(0.862, 0.583, 0.749, 0.000);Rejected_BelowThreshold
14:56:31;339;RGBA(0.969, 0.619, 0.143, 0.000);-500000,00;1;0,00;RGBA(0.862, 0.583, 0.749, 0.000);Rejected_BelowThreshold
14:56:31;340;RGBA(0.969, 0.619, 0.143, 0.000);-500000,00;1;0,00;RGBA(0.862, 0.583, 0.749, 0.000);Rejected_BelowThreshold
14:56:31;341;RGBA(0.969, 0.619, 0.143, 0.000);-500000,00;1;0,00;RGBA(0.862, 0.583, 0.749, 0.000);Rejected_BelowThreshold
14:56:31;342;RGBA(0.969, 0.619, 0.143, 0.000);-500000,00;1;0,00;RGBA(0.862, 0.583, 0.749, 0.000);Rejected_BelowThreshold
14:56:31;343;RGBA(0.969, 0.619, 0.143, 0.000);-500000,00;1;0,00;RGBA(0.862, 0.583, 0.749, 0.000);Rejected_BelowThreshold
14:56:31;344;RGBA(0.969, 0.619, 0.143, 0.000);-500000,00;1;0,00;RGBA(0.862, 0.583, 0.749, 0.000);Rejected_BelowThreshold
14:56:31;345;RGBA(0.969, 0.619, 0.143, 0.000);-500000,00;1;0,00;RGBA(0.862, 0.583, 0.749, 0.000);Rejected_BelowThreshold
14:56:31;346;RGBA(0.969, 0.619, 0.143, 0.000);-500000,00;1;0,00;RGBA(0.862, 0.583, 0.749, 0.000);Rejected_BelowThreshold
14:56:31;347;RGBA(0.969, 0.619, 0.143, 0.000);-500000,00;1;0,00;RGBA(0.862, 0.583, 0.749, 0.000);Rejected_BelowThreshold
14:56:31;348;RGBA(0.969, 0.619, 0.143, 0.000);-500000,00;1;0,00;RGBA(0.862, 0.583, 0.749, 0.000);Rejected_BelowThreshold
14:56:31;349;RGBA(0.969, 0.619, 0.143, 0.000);-500000,00;1;0,00;RGBA(0.862, 0.583, 0.749, 0.000);Rejected_BelowThreshold
14:56:31;350;RGBA(0.969, 0.619, 0.143, 0.000);-500000,00;1;0,00;RGBA(0.862, 0.583, 0.749, 0.000);Rejected_BelowThreshold
14:56:31;351;RGBA(0.969, 0.619, 0.143, 0.000);-500000,00;1;0,00;RGBA(0.862, 0.583, 0.749, 0.000);Rejected_BelowThreshold
14:56:31;352;RGBA(0.969, 0.619, 0.143, 0.000);-500000,00;1;0,00;RGBA(0.862, 0.583, 0.749, 0.000);Rejected_BelowThreshold
14:56:31;353;RGBA(0.969, 0.619, 0.143, 0.000);-500000,00;1;0,00;RGBA(0.862, 0.583, 0.749, 0.000);Rejected_BelowThreshold
14:56:31;354;RGBA(0.969, 0.619, 0.143, 0.000);-500000,00;1;0,00;RGBA(0.862, 0.583, 0.749, 0.000);Rejected_BelowThreshold
14:56:31;355;RGBA(0.969, 0.619, 0.143, 0.000);-500000,00;1;0,00;RGBA(0.862, 0.583, 0.749, 0.000);Rejected_BelowThreshold
14:56:31;356;RGBA(0.969, 0.619, 0.143, 0.000);-500000,00;1;0,00;RGBA(0.862, 0.583, 0.749, 0.000);Rejected_BelowThreshold
14:56:31;357;RGBA(0.969, 0.619, 0.143, 0.000);-500000,00;1;0,00;RGBA(0.862, 0.583, 0.749, 0.000);Rejected_BelowThreshold
14:56:31;358;RGBA(0.969, 0.619, 0.143, 0.000);-500000,00;1;0,00;RGBA(0.862, 0.583, 0.749, 0.000);Rejected_BelowThreshold
14:56:31;359;RGBA(0.969, 0.619, 0.143, 0.000);-500000,00;1;0,00;RGBA(0.862, 0.583, 0.749, 0.000);Rejected_BelowThreshold
14:56:31;360;RGBA(0.969, 0.619, 0.143, 0.000);-500000,00;1;0,00;RGBA(0.862, 0.583, 0.749, 0.000);Rejected_BelowThreshold
14:56:31;361;RGBA(0.969, 0.619, 0.143, 0.000);-500000,00;1;0,00;RGBA(0.862, 0.583, 0.749, 0.000);Rejected_BelowThreshold
14:56:31;362;RGBA(0.969, 0.619, 0.143, 0.000);-500000,00;1;0,00;RGBA(0.862, 0.583, 0.749, 0.000);Rejected_BelowThreshold
14:56:31;363;RGBA(0.969, 0.619, 0.143, 0.000);-500000,00;1;0,00;RGBA(0.862, 0.583, 0.749, 0.000);Rejected_BelowThreshold
14:56:31;364;RGBA(0.969, 0.619, 0.143, 0.000);-500000,00;1;0,00;RGBA(0.862, 0.583, 0.749, 0.000);Rejected_BelowThreshold
14:56:31;365;RGBA(0.969, 0.619, 0.143, 0.000);-500000,00;1;0,00;RGBA(0.862, 0.583, 0.749, 0.000);Rejected_BelowThreshold
14:56:31;366;RGBA(0.969, 0.619, 0.143, 0.000);-500000,00;1;0,00;RGBA(0.862, 0.583, 0.749, 0.000);Rejected_BelowThreshold
14:56:31;367;RGBA(0.969, 0.619, 0.143, 0.000);-500000,00;1;0,00;RGBA(0.862, 0.583, 0.749, 0.000);Rejected_BelowThreshold
14:56:31;368;RGBA(0.969, 0.619, 0.143, 0.000);-500000,00;1;0,00;RGBA(0.862, 0.583, 0.749, 0.000);Rejected_BelowThreshold
14:56:31;369;RGBA(0.969, 0.619, 0.143, 0.000);-500000,00;1;0,00;RGBA(0.862, 0.583, 0.749, 0.000);Rejected_BelowThreshold
14:56:31;370;RGBA(0.969, 0.619, 0.143, 0.000);-500000,00;1;0,00;RGBA(0.862, 0.583, 0.749, 0.000);Rejected_BelowThreshold
14:56:31;371;RGBA(0.969, 0.619, 0.143, 0.000);-500000,00;1;0,00;RGBA(0.862, 0.583, 0.749, 0.000);Rejected_BelowThreshold
14:56:31;372;RGBA(0.969, 0.619, 0.143, 0.000);-500000,00;1;0,00;RGBA(0.862, 0.583, 0.749, 0.000);Rejected_BelowThreshold
14:56:31;373;RGBA(0.969, 0.619, 0.143, 0.000);-500000,00;1;0,00;RGBA(0.862, 0.583, 0.749, 0.000);Rejected_BelowThreshold
14:56:31;374;RGBA(0.969, 0.619, 0.143, 0.000);-500000,00;1;0,00;RGBA(0.862, 0.583, 0.749, 0.000);Rejected_BelowThreshold
14:56:31;375;RGBA(0.969, 0.619, 0.143, 0.000);-500000,00;1;0,00;RGBA(0.862, 0.583, 0.749, 0.000);Rejected_BelowThreshold
14:56:31;376;RGBA(0.969, 0.619, 0.143, 0.000);-500000,00;1;0,00;RGBA(0.862, 0.583, 0.749, 0.000);Rejected_BelowThreshold
14:56:31;377;RGBA(0.969, 0.619, 0.143, 0.000);-500000,00;1;0,00;RGBA(0.862, 0.583, 0.749, 0.000);Rejected_BelowThreshold
14:56:31;378;RGBA(0.969, 0.619, 0.143, 0.000);-500000,00;1;0,00;RGBA(0.862, 0.583, 0.749, 0.000);Rejected_BelowThreshold
14:56:31;379;RGBA(0.969, 0.619, 0.143, 0.000);-500000,00;1;0,00;RGBA(0.862, 0.583, 0.749, 0.000);Rejected_BelowThreshold
14:56:31;380;RGBA(0.969, 0.619, 0.143, 0.000);-500000,00;1;0,00;RGBA(0.862, 0.583, 0.749, 0.000);Rejected_BelowThreshold
14:56:31;381;RGBA(0.969, 0.619, 0.143, 0.000);-500000,00;1;0,00;RGBA(0.862, 0.583, 0.749, 0.000);Rejected_BelowThreshold
14:56:31;382;RGBA(0.969, 0.619, 0.143, 0.000);-500000,00;1;0,00;RGBA(0.862, 0.583, 0.749, 0.000);Rejected_BelowThreshold
14:56:31;383;RGBA(0.969, 0.619, 0.143, 0.000);-500000,00;1;0,00;RGBA(0.862, 0.583, 0.749, 0.000);Rejected_BelowThreshold
14:56:31;384;RGBA(0.969, 0.619, 0.143, 0.000);-500000,00;1;0,00;RGBA(0.862, 0.583, 0.749, 0.000);Rejected_BelowThreshold
14:56:31;385;RGBA(0.969, 0.619, 0.143, 0.000);-500000,00;1;0,00;RGBA(0.862, 0.583, 0.749, 0.000);Rejected_BelowThreshold
14:56:31;386;RGBA(0.969, 0.619, 0.143, 0.000);-500000,00;1;0,00;RGBA(0.862, 0.583, 0.749, 0.000);Rejected_BelowThreshold
14:56:31;387;RGBA(0.969, 0.619, 0.143, 0.000);-500000,00;1;0,00;RGBA(0.862, 0.583, 0.749, 0.000);Rejected_BelowThreshold
14:56:31;388;RGBA(0.969, 0.619, 0.143, 0.000);-500000,00;1;0,00;RGBA(0.862, 0.583, 0.749, 0.000);Rejected_BelowThreshold
14:56:31;389;RGBA(0.969, 0.619, 0.143, 0.000);-500000,00;1;0,00;RGBA(0.862, 0.583, 0.749, 0.000);Rejected_BelowThreshold
14:56:31;390;RGBA(0.969, 0.619, 0.143, 0.000);-500000,00;1;0,00;RGBA(0.862, 0.583, 0.749, 0.000);Rejected_BelowThreshold
14:56:31;391;RGBA(0.969, 0.619, 0.143, 0.000);-500000,00;1;0,00;RGBA(0.862, 0.583, 0.749, 0.000);Rejected_BelowThreshold
14:56:31;392;RGBA(0.969, 0.619, 0.143, 0.000);-500000,00;1;0,00;RGBA(0.862, 0.583, 0.749, 0.000);Rejected_BelowThreshold
14:56:31;393;RGBA(0.969, 0.619, 0.143, 0.000);-500000,00;1;0,00;RGBA(0.862, 0.583, 0.749, 0.000);Rejected_BelowThreshold
14:56:31;394;RGBA(0.969, 0.619, 0.143, 0.000);-500000,00;1;0,00;RGBA(0.862, 0.583, 0.749, 0.000);Rejected_BelowThreshold
14:56:31;395;RGBA(0.969, 0.619, 0.143, 0.000);-500000,00;1;0,00;RGBA(0.862, 0.583, 0.749, 0.000);Rejected_BelowThreshold
14:56:31;396;RGBA(0.969, 0.619, 0.143, 0.000);-500000,00;1;0,00;RGBA(0.862, 0.583, 0.749, 0.000);Rejected_BelowThreshold
14:56:31;397;RGBA(0.969, 0.619, 0.143, 0.000);-500000,00;1;0,00;RGBA(0.862, 0.583, 0.749, 0.000);Rejected_BelowThreshold
14:56:31;398;RGBA(0.969, 0.619, 0.143, 0.000);-500000,00;1;0,00;RGBA(0.862, 0.583, 0.749, 0.000);Rejected_BelowThreshold
14:56:31;399;RGBA(0.969, 0.619, 0.143, 0.000);-500000,00;1;0,00;RGBA(0.862, 0.583, 0.749, 0.000);Rejected_BelowThreshold
14:56:31;400;RGBA(0.969, 0.619, 0.143, 0.000);-500000,00;1;0,00;RGBA(0.862, 0.583, 0.749, 0.000);Rejected_BelowThreshold
14:56:31;401;RGBA(0.969, 0.619, 0.143, 0.000);-500000,00;1;0,00;RGBA(0.862, 0.583, 0.749, 0.000);Rejected_BelowThreshold
14:56:31;402;RGBA(0.969, 0.619, 0.143, 0.000);-500000,00;1;0,00;RGBA(0.862, 0.583, 0.749, 0.000);Rejected_BelowThreshold
14:56:31;403;RGBA(0.969, 0.619, 0.143, 0.000);-500000,00;1;0,00;RGBA(0.862, 0.583, 0.749, 0.000);Rejected_BelowThreshold
14:56:31;404;RGBA(0.969, 0.619, 0.143, 0.000);-500000,00;1;0,00;RGBA(0.862, 0.583, 0.749, 0.000);Rejected_BelowThreshold
14:56:31;405;RGBA(0.969, 0.619, 0.143, 0.000);-500000,00;1;0,00;RGBA(0.862, 0.583, 0.749, 0.000);Rejected_BelowThreshold
14:56:31;406;RGBA(0.969, 0.619, 0.143, 0.000);-500000,00;1;0,00;RGBA(0.862, 0.583, 0.749, 0.000);Rejected_BelowThreshold
14:56:31;407;RGBA(0.969, 0.619, 0.143, 0.000);-500000,00;1;0,00;RGBA(0.862, 0.583, 0.749, 0.000);Rejected_BelowThreshold
14:56:31;408;RGBA(0.969, 0.619, 0.143, 0.000);-500000,00;1;0,00;RGBA(0.862, 0.583, 0.749, 0.000);Rejected_BelowThreshold
14:56:31;409;RGBA(0.969, 0.619, 0.143, 0.000);-500000,00;1;0,00;RGBA(0.862, 0.583, 0.749, 0.000);Rejected_BelowThreshold
14:56:31;410;RGBA(0.969, 0.619, 0.143, 0.000);-500000,00;1;0,00;RGBA(0.862, 0.583, 0.749, 0.000);Rejected_BelowThreshold
14:56:31;411;RGBA(0.969, 0.619, 0.143, 0.000);-500000,00;1;0,00;RGBA(0.862, 0.583, 0.749, 0.000);Rejected_BelowThreshold
14:56:31;412;RGBA(0.969, 0.619, 0.143, 0.000);-500000,00;1;0,00;RGBA(0.862, 0.583, 0.749, 0.000);Rejected_BelowThreshold
14:56:31;413;RGBA(0.969, 0.619, 0.143, 0.000);-500000,00;1;0,00;RGBA(0.862, 0.583, 0.749, 0.000);Rejected_BelowThreshold
14:56:31;414;RGBA(0.969, 0.619, 0.143, 0.000);-500000,00;1;0,00;RGBA(0.862, 0.583, 0.749, 0.000);Rejected_BelowThreshold
14:56:31;415;RGBA(0.969, 0.619, 0.143, 0.000);-500000,00;1;0,00;RGBA(0.862, 0.583, 0.749, 0.000);Rejected_BelowThreshold
14:56:31;416;RGBA(0.969, 0.619, 0.143, 0.000);-500000,00;1;0,00;RGBA(0.862, 0.583, 0.749, 0.000);Rejected_BelowThreshold
14:56:31;417;RGBA(0.969, 0.619, 0.143, 0.000);-500000,00;1;0,00;RGBA(0.862, 0.583, 0.749, 0.000);Rejected_BelowThreshold
14:56:31;418;RGBA(0.969, 0.619, 0.143, 0.000);-500000,00;1;0,00;RGBA(0.862, 0.583, 0.749, 0.000);Rejected_BelowThreshold
14:56:31;419;RGBA(0.969, 0.619, 0.143, 0.000);-500000,00;1;0,00;RGBA(0.862, 0.583, 0.749, 0.000);Rejected_BelowThreshold
14:56:31;420;RGBA(0.969, 0.619, 0.143, 0.000);-500000,00;1;0,00;RGBA(0.862, 0.583, 0.749, 0.000);Rejected_BelowThreshold
14:56:31;421;RGBA(0.969, 0.619, 0.143, 0.000);-500000,00;1;0,00;RGBA(0.862, 0.583, 0.749, 0.000);Rejected_BelowThreshold
14:56:31;422;RGBA(0.969, 0.619, 0.143, 0.000);-500000,00;1;0,00;RGBA(0.862, 0.583, 0.749, 0.000);Rejected_BelowThreshold
14:56:31;423;RGBA(0.969, 0.619, 0.143, 0.000);-500000,00;1;0,00;RGBA(0.862, 0.583, 0.749, 0.000);Rejected_BelowThreshold
14:56:31;424;RGBA(0.969, 0.619, 0.143, 0.000);-500000,00;1;0,00;RGBA(0.862, 0.583, 0.749, 0.000);Rejected_BelowThreshold
14:56:31;425;RGBA(0.969, 0.619, 0.143, 0.000);-500000,00;1;0,00;RGBA(0.862, 0.583, 0.749, 0.000);Rejected_BelowThreshold
14:56:31;426;RGBA(0.969, 0.619, 0.143, 0.000);-500000,00;1;0,00;RGBA(0.862, 0.583, 0.749, 0.000);Rejected_BelowThreshold
14:56:31;427;RGBA(0.969, 0.619, 0.143, 0.000);-500000,00;1;0,00;RGBA(0.862, 0.583, 0.749, 0.000);Rejected_BelowThreshold
14:56:31;428;RGBA(0.969, 0.619, 0.143, 0.000);-500000,00;1;0,00;RGBA(0.862, 0.583, 0.749, 0.000);Rejected_BelowThreshold
14:56:31;429;RGBA(0.969, 0.619, 0.143, 0.000);-500000,00;1;0,00;RGBA(0.862, 0.583, 0.749, 0.000);Rejected_BelowThreshold
14:56:31;430;RGBA(0.969, 0.619, 0.143, 0.000);-500000,00;1;0,00;RGBA(0.862, 0.583, 0.749, 0.000);Rejected_BelowThreshold
14:56:31;431;RGBA(0.969, 0.619, 0.143, 0.000);-500000,00;1;0,00;RGBA(0.862, 0.583, 0.749, 0.000);Rejected_BelowThreshold
14:56:31;432;RGBA(0.969, 0.619, 0.143, 0.000);-500000,00;1;0,00;RGBA(0.862, 0.583, 0.749, 0.000);Rejected_BelowThreshold
14:56:31;433;RGBA(0.969, 0.619, 0.143, 0.000);-500000,00;1;0,00;RGBA(0.862, 0.583, 0.749, 0.000);Rejected_BelowThreshold
14:56:31;434;RGBA(0.969, 0.619, 0.143, 0.000);-500000,00;1;0,00;RGBA(0.862, 0.583, 0.749, 0.000);Rejected_BelowThreshold
14:56:31;435;RGBA(0.969, 0.619, 0.143, 0.000);-500000,00;1;0,00;RGBA(0.862, 0.583, 0.749, 0.000);Rejected_BelowThreshold
14:56:31;436;RGBA(0.969, 0.619, 0.143, 0.000);-500000,00;1;0,00;RGBA(0.862, 0.583, 0.749, 0.000);Rejected_BelowThreshold
14:56:31;437;RGBA(0.969, 0.619, 0.143, 0.000);-500000,00;1;0,00;RGBA(0.862, 0.583, 0.749, 0.000);Rejected_BelowThreshold
14:56:31;438;RGBA(0.969, 0.619, 0.143, 0.000);-500000,00;1;0,00;RGBA(0.862, 0.583, 0.749, 0.000);Rejected_BelowThreshold
14:56:31;439;RGBA(0.969, 0.619, 0.143, 0.000);-500000,00;1;0,00;RGBA(0.862, 0.583, 0.749, 0.000);Rejected_BelowThreshold
14:56:31;440;RGBA(0.969, 0.619, 0.143, 0.000);-500000,00;1;0,00;RGBA(0.862, 0.583, 0.749, 0.000);Rejected_BelowThreshold
14:56:31;441;RGBA(0.969, 0.619, 0.143, 0.000);-500000,00;1;0,00;RGBA(0.862, 0.583, 0.749, 0.000);Rejected_BelowThreshold
14:56:31;442;RGBA(0.969, 0.619, 0.143, 0.000);-500000,00;1;0,00;RGBA(0.862, 0.583, 0.749, 0.000);Rejected_BelowThreshold
14:56:31;443;RGBA(0.969, 0.619, 0.143, 0.000);-500000,00;1;0,00;RGBA(0.862, 0.583, 0.749, 0.000);Rejected_BelowThreshold
14:56:31;444;RGBA(0.969, 0.619, 0.143, 0.000);-500000,00;1;0,00;RGBA(0.862, 0.583, 0.749, 0.000);Rejected_BelowThreshold
14:56:31;445;RGBA(0.969, 0.619, 0.143, 0.000);-500000,00;1;0,00;RGBA(0.862, 0.583, 0.749, 0.000);Rejected_BelowThreshold
14:56:31;446;RGBA(0.969, 0.619, 0.143, 0.000);-500000,00;1;0,00;RGBA(0.862, 0.583, 0.749, 0.000);Rejected_BelowThreshold
14:56:31;447;RGBA(0.969, 0.619, 0.143, 0.000);-500000,00;1;0,00;RGBA(0.862, 0.583, 0.749, 0.000);Rejected_BelowThreshold
14:56:31;448;RGBA(0.969, 0.619, 0.143, 0.000);-500000,00;1;0,00;RGBA(0.862, 0.583, 0.749, 0.000);Rejected_BelowThreshold
14:56:31;449;RGBA(0.969, 0.619, 0.143, 0.000);-500000,00;1;0,00;RGBA(0.862, 0.583, 0.749, 0.000);Rejected_BelowThreshold
14:56:31;450;RGBA(0.969, 0.619, 0.143, 0.000);-500000,00;1;0,00;RGBA(0.862, 0.583, 0.749, 0.000);Rejected_BelowThreshold
14:56:31;451;RGBA(0.969, 0.619, 0.143, 0.000);-500000,00;1;0,00;RGBA(0.862, 0.583, 0.749, 0.000);Rejected_BelowThreshold
14:56:31;452;RGBA(0.969, 0.619, 0.143, 0.000);-500000,00;1;0,00;RGBA(0.862, 0.583, 0.749, 0.000);Rejected_BelowThreshold
14:56:31;453;RGBA(0.969, 0.619, 0.143, 0.000);-500000,00;1;0,00;RGBA(0.862, 0.583, 0.749, 0.000);Rejected_BelowThreshold
14:56:31;454;RGBA(0.969, 0.619, 0.143, 0.000);-500000,00;1;0,00;RGBA(0.862, 0.583, 0.749, 0.000);Rejected_BelowThreshold
14:56:31;455;RGBA(0.969, 0.619, 0.143, 0.000);-500000,00;1;0,00;RGBA(0.862, 0.583, 0.749, 0.000);Rejected_BelowThreshold
14:56:31;456;RGBA(0.969, 0.619, 0.143, 0.000);-500000,00;1;0,00;RGBA(0.862, 0.583, 0.749, 0.000);Rejected_BelowThreshold
14:56:31;457;RGBA(0.969, 0.619, 0.143, 0.000);-500000,00;1;0,00;RGBA(0.862, 0.583, 0.749, 0.000);Rejected_BelowThreshold
14:56:31;458;RGBA(0.969, 0.619, 0.143, 0.000);-500000,00;1;0,00;RGBA(0.862, 0.583, 0.749, 0.000);Rejected_BelowThreshold
14:56:31;459;RGBA(0.969, 0.619, 0.143, 0.000);-500000,00;1;0,00;RGBA(0.862, 0.583, 0.749, 0.000);Rejected_BelowThreshold
14:56:31;460;RGBA(0.969, 0.619, 0.143, 0.000);-500000,00;1;0,00;RGBA(0.862, 0.583, 0.749, 0.000);Rejected_BelowThreshold
14:56:31;461;RGBA(0.969, 0.619, 0.143, 0.000);-500000,00;1;0,00;RGBA(0.862, 0.583, 0.749, 0.000);Rejected_BelowThreshold
14:56:31;462;RGBA(0.969, 0.619, 0.143, 0.000);-500000,00;1;0,00;RGBA(0.862, 0.583, 0.749, 0.000);Rejected_BelowThreshold
14:56:31;463;RGBA(0.969, 0.619, 0.143, 0.000);-500000,00;1;0,00;RGBA(0.862, 0.583, 0.749, 0.000);Rejected_BelowThreshold
14:56:31;464;RGBA(0.969, 0.619, 0.143, 0.000);-500000,00;1;0,00;RGBA(0.862, 0.583, 0.749, 0.000);Rejected_BelowThreshold
14:56:31;465;RGBA(0.969, 0.619, 0.143, 0.000);-500000,00;1;0,00;RGBA(0.862, 0.583, 0.749, 0.000);Rejected_BelowThreshold
14:56:31;466;RGBA(0.969, 0.619, 0.143, 0.000);-500000,00;1;0,00;RGBA(0.862, 0.583, 0.749, 0.000);Rejected_BelowThreshold
14:56:31;467;RGBA(0.969, 0.619, 0.143, 0.000);-500000,00;1;0,00;RGBA(0.862, 0.583, 0.749, 0.000);Rejected_BelowThreshold
14:56:31;468;RGBA(0.969, 0.619, 0.143, 0.000);-500000,00;1;0,00;RGBA(0.862, 0.583, 0.749, 0.000);Rejected_BelowThreshold
14:56:31;469;RGBA(0.969, 0.619, 0.143, 0.000);-500000,00;1;0,00;RGBA(0.862, 0.583, 0.749, 0.000);Rejected_BelowThreshold
14:56:31;470;RGBA(0.969, 0.619, 0.143, 0.000);-500000,00;1;0,00;RGBA(0.862, 0.583, 0.749, 0.000);Rejected_BelowThreshold
14:56:31;471;RGBA(0.969, 0.619, 0.143, 0.000);-500000,00;1;0,00;RGBA(0.862, 0.583, 0.749, 0.000);Rejected_BelowThreshold
14:56:31;472;RGBA(0.969, 0.619, 0.143, 0.000);-500000,00;1;0,00;RGBA(0.862, 0.583, 0.749, 0.000);Rejected_BelowThreshold
14:56:31;473;RGBA(0.969, 0.619, 0.143, 0.000);-500000,00;1;0,00;RGBA(0.862, 0.583, 0.749, 0.000);Rejected_BelowThreshold
14:56:32;474;RGBA(0.969, 0.619, 0.143, 0.000);-500000,00;1;0,00;RGBA(0.862, 0.583, 0.749, 0.000);Rejected_BelowThreshold
14:56:32;475;RGBA(0.969, 0.619, 0.143, 0.000);-500000,00;1;0,00;RGBA(0.862, 0.583, 0.749, 0.000);Rejected_BelowThreshold
14:56:32;476;RGBA(0.969, 0.619, 0.143, 0.000);-500000,00;1;0,00;RGBA(0.862, 0.583, 0.749, 0.000);Rejected_BelowThreshold
14:56:32;477;RGBA(0.969, 0.619, 0.143, 0.000);-500000,00;1;0,00;RGBA(0.862, 0.583, 0.749, 0.000);Rejected_BelowThreshold
14:56:32;478;RGBA(0.969, 0.619, 0.143, 0.000);-500000,00;1;0,00;RGBA(0.862, 0.583, 0.749, 0.000);Rejected_BelowThreshold
14:56:32;479;RGBA(0.969, 0.619, 0.143, 0.000);-500000,00;1;0,00;RGBA(0.862, 0.583, 0.749, 0.000);Rejected_BelowThreshold
14:56:32;480;RGBA(0.969, 0.619, 0.143, 0.000);-500000,00;1;0,00;RGBA(0.862, 0.583, 0.749, 0.000);Rejected_BelowThreshold
14:56:32;481;RGBA(0.969, 0.619, 0.143, 0.000);-500000,00;1;0,00;RGBA(0.862, 0.583, 0.749, 0.000);Rejected_BelowThreshold
14:56:32;482;RGBA(0.969, 0.619, 0.143, 0.000);-500000,00;1;0,00;RGBA(0.862, 0.583, 0.749, 0.000);Rejected_BelowThreshold
14:56:32;483;RGBA(0.969, 0.619, 0.143, 0.000);-500000,00;1;0,00;RGBA(0.862, 0.583, 0.749, 0.000);Rejected_BelowThreshold
14:56:32;484;RGBA(0.969, 0.619, 0.143, 0.000);-500000,00;1;0,00;RGBA(0.862, 0.583, 0.749, 0.000);Rejected_BelowThreshold
14:56:32;485;RGBA(0.969, 0.619, 0.143, 0.000);-500000,00;1;0,00;RGBA(0.862, 0.583, 0.749, 0.000);Rejected_BelowThreshold
14:56:32;486;RGBA(0.969, 0.619, 0.143, 0.000);-500000,00;1;0,00;RGBA(0.862, 0.583, 0.749, 0.000);Rejected_BelowThreshold
14:56:32;487;RGBA(0.969, 0.619, 0.143, 0.000);-500000,00;1;0,00;RGBA(0.862, 0.583, 0.749, 0.000);Rejected_BelowThreshold
14:56:32;488;RGBA(0.969, 0.619, 0.143, 0.000);-500000,00;1;0,00;RGBA(0.862, 0.583, 0.749, 0.000);Rejected_BelowThreshold
14:56:32;489;RGBA(0.969, 0.619, 0.143, 0.000);-500000,00;1;0,00;RGBA(0.862, 0.583, 0.749, 0.000);Rejected_BelowThreshold
14:56:32;490;RGBA(0.969, 0.619, 0.143, 0.000);-500000,00;1;0,00;RGBA(0.862, 0.583, 0.749, 0.000);Rejected_BelowThreshold
14:56:32;491;RGBA(0.969, 0.619, 0.143, 0.000);-500000,00;1;0,00;RGBA(0.862, 0.583, 0.749, 0.000);Rejected_BelowThreshold
14:56:32;492;RGBA(0.969, 0.619, 0.143, 0.000);-500000,00;1;0,00;RGBA(0.862, 0.583, 0.749, 0.000);Rejected_BelowThreshold
14:56:32;493;RGBA(0.969, 0.619, 0.143, 0.000);-500000,00;1;0,00;RGBA(0.862, 0.583, 0.749, 0.000);Rejected_BelowThreshold
14:56:32;494;RGBA(0.969, 0.619, 0.143, 0.000);-500000,00;1;0,00;RGBA(0.862, 0.583, 0.749, 0.000);Rejected_BelowThreshold
14:56:32;495;RGBA(0.969, 0.619, 0.143, 0.000);-500000,00;1;0,00;RGBA(0.862, 0.583, 0.749, 0.000);Rejected_BelowThreshold
14:56:32;496;RGBA(0.969, 0.619, 0.143, 0.000);-500000,00;1;0,00;RGBA(0.862, 0.583, 0.749, 0.000);Rejected_BelowThreshold
14:56:32;497;RGBA(0.969, 0.619, 0.143, 0.000);-500000,00;1;0,00;RGBA(0.862, 0.583, 0.749, 0.000);Rejected_BelowThreshold
14:56:32;498;RGBA(0.969, 0.619, 0.143, 0.000);-500000,00;1;0,00;RGBA(0.862, 0.583, 0.749, 0.000);Rejected_BelowThreshold
14:56:32;499;RGBA(0.969, 0.619, 0.143, 0.000);-500000,00;1;0,00;RGBA(0.862, 0.583, 0.749, 0.000);Rejected_BelowThreshold
14:56:32;500;RGBA(0.969, 0.619, 0.143, 0.000);-500000,00;1;0,00;RGBA(0.862, 0.583, 0.749, 0.000);Rejected_BelowThreshold
14:56:32;501;RGBA(0.969, 0.619, 0.143, 0.000);-500000,00;1;0,00;RGBA(0.862, 0.583, 0.749, 0.000);Rejected_BelowThreshold
14:56:32;502;RGBA(0.969, 0.619, 0.143, 0.000);-500000,00;1;0,00;RGBA(0.862, 0.583, 0.749, 0.000);Rejected_BelowThreshold
14:56:32;503;RGBA(0.969, 0.619, 0.143, 0.000);-500000,00;1;0,00;RGBA(0.862, 0.583, 0.749, 0.000);Rejected_BelowThreshold
14:56:32;504;RGBA(0.969, 0.619, 0.143, 0.000);-500000,00;1;0,00;RGBA(0.862, 0.583, 0.749, 0.000);Rejected_BelowThreshold
14:56:32;505;RGBA(0.969, 0.619, 0.143, 0.000);-500000,00;1;0,00;RGBA(0.862, 0.583, 0.749, 0.000);Rejected_BelowThreshold
14:56:32;506;RGBA(0.969, 0.619, 0.143, 0.000);-500000,00;1;0,00;RGBA(0.862, 0.583, 0.749, 0.000);Rejected_BelowThreshold
14:56:32;507;RGBA(0.969, 0.619, 0.143, 0.000);-500000,00;1;0,00;RGBA(0.862, 0.583, 0.749, 0.000);Rejected_BelowThreshold
14:56:32;508;RGBA(0.969, 0.619, 0.143, 0.000);-500000,00;1;0,00;RGBA(0.862, 0.583, 0.749, 0.000);Rejected_BelowThreshold
14:56:32;509;RGBA(0.969, 0.619, 0.143, 0.000);-500000,00;1;0,00;RGBA(0.862, 0.583, 0.749, 0.000);Rejected_BelowThreshold
14:56:32;510;RGBA(0.969, 0.619, 0.143, 0.000);-500000,00;1;0,00;RGBA(0.862, 0.583, 0.749, 0.000);Rejected_BelowThreshold
14:56:32;511;RGBA(0.969, 0.619, 0.143, 0.000);-500000,00;1;0,00;RGBA(0.862, 0.583, 0.749, 0.000);Rejected_BelowThreshold
14:56:32;512;RGBA(0.969, 0.619, 0.143, 0.000);-500000,00;1;0,00;RGBA(0.862, 0.583, 0.749, 0.000);Rejected_BelowThreshold
14:56:32;513;RGBA(0.969, 0.619, 0.143, 0.000);-500000,00;1;0,00;RGBA(0.862, 0.583, 0.749, 0.000);Rejected_BelowThreshold
14:56:32;514;RGBA(0.969, 0.619, 0.143, 0.000);-500000,00;1;0,00;RGBA(0.862, 0.583, 0.749, 0.000);Rejected_BelowThreshold
14:56:32;515;RGBA(0.969, 0.619, 0.143, 0.000);-500000,00;1;0,00;RGBA(0.862, 0.583, 0.749, 0.000);Rejected_BelowThreshold
14:56:32;516;RGBA(0.969, 0.619, 0.143, 0.000);-500000,00;1;0,00;RGBA(0.862, 0.583, 0.749, 0.000);Rejected_BelowThreshold
14:56:32;517;RGBA(0.969, 0.619, 0.143, 0.000);-500000,00;1;0,00;RGBA(0.862, 0.583, 0.749, 0.000);Rejected_BelowThreshold
14:56:32;518;RGBA(0.969, 0.619, 0.143, 0.000);-500000,00;1;0,00;RGBA(0.862, 0.583, 0.749, 0.000);Rejected_BelowThreshold
14:56:32;519;RGBA(0.969, 0.619, 0.143, 0.000);-500000,00;1;0,00;RGBA(0.862, 0.583, 0.749, 0.000);Rejected_BelowThreshold
14:56:32;520;RGBA(0.969, 0.619, 0.143, 0.000);-500000,00;1;0,00;RGBA(0.862, 0.583, 0.749, 0.000);Rejected_BelowThreshold
14:56:32;521;RGBA(0.969, 0.619, 0.143, 0.000);-500000,00;1;0,00;RGBA(0.862, 0.583, 0.749, 0.000);Rejected_BelowThreshold
14:56:32;522;RGBA(0.969, 0.619, 0.143, 0.000);-500000,00;1;0,00;RGBA(0.862, 0.583, 0.749, 0.000);Rejected_BelowThreshold
14:56:32;523;RGBA(0.969, 0.619, 0.143, 0.000);-500000,00;1;0,00;RGBA(0.862, 0.583, 0.749, 0.000);Rejected_BelowThreshold
14:56:32;524;RGBA(0.969, 0.619, 0.143, 0.000);-500000,00;1;0,00;RGBA(0.862, 0.583, 0.749, 0.000);Rejected_BelowThreshold
14:56:32;525;RGBA(0.969, 0.619, 0.143, 0.000);-500000,00;1;0,00;RGBA(0.862, 0.583, 0.749, 0.000);Rejected_BelowThreshold
14:56:32;526;RGBA(0.969, 0.619, 0.143, 0.000);-500000,00;1;0,00;RGBA(0.862, 0.583, 0.749, 0.000);Rejected_BelowThreshold
14:56:32;527;RGBA(0.969, 0.619, 0.143, 0.000);-500000,00;1;0,00;RGBA(0.862, 0.583, 0.749, 0.000);Rejected_BelowThreshold
14:56:32;528;RGBA(0.969, 0.619, 0.143, 0.000);-500000,00;1;0,00;RGBA(0.862, 0.583, 0.749, 0.000);Rejected_BelowThreshold
14:56:32;529;RGBA(0.969, 0.619, 0.143, 0.000);-500000,00;1;0,00;RGBA(0.862, 0.583, 0.749, 0.000);Rejected_BelowThreshold
14:56:32;530;RGBA(0.969, 0.619, 0.143, 0.000);-500000,00;1;0,00;RGBA(0.862, 0.583, 0.749, 0.000);Rejected_BelowThreshold
14:56:32;531;RGBA(0.969, 0.619, 0.143, 0.000);-500000,00;1;0,00;RGBA(0.862, 0.583, 0.749, 0.000);Rejected_BelowThreshold
14:56:32;532;RGBA(0.969, 0.619, 0.143, 0.000);-500000,00;1;0,00;RGBA(0.862, 0.583, 0.749, 0.000);Rejected_BelowThreshold
14:56:32;533;RGBA(0.969, 0.619, 0.143, 0.000);-500000,00;1;0,00;RGBA(0.862, 0.583, 0.749, 0.000);Rejected_BelowThreshold
14:56:32;534;RGBA(0.969, 0.619, 0.143, 0.000);-500000,00;1;0,00;RGBA(0.862, 0.583, 0.749, 0.000);Rejected_BelowThreshold
14:56:32;535;RGBA(0.969, 0.619, 0.143, 0.000);-500000,00;1;0,00;RGBA(0.862, 0.583, 0.749, 0.000);Rejected_BelowThreshold
14:56:32;536;RGBA(0.969, 0.619, 0.143, 0.000);-500000,00;1;0,00;RGBA(0.862, 0.583, 0.749, 0.000);Rejected_BelowThreshold
14:56:32;537;RGBA(0.969, 0.619, 0.143, 0.000);-500000,00;1;0,00;RGBA(0.862, 0.583, 0.749, 0.000);Rejected_BelowThreshold
14:56:32;538;RGBA(0.969, 0.619, 0.143, 0.000);-500000,00;1;0,00;RGBA(0.862, 0.583, 0.749, 0.000);Rejected_BelowThreshold
14:56:32;539;RGBA(0.969, 0.619, 0.143, 0.000);-500000,00;1;0,00;RGBA(0.862, 0.583, 0.749, 0.000);Rejected_BelowThreshold
14:56:32;540;RGBA(0.969, 0.619, 0.143, 0.000);-500000,00;1;0,00;RGBA(0.862, 0.583, 0.749, 0.000);Rejected_BelowThreshold
14:56:32;541;RGBA(0.969, 0.619, 0.143, 0.000);-500000,00;1;0,00;RGBA(0.862, 0.583, 0.749, 0.000);Rejected_BelowThreshold
14:56:32;542;RGBA(0.969, 0.619, 0.143, 0.000);-500000,00;1;0,00;RGBA(0.862, 0.583, 0.749, 0.000);Rejected_BelowThreshold
14:56:32;543;RGBA(0.969, 0.619, 0.143, 0.000);-500000,00;1;0,00;RGBA(0.862, 0.583, 0.749, 0.000);Rejected_BelowThreshold
14:56:32;544;RGBA(0.969, 0.619, 0.143, 0.000);-500000,00;1;0,00;RGBA(0.862, 0.583, 0.749, 0.000);Rejected_BelowThreshold
14:56:32;545;RGBA(0.969, 0.619, 0.143, 0.000);-500000,00;1;0,00;RGBA(0.862, 0.583, 0.749, 0.000);Rejected_BelowThreshold
14:56:32;546;RGBA(0.969, 0.619, 0.143, 0.000);-500000,00;1;0,00;RGBA(0.862, 0.583, 0.749, 0.000);Rejected_BelowThreshold
14:56:32;547;RGBA(0.969, 0.619, 0.143, 0.000);-500000,00;1;0,00;RGBA(0.862, 0.583, 0.749, 0.000);Rejected_BelowThreshold
14:56:32;548;RGBA(0.969, 0.619, 0.143, 0.000);-500000,00;1;0,00;RGBA(0.862, 0.583, 0.749, 0.000);Rejected_BelowThreshold
14:56:32;549;RGBA(0.969, 0.619, 0.143, 0.000);-500000,00;1;0,00;RGBA(0.862, 0.583, 0.749, 0.000);Rejected_BelowThreshold
14:56:32;550;RGBA(0.969, 0.619, 0.143, 0.000);-500000,00;1;0,00;RGBA(0.862, 0.583, 0.749, 0.000);Rejected_BelowThreshold
14:56:32;551;RGBA(0.969, 0.619, 0.143, 0.000);-500000,00;1;0,00;RGBA(0.862, 0.583, 0.749, 0.000);Rejected_BelowThreshold
14:56:32;552;RGBA(0.969, 0.619, 0.143, 0.000);-500000,00;1;0,00;RGBA(0.862, 0.583, 0.749, 0.000);Rejected_BelowThreshold
14:56:32;553;RGBA(0.969, 0.619, 0.143, 0.000);-500000,00;1;0,00;RGBA(0.862, 0.583, 0.749, 0.000);Rejected_BelowThreshold
14:56:32;554;RGBA(0.969, 0.619, 0.143, 0.000);-500000,00;1;0,00;RGBA(0.862, 0.583, 0.749, 0.000);Rejected_BelowThreshold
14:56:32;555;RGBA(0.969, 0.619, 0.143, 0.000);-500000,00;1;0,00;RGBA(0.862, 0.583, 0.749, 0.000);Rejected_BelowThreshold
14:56:32;556;RGBA(0.969, 0.619, 0.143, 0.000);-500000,00;1;0,00;RGBA(0.862, 0.583, 0.749, 0.000);Rejected_BelowThreshold
14:56:32;557;RGBA(0.969, 0.619, 0.143, 0.000);-500000,00;1;0,00;RGBA(0.862, 0.583, 0.749, 0.000);Rejected_BelowThreshold
14:56:32;558;RGBA(0.969, 0.619, 0.143, 0.000);-500000,00;1;0,00;RGBA(0.862, 0.583, 0.749, 0.000);Rejected_BelowThreshold
14:56:32;559;RGBA(0.969, 0.619, 0.143, 0.000);-500000,00;1;0,00;RGBA(0.862, 0.583, 0.749, 0.000);Rejected_BelowThreshold
14:56:32;560;RGBA(0.969, 0.619, 0.143, 0.000);-500000,00;1;0,00;RGBA(0.862, 0.583, 0.749, 0.000);Rejected_BelowThreshold
14:56:32;561;RGBA(0.969, 0.619, 0.143, 0.000);-500000,00;1;0,00;RGBA(0.862, 0.583, 0.749, 0.000);Rejected_BelowThreshold
14:56:32;562;RGBA(0.969, 0.619, 0.143, 0.000);-500000,00;1;0,00;RGBA(0.862, 0.583, 0.749, 0.000);Rejected_BelowThreshold
14:56:32;563;RGBA(0.969, 0.619, 0.143, 0.000);-500000,00;1;0,00;RGBA(0.862, 0.583, 0.749, 0.000);Rejected_BelowThreshold
14:56:32;564;RGBA(0.969, 0.619, 0.143, 0.000);-500000,00;1;0,00;RGBA(0.862, 0.583, 0.749, 0.000);Rejected_BelowThreshold
14:56:32;565;RGBA(0.969, 0.619, 0.143, 0.000);-500000,00;1;0,00;RGBA(0.862, 0.583, 0.749, 0.000);Rejected_BelowThreshold
14:56:32;566;RGBA(0.969, 0.619, 0.143, 0.000);-500000,00;1;0,00;RGBA(0.862, 0.583, 0.749, 0.000);Rejected_BelowThreshold
14:56:32;567;RGBA(0.969, 0.619, 0.143, 0.000);-500000,00;1;0,00;RGBA(0.862, 0.583, 0.749, 0.000);Rejected_BelowThreshold
14:56:32;568;RGBA(0.969, 0.619, 0.143, 0.000);-500000,00;1;0,00;RGBA(0.862, 0.583, 0.749, 0.000);Rejected_BelowThreshold
14:56:32;569;RGBA(0.969, 0.619, 0.143, 0.000);-500000,00;1;0,00;RGBA(0.862, 0.583, 0.749, 0.000);Rejected_BelowThreshold
14:56:32;570;RGBA(0.969, 0.619, 0.143, 0.000);-500000,00;1;0,00;RGBA(0.862, 0.583, 0.749, 0.000);Rejected_BelowThreshold
14:56:32;571;RGBA(0.969, 0.619, 0.143, 0.000);-500000,00;1;0,00;RGBA(0.862, 0.583, 0.749, 0.000);Rejected_BelowThreshold
14:56:32;572;RGBA(0.969, 0.619, 0.143, 0.000);-500000,00;1;0,00;RGBA(0.862, 0.583, 0.749, 0.000);Rejected_BelowThreshold
14:56:32;573;RGBA(0.969, 0.619, 0.143, 0.000);-500000,00;1;0,00;RGBA(0.862, 0.583, 0.749, 0.000);Rejected_BelowThreshold
14:56:32;574;RGBA(0.969, 0.619, 0.143, 0.000);-500000,00;1;0,00;RGBA(0.862, 0.583, 0.749, 0.000);Rejected_BelowThreshold
14:56:32;575;RGBA(0.969, 0.619, 0.143, 0.000);-500000,00;1;0,00;RGBA(0.862, 0.583, 0.749, 0.000);Rejected_BelowThreshold
14:56:32;576;RGBA(0.969, 0.619, 0.143, 0.000);-500000,00;1;0,00;RGBA(0.862, 0.583, 0.749, 0.000);Rejected_BelowThreshold
14:56:32;577;RGBA(0.969, 0.619, 0.143, 0.000);-500000,00;1;0,00;RGBA(0.862, 0.583, 0.749, 0.000);Rejected_BelowThreshold
14:56:32;578;RGBA(0.969, 0.619, 0.143, 0.000);-500000,00;1;0,00;RGBA(0.862, 0.583, 0.749, 0.000);Rejected_BelowThreshold
14:56:32;579;RGBA(0.969, 0.619, 0.143, 0.000);-500000,00;1;0,00;RGBA(0.862, 0.583, 0.749, 0.000);Rejected_BelowThreshold
14:56:32;580;RGBA(0.969, 0.619, 0.143, 0.000);-500000,00;1;0,00;RGBA(0.862, 0.583, 0.749, 0.000);Rejected_BelowThreshold
14:56:32;581;RGBA(0.969, 0.619, 0.143, 0.000);-500000,00;1;0,00;RGBA(0.862, 0.583, 0.749, 0.000);Rejected_BelowThreshold
14:56:32;582;RGBA(0.969, 0.619, 0.143, 0.000);-500000,00;1;0,00;RGBA(0.862, 0.583, 0.749, 0.000);Rejected_BelowThreshold
14:56:32;583;RGBA(0.969, 0.619, 0.143, 0.000);-500000,00;1;0,00;RGBA(0.862, 0.583, 0.749, 0.000);Rejected_BelowThreshold
14:56:32;584;RGBA(0.969, 0.619, 0.143, 0.000);-500000,00;1;0,00;RGBA(0.862, 0.583, 0.749, 0.000);Rejected_BelowThreshold
14:56:32;585;RGBA(0.969, 0.619, 0.143, 0.000);-500000,00;1;0,00;RGBA(0.862, 0.583, 0.749, 0.000);Rejected_BelowThreshold
14:56:32;586;RGBA(0.969, 0.619, 0.143, 0.000);-500000,00;1;0,00;RGBA(0.862, 0.583, 0.749, 0.000);Rejected_BelowThreshold
14:56:32;587;RGBA(0.969, 0.619, 0.143, 0.000);-500000,00;1;0,00;RGBA(0.862, 0.583, 0.749, 0.000);Rejected_BelowThreshold
14:56:32;588;RGBA(0.969, 0.619, 0.143, 0.000);-500000,00;1;0,00;RGBA(0.862, 0.583, 0.749, 0.000);Rejected_BelowThreshold
14:56:32;589;RGBA(0.969, 0.619, 0.143, 0.000);-500000,00;1;0,00;RGBA(0.862, 0.583, 0.749, 0.000);Rejected_BelowThreshold
14:56:32;590;RGBA(0.969, 0.619, 0.143, 0.000);-500000,00;1;0,00;RGBA(0.862, 0.583, 0.749, 0.000);Rejected_BelowThreshold
14:56:32;591;RGBA(0.969, 0.619, 0.143, 0.000);-500000,00;1;0,00;RGBA(0.862, 0.583, 0.749, 0.000);Rejected_BelowThreshold
14:56:32;592;RGBA(0.969, 0.619, 0.143, 0.000);-500000,00;1;0,00;RGBA(0.862, 0.583, 0.749, 0.000);Rejected_BelowThreshold
14:56:32;593;RGBA(0.969, 0.619, 0.143, 0.000);-500000,00;1;0,00;RGBA(0.862, 0.583, 0.749, 0.000);Rejected_BelowThreshold
14:56:32;594;RGBA(0.969, 0.619, 0.143, 0.000);-500000,00;1;0,00;RGBA(0.862, 0.583, 0.749, 0.000);Rejected_BelowThreshold
14:56:32;595;RGBA(0.969, 0.619, 0.143, 0.000);-500000,00;1;0,00;RGBA(0.862, 0.583, 0.749, 0.000);Rejected_BelowThreshold
14:56:32;596;RGBA(0.969, 0.619, 0.143, 0.000);-500000,00;1;0,00;RGBA(0.862, 0.583, 0.749, 0.000);Rejected_BelowThreshold
14:56:32;597;RGBA(0.969, 0.619, 0.143, 0.000);-500000,00;1;0,00;RGBA(0.862, 0.583, 0.749, 0.000);Rejected_BelowThreshold
14:56:32;598;RGBA(0.969, 0.619, 0.143, 0.000);-500000,00;1;0,00;RGBA(0.862, 0.583, 0.749, 0.000);Rejected_BelowThreshold
14:56:32;599;RGBA(0.969, 0.619, 0.143, 0.000);-500000,00;1;0,00;RGBA(0.862, 0.583, 0.749, 0.000);Rejected_BelowThreshold
14:56:32;600;RGBA(0.969, 0.619, 0.143, 0.000);-500000,00;1;0,00;RGBA(0.862, 0.583, 0.749, 0.000);Rejected_BelowThreshold
14:56:32;601;RGBA(0.969, 0.619, 0.143, 0.000);-500000,00;1;0,00;RGBA(0.862, 0.583, 0.749, 0.000);Rejected_BelowThreshold
14:56:32;602;RGBA(0.969, 0.619, 0.143, 0.000);-500000,00;1;0,00;RGBA(0.862, 0.583, 0.749, 0.000);Rejected_BelowThreshold
14:56:32;603;RGBA(0.969, 0.619, 0.143, 0.000);-500000,00;1;0,00;RGBA(0.862, 0.583, 0.749, 0.000);Rejected_BelowThreshold
14:56:32;604;RGBA(0.969, 0.619, 0.143, 0.000);-500000,00;1;0,00;RGBA(0.862, 0.583, 0.749, 0.000);Rejected_BelowThreshold
14:56:32;605;RGBA(0.969, 0.619, 0.143, 0.000);-500000,00;1;0,00;RGBA(0.862, 0.583, 0.749, 0.000);Rejected_BelowThreshold
14:56:32;606;RGBA(0.969, 0.619, 0.143, 0.000);-500000,00;1;0,00;RGBA(0.862, 0.583, 0.749, 0.000);Rejected_BelowThreshold
14:56:32;607;RGBA(0.969, 0.619, 0.143, 0.000);-500000,00;1;0,00;RGBA(0.862, 0.583, 0.749, 0.000);Rejected_BelowThreshold
14:56:32;608;RGBA(0.969, 0.619, 0.143, 0.000);-500000,00;1;0,00;RGBA(0.862, 0.583, 0.749, 0.000);Rejected_BelowThreshold
14:56:32;609;RGBA(0.969, 0.619, 0.143, 0.000);-500000,00;1;0,00;RGBA(0.862, 0.583, 0.749, 0.000);Rejected_BelowThreshold
14:56:32;610;RGBA(0.969, 0.619, 0.143, 0.000);-500000,00;1;0,00;RGBA(0.862, 0.583, 0.749, 0.000);Rejected_BelowThreshold
14:56:32;611;RGBA(0.969, 0.619, 0.143, 0.000);-500000,00;1;0,00;RGBA(0.862, 0.583, 0.749, 0.000);Rejected_BelowThreshold
14:56:32;612;RGBA(0.969, 0.619, 0.143, 0.000);-500000,00;1;0,00;RGBA(0.862, 0.583, 0.749, 0.000);Rejected_BelowThreshold
14:56:32;613;RGBA(0.969, 0.619, 0.143, 0.000);-500000,00;1;0,00;RGBA(0.862, 0.583, 0.749, 0.000);Rejected_BelowThreshold
14:56:32;614;RGBA(0.969, 0.619, 0.143, 0.000);-500000,00;1;0,00;RGBA(0.862, 0.583, 0.749, 0.000);Rejected_BelowThreshold
14:56:32;615;RGBA(0.969, 0.619, 0.143, 0.000);-500000,00;1;0,00;RGBA(0.862, 0.583, 0.749, 0.000);Rejected_BelowThreshold
14:56:32;616;RGBA(0.969, 0.619, 0.143, 0.000);-500000,00;1;0,00;RGBA(0.862, 0.583, 0.749, 0.000);Rejected_BelowThreshold
14:56:32;617;RGBA(0.969, 0.619, 0.143, 0.000);-500000,00;1;0,00;RGBA(0.862, 0.583, 0.749, 0.000);Rejected_BelowThreshold
14:56:32;618;RGBA(0.969, 0.619, 0.143, 0.000);-500000,00;1;0,00;RGBA(0.862, 0.583, 0.749, 0.000);Rejected_BelowThreshold
14:56:32;619;RGBA(0.969, 0.619, 0.143, 0.000);-500000,00;1;0,00;RGBA(0.862, 0.583, 0.749, 0.000);Rejected_BelowThreshold
14:56:32;620;RGBA(0.969, 0.619, 0.143, 0.000);-500000,00;1;0,00;RGBA(0.862, 0.583, 0.749, 0.000);Rejected_BelowThreshold
14:56:32;621;RGBA(0.969, 0.619, 0.143, 0.000);-500000,00;1;0,00;RGBA(0.862, 0.583, 0.749, 0.000);Rejected_BelowThreshold
14:56:32;622;RGBA(0.969, 0.619, 0.143, 0.000);-500000,00;1;0,00;RGBA(0.862, 0.583, 0.749, 0.000);Rejected_BelowThreshold
14:56:32;623;RGBA(0.969, 0.619, 0.143, 0.000);-500000,00;1;0,00;RGBA(0.862, 0.583, 0.749, 0.000);Rejected_BelowThreshold
14:56:32;624;RGBA(0.969, 0.619, 0.143, 0.000);-500000,00;1;0,00;RGBA(0.862, 0.583, 0.749, 0.000);Rejected_BelowThreshold
14:56:32;625;RGBA(0.969, 0.619, 0.143, 0.000);-500000,00;1;0,00;RGBA(0.862, 0.583, 0.749, 0.000);Rejected_BelowThreshold
14:56:32;626;RGBA(0.969, 0.619, 0.143, 0.000);-500000,00;1;0,00;RGBA(0.862, 0.583, 0.749, 0.000);Rejected_BelowThreshold
14:56:32;627;RGBA(0.969, 0.619, 0.143, 0.000);-500000,00;1;0,00;RGBA(0.862, 0.583, 0.749, 0.000);Rejected_BelowThreshold
14:56:32;628;RGBA(0.969, 0.619, 0.143, 0.000);-500000,00;1;0,00;RGBA(0.862, 0.583, 0.749, 0.000);Rejected_BelowThreshold
14:56:32;629;RGBA(0.969, 0.619, 0.143, 0.000);-500000,00;1;0,00;RGBA(0.862, 0.583, 0.749, 0.000);Rejected_BelowThreshold
14:56:32;630;RGBA(0.969, 0.619, 0.143, 0.000);-500000,00;1;0,00;RGBA(0.862, 0.583, 0.749, 0.000);Rejected_BelowThreshold
14:56:32;631;RGBA(0.969, 0.619, 0.143, 0.000);-500000,00;1;0,00;RGBA(0.862, 0.583, 0.749, 0.000);Rejected_BelowThreshold
14:56:32;632;RGBA(0.969, 0.619, 0.143, 0.000);-500000,00;1;0,00;RGBA(0.862, 0.583, 0.749, 0.000);Rejected_BelowThreshold
14:56:32;633;RGBA(0.969, 0.619, 0.143, 0.000);-500000,00;1;0,00;RGBA(0.862, 0.583, 0.749, 0.000);Rejected_BelowThreshold
14:56:32;634;RGBA(0.969, 0.619, 0.143, 0.000);-500000,00;1;0,00;RGBA(0.862, 0.583, 0.749, 0.000);Rejected_BelowThreshold
14:56:32;635;RGBA(0.969, 0.619, 0.143, 0.000);-500000,00;1;0,00;RGBA(0.862, 0.583, 0.749, 0.000);Rejected_BelowThreshold
14:56:32;636;RGBA(0.969, 0.619, 0.143, 0.000);-500000,00;1;0,00;RGBA(0.862, 0.583, 0.749, 0.000);Rejected_BelowThreshold
14:56:32;637;RGBA(0.969, 0.619, 0.143, 0.000);-500000,00;1;0,00;RGBA(0.862, 0.583, 0.749, 0.000);Rejected_BelowThreshold
14:56:32;638;RGBA(0.969, 0.619, 0.143, 0.000);-500000,00;1;0,00;RGBA(0.862, 0.583, 0.749, 0.000);Rejected_BelowThreshold
14:56:32;639;RGBA(0.969, 0.619, 0.143, 0.000);-500000,00;1;0,00;RGBA(0.862, 0.583, 0.749, 0.000);Rejected_BelowThreshold
14:56:32;640;RGBA(0.969, 0.619, 0.143, 0.000);-500000,00;1;0,00;RGBA(0.862, 0.583, 0.749, 0.000);Rejected_BelowThreshold
14:56:32;641;RGBA(0.969, 0.619, 0.143, 0.000);-500000,00;1;0,00;RGBA(0.862, 0.583, 0.749, 0.000);Rejected_BelowThreshold
14:56:32;642;RGBA(0.969, 0.619, 0.143, 0.000);-500000,00;1;0,00;RGBA(0.862, 0.583, 0.749, 0.000);Rejected_BelowThreshold
14:56:32;643;RGBA(0.969, 0.619, 0.143, 0.000);-500000,00;1;0,00;RGBA(0.862, 0.583, 0.749, 0.000);Rejected_BelowThreshold
14:56:32;644;RGBA(0.969, 0.619, 0.143, 0.000);-500000,00;1;0,00;RGBA(0.862, 0.583, 0.749, 0.000);Rejected_BelowThreshold
14:56:32;645;RGBA(0.969, 0.619, 0.143, 0.000);-500000,00;1;0,00;RGBA(0.862, 0.583, 0.749, 0.000);Rejected_BelowThreshold
14:56:32;646;RGBA(0.969, 0.619, 0.143, 0.000);-500000,00;1;0,00;RGBA(0.862, 0.583, 0.749, 0.000);Rejected_BelowThreshold
14:56:32;647;RGBA(0.969, 0.619, 0.143, 0.000);-500000,00;1;0,00;RGBA(0.862, 0.583, 0.749, 0.000);Rejected_BelowThreshold
14:56:32;648;RGBA(0.969, 0.619, 0.143, 0.000);-500000,00;1;0,00;RGBA(0.862, 0.583, 0.749, 0.000);Rejected_BelowThreshold
14:56:32;649;RGBA(0.969, 0.619, 0.143, 0.000);-500000,00;1;0,00;RGBA(0.862, 0.583, 0.749, 0.000);Rejected_BelowThreshold
14:56:32;650;RGBA(0.969, 0.619, 0.143, 0.000);-500000,00;1;0,00;RGBA(0.862, 0.583, 0.749, 0.000);Rejected_BelowThreshold
14:56:32;651;RGBA(0.969, 0.619, 0.143, 0.000);-500000,00;1;0,00;RGBA(0.862, 0.583, 0.749, 0.000);Rejected_BelowThreshold
14:56:32;652;RGBA(0.969, 0.619, 0.143, 0.000);-500000,00;1;0,00;RGBA(0.862, 0.583, 0.749, 0.000);Rejected_BelowThreshold
14:56:32;653;RGBA(0.969, 0.619, 0.143, 0.000);-500000,00;1;0,00;RGBA(0.862, 0.583, 0.749, 0.000);Rejected_BelowThreshold
14:56:32;654;RGBA(0.969, 0.619, 0.143, 0.000);-500000,00;1;0,00;RGBA(0.862, 0.583, 0.749, 0.000);Rejected_BelowThreshold
14:56:32;655;RGBA(0.969, 0.619, 0.143, 0.000);-500000,00;1;0,00;RGBA(0.862, 0.583, 0.749, 0.000);Rejected_BelowThreshold
14:56:32;656;RGBA(0.969, 0.619, 0.143, 0.000);-500000,00;1;0,00;RGBA(0.862, 0.583, 0.749, 0.000);Rejected_BelowThreshold
14:56:32;657;RGBA(0.969, 0.619, 0.143, 0.000);-500000,00;1;0,00;RGBA(0.862, 0.583, 0.749, 0.000);Rejected_BelowThreshold
14:56:32;658;RGBA(0.969, 0.619, 0.143, 0.000);-500000,00;1;0,00;RGBA(0.862, 0.583, 0.749, 0.000);Rejected_BelowThreshold
14:56:32;659;RGBA(0.969, 0.619, 0.143, 0.000);-500000,00;1;0,00;RGBA(0.862, 0.583, 0.749, 0.000);Rejected_BelowThreshold
14:56:32;660;RGBA(0.969, 0.619, 0.143, 0.000);-500000,00;1;0,00;RGBA(0.862, 0.583, 0.749, 0.000);Rejected_BelowThreshold
14:56:32;661;RGBA(0.969, 0.619, 0.143, 0.000);-500000,00;1;0,00;RGBA(0.862, 0.583, 0.749, 0.000);Rejected_BelowThreshold
14:56:32;662;RGBA(0.969, 0.619, 0.143, 0.000);-500000,00;1;0,00;RGBA(0.862, 0.583, 0.749, 0.000);Rejected_BelowThreshold
14:56:32;663;RGBA(0.969, 0.619, 0.143, 0.000);-500000,00;1;0,00;RGBA(0.862, 0.583, 0.749, 0.000);Rejected_BelowThreshold
14:56:32;664;RGBA(0.969, 0.619, 0.143, 0.000);-500000,00;1;0,00;RGBA(0.862, 0.583, 0.749, 0.000);Rejected_BelowThreshold
14:56:32;665;RGBA(0.969, 0.619, 0.143, 0.000);-500000,00;1;0,00;RGBA(0.862, 0.583, 0.749, 0.000);Rejected_BelowThreshold
14:56:32;666;RGBA(0.969, 0.619, 0.143, 0.000);-500000,00;1;0,00;RGBA(0.862, 0.583, 0.749, 0.000);Rejected_BelowThreshold
14:56:32;667;RGBA(0.969, 0.619, 0.143, 0.000);-500000,00;1;0,00;RGBA(0.862, 0.583, 0.749, 0.000);Rejected_BelowThreshold
14:56:32;668;RGBA(0.969, 0.619, 0.143, 0.000);-500000,00;1;0,00;RGBA(0.862, 0.583, 0.749, 0.000);Rejected_BelowThreshold
14:56:32;669;RGBA(0.969, 0.619, 0.143, 0.000);-500000,00;1;0,00;RGBA(0.862, 0.583, 0.749, 0.000);Rejected_BelowThreshold
14:56:32;670;RGBA(0.969, 0.619, 0.143, 0.000);-500000,00;1;0,00;RGBA(0.862, 0.583, 0.749, 0.000);Rejected_BelowThreshold
14:56:32;671;RGBA(0.969, 0.619, 0.143, 0.000);-500000,00;1;0,00;RGBA(0.862, 0.583, 0.749, 0.000);Rejected_BelowThreshold
14:56:32;672;RGBA(0.969, 0.619, 0.143, 0.000);-500000,00;1;0,00;RGBA(0.862, 0.583, 0.749, 0.000);Rejected_BelowThreshold
14:56:32;673;RGBA(0.969, 0.619, 0.143, 0.000);-500000,00;1;0,00;RGBA(0.862, 0.583, 0.749, 0.000);Rejected_BelowThreshold
14:56:32;674;RGBA(0.969, 0.619, 0.143, 0.000);-500000,00;1;0,00;RGBA(0.862, 0.583, 0.749, 0.000);Rejected_BelowThreshold
14:56:32;675;RGBA(0.969, 0.619, 0.143, 0.000);-500000,00;1;0,00;RGBA(0.862, 0.583, 0.749, 0.000);Rejected_BelowThreshold
14:56:32;676;RGBA(0.969, 0.619, 0.143, 0.000);-500000,00;1;0,00;RGBA(0.862, 0.583, 0.749, 0.000);Rejected_BelowThreshold
14:56:32;677;RGBA(0.969, 0.619, 0.143, 0.000);-500000,00;1;0,00;RGBA(0.862, 0.583, 0.749, 0.000);Rejected_BelowThreshold
14:56:32;678;RGBA(0.969, 0.619, 0.143, 0.000);-500000,00;1;0,00;RGBA(0.862, 0.583, 0.749, 0.000);Rejected_BelowThreshold
14:56:32;679;RGBA(0.969, 0.619, 0.143, 0.000);-500000,00;1;0,00;RGBA(0.862, 0.583, 0.749, 0.000);Rejected_BelowThreshold
14:56:32;680;RGBA(0.969, 0.619, 0.143, 0.000);-500000,00;1;0,00;RGBA(0.862, 0.583, 0.749, 0.000);Rejected_BelowThreshold
14:56:32;681;RGBA(0.969, 0.619, 0.143, 0.000);-500000,00;1;0,00;RGBA(0.862, 0.583, 0.749, 0.000);Rejected_BelowThreshold
14:56:32;682;RGBA(0.969, 0.619, 0.143, 0.000);-500000,00;1;0,00;RGBA(0.862, 0.583, 0.749, 0.000);Rejected_BelowThreshold
14:56:32;683;RGBA(0.969, 0.619, 0.143, 0.000);-500000,00;1;0,00;RGBA(0.862, 0.583, 0.749, 0.000);Rejected_BelowThreshold
14:56:32;684;RGBA(0.969, 0.619, 0.143, 0.000);-500000,00;1;0,00;RGBA(0.862, 0.583, 0.749, 0.000);Rejected_BelowThreshold
14:56:32;685;RGBA(0.969, 0.619, 0.143, 0.000);-500000,00;1;0,00;RGBA(0.862, 0.583, 0.749, 0.000);Rejected_BelowThreshold
14:56:32;686;RGBA(0.969, 0.619, 0.143, 0.000);-500000,00;1;0,00;RGBA(0.862, 0.583, 0.749, 0.000);Rejected_BelowThreshold
14:56:32;687;RGBA(0.969, 0.619, 0.143, 0.000);-500000,00;1;0,00;RGBA(0.862, 0.583, 0.749, 0.000);Rejected_BelowThreshold
14:56:32;688;RGBA(0.969, 0.619, 0.143, 0.000);-500000,00;1;0,00;RGBA(0.862, 0.583, 0.749, 0.000);Rejected_BelowThreshold
14:56:32;689;RGBA(0.969, 0.619, 0.143, 0.000);-500000,00;1;0,00;RGBA(0.862, 0.583, 0.749, 0.000);Rejected_BelowThreshold
14:56:32;690;RGBA(0.969, 0.619, 0.143, 0.000);-500000,00;1;0,00;RGBA(0.862, 0.583, 0.749, 0.000);Rejected_BelowThreshold
14:56:32;691;RGBA(0.969, 0.619, 0.143, 0.000);-500000,00;1;0,00;RGBA(0.862, 0.583, 0.749, 0.000);Rejected_BelowThreshold
14:56:32;692;RGBA(0.969, 0.619, 0.143, 0.000);-500000,00;1;0,00;RGBA(0.862, 0.583, 0.749, 0.000);Rejected_BelowThreshold
14:56:32;693;RGBA(0.969, 0.619, 0.143, 0.000);-500000,00;1;0,00;RGBA(0.862, 0.583, 0.749, 0.000);Rejected_BelowThreshold
14:56:32;694;RGBA(0.969, 0.619, 0.143, 0.000);-500000,00;1;0,00;RGBA(0.862, 0.583, 0.749, 0.000);Rejected_BelowThreshold
14:56:32;695;RGBA(0.969, 0.619, 0.143, 0.000);-500000,00;1;0,00;RGBA(0.862, 0.583, 0.749, 0.000);Rejected_BelowThreshold
14:56:32;696;RGBA(0.969, 0.619, 0.143, 0.000);-500000,00;1;0,00;RGBA(0.862, 0.583, 0.749, 0.000);Rejected_BelowThreshold
14:56:32;697;RGBA(0.969, 0.619, 0.143, 0.000);-500000,00;1;0,00;RGBA(0.862, 0.583, 0.749, 0.000);Rejected_BelowThreshold
14:56:32;698;RGBA(0.969, 0.619, 0.143, 0.000);-500000,00;1;0,00;RGBA(0.862, 0.583, 0.749, 0.000);Rejected_BelowThreshold
14:56:32;699;RGBA(0.969, 0.619, 0.143, 0.000);-500000,00;1;0,00;RGBA(0.862, 0.583, 0.749, 0.000);Rejected_BelowThreshold
14:56:32;700;RGBA(0.969, 0.619, 0.143, 0.000);-500000,00;1;0,00;RGBA(0.862, 0.583, 0.749, 0.000);Rejected_BelowThreshold
14:56:32;701;RGBA(0.969, 0.619, 0.143, 0.000);-500000,00;1;0,00;RGBA(0.862, 0.583, 0.749, 0.000);Rejected_BelowThreshold
14:56:32;702;RGBA(0.969, 0.619, 0.143, 0.000);-500000,00;1;0,00;RGBA(0.862, 0.583, 0.749, 0.000);Rejected_BelowThreshold
14:56:32;703;RGBA(0.969, 0.619, 0.143, 0.000);-500000,00;1;0,00;RGBA(0.862, 0.583, 0.749, 0.000);Rejected_BelowThreshold
14:56:32;704;RGBA(0.969, 0.619, 0.143, 0.000);-500000,00;1;0,00;RGBA(0.862, 0.583, 0.749, 0.000);Rejected_BelowThreshold
14:56:32;705;RGBA(0.969, 0.619, 0.143, 0.000);-500000,00;1;0,00;RGBA(0.862, 0.583, 0.749, 0.000);Rejected_BelowThreshold
14:56:32;706;RGBA(0.969, 0.619, 0.143, 0.000);-500000,00;1;0,00;RGBA(0.862, 0.583, 0.749, 0.000);Rejected_BelowThreshold
14:56:32;707;RGBA(0.969, 0.619, 0.143, 0.000);-500000,00;1;0,00;RGBA(0.862, 0.583, 0.749, 0.000);Rejected_BelowThreshold
14:56:32;708;RGBA(0.969, 0.619, 0.143, 0.000);-500000,00;1;0,00;RGBA(0.862, 0.583, 0.749, 0.000);Rejected_BelowThreshold
14:56:32;709;RGBA(0.969, 0.619, 0.143, 0.000);-500000,00;1;0,00;RGBA(0.862, 0.583, 0.749, 0.000);Rejected_BelowThreshold
14:56:32;710;RGBA(0.969, 0.619, 0.143, 0.000);-500000,00;1;0,00;RGBA(0.862, 0.583, 0.749, 0.000);Rejected_BelowThreshold
14:56:32;711;RGBA(0.969, 0.619, 0.143, 0.000);-500000,00;1;0,00;RGBA(0.862, 0.583, 0.749, 0.000);Rejected_BelowThreshold
14:56:32;712;RGBA(0.969, 0.619, 0.143, 0.000);-500000,00;1;0,00;RGBA(0.862, 0.583, 0.749, 0.000);Rejected_BelowThreshold
14:56:32;713;RGBA(0.969, 0.619, 0.143, 0.000);-500000,00;1;0,00;RGBA(0.862, 0.583, 0.749, 0.000);Rejected_BelowThreshold
14:56:32;714;RGBA(0.969, 0.619, 0.143, 0.000);-500000,00;1;0,00;RGBA(0.862, 0.583, 0.749, 0.000);Rejected_BelowThreshold
14:56:32;715;RGBA(0.969, 0.619, 0.143, 0.000);-500000,00;1;0,00;RGBA(0.862, 0.583, 0.749, 0.000);Rejected_BelowThreshold
14:56:32;716;RGBA(0.969, 0.619, 0.143, 0.000);-500000,00;1;0,00;RGBA(0.862, 0.583, 0.749, 0.000);Rejected_BelowThreshold
14:56:32;717;RGBA(0.969, 0.619, 0.143, 0.000);-500000,00;1;0,00;RGBA(0.862, 0.583, 0.749, 0.000);Rejected_BelowThreshold
14:56:32;718;RGBA(0.969, 0.619, 0.143, 0.000);-500000,00;1;0,00;RGBA(0.862, 0.583, 0.749, 0.000);Rejected_BelowThreshold
14:56:32;719;RGBA(0.969, 0.619, 0.143, 0.000);-500000,00;1;0,00;RGBA(0.862, 0.583, 0.749, 0.000);Rejected_BelowThreshold
14:56:32;720;RGBA(0.969, 0.619, 0.143, 0.000);-500000,00;1;0,00;RGBA(0.862, 0.583, 0.749, 0.000);Rejected_BelowThreshold
14:56:32;721;RGBA(0.969, 0.619, 0.143, 0.000);-500000,00;1;0,00;RGBA(0.862, 0.583, 0.749, 0.000);Rejected_BelowThreshold
14:56:32;722;RGBA(0.969, 0.619, 0.143, 0.000);-500000,00;1;0,00;RGBA(0.862, 0.583, 0.749, 0.000);Rejected_BelowThreshold
14:56:32;723;RGBA(0.969, 0.619, 0.143, 0.000);-500000,00;1;0,00;RGBA(0.862, 0.583, 0.749, 0.000);Rejected_BelowThreshold
14:56:32;724;RGBA(0.969, 0.619, 0.143, 0.000);-500000,00;1;0,00;RGBA(0.862, 0.583, 0.749, 0.000);Rejected_BelowThreshold
14:56:32;725;RGBA(0.969, 0.619, 0.143, 0.000);-500000,00;1;0,00;RGBA(0.862, 0.583, 0.749, 0.000);Rejected_BelowThreshold
14:56:32;726;RGBA(0.969, 0.619, 0.143, 0.000);-500000,00;1;0,00;RGBA(0.862, 0.583, 0.749, 0.000);Rejected_BelowThreshold
14:56:32;727;RGBA(0.969, 0.619, 0.143, 0.000);-500000,00;1;0,00;RGBA(0.862, 0.583, 0.749, 0.000);Rejected_BelowThreshold
14:56:32;728;RGBA(0.969, 0.619, 0.143, 0.000);-500000,00;1;0,00;RGBA(0.862, 0.583, 0.749, 0.000);Rejected_BelowThreshold
14:56:32;729;RGBA(0.969, 0.619, 0.143, 0.000);-500000,00;1;0,00;RGBA(0.862, 0.583, 0.749, 0.000);Rejected_BelowThreshold
14:56:32;730;RGBA(0.969, 0.619, 0.143, 0.000);-500000,00;1;0,00;RGBA(0.862, 0.583, 0.749, 0.000);Rejected_BelowThreshold
14:56:32;731;RGBA(0.969, 0.619, 0.143, 0.000);-500000,00;1;0,00;RGBA(0.862, 0.583, 0.749, 0.000);Rejected_BelowThreshold
14:56:32;732;RGBA(0.969, 0.619, 0.143, 0.000);-500000,00;1;0,00;RGBA(0.862, 0.583, 0.749, 0.000);Rejected_BelowThreshold
14:56:32;733;RGBA(0.969, 0.619, 0.143, 0.000);-500000,00;1;0,00;RGBA(0.862, 0.583, 0.749, 0.000);Rejected_BelowThreshold
14:56:32;734;RGBA(0.969, 0.619, 0.143, 0.000);-500000,00;1;0,00;RGBA(0.862, 0.583, 0.749, 0.000);Rejected_BelowThreshold
14:56:32;735;RGBA(0.969, 0.619, 0.143, 0.000);-500000,00;1;0,00;RGBA(0.862, 0.583, 0.749, 0.000);Rejected_BelowThreshold
14:56:32;736;RGBA(0.969, 0.619, 0.143, 0.000);-500000,00;1;0,00;RGBA(0.862, 0.583, 0.749, 0.000);Rejected_BelowThreshold
14:56:32;737;RGBA(0.969, 0.619, 0.143, 0.000);-500000,00;1;0,00;RGBA(0.862, 0.583, 0.749, 0.000);Rejected_BelowThreshold
14:56:32;738;RGBA(0.969, 0.619, 0.143, 0.000);-500000,00;1;0,00;RGBA(0.862, 0.583, 0.749, 0.000);Rejected_BelowThreshold
14:56:32;739;RGBA(0.969, 0.619, 0.143, 0.000);-500000,00;1;0,00;RGBA(0.862, 0.583, 0.749, 0.000);Rejected_BelowThreshold
14:56:32;740;RGBA(0.969, 0.619, 0.143, 0.000);-500000,00;1;0,00;RGBA(0.862, 0.583, 0.749, 0.000);Rejected_BelowThreshold
14:56:32;741;RGBA(0.969, 0.619, 0.143, 0.000);-500000,00;1;0,00;RGBA(0.862, 0.583, 0.749, 0.000);Rejected_BelowThreshold
14:56:32;742;RGBA(0.969, 0.619, 0.143, 0.000);-500000,00;1;0,00;RGBA(0.862, 0.583, 0.749, 0.000);Rejected_BelowThreshold
14:56:32;743;RGBA(0.969, 0.619, 0.143, 0.000);-500000,00;1;0,00;RGBA(0.862, 0.583, 0.749, 0.000);Rejected_BelowThreshold
14:56:32;744;RGBA(0.969, 0.619, 0.143, 0.000);-500000,00;1;0,00;RGBA(0.862, 0.583, 0.749, 0.000);Rejected_BelowThreshold
14:56:32;745;RGBA(0.969, 0.619, 0.143, 0.000);-500000,00;1;0,00;RGBA(0.862, 0.583, 0.749, 0.000);Rejected_BelowThreshold
14:56:32;746;RGBA(0.969, 0.619, 0.143, 0.000);-500000,00;1;0,00;RGBA(0.862, 0.583, 0.749, 0.000);Rejected_BelowThreshold
14:56:32;747;RGBA(0.969, 0.619, 0.143, 0.000);-500000,00;1;0,00;RGBA(0.862, 0.583, 0.749, 0.000);Rejected_BelowThreshold
14:56:32;748;RGBA(0.969, 0.619, 0.143, 0.000);-500000,00;1;0,00;RGBA(0.862, 0.583, 0.749, 0.000);Rejected_BelowThreshold
14:56:32;749;RGBA(0.969, 0.619, 0.143, 0.000);-500000,00;1;0,00;RGBA(0.862, 0.583, 0.749, 0.000);Rejected_BelowThreshold
14:56:32;750;RGBA(0.969, 0.619, 0.143, 0.000);-500000,00;1;0,00;RGBA(0.862, 0.583, 0.749, 0.000);Rejected_BelowThreshold
14:56:32;751;RGBA(0.969, 0.619, 0.143, 0.000);-500000,00;1;0,00;RGBA(0.862, 0.583, 0.749, 0.000);Rejected_BelowThreshold
14:56:32;752;RGBA(0.969, 0.619, 0.143, 0.000);-500000,00;1;0,00;RGBA(0.862, 0.583, 0.749, 0.000);Rejected_BelowThreshold
14:56:32;753;RGBA(0.969, 0.619, 0.143, 0.000);-500000,00;1;0,00;RGBA(0.862, 0.583, 0.749, 0.000);Rejected_BelowThreshold
14:56:32;754;RGBA(0.969, 0.619, 0.143, 0.000);-500000,00;1;0,00;RGBA(0.862, 0.583, 0.749, 0.000);Rejected_BelowThreshold
14:56:32;755;RGBA(0.969, 0.619, 0.143, 0.000);-500000,00;1;0,00;RGBA(0.862, 0.583, 0.749, 0.000);Rejected_BelowThreshold
14:56:32;756;RGBA(0.969, 0.619, 0.143, 0.000);-500000,00;1;0,00;RGBA(0.862, 0.583, 0.749, 0.000);Rejected_BelowThreshold
14:56:32;757;RGBA(0.969, 0.619, 0.143, 0.000);-500000,00;1;0,00;RGBA(0.862, 0.583, 0.749, 0.000);Rejected_BelowThreshold
14:56:32;758;RGBA(0.969, 0.619, 0.143, 0.000);-500000,00;1;0,00;RGBA(0.862, 0.583, 0.749, 0.000);Rejected_BelowThreshold
14:56:32;759;RGBA(0.969, 0.619, 0.143, 0.000);-500000,00;1;0,00;RGBA(0.862, 0.583, 0.749, 0.000);Rejected_BelowThreshold
14:56:32;760;RGBA(0.969, 0.619, 0.143, 0.000);-500000,00;1;0,00;RGBA(0.862, 0.583, 0.749, 0.000);Rejected_BelowThreshold
14:56:32;761;RGBA(0.969, 0.619, 0.143, 0.000);-500000,00;1;0,00;RGBA(0.862, 0.583, 0.749, 0.000);Rejected_BelowThreshold
14:56:32;762;RGBA(0.969, 0.619, 0.143, 0.000);-500000,00;1;0,00;RGBA(0.862, 0.583, 0.749, 0.000);Rejected_BelowThreshold
14:56:32;763;RGBA(0.969, 0.619, 0.143, 0.000);-500000,00;1;0,00;RGBA(0.862, 0.583, 0.749, 0.000);Rejected_BelowThreshold
14:56:32;764;RGBA(0.969, 0.619, 0.143, 0.000);-500000,00;1;0,00;RGBA(0.862, 0.583, 0.749, 0.000);Rejected_BelowThreshold
14:56:32;765;RGBA(0.969, 0.619, 0.143, 0.000);-500000,00;1;0,00;RGBA(0.862, 0.583, 0.749, 0.000);Rejected_BelowThreshold
14:56:32;766;RGBA(0.969, 0.619, 0.143, 0.000);-500000,00;1;0,00;RGBA(0.862, 0.583, 0.749, 0.000);Rejected_BelowThreshold
14:56:32;767;RGBA(0.969, 0.619, 0.143, 0.000);-500000,00;1;0,00;RGBA(0.862, 0.583, 0.749, 0.000);Rejected_BelowThreshold
14:56:32;768;RGBA(0.969, 0.619, 0.143, 0.000);-500000,00;1;0,00;RGBA(0.862, 0.583, 0.749, 0.000);Rejected_BelowThreshold
14:56:32;769;RGBA(0.969, 0.619, 0.143, 0.000);-500000,00;1;0,00;RGBA(0.862, 0.583, 0.749, 0.000);Rejected_BelowThreshold
14:56:32;770;RGBA(0.969, 0.619, 0.143, 0.000);-500000,00;1;0,00;RGBA(0.862, 0.583, 0.749, 0.000);Rejected_BelowThreshold
14:56:32;771;RGBA(0.969, 0.619, 0.143, 0.000);-500000,00;1;0,00;RGBA(0.862, 0.583, 0.749, 0.000);Rejected_BelowThreshold
14:56:32;772;RGBA(0.969, 0.619, 0.143, 0.000);-500000,00;1;0,00;RGBA(0.862, 0.583, 0.749, 0.000);Rejected_BelowThreshold
14:56:32;773;RGBA(0.969, 0.619, 0.143, 0.000);-500000,00;1;0,00;RGBA(0.862, 0.583, 0.749, 0.000);Rejected_BelowThreshold
14:56:32;774;RGBA(0.969, 0.619, 0.143, 0.000);-500000,00;1;0,00;RGBA(0.862, 0.583, 0.749, 0.000);Rejected_BelowThreshold
14:56:32;775;RGBA(0.969, 0.619, 0.143, 0.000);-500000,00;1;0,00;RGBA(0.862, 0.583, 0.749, 0.000);Rejected_BelowThreshold
14:56:32;776;RGBA(0.969, 0.619, 0.143, 0.000);-500000,00;1;0,00;RGBA(0.862, 0.583, 0.749, 0.000);Rejected_BelowThreshold
14:56:32;777;RGBA(0.969, 0.619, 0.143, 0.000);-500000,00;1;0,00;RGBA(0.862, 0.583, 0.749, 0.000);Rejected_BelowThreshold
14:56:32;778;RGBA(0.969, 0.619, 0.143, 0.000);-500000,00;1;0,00;RGBA(0.862, 0.583, 0.749, 0.000);Rejected_BelowThreshold
14:56:32;779;RGBA(0.969, 0.619, 0.143, 0.000);-500000,00;1;0,00;RGBA(0.862, 0.583, 0.749, 0.000);Rejected_BelowThreshold
14:56:32;780;RGBA(0.969, 0.619, 0.143, 0.000);-500000,00;1;0,00;RGBA(0.862, 0.583, 0.749, 0.000);Rejected_BelowThreshold
14:56:33;781;RGBA(0.969, 0.619, 0.143, 0.000);-500000,00;1;0,00;RGBA(0.862, 0.583, 0.749, 0.000);Rejected_BelowThreshold
14:56:33;782;RGBA(0.969, 0.619, 0.143, 0.000);-500000,00;1;0,00;RGBA(0.862, 0.583, 0.749, 0.000);Rejected_BelowThreshold
14:56:33;783;RGBA(0.969, 0.619, 0.143, 0.000);-500000,00;1;0,00;RGBA(0.862, 0.583, 0.749, 0.000);Rejected_BelowThreshold
14:56:33;784;RGBA(0.969, 0.619, 0.143, 0.000);-500000,00;1;0,00;RGBA(0.862, 0.583, 0.749, 0.000);Rejected_BelowThreshold
14:56:33;785;RGBA(0.969, 0.619, 0.143, 0.000);-500000,00;1;0,00;RGBA(0.862, 0.583, 0.749, 0.000);Rejected_BelowThreshold
14:56:33;786;RGBA(0.969, 0.619, 0.143, 0.000);-500000,00;1;0,00;RGBA(0.862, 0.583, 0.749, 0.000);Rejected_BelowThreshold
14:56:33;787;RGBA(0.969, 0.619, 0.143, 0.000);-500000,00;1;0,00;RGBA(0.862, 0.583, 0.749, 0.000);Rejected_BelowThreshold
14:56:33;788;RGBA(0.969, 0.619, 0.143, 0.000);-500000,00;1;0,00;RGBA(0.862, 0.583, 0.749, 0.000);Rejected_BelowThreshold
14:56:33;789;RGBA(0.969, 0.619, 0.143, 0.000);-500000,00;1;0,00;RGBA(0.862, 0.583, 0.749, 0.000);Rejected_BelowThreshold
14:56:33;790;RGBA(0.969, 0.619, 0.143, 0.000);-500000,00;1;0,00;RGBA(0.862, 0.583, 0.749, 0.000);Rejected_BelowThreshold
14:56:33;791;RGBA(0.969, 0.619, 0.143, 0.000);-500000,00;1;0,00;RGBA(0.862, 0.583, 0.749, 0.000);Rejected_BelowThreshold
14:56:33;792;RGBA(0.969, 0.619, 0.143, 0.000);-500000,00;1;0,00;RGBA(0.862, 0.583, 0.749, 0.000);Rejected_BelowThreshold
14:56:33;793;RGBA(0.969, 0.619, 0.143, 0.000);-500000,00;1;0,00;RGBA(0.862, 0.583, 0.749, 0.000);Rejected_BelowThreshold
14:56:33;794;RGBA(0.969, 0.619, 0.143, 0.000);-500000,00;1;0,00;RGBA(0.862, 0.583, 0.749, 0.000);Rejected_BelowThreshold
14:56:33;795;RGBA(0.969, 0.619, 0.143, 0.000);-500000,00;1;0,00;RGBA(0.862, 0.583, 0.749, 0.000);Rejected_BelowThreshold
14:56:33;796;RGBA(0.969, 0.619, 0.143, 0.000);-500000,00;1;0,00;RGBA(0.862, 0.583, 0.749, 0.000);Rejected_BelowThreshold
14:56:33;797;RGBA(0.969, 0.619, 0.143, 0.000);-500000,00;1;0,00;RGBA(0.862, 0.583, 0.749, 0.000);Rejected_BelowThreshold
14:56:33;798;RGBA(0.969, 0.619, 0.143, 0.000);-500000,00;1;0,00;RGBA(0.862, 0.583, 0.749, 0.000);Rejected_BelowThreshold
14:56:33;799;RGBA(0.969, 0.619, 0.143, 0.000);-500000,00;1;0,00;RGBA(0.862, 0.583, 0.749, 0.000);Rejected_BelowThreshold
14:56:33;800;RGBA(0.969, 0.619, 0.143, 0.000);-500000,00;1;0,00;RGBA(0.862, 0.583, 0.749, 0.000);Rejected_BelowThreshold
14:56:33;801;RGBA(0.969, 0.619, 0.143, 0.000);-500000,00;1;0,00;RGBA(0.862, 0.583, 0.749, 0.000);Rejected_BelowThreshold
14:56:33;802;RGBA(0.969, 0.619, 0.143, 0.000);-500000,00;1;0,00;RGBA(0.862, 0.583, 0.749, 0.000);Rejected_BelowThreshold
14:56:33;803;RGBA(0.969, 0.619, 0.143, 0.000);-500000,00;1;0,00;RGBA(0.862, 0.583, 0.749, 0.000);Rejected_BelowThreshold
14:56:33;804;RGBA(0.969, 0.619, 0.143, 0.000);-500000,00;1;0,00;RGBA(0.862, 0.583, 0.749, 0.000);Rejected_BelowThreshold
14:56:33;805;RGBA(0.969, 0.619, 0.143, 0.000);-500000,00;1;0,00;RGBA(0.862, 0.583, 0.749, 0.000);Rejected_BelowThreshold
14:56:33;806;RGBA(0.969, 0.619, 0.143, 0.000);-500000,00;1;0,00;RGBA(0.862, 0.583, 0.749, 0.000);Rejected_BelowThreshold
14:56:33;807;RGBA(0.969, 0.619, 0.143, 0.000);-500000,00;1;0,00;RGBA(0.862, 0.583, 0.749, 0.000);Rejected_BelowThreshold
14:56:33;808;RGBA(0.969, 0.619, 0.143, 0.000);-500000,00;1;0,00;RGBA(0.862, 0.583, 0.749, 0.000);Rejected_BelowThreshold
14:56:33;809;RGBA(0.969, 0.619, 0.143, 0.000);-500000,00;1;0,00;RGBA(0.862, 0.583, 0.749, 0.000);Rejected_BelowThreshold
14:56:33;810;RGBA(0.969, 0.619, 0.143, 0.000);-500000,00;1;0,00;RGBA(0.862, 0.583, 0.749, 0.000);Rejected_BelowThreshold
14:56:33;811;RGBA(0.969, 0.619, 0.143, 0.000);-500000,00;1;0,00;RGBA(0.862, 0.583, 0.749, 0.000);Rejected_BelowThreshold
14:56:33;812;RGBA(0.969, 0.619, 0.143, 0.000);-500000,00;1;0,00;RGBA(0.862, 0.583, 0.749, 0.000);Rejected_BelowThreshold
14:56:33;813;RGBA(0.969, 0.619, 0.143, 0.000);-500000,00;1;0,00;RGBA(0.862, 0.583, 0.749, 0.000);Rejected_BelowThreshold
14:56:33;814;RGBA(0.969, 0.619, 0.143, 0.000);-500000,00;1;0,00;RGBA(0.862, 0.583, 0.749, 0.000);Rejected_BelowThreshold
14:56:33;815;RGBA(0.969, 0.619, 0.143, 0.000);-500000,00;1;0,00;RGBA(0.862, 0.583, 0.749, 0.000);Rejected_BelowThreshold
14:56:33;816;RGBA(0.969, 0.619, 0.143, 0.000);-500000,00;1;0,00;RGBA(0.862, 0.583, 0.749, 0.000);Rejected_BelowThreshold
14:56:33;817;RGBA(0.969, 0.619, 0.143, 0.000);-500000,00;1;0,00;RGBA(0.862, 0.583, 0.749, 0.000);Rejected_BelowThreshold
14:56:33;818;RGBA(0.969, 0.619, 0.143, 0.000);-500000,00;1;0,00;RGBA(0.862, 0.583, 0.749, 0.000);Rejected_BelowThreshold
14:56:33;819;RGBA(0.969, 0.619, 0.143, 0.000);-500000,00;1;0,00;RGBA(0.862, 0.583, 0.749, 0.000);Rejected_BelowThreshold
14:56:33;820;RGBA(0.969, 0.619, 0.143, 0.000);-500000,00;1;0,00;RGBA(0.862, 0.583, 0.749, 0.000);Rejected_BelowThreshold
14:56:33;821;RGBA(0.969, 0.619, 0.143, 0.000);-500000,00;1;0,00;RGBA(0.862, 0.583, 0.749, 0.000);Rejected_BelowThreshold
14:56:33;822;RGBA(0.969, 0.619, 0.143, 0.000);-500000,00;1;0,00;RGBA(0.862, 0.583, 0.749, 0.000);Rejected_BelowThreshold
14:56:33;823;RGBA(0.969, 0.619, 0.143, 0.000);-500000,00;1;0,00;RGBA(0.862, 0.583, 0.749, 0.000);Rejected_BelowThreshold
14:56:33;824;RGBA(0.969, 0.619, 0.143, 0.000);-500000,00;1;0,00;RGBA(0.862, 0.583, 0.749, 0.000);Rejected_BelowThreshold
14:56:33;825;RGBA(0.969, 0.619, 0.143, 0.000);-500000,00;1;0,00;RGBA(0.862, 0.583, 0.749, 0.000);Rejected_BelowThreshold
14:56:33;826;RGBA(0.969, 0.619, 0.143, 0.000);-500000,00;1;0,00;RGBA(0.862, 0.583, 0.749, 0.000);Rejected_BelowThreshold
14:56:33;827;RGBA(0.969, 0.619, 0.143, 0.000);-500000,00;1;0,00;RGBA(0.862, 0.583, 0.749, 0.000);Rejected_BelowThreshold
14:56:33;828;RGBA(0.969, 0.619, 0.143, 0.000);-500000,00;1;0,00;RGBA(0.862, 0.583, 0.749, 0.000);Rejected_BelowThreshold
14:56:33;829;RGBA(0.969, 0.619, 0.143, 0.000);-500000,00;1;0,00;RGBA(0.862, 0.583, 0.749, 0.000);Rejected_BelowThreshold
14:56:33;830;RGBA(0.969, 0.619, 0.143, 0.000);-500000,00;1;0,00;RGBA(0.862, 0.583, 0.749, 0.000);Rejected_BelowThreshold
14:56:33;831;RGBA(0.969, 0.619, 0.143, 0.000);-500000,00;1;0,00;RGBA(0.862, 0.583, 0.749, 0.000);Rejected_BelowThreshold
14:56:33;832;RGBA(0.969, 0.619, 0.143, 0.000);-500000,00;1;0,00;RGBA(0.862, 0.583, 0.749, 0.000);Rejected_BelowThreshold
14:56:33;833;RGBA(0.969, 0.619, 0.143, 0.000);-500000,00;1;0,00;RGBA(0.862, 0.583, 0.749, 0.000);Rejected_BelowThreshold
14:56:33;834;RGBA(0.969, 0.619, 0.143, 0.000);-500000,00;1;0,00;RGBA(0.862, 0.583, 0.749, 0.000);Rejected_BelowThreshold
14:56:33;835;RGBA(0.969, 0.619, 0.143, 0.000);-500000,00;1;0,00;RGBA(0.862, 0.583, 0.749, 0.000);Rejected_BelowThreshold
14:56:33;836;RGBA(0.969, 0.619, 0.143, 0.000);-500000,00;1;0,00;RGBA(0.862, 0.583, 0.749, 0.000);Rejected_BelowThreshold
14:56:33;837;RGBA(0.969, 0.619, 0.143, 0.000);-500000,00;1;0,00;RGBA(0.862, 0.583, 0.749, 0.000);Rejected_BelowThreshold
14:56:33;838;RGBA(0.969, 0.619, 0.143, 0.000);-500000,00;1;0,00;RGBA(0.862, 0.583, 0.749, 0.000);Rejected_BelowThreshold
14:56:33;839;RGBA(0.969, 0.619, 0.143, 0.000);-500000,00;1;0,00;RGBA(0.862, 0.583, 0.749, 0.000);Rejected_BelowThreshold
14:56:33;840;RGBA(0.969, 0.619, 0.143, 0.000);-500000,00;1;0,00;RGBA(0.862, 0.583, 0.749, 0.000);Rejected_BelowThreshold
14:56:33;841;RGBA(0.969, 0.619, 0.143, 0.000);-500000,00;1;0,00;RGBA(0.862, 0.583, 0.749, 0.000);Rejected_BelowThreshold
14:56:33;842;RGBA(0.969, 0.619, 0.143, 0.000);-500000,00;1;0,00;RGBA(0.862, 0.583, 0.749, 0.000);Rejected_BelowThreshold
14:56:33;843;RGBA(0.969, 0.619, 0.143, 0.000);-500000,00;1;0,00;RGBA(0.862, 0.583, 0.749, 0.000);Rejected_BelowThreshold
14:56:33;844;RGBA(0.969, 0.619, 0.143, 0.000);-500000,00;1;0,00;RGBA(0.862, 0.583, 0.749, 0.000);Rejected_BelowThreshold
14:56:33;845;RGBA(0.969, 0.619, 0.143, 0.000);-500000,00;1;0,00;RGBA(0.862, 0.583, 0.749, 0.000);Rejected_BelowThreshold
14:56:33;846;RGBA(0.969, 0.619, 0.143, 0.000);-500000,00;1;0,00;RGBA(0.862, 0.583, 0.749, 0.000);Rejected_BelowThreshold
14:56:33;847;RGBA(0.969, 0.619, 0.143, 0.000);-500000,00;1;0,00;RGBA(0.862, 0.583, 0.749, 0.000);Rejected_BelowThreshold
14:56:33;848;RGBA(0.969, 0.619, 0.143, 0.000);-500000,00;1;0,00;RGBA(0.862, 0.583, 0.749, 0.000);Rejected_BelowThreshold
14:56:33;849;RGBA(0.969, 0.619, 0.143, 0.000);-500000,00;1;0,00;RGBA(0.862, 0.583, 0.749, 0.000);Rejected_BelowThreshold
14:56:33;850;RGBA(0.969, 0.619, 0.143, 0.000);-500000,00;1;0,00;RGBA(0.862, 0.583, 0.749, 0.000);Rejected_BelowThreshold
14:56:33;851;RGBA(0.969, 0.619, 0.143, 0.000);-500000,00;1;0,00;RGBA(0.862, 0.583, 0.749, 0.000);Rejected_BelowThreshold
14:56:33;852;RGBA(0.969, 0.619, 0.143, 0.000);-500000,00;1;0,00;RGBA(0.862, 0.583, 0.749, 0.000);Rejected_BelowThreshold
14:56:33;853;RGBA(0.969, 0.619, 0.143, 0.000);-500000,00;1;0,00;RGBA(0.862, 0.583, 0.749, 0.000);Rejected_BelowThreshold
14:56:33;854;RGBA(0.969, 0.619, 0.143, 0.000);-500000,00;1;0,00;RGBA(0.862, 0.583, 0.749, 0.000);Rejected_BelowThreshold
14:56:33;855;RGBA(0.969, 0.619, 0.143, 0.000);-500000,00;1;0,00;RGBA(0.862, 0.583, 0.749, 0.000);Rejected_BelowThreshold
14:56:33;856;RGBA(0.969, 0.619, 0.143, 0.000);-500000,00;1;0,00;RGBA(0.862, 0.583, 0.749, 0.000);Rejected_BelowThreshold
14:56:33;857;RGBA(0.969, 0.619, 0.143, 0.000);-500000,00;1;0,00;RGBA(0.862, 0.583, 0.749, 0.000);Rejected_BelowThreshold
14:56:33;858;RGBA(0.969, 0.619, 0.143, 0.000);-500000,00;1;0,00;RGBA(0.862, 0.583, 0.749, 0.000);Rejected_BelowThreshold
14:56:33;859;RGBA(0.969, 0.619, 0.143, 0.000);-500000,00;1;0,00;RGBA(0.862, 0.583, 0.749, 0.000);Rejected_BelowThreshold
14:56:33;860;RGBA(0.969, 0.619, 0.143, 0.000);-500000,00;1;0,00;RGBA(0.862, 0.583, 0.749, 0.000);Rejected_BelowThreshold
14:56:33;861;RGBA(0.969, 0.619, 0.143, 0.000);-500000,00;1;0,00;RGBA(0.862, 0.583, 0.749, 0.000);Rejected_BelowThreshold
14:56:33;862;RGBA(0.969, 0.619, 0.143, 0.000);-500000,00;1;0,00;RGBA(0.862, 0.583, 0.749, 0.000);Rejected_BelowThreshold
14:56:33;863;RGBA(0.969, 0.619, 0.143, 0.000);-500000,00;1;0,00;RGBA(0.862, 0.583, 0.749, 0.000);Rejected_BelowThreshold
14:56:33;864;RGBA(0.969, 0.619, 0.143, 0.000);-500000,00;1;0,00;RGBA(0.862, 0.583, 0.749, 0.000);Rejected_BelowThreshold
14:56:33;865;RGBA(0.969, 0.619, 0.143, 0.000);-500000,00;1;0,00;RGBA(0.862, 0.583, 0.749, 0.000);Rejected_BelowThreshold
14:56:33;866;RGBA(0.969, 0.619, 0.143, 0.000);-500000,00;1;0,00;RGBA(0.862, 0.583, 0.749, 0.000);Rejected_BelowThreshold
14:56:33;867;RGBA(0.969, 0.619, 0.143, 0.000);-500000,00;1;0,00;RGBA(0.862, 0.583, 0.749, 0.000);Rejected_BelowThreshold
14:56:33;868;RGBA(0.969, 0.619, 0.143, 0.000);-500000,00;1;0,00;RGBA(0.862, 0.583, 0.749, 0.000);Rejected_BelowThreshold
14:56:33;869;RGBA(0.969, 0.619, 0.143, 0.000);-500000,00;1;0,00;RGBA(0.862, 0.583, 0.749, 0.000);Rejected_BelowThreshold
14:56:33;870;RGBA(0.969, 0.619, 0.143, 0.000);-500000,00;1;0,00;RGBA(0.862, 0.583, 0.749, 0.000);Rejected_BelowThreshold
14:56:33;871;RGBA(0.969, 0.619, 0.143, 0.000);-500000,00;1;0,00;RGBA(0.862, 0.583, 0.749, 0.000);Rejected_BelowThreshold
14:56:33;872;RGBA(0.969, 0.619, 0.143, 0.000);-500000,00;1;0,00;RGBA(0.862, 0.583, 0.749, 0.000);Rejected_BelowThreshold
14:56:33;873;RGBA(0.969, 0.619, 0.143, 0.000);-500000,00;1;0,00;RGBA(0.862, 0.583, 0.749, 0.000);Rejected_BelowThreshold
14:56:33;874;RGBA(0.969, 0.619, 0.143, 0.000);-500000,00;1;0,00;RGBA(0.862, 0.583, 0.749, 0.000);Rejected_BelowThreshold
14:56:33;875;RGBA(0.969, 0.619, 0.143, 0.000);-500000,00;1;0,00;RGBA(0.862, 0.583, 0.749, 0.000);Rejected_BelowThreshold
14:56:33;876;RGBA(0.969, 0.619, 0.143, 0.000);-500000,00;1;0,00;RGBA(0.862, 0.583, 0.749, 0.000);Rejected_BelowThreshold
14:56:33;877;RGBA(0.969, 0.619, 0.143, 0.000);-500000,00;1;0,00;RGBA(0.862, 0.583, 0.749, 0.000);Rejected_BelowThreshold
14:56:33;878;RGBA(0.969, 0.619, 0.143, 0.000);-500000,00;1;0,00;RGBA(0.862, 0.583, 0.749, 0.000);Rejected_BelowThreshold
14:56:33;879;RGBA(0.969, 0.619, 0.143, 0.000);-500000,00;1;0,00;RGBA(0.862, 0.583, 0.749, 0.000);Rejected_BelowThreshold
14:56:33;880;RGBA(0.969, 0.619, 0.143, 0.000);-500000,00;1;0,00;RGBA(0.862, 0.583, 0.749, 0.000);Rejected_BelowThreshold
14:56:33;881;RGBA(0.969, 0.619, 0.143, 0.000);-500000,00;1;0,00;RGBA(0.862, 0.583, 0.749, 0.000);Rejected_BelowThreshold
14:56:33;882;RGBA(0.969, 0.619, 0.143, 0.000);-500000,00;1;0,00;RGBA(0.862, 0.583, 0.749, 0.000);Rejected_BelowThreshold
14:56:33;883;RGBA(0.969, 0.619, 0.143, 0.000);-500000,00;1;0,00;RGBA(0.862, 0.583, 0.749, 0.000);Rejected_BelowThreshold
14:56:33;884;RGBA(0.969, 0.619, 0.143, 0.000);-500000,00;1;0,00;RGBA(0.862, 0.583, 0.749, 0.000);Rejected_BelowThreshold
14:56:33;885;RGBA(0.969, 0.619, 0.143, 0.000);-500000,00;1;0,00;RGBA(0.862, 0.583, 0.749, 0.000);Rejected_BelowThreshold
14:56:33;886;RGBA(0.969, 0.619, 0.143, 0.000);-500000,00;1;0,00;RGBA(0.862, 0.583, 0.749, 0.000);Rejected_BelowThreshold
14:56:33;887;RGBA(0.969, 0.619, 0.143, 0.000);-500000,00;1;0,00;RGBA(0.862, 0.583, 0.749, 0.000);Rejected_BelowThreshold
14:56:33;888;RGBA(0.969, 0.619, 0.143, 0.000);-500000,00;1;0,00;RGBA(0.862, 0.583, 0.749, 0.000);Rejected_BelowThreshold
14:56:33;889;RGBA(0.969, 0.619, 0.143, 0.000);-500000,00;1;0,00;RGBA(0.862, 0.583, 0.749, 0.000);Rejected_BelowThreshold
14:56:33;890;RGBA(0.969, 0.619, 0.143, 0.000);-500000,00;1;0,00;RGBA(0.862, 0.583, 0.749, 0.000);Rejected_BelowThreshold
14:56:33;891;RGBA(0.969, 0.619, 0.143, 0.000);-500000,00;1;0,00;RGBA(0.862, 0.583, 0.749, 0.000);Rejected_BelowThreshold
14:56:33;892;RGBA(0.969, 0.619, 0.143, 0.000);-500000,00;1;0,00;RGBA(0.862, 0.583, 0.749, 0.000);Rejected_BelowThreshold
14:56:33;893;RGBA(0.969, 0.619, 0.143, 0.000);-500000,00;1;0,00;RGBA(0.862, 0.583, 0.749, 0.000);Rejected_BelowThreshold
14:56:33;894;RGBA(0.969, 0.619, 0.143, 0.000);-500000,00;1;0,00;RGBA(0.862, 0.583, 0.749, 0.000);Rejected_BelowThreshold
14:56:33;895;RGBA(0.969, 0.619, 0.143, 0.000);-500000,00;1;0,00;RGBA(0.862, 0.583, 0.749, 0.000);Rejected_BelowThreshold
14:56:33;896;RGBA(0.969, 0.619, 0.143, 0.000);-500000,00;1;0,00;RGBA(0.862, 0.583, 0.749, 0.000);Rejected_BelowThreshold
14:56:33;897;RGBA(0.969, 0.619, 0.143, 0.000);-500000,00;1;0,00;RGBA(0.862, 0.583, 0.749, 0.000);Rejected_BelowThreshold
14:56:33;898;RGBA(0.969, 0.619, 0.143, 0.000);-500000,00;1;0,00;RGBA(0.862, 0.583, 0.749, 0.000);Rejected_BelowThreshold
14:56:33;899;RGBA(0.969, 0.619, 0.143, 0.000);-500000,00;1;0,00;RGBA(0.862, 0.583, 0.749, 0.000);Rejected_BelowThreshold
14:56:33;900;RGBA(0.969, 0.619, 0.143, 0.000);-500000,00;1;0,00;RGBA(0.862, 0.583, 0.749, 0.000);Rejected_BelowThreshold
14:56:33;901;RGBA(0.969, 0.619, 0.143, 0.000);-500000,00;1;0,00;RGBA(0.862, 0.583, 0.749, 0.000);Rejected_BelowThreshold
14:56:33;902;RGBA(0.969, 0.619, 0.143, 0.000);-500000,00;1;0,00;RGBA(0.862, 0.583, 0.749, 0.000);Rejected_BelowThreshold
14:56:33;903;RGBA(0.969, 0.619, 0.143, 0.000);-500000,00;1;0,00;RGBA(0.862, 0.583, 0.749, 0.000);Rejected_BelowThreshold
14:56:33;904;RGBA(0.969, 0.619, 0.143, 0.000);-500000,00;1;0,00;RGBA(0.862, 0.583, 0.749, 0.000);Rejected_BelowThreshold
14:56:33;905;RGBA(0.969, 0.619, 0.143, 0.000);-500000,00;1;0,00;RGBA(0.862, 0.583, 0.749, 0.000);Rejected_BelowThreshold
14:56:33;906;RGBA(0.969, 0.619, 0.143, 0.000);-500000,00;1;0,00;RGBA(0.862, 0.583, 0.749, 0.000);Rejected_BelowThreshold
14:56:33;907;RGBA(0.969, 0.619, 0.143, 0.000);-500000,00;1;0,00;RGBA(0.862, 0.583, 0.749, 0.000);Rejected_BelowThreshold
14:56:33;908;RGBA(0.969, 0.619, 0.143, 0.000);-500000,00;1;0,00;RGBA(0.862, 0.583, 0.749, 0.000);Rejected_BelowThreshold
14:56:33;909;RGBA(0.969, 0.619, 0.143, 0.000);-500000,00;1;0,00;RGBA(0.862, 0.583, 0.749, 0.000);Rejected_BelowThreshold
14:56:33;910;RGBA(0.969, 0.619, 0.143, 0.000);-500000,00;1;0,00;RGBA(0.862, 0.583, 0.749, 0.000);Rejected_BelowThreshold
14:56:33;911;RGBA(0.969, 0.619, 0.143, 0.000);-500000,00;1;0,00;RGBA(0.862, 0.583, 0.749, 0.000);Rejected_BelowThreshold
14:56:33;912;RGBA(0.969, 0.619, 0.143, 0.000);-500000,00;1;0,00;RGBA(0.862, 0.583, 0.749, 0.000);Rejected_BelowThreshold
14:56:33;913;RGBA(0.969, 0.619, 0.143, 0.000);-500000,00;1;0,00;RGBA(0.862, 0.583, 0.749, 0.000);Rejected_BelowThreshold
14:56:33;914;RGBA(0.969, 0.619, 0.143, 0.000);-500000,00;1;0,00;RGBA(0.862, 0.583, 0.749, 0.000);Rejected_BelowThreshold
14:56:33;915;RGBA(0.969, 0.619, 0.143, 0.000);-500000,00;1;0,00;RGBA(0.862, 0.583, 0.749, 0.000);Rejected_BelowThreshold
14:56:33;916;RGBA(0.969, 0.619, 0.143, 0.000);-500000,00;1;0,00;RGBA(0.862, 0.583, 0.749, 0.000);Rejected_BelowThreshold
14:56:33;917;RGBA(0.969, 0.619, 0.143, 0.000);-500000,00;1;0,00;RGBA(0.862, 0.583, 0.749, 0.000);Rejected_BelowThreshold
14:56:33;918;RGBA(0.969, 0.619, 0.143, 0.000);-500000,00;1;0,00;RGBA(0.862, 0.583, 0.749, 0.000);Rejected_BelowThreshold
14:56:33;919;RGBA(0.969, 0.619, 0.143, 0.000);-500000,00;1;0,00;RGBA(0.862, 0.583, 0.749, 0.000);Rejected_BelowThreshold
14:56:33;920;RGBA(0.969, 0.619, 0.143, 0.000);-500000,00;1;0,00;RGBA(0.862, 0.583, 0.749, 0.000);Rejected_BelowThreshold
14:56:33;921;RGBA(0.969, 0.619, 0.143, 0.000);-500000,00;1;0,00;RGBA(0.862, 0.583, 0.749, 0.000);Rejected_BelowThreshold
14:56:33;922;RGBA(0.969, 0.619, 0.143, 0.000);-500000,00;1;0,00;RGBA(0.862, 0.583, 0.749, 0.000);Rejected_BelowThreshold
14:56:33;923;RGBA(0.969, 0.619, 0.143, 0.000);-500000,00;1;0,00;RGBA(0.862, 0.583, 0.749, 0.000);Rejected_BelowThreshold
14:56:33;924;RGBA(0.969, 0.619, 0.143, 0.000);-500000,00;1;0,00;RGBA(0.862, 0.583, 0.749, 0.000);Rejected_BelowThreshold
14:56:33;925;RGBA(0.969, 0.619, 0.143, 0.000);-500000,00;1;0,00;RGBA(0.862, 0.583, 0.749, 0.000);Rejected_BelowThreshold
14:56:33;926;RGBA(0.969, 0.619, 0.143, 0.000);-500000,00;1;0,00;RGBA(0.862, 0.583, 0.749, 0.000);Rejected_BelowThreshold
14:56:33;927;RGBA(0.969, 0.619, 0.143, 0.000);-500000,00;1;0,00;RGBA(0.862, 0.583, 0.749, 0.000);Rejected_BelowThreshold
14:56:33;928;RGBA(0.969, 0.619, 0.143, 0.000);-500000,00;1;0,00;RGBA(0.862, 0.583, 0.749, 0.000);Rejected_BelowThreshold
14:56:33;929;RGBA(0.969, 0.619, 0.143, 0.000);-500000,00;1;0,00;RGBA(0.862, 0.583, 0.749, 0.000);Rejected_BelowThreshold
14:56:33;930;RGBA(0.969, 0.619, 0.143, 0.000);-500000,00;1;0,00;RGBA(0.862, 0.583, 0.749, 0.000);Rejected_BelowThreshold
14:56:33;931;RGBA(0.969, 0.619, 0.143, 0.000);-500000,00;1;0,00;RGBA(0.862, 0.583, 0.749, 0.000);Rejected_BelowThreshold
14:56:33;932;RGBA(0.969, 0.619, 0.143, 0.000);-500000,00;1;0,00;RGBA(0.862, 0.583, 0.749, 0.000);Rejected_BelowThreshold
14:56:33;933;RGBA(0.969, 0.619, 0.143, 0.000);-500000,00;1;0,00;RGBA(0.862, 0.583, 0.749, 0.000);Rejected_BelowThreshold
14:56:33;934;RGBA(0.969, 0.619, 0.143, 0.000);-500000,00;1;0,00;RGBA(0.862, 0.583, 0.749, 0.000);Rejected_BelowThreshold
14:56:33;935;RGBA(0.969, 0.619, 0.143, 0.000);-500000,00;1;0,00;RGBA(0.862, 0.583, 0.749, 0.000);Rejected_BelowThreshold
14:56:33;936;RGBA(0.969, 0.619, 0.143, 0.000);-500000,00;1;0,00;RGBA(0.862, 0.583, 0.749, 0.000);Rejected_BelowThreshold
14:56:33;937;RGBA(0.969, 0.619, 0.143, 0.000);-500000,00;1;0,00;RGBA(0.862, 0.583, 0.749, 0.000);Rejected_BelowThreshold
14:56:33;938;RGBA(0.969, 0.619, 0.143, 0.000);-500000,00;1;0,00;RGBA(0.862, 0.583, 0.749, 0.000);Rejected_BelowThreshold
14:56:33;939;RGBA(0.969, 0.619, 0.143, 0.000);-500000,00;1;0,00;RGBA(0.862, 0.583, 0.749, 0.000);Rejected_BelowThreshold
14:56:33;940;RGBA(0.969, 0.619, 0.143, 0.000);-500000,00;1;0,00;RGBA(0.862, 0.583, 0.749, 0.000);Rejected_BelowThreshold
14:56:33;941;RGBA(0.969, 0.619, 0.143, 0.000);-500000,00;1;0,00;RGBA(0.862, 0.583, 0.749, 0.000);Rejected_BelowThreshold
14:56:33;942;RGBA(0.969, 0.619, 0.143, 0.000);-500000,00;1;0,00;RGBA(0.862, 0.583, 0.749, 0.000);Rejected_BelowThreshold
14:56:33;943;RGBA(0.969, 0.619, 0.143, 0.000);-500000,00;1;0,00;RGBA(0.862, 0.583, 0.749, 0.000);Rejected_BelowThreshold
14:56:33;944;RGBA(0.969, 0.619, 0.143, 0.000);-500000,00;1;0,00;RGBA(0.862, 0.583, 0.749, 0.000);Rejected_BelowThreshold
14:56:33;945;RGBA(0.969, 0.619, 0.143, 0.000);-500000,00;1;0,00;RGBA(0.862, 0.583, 0.749, 0.000);Rejected_BelowThreshold
14:56:33;946;RGBA(0.969, 0.619, 0.143, 0.000);-500000,00;1;0,00;RGBA(0.862, 0.583, 0.749, 0.000);Rejected_BelowThreshold
14:56:33;947;RGBA(0.969, 0.619, 0.143, 0.000);-500000,00;1;0,00;RGBA(0.862, 0.583, 0.749, 0.000);Rejected_BelowThreshold
14:56:33;948;RGBA(0.969, 0.619, 0.143, 0.000);-500000,00;1;0,00;RGBA(0.862, 0.583, 0.749, 0.000);Rejected_BelowThreshold
14:56:33;949;RGBA(0.969, 0.619, 0.143, 0.000);-500000,00;1;0,00;RGBA(0.862, 0.583, 0.749, 0.000);Rejected_BelowThreshold
14:56:33;950;RGBA(0.969, 0.619, 0.143, 0.000);-500000,00;1;0,00;RGBA(0.862, 0.583, 0.749, 0.000);Rejected_BelowThreshold
14:56:33;951;RGBA(0.969, 0.619, 0.143, 0.000);-500000,00;1;0,00;RGBA(0.862, 0.583, 0.749, 0.000);Rejected_BelowThreshold
14:56:33;952;RGBA(0.969, 0.619, 0.143, 0.000);-500000,00;1;0,00;RGBA(0.862, 0.583, 0.749, 0.000);Rejected_BelowThreshold
14:56:33;953;RGBA(0.969, 0.619, 0.143, 0.000);-500000,00;1;0,00;RGBA(0.862, 0.583, 0.749, 0.000);Rejected_BelowThreshold
14:56:33;954;RGBA(0.969, 0.619, 0.143, 0.000);-500000,00;1;0,00;RGBA(0.862, 0.583, 0.749, 0.000);Rejected_BelowThreshold
14:56:33;955;RGBA(0.969, 0.619, 0.143, 0.000);-500000,00;1;0,00;RGBA(0.862, 0.583, 0.749, 0.000);Rejected_BelowThreshold
14:56:33;956;RGBA(0.969, 0.619, 0.143, 0.000);-500000,00;1;0,00;RGBA(0.862, 0.583, 0.749, 0.000);Rejected_BelowThreshold
14:56:33;957;RGBA(0.969, 0.619, 0.143, 0.000);-500000,00;1;0,00;RGBA(0.862, 0.583, 0.749, 0.000);Rejected_BelowThreshold
14:56:33;958;RGBA(0.969, 0.619, 0.143, 0.000);-500000,00;1;0,00;RGBA(0.862, 0.583, 0.749, 0.000);Rejected_BelowThreshold
14:56:33;959;RGBA(0.969, 0.619, 0.143, 0.000);-500000,00;1;0,00;RGBA(0.862, 0.583, 0.749, 0.000);Rejected_BelowThreshold
14:56:33;960;RGBA(0.969, 0.619, 0.143, 0.000);-500000,00;1;0,00;RGBA(0.862, 0.583, 0.749, 0.000);Rejected_BelowThreshold
14:56:33;961;RGBA(0.969, 0.619, 0.143, 0.000);-500000,00;1;0,00;RGBA(0.862, 0.583, 0.749, 0.000);Rejected_BelowThreshold
14:56:33;962;RGBA(0.969, 0.619, 0.143, 0.000);-500000,00;1;0,00;RGBA(0.862, 0.583, 0.749, 0.000);Rejected_BelowThreshold
14:56:33;963;RGBA(0.969, 0.619, 0.143, 0.000);-500000,00;1;0,00;RGBA(0.862, 0.583, 0.749, 0.000);Rejected_BelowThreshold
14:56:33;964;RGBA(0.969, 0.619, 0.143, 0.000);-500000,00;1;0,00;RGBA(0.862, 0.583, 0.749, 0.000);Rejected_BelowThreshold
14:56:33;965;RGBA(0.969, 0.619, 0.143, 0.000);-500000,00;1;0,00;RGBA(0.862, 0.583, 0.749, 0.000);Rejected_BelowThreshold
14:56:33;966;RGBA(0.969, 0.619, 0.143, 0.000);-500000,00;1;0,00;RGBA(0.862, 0.583, 0.749, 0.000);Rejected_BelowThreshold
14:56:33;967;RGBA(0.969, 0.619, 0.143, 0.000);-500000,00;1;0,00;RGBA(0.862, 0.583, 0.749, 0.000);Rejected_BelowThreshold
14:56:33;968;RGBA(0.969, 0.619, 0.143, 0.000);-500000,00;1;0,00;RGBA(0.862, 0.583, 0.749, 0.000);Rejected_BelowThreshold
14:56:33;969;RGBA(0.969, 0.619, 0.143, 0.000);-500000,00;1;0,00;RGBA(0.862, 0.583, 0.749, 0.000);Rejected_BelowThreshold
14:56:33;970;RGBA(0.969, 0.619, 0.143, 0.000);-500000,00;1;0,00;RGBA(0.862, 0.583, 0.749, 0.000);Rejected_BelowThreshold
14:56:33;971;RGBA(0.969, 0.619, 0.143, 0.000);-500000,00;1;0,00;RGBA(0.862, 0.583, 0.749, 0.000);Rejected_BelowThreshold
14:56:33;972;RGBA(0.969, 0.619, 0.143, 0.000);-500000,00;1;0,00;RGBA(0.862, 0.583, 0.749, 0.000);Rejected_BelowThreshold
