Timestamp;MoveID;SelectedColor;Score;FreeSlots;UnblockValue;TargetBus;Status
15:06:16;1;RGBA(0.055, 0.218, 0.753, 0.000);25300,00;5;5000,00;RGBA(0.055, 0.218, 0.753, 0.000);Executed
15:06:17;2;RGBA(0.055, 0.218, 0.753, 0.000);25200,00;5;5000,00;RGBA(0.055, 0.218, 0.753, 0.000);Executed
15:06:18;3;RGBA(0.055, 0.218, 0.753, 0.000);25100,00;5;5000,00;RGBA(0.055, 0.218, 0.753, 0.000);Executed
15:06:19;4;RGBA(0.753, 0.055, 0.736, 0.000);25300,00;5;0,00;RGBA(0.753, 0.055, 0.736, 0.000);Executed
15:06:19;5;RGBA(0.753, 0.055, 0.736, 0.000);25200,00;5;0,00;RGBA(0.753, 0.055, 0.736, 0.000);Executed
15:06:19;6;RGBA(0.753, 0.055, 0.736, 0.000);25100,00;5;0,00;RGBA(0.753, 0.055, 0.736, 0.000);Executed
15:06:20;7;RGBA(0.755, 0.055, 0.055, 0.000);45300,00;5;0,00;RGBA(0.755, 0.055, 0.055, 0.000);Executed
15:06:21;8;RGBA(0.755, 0.055, 0.055, 0.000);45200,00;5;0,00;RGBA(0.755, 0.055, 0.055, 0.000);Executed
15:06:21;9;RGBA(0.755, 0.055, 0.055, 0.000);25100,00;5;0,00;RGBA(0.755, 0.055, 0.055, 0.000);Executed
15:06:22;10;RGBA(0.055, 0.218, 0.753, 0.000);45300,00;5;0,00;RGBA(0.055, 0.218, 0.753, 0.000);Executed
15:06:22;11;RGBA(0.055, 0.218, 0.753, 0.000);45200,00;5;0,00;RGBA(0.055, 0.218, 0.753, 0.000);Executed
15:06:23;12;RGBA(0.055, 0.218, 0.753, 0.000);25100,00;5;0,00;RGBA(0.055, 0.218, 0.753, 0.000);Executed
15:06:24;13;RGBA(0.085, 0.753, 0.055, 0.000);25300,00;5;5000,00;RGBA(0.753, 0.055, 0.736, 0.000);Executed
15:06:24;14;RGBA(0.753, 0.055, 0.736, 0.000);25300,00;4;5000,00;RGBA(0.753, 0.055, 0.736, 0.000);Executed
15:06:24;15;RGBA(0.753, 0.055, 0.736, 0.000);25200,00;4;5000,00;RGBA(0.753, 0.055, 0.736, 0.000);Executed
15:06:25;16;RGBA(0.085, 0.753, 0.055, 0.000);20200,00;4;0,00;RGBA(0.753, 0.055, 0.736, 0.000);Executed
15:06:25;17;RGBA(0.753, 0.055, 0.736, 0.000);25100,00;3;0,00;RGBA(0.753, 0.055, 0.736, 0.000);Executed
15:06:26;18;RGBA(0.085, 0.753, 0.055, 0.000);25100,00;5;0,00;RGBA(0.085, 0.753, 0.055, 0.000);Executed
15:06:27;19;RGBA(0.755, 0.055, 0.055, 0.000);45300,00;5;0,00;RGBA(0.755, 0.055, 0.055, 0.000);Executed
15:06:28;20;RGBA(0.755, 0.055, 0.055, 0.000);45200,00;5;0,00;RGBA(0.755, 0.055, 0.055, 0.000);Executed
15:06:28;21;RGBA(0.755, 0.055, 0.055, 0.000);25100,00;5;0,00;RGBA(0.755, 0.055, 0.055, 0.000);Executed
15:06:29;22;RGBA(0.753, 0.055, 0.736, 0.000);45300,00;5;5000,00;RGBA(0.753, 0.055, 0.736, 0.000);Executed
15:06:29;23;RGBA(0.753, 0.055, 0.736, 0.000);25200,00;5;10000,00;RGBA(0.753, 0.055, 0.736, 0.000);Executed
15:06:30;24;RGBA(0.753, 0.055, 0.736, 0.000);25100,00;5;5000,00;RGBA(0.753, 0.055, 0.736, 0.000);Executed
15:06:31;25;RGBA(0.968, 1.000, 0.000, 0.000);45300,00;5;0,00;RGBA(0.968, 1.000, 0.000, 0.000);Executed
15:06:31;26;RGBA(0.968, 1.000, 0.000, 0.000);25200,00;5;0,00;RGBA(0.968, 1.000, 0.000, 0.000);Executed
15:06:31;27;RGBA(0.968, 1.000, 0.000, 0.000);25100,00;5;0,00;RGBA(0.968, 1.000, 0.000, 0.000);Executed
15:06:32;28;RGBA(0.085, 0.753, 0.055, 0.000);25300,00;5;0,00;RGBA(0.085, 0.753, 0.055, 0.000);Executed
15:06:33;29;RGBA(0.753, 0.055, 0.736, 0.000);20300,00;5;0,00;RGBA(0.085, 0.753, 0.055, 0.000);Executed
15:06:33;30;RGBA(0.085, 0.753, 0.055, 0.000);45200,00;4;0,00;RGBA(0.085, 0.753, 0.055, 0.000);Executed
15:06:33;31;RGBA(0.085, 0.753, 0.055, 0.000);25100,00;4;0,00;RGBA(0.085, 0.753, 0.055, 0.000);Executed
15:06:34;32;RGBA(0.969, 0.619, 0.143, 0.000);45300,00;4;0,00;RGBA(0.969, 0.619, 0.143, 0.000);Executed
15:06:35;33;RGBA(0.969, 0.619, 0.143, 0.000);25200,00;4;0,00;RGBA(0.969, 0.619, 0.143, 0.000);Executed
15:06:35;34;RGBA(0.969, 0.619, 0.143, 0.000);25100,00;4;0,00;RGBA(0.969, 0.619, 0.143, 0.000);Executed
15:06:36;35;RGBA(0.753, 0.055, 0.736, 0.000);25200,00;5;5000,00;RGBA(0.753, 0.055, 0.736, 0.000);Executed
15:06:36;36;RGBA(0.753, 0.055, 0.736, 0.000);25100,00;5;0,00;RGBA(0.753, 0.055, 0.736, 0.000);Executed
15:06:37;37;RGBA(0.968, 1.000, 0.000, 0.000);25300,00;5;0,00;RGBA(0.968, 1.000, 0.000, 0.000);Executed
15:06:38;38;RGBA(0.968, 1.000, 0.000, 0.000);25200,00;5;0,00;RGBA(0.968, 1.000, 0.000, 0.000);Executed
15:06:38;39;RGBA(0.968, 1.000, 0.000, 0.000);25100,00;5;0,00;RGBA(0.968, 1.000, 0.000, 0.000);Executed
15:06:39;40;RGBA(0.755, 0.055, 0.055, 0.000);25600,00;5;10000,00;RGBA(0.755, 0.055, 0.055, 0.000);Executed
15:06:39;41;RGBA(0.755, 0.055, 0.055, 0.000);25500,00;5;5000,00;RGBA(0.755, 0.055, 0.055, 0.000);Executed
15:06:40;42;RGBA(0.055, 0.218, 0.753, 0.000);25600,00;5;5000,00;RGBA(0.755, 0.055, 0.055, 0.000);Executed
15:06:40;43;RGBA(0.755, 0.055, 0.055, 0.000);25400,00;4;5000,00;RGBA(0.755, 0.055, 0.055, 0.000);Executed
15:06:41;44;RGBA(0.968, 1.000, 0.000, 0.000);25600,00;4;5000,00;RGBA(0.968, 1.000, 0.000, 0.000);Executed
15:06:42;45;RGBA(0.968, 1.000, 0.000, 0.000);25500,00;4;5000,00;RGBA(0.968, 1.000, 0.000, 0.000);Executed
15:06:42;46;RGBA(0.055, 0.218, 0.753, 0.000);25500,00;4;5000,00;RGBA(0.968, 1.000, 0.000, 0.000);Executed
15:06:42;47;RGBA(0.968, 1.000, 0.000, 0.000);25400,00;3;5000,00;RGBA(0.968, 1.000, 0.000, 0.000);Executed
15:06:43;48;RGBA(0.969, 0.619, 0.143, 0.000);25600,00;3;5000,00;RGBA(0.969, 0.619, 0.143, 0.000);Executed
15:06:44;49;RGBA(0.000, 0.000, 0.000, 0.000);25600,00;3;5000,00;RGBA(0.969, 0.619, 0.143, 0.000);Executed
15:06:44;50;RGBA(0.969, 0.619, 0.143, 0.000);25500,00;2;5000,00;RGBA(0.969, 0.619, 0.143, 0.000);Executed
15:06:44;51;RGBA(0.969, 0.619, 0.143, 0.000);25400,00;2;5000,00;RGBA(0.969, 0.619, 0.143, 0.000);Executed
15:06:45;52;RGBA(0.000, 0.000, 0.000, 0.000);25500,00;3;5000,00;RGBA(0.000, 0.000, 0.000, 0.000);Executed
15:06:46;53;RGBA(0.000, 0.000, 0.000, 0.000);25400,00;3;0,00;RGBA(0.000, 0.000, 0.000, 0.000);Executed
15:06:47;54;RGBA(0.055, 0.218, 0.753, 0.000);25400,00;3;5000,00;RGBA(0.755, 0.055, 0.055, 0.000);Executed
15:06:47;55;RGBA(0.755, 0.055, 0.055, 0.000);25300,00;2;5000,00;RGBA(0.755, 0.055, 0.055, 0.000);Executed
15:06:47;56;RGBA(0.058, 0.799, 0.659, 0.000);20300,00;2;0,00;RGBA(0.755, 0.055, 0.055, 0.000);Executed
15:06:48;57;RGBA(0.755, 0.055, 0.055, 0.000);25200,00;1;0,00;RGBA(0.755, 0.055, 0.055, 0.000);Executed
15:06:48;58;RGBA(0.969, 0.619, 0.143, 0.000);-500000,00;1;0,00;RGBA(0.755, 0.055, 0.055, 0.000);Rejected_Simulation_Low
15:06:48;59;RGBA(0.969, 0.619, 0.143, 0.000);-500000,00;1;0,00;RGBA(0.755, 0.055, 0.055, 0.000);Rejected_Simulation_Low
15:06:48;60;RGBA(0.969, 0.619, 0.143, 0.000);-500000,00;1;0,00;RGBA(0.755, 0.055, 0.055, 0.000);Rejected_Simulation_Low
15:06:48;61;RGBA(0.969, 0.619, 0.143, 0.000);-500000,00;1;0,00;RGBA(0.755, 0.055, 0.055, 0.000);Rejected_Simulation_Low
15:06:48;62;RGBA(0.969, 0.619, 0.143, 0.000);-500000,00;1;0,00;RGBA(0.755, 0.055, 0.055, 0.000);Rejected_Simulation_Low
15:06:48;63;RGBA(0.969, 0.619, 0.143, 0.000);-500000,00;1;0,00;RGBA(0.755, 0.055, 0.055, 0.000);Rejected_Simulation_Low
15:06:48;64;RGBA(0.969, 0.619, 0.143, 0.000);-500000,00;1;0,00;RGBA(0.755, 0.055, 0.055, 0.000);Rejected_Simulation_Low
15:06:48;65;RGBA(0.969, 0.619, 0.143, 0.000);-500000,00;1;0,00;RGBA(0.755, 0.055, 0.055, 0.000);Rejected_Simulation_Low
15:06:48;66;RGBA(0.969, 0.619, 0.143, 0.000);-500000,00;1;0,00;RGBA(0.755, 0.055, 0.055, 0.000);Rejected_Simulation_Low
15:06:48;67;RGBA(0.969, 0.619, 0.143, 0.000);-500000,00;1;0,00;RGBA(0.755, 0.055, 0.055, 0.000);Rejected_Simulation_Low
15:06:48;68;RGBA(0.969, 0.619, 0.143, 0.000);-500000,00;1;0,00;RGBA(0.755, 0.055, 0.055, 0.000);Rejected_Simulation_Low
15:06:48;69;RGBA(0.969, 0.619, 0.143, 0.000);-500000,00;1;0,00;RGBA(0.755, 0.055, 0.055, 0.000);Rejected_Simulation_Low
15:06:48;70;RGBA(0.969, 0.619, 0.143, 0.000);-500000,00;1;0,00;RGBA(0.755, 0.055, 0.055, 0.000);Rejected_Simulation_Low
15:06:48;71;RGBA(0.969, 0.619, 0.143, 0.000);-500000,00;1;0,00;RGBA(0.755, 0.055, 0.055, 0.000);Rejected_Simulation_Low
15:06:48;72;RGBA(0.969, 0.619, 0.143, 0.000);-500000,00;1;0,00;RGBA(0.755, 0.055, 0.055, 0.000);Rejected_Simulation_Low
15:06:48;73;RGBA(0.969, 0.619, 0.143, 0.000);-500000,00;1;0,00;RGBA(0.755, 0.055, 0.055, 0.000);Rejected_Simulation_Low
15:06:48;74;RGBA(0.969, 0.619, 0.143, 0.000);-500000,00;1;0,00;RGBA(0.755, 0.055, 0.055, 0.000);Rejected_Simulation_Low
15:06:48;75;RGBA(0.969, 0.619, 0.143, 0.000);-500000,00;1;0,00;RGBA(0.755, 0.055, 0.055, 0.000);Rejected_Simulation_Low
15:06:48;76;RGBA(0.969, 0.619, 0.143, 0.000);-500000,00;1;0,00;RGBA(0.755, 0.055, 0.055, 0.000);Rejected_Simulation_Low
15:06:48;77;RGBA(0.969, 0.619, 0.143, 0.000);-500000,00;1;0,00;RGBA(0.755, 0.055, 0.055, 0.000);Rejected_Simulation_Low
15:06:48;78;RGBA(0.969, 0.619, 0.143, 0.000);-500000,00;1;0,00;RGBA(0.755, 0.055, 0.055, 0.000);Rejected_Simulation_Low
15:06:48;79;RGBA(0.969, 0.619, 0.143, 0.000);-500000,00;1;0,00;RGBA(0.755, 0.055, 0.055, 0.000);Rejected_Simulation_Low
15:06:48;80;RGBA(0.969, 0.619, 0.143, 0.000);-500000,00;1;0,00;RGBA(0.755, 0.055, 0.055, 0.000);Rejected_Simulation_Low
15:06:48;81;RGBA(0.969, 0.619, 0.143, 0.000);-500000,00;1;0,00;RGBA(0.755, 0.055, 0.055, 0.000);Rejected_Simulation_Low
15:06:48;82;RGBA(0.969, 0.619, 0.143, 0.000);-500000,00;1;0,00;RGBA(0.755, 0.055, 0.055, 0.000);Rejected_Simulation_Low
15:06:48;83;RGBA(0.969, 0.619, 0.143, 0.000);-500000,00;1;0,00;RGBA(0.755, 0.055, 0.055, 0.000);Rejected_Simulation_Low
15:06:48;84;RGBA(0.969, 0.619, 0.143, 0.000);-500000,00;1;0,00;RGBA(0.755, 0.055, 0.055, 0.000);Rejected_Simulation_Low
15:06:48;85;RGBA(0.969, 0.619, 0.143, 0.000);-500000,00;1;0,00;RGBA(0.755, 0.055, 0.055, 0.000);Rejected_Simulation_Low
15:06:48;86;RGBA(0.969, 0.619, 0.143, 0.000);-500000,00;1;0,00;RGBA(0.755, 0.055, 0.055, 0.000);Rejected_Simulation_Low
15:06:48;87;RGBA(0.969, 0.619, 0.143, 0.000);-500000,00;1;0,00;RGBA(0.755, 0.055, 0.055, 0.000);Rejected_Simulation_Low
15:06:48;88;RGBA(0.969, 0.619, 0.143, 0.000);-500000,00;1;0,00;RGBA(0.755, 0.055, 0.055, 0.000);Rejected_Simulation_Low
15:06:48;89;RGBA(0.969, 0.619, 0.143, 0.000);-500000,00;1;0,00;RGBA(0.755, 0.055, 0.055, 0.000);Rejected_Simulation_Low
15:06:48;90;RGBA(0.969, 0.619, 0.143, 0.000);-500000,00;1;0,00;RGBA(0.755, 0.055, 0.055, 0.000);Rejected_Simulation_Low
15:06:48;91;RGBA(0.969, 0.619, 0.143, 0.000);-500000,00;1;0,00;RGBA(0.755, 0.055, 0.055, 0.000);Rejected_Simulation_Low
15:06:48;92;RGBA(0.969, 0.619, 0.143, 0.000);-500000,00;1;0,00;RGBA(0.755, 0.055, 0.055, 0.000);Rejected_Simulation_Low
15:06:48;93;RGBA(0.969, 0.619, 0.143, 0.000);-500000,00;1;0,00;RGBA(0.755, 0.055, 0.055, 0.000);Rejected_Simulation_Low
15:06:48;94;RGBA(0.969, 0.619, 0.143, 0.000);-500000,00;1;0,00;RGBA(0.755, 0.055, 0.055, 0.000);Rejected_Simulation_Low
15:06:48;95;RGBA(0.969, 0.619, 0.143, 0.000);-500000,00;1;0,00;RGBA(0.755, 0.055, 0.055, 0.000);Rejected_Simulation_Low
15:06:48;96;RGBA(0.969, 0.619, 0.143, 0.000);-500000,00;1;0,00;RGBA(0.755, 0.055, 0.055, 0.000);Rejected_Simulation_Low
15:06:48;97;RGBA(0.969, 0.619, 0.143, 0.000);-500000,00;1;0,00;RGBA(0.755, 0.055, 0.055, 0.000);Rejected_Simulation_Low
15:06:48;98;RGBA(0.969, 0.619, 0.143, 0.000);-500000,00;1;0,00;RGBA(0.755, 0.055, 0.055, 0.000);Rejected_Simulation_Low
15:06:48;99;RGBA(0.969, 0.619, 0.143, 0.000);-500000,00;1;0,00;RGBA(0.755, 0.055, 0.055, 0.000);Rejected_Simulation_Low
15:06:48;100;RGBA(0.969, 0.619, 0.143, 0.000);-500000,00;1;0,00;RGBA(0.755, 0.055, 0.055, 0.000);Rejected_Simulation_Low
15:06:48;101;RGBA(0.969, 0.619, 0.143, 0.000);-500000,00;1;0,00;RGBA(0.755, 0.055, 0.055, 0.000);Rejected_Simulation_Low
15:06:48;102;RGBA(0.969, 0.619, 0.143, 0.000);-500000,00;1;0,00;RGBA(0.755, 0.055, 0.055, 0.000);Rejected_Simulation_Low
15:06:48;103;RGBA(0.969, 0.619, 0.143, 0.000);-500000,00;1;0,00;RGBA(0.755, 0.055, 0.055, 0.000);Rejected_Simulation_Low
15:06:48;104;RGBA(0.969, 0.619, 0.143, 0.000);-500000,00;1;0,00;RGBA(0.755, 0.055, 0.055, 0.000);Rejected_Simulation_Low
15:06:48;105;RGBA(0.969, 0.619, 0.143, 0.000);-500000,00;1;0,00;RGBA(0.755, 0.055, 0.055, 0.000);Rejected_Simulation_Low
15:06:48;106;RGBA(0.969, 0.619, 0.143, 0.000);-500000,00;1;0,00;RGBA(0.755, 0.055, 0.055, 0.000);Rejected_Simulation_Low
15:06:48;107;RGBA(0.969, 0.619, 0.143, 0.000);-500000,00;1;0,00;RGBA(0.755, 0.055, 0.055, 0.000);Rejected_Simulation_Low
15:06:48;108;RGBA(0.969, 0.619, 0.143, 0.000);-500000,00;1;0,00;RGBA(0.755, 0.055, 0.055, 0.000);Rejected_Simulation_Low
15:06:48;109;RGBA(0.969, 0.619, 0.143, 0.000);-500000,00;1;0,00;RGBA(0.755, 0.055, 0.055, 0.000);Rejected_Simulation_Low
15:06:48;110;RGBA(0.969, 0.619, 0.143, 0.000);-500000,00;1;0,00;RGBA(0.755, 0.055, 0.055, 0.000);Rejected_Simulation_Low
15:06:48;111;RGBA(0.969, 0.619, 0.143, 0.000);-500000,00;1;0,00;RGBA(0.755, 0.055, 0.055, 0.000);Rejected_Simulation_Low
15:06:48;112;RGBA(0.969, 0.619, 0.143, 0.000);-500000,00;1;0,00;RGBA(0.755, 0.055, 0.055, 0.000);Rejected_Simulation_Low
15:06:48;113;RGBA(0.969, 0.619, 0.143, 0.000);-500000,00;1;0,00;RGBA(0.755, 0.055, 0.055, 0.000);Rejected_Simulation_Low
15:06:48;114;RGBA(0.969, 0.619, 0.143, 0.000);-500000,00;1;0,00;RGBA(0.755, 0.055, 0.055, 0.000);Rejected_Simulation_Low
15:06:48;115;RGBA(0.969, 0.619, 0.143, 0.000);-500000,00;1;0,00;RGBA(0.755, 0.055, 0.055, 0.000);Rejected_Simulation_Low
15:06:48;116;RGBA(0.969, 0.619, 0.143, 0.000);-500000,00;1;0,00;RGBA(0.755, 0.055, 0.055, 0.000);Rejected_Simulation_Low
15:06:48;117;RGBA(0.969, 0.619, 0.143, 0.000);-500000,00;1;0,00;RGBA(0.755, 0.055, 0.055, 0.000);Rejected_Simulation_Low
15:06:48;118;RGBA(0.969, 0.619, 0.143, 0.000);-500000,00;1;0,00;RGBA(0.755, 0.055, 0.055, 0.000);Rejected_Simulation_Low
15:06:48;119;RGBA(0.969, 0.619, 0.143, 0.000);-500000,00;1;0,00;RGBA(0.755, 0.055, 0.055, 0.000);Rejected_Simulation_Low
15:06:48;120;RGBA(0.969, 0.619, 0.143, 0.000);-500000,00;1;0,00;RGBA(0.755, 0.055, 0.055, 0.000);Rejected_Simulation_Low
15:06:48;121;RGBA(0.969, 0.619, 0.143, 0.000);-500000,00;1;0,00;RGBA(0.755, 0.055, 0.055, 0.000);Rejected_Simulation_Low
15:06:48;122;RGBA(0.969, 0.619, 0.143, 0.000);-500000,00;1;0,00;RGBA(0.755, 0.055, 0.055, 0.000);Rejected_Simulation_Low
15:06:48;123;RGBA(0.969, 0.619, 0.143, 0.000);-500000,00;1;0,00;RGBA(0.755, 0.055, 0.055, 0.000);Rejected_Simulation_Low
15:06:48;124;RGBA(0.969, 0.619, 0.143, 0.000);-500000,00;1;0,00;RGBA(0.755, 0.055, 0.055, 0.000);Rejected_Simulation_Low
15:06:48;125;RGBA(0.969, 0.619, 0.143, 0.000);-500000,00;1;0,00;RGBA(0.755, 0.055, 0.055, 0.000);Rejected_Simulation_Low
15:06:48;126;RGBA(0.969, 0.619, 0.143, 0.000);-500000,00;1;0,00;RGBA(0.755, 0.055, 0.055, 0.000);Rejected_Simulation_Low
15:06:48;127;RGBA(0.969, 0.619, 0.143, 0.000);-500000,00;1;0,00;RGBA(0.755, 0.055, 0.055, 0.000);Rejected_Simulation_Low
15:06:48;128;RGBA(0.969, 0.619, 0.143, 0.000);-500000,00;1;0,00;RGBA(0.755, 0.055, 0.055, 0.000);Rejected_Simulation_Low
15:06:48;129;RGBA(0.969, 0.619, 0.143, 0.000);-500000,00;1;0,00;RGBA(0.755, 0.055, 0.055, 0.000);Rejected_Simulation_Low
15:06:48;130;RGBA(0.969, 0.619, 0.143, 0.000);-500000,00;1;0,00;RGBA(0.755, 0.055, 0.055, 0.000);Rejected_Simulation_Low
15:06:48;131;RGBA(0.969, 0.619, 0.143, 0.000);-500000,00;1;0,00;RGBA(0.755, 0.055, 0.055, 0.000);Rejected_Simulation_Low
15:06:48;132;RGBA(0.969, 0.619, 0.143, 0.000);-500000,00;1;0,00;RGBA(0.755, 0.055, 0.055, 0.000);Rejected_Simulation_Low
15:06:48;133;RGBA(0.969, 0.619, 0.143, 0.000);-500000,00;1;0,00;RGBA(0.755, 0.055, 0.055, 0.000);Rejected_Simulation_Low
15:06:48;134;RGBA(0.969, 0.619, 0.143, 0.000);-500000,00;1;0,00;RGBA(0.755, 0.055, 0.055, 0.000);Rejected_Simulation_Low
15:06:48;135;RGBA(0.969, 0.619, 0.143, 0.000);-500000,00;1;0,00;RGBA(0.755, 0.055, 0.055, 0.000);Rejected_Simulation_Low
15:06:48;136;RGBA(0.969, 0.619, 0.143, 0.000);-500000,00;1;0,00;RGBA(0.755, 0.055, 0.055, 0.000);Rejected_Simulation_Low
15:06:48;137;RGBA(0.969, 0.619, 0.143, 0.000);-500000,00;1;0,00;RGBA(0.755, 0.055, 0.055, 0.000);Rejected_Simulation_Low
15:06:48;138;RGBA(0.969, 0.619, 0.143, 0.000);-500000,00;1;0,00;RGBA(0.755, 0.055, 0.055, 0.000);Rejected_Simulation_Low
15:06:48;139;RGBA(0.969, 0.619, 0.143, 0.000);-500000,00;1;0,00;RGBA(0.755, 0.055, 0.055, 0.000);Rejected_Simulation_Low
15:06:48;140;RGBA(0.969, 0.619, 0.143, 0.000);-500000,00;1;0,00;RGBA(0.755, 0.055, 0.055, 0.000);Rejected_Simulation_Low
15:06:48;141;RGBA(0.969, 0.619, 0.143, 0.000);-500000,00;1;0,00;RGBA(0.755, 0.055, 0.055, 0.000);Rejected_Simulation_Low
15:06:48;142;RGBA(0.969, 0.619, 0.143, 0.000);-500000,00;1;0,00;RGBA(0.755, 0.055, 0.055, 0.000);Rejected_Simulation_Low
15:06:48;143;RGBA(0.969, 0.619, 0.143, 0.000);-500000,00;1;0,00;RGBA(0.755, 0.055, 0.055, 0.000);Rejected_Simulation_Low
15:06:48;144;RGBA(0.969, 0.619, 0.143, 0.000);-500000,00;1;0,00;RGBA(0.755, 0.055, 0.055, 0.000);Rejected_Simulation_Low
15:06:48;145;RGBA(0.969, 0.619, 0.143, 0.000);-500000,00;1;0,00;RGBA(0.755, 0.055, 0.055, 0.000);Rejected_Simulation_Low
15:06:48;146;RGBA(0.969, 0.619, 0.143, 0.000);-500000,00;1;0,00;RGBA(0.755, 0.055, 0.055, 0.000);Rejected_Simulation_Low
15:06:48;147;RGBA(0.969, 0.619, 0.143, 0.000);-500000,00;1;0,00;RGBA(0.755, 0.055, 0.055, 0.000);Rejected_Simulation_Low
15:06:48;148;RGBA(0.969, 0.619, 0.143, 0.000);-500000,00;1;0,00;RGBA(0.755, 0.055, 0.055, 0.000);Rejected_Simulation_Low
15:06:48;149;RGBA(0.969, 0.619, 0.143, 0.000);-500000,00;1;0,00;RGBA(0.755, 0.055, 0.055, 0.000);Rejected_Simulation_Low
15:06:48;150;RGBA(0.969, 0.619, 0.143, 0.000);-500000,00;1;0,00;RGBA(0.755, 0.055, 0.055, 0.000);Rejected_Simulation_Low
15:06:48;151;RGBA(0.969, 0.619, 0.143, 0.000);-500000,00;1;0,00;RGBA(0.755, 0.055, 0.055, 0.000);Rejected_Simulation_Low
15:06:48;152;RGBA(0.969, 0.619, 0.143, 0.000);-500000,00;1;0,00;RGBA(0.755, 0.055, 0.055, 0.000);Rejected_Simulation_Low
15:06:48;153;RGBA(0.969, 0.619, 0.143, 0.000);-500000,00;1;0,00;RGBA(0.755, 0.055, 0.055, 0.000);Rejected_Simulation_Low
15:06:48;154;RGBA(0.969, 0.619, 0.143, 0.000);-500000,00;1;0,00;RGBA(0.755, 0.055, 0.055, 0.000);Rejected_Simulation_Low
15:06:48;155;RGBA(0.969, 0.619, 0.143, 0.000);-500000,00;1;0,00;RGBA(0.755, 0.055, 0.055, 0.000);Rejected_Simulation_Low
15:06:48;156;RGBA(0.969, 0.619, 0.143, 0.000);-500000,00;1;0,00;RGBA(0.755, 0.055, 0.055, 0.000);Rejected_Simulation_Low
15:06:48;157;RGBA(0.969, 0.619, 0.143, 0.000);-500000,00;1;0,00;RGBA(0.755, 0.055, 0.055, 0.000);Rejected_Simulation_Low
15:06:48;158;RGBA(0.969, 0.619, 0.143, 0.000);-500000,00;1;0,00;RGBA(0.755, 0.055, 0.055, 0.000);Rejected_Simulation_Low
15:06:48;159;RGBA(0.969, 0.619, 0.143, 0.000);-500000,00;1;0,00;RGBA(0.755, 0.055, 0.055, 0.000);Rejected_Simulation_Low
15:06:48;160;RGBA(0.969, 0.619, 0.143, 0.000);-500000,00;1;0,00;RGBA(0.755, 0.055, 0.055, 0.000);Rejected_Simulation_Low
15:06:48;161;RGBA(0.969, 0.619, 0.143, 0.000);-500000,00;1;0,00;RGBA(0.755, 0.055, 0.055, 0.000);Rejected_Simulation_Low
15:06:48;162;RGBA(0.969, 0.619, 0.143, 0.000);-500000,00;1;0,00;RGBA(0.755, 0.055, 0.055, 0.000);Rejected_Simulation_Low
15:06:48;163;RGBA(0.969, 0.619, 0.143, 0.000);-500000,00;1;0,00;RGBA(0.755, 0.055, 0.055, 0.000);Rejected_Simulation_Low
15:06:48;164;RGBA(0.969, 0.619, 0.143, 0.000);-500000,00;1;0,00;RGBA(0.755, 0.055, 0.055, 0.000);Rejected_Simulation_Low
15:06:48;165;RGBA(0.969, 0.619, 0.143, 0.000);-500000,00;1;0,00;RGBA(0.755, 0.055, 0.055, 0.000);Rejected_Simulation_Low
15:06:48;166;RGBA(0.969, 0.619, 0.143, 0.000);-500000,00;1;0,00;RGBA(0.755, 0.055, 0.055, 0.000);Rejected_Simulation_Low
15:06:48;167;RGBA(0.969, 0.619, 0.143, 0.000);-500000,00;1;0,00;RGBA(0.755, 0.055, 0.055, 0.000);Rejected_Simulation_Low
15:06:48;168;RGBA(0.969, 0.619, 0.143, 0.000);-500000,00;1;0,00;RGBA(0.755, 0.055, 0.055, 0.000);Rejected_Simulation_Low
15:06:48;169;RGBA(0.969, 0.619, 0.143, 0.000);-500000,00;1;0,00;RGBA(0.755, 0.055, 0.055, 0.000);Rejected_Simulation_Low
15:06:48;170;RGBA(0.969, 0.619, 0.143, 0.000);-500000,00;1;0,00;RGBA(0.755, 0.055, 0.055, 0.000);Rejected_Simulation_Low
15:06:48;171;RGBA(0.969, 0.619, 0.143, 0.000);-500000,00;1;0,00;RGBA(0.755, 0.055, 0.055, 0.000);Rejected_Simulation_Low
15:06:48;172;RGBA(0.969, 0.619, 0.143, 0.000);-500000,00;1;0,00;RGBA(0.755, 0.055, 0.055, 0.000);Rejected_Simulation_Low
15:06:48;173;RGBA(0.969, 0.619, 0.143, 0.000);-500000,00;1;0,00;RGBA(0.755, 0.055, 0.055, 0.000);Rejected_Simulation_Low
15:06:48;174;RGBA(0.969, 0.619, 0.143, 0.000);-500000,00;1;0,00;RGBA(0.755, 0.055, 0.055, 0.000);Rejected_Simulation_Low
15:06:48;175;RGBA(0.969, 0.619, 0.143, 0.000);-500000,00;1;0,00;RGBA(0.755, 0.055, 0.055, 0.000);Rejected_Simulation_Low
15:06:48;176;RGBA(0.969, 0.619, 0.143, 0.000);-500000,00;1;0,00;RGBA(0.755, 0.055, 0.055, 0.000);Rejected_Simulation_Low
15:06:48;177;RGBA(0.969, 0.619, 0.143, 0.000);-500000,00;1;0,00;RGBA(0.755, 0.055, 0.055, 0.000);Rejected_Simulation_Low
15:06:48;178;RGBA(0.969, 0.619, 0.143, 0.000);-500000,00;1;0,00;RGBA(0.755, 0.055, 0.055, 0.000);Rejected_Simulation_Low
15:06:48;179;RGBA(0.969, 0.619, 0.143, 0.000);-500000,00;1;0,00;RGBA(0.755, 0.055, 0.055, 0.000);Rejected_Simulation_Low
15:06:48;180;RGBA(0.969, 0.619, 0.143, 0.000);-500000,00;1;0,00;RGBA(0.755, 0.055, 0.055, 0.000);Rejected_Simulation_Low
15:06:48;181;RGBA(0.969, 0.619, 0.143, 0.000);-500000,00;1;0,00;RGBA(0.755, 0.055, 0.055, 0.000);Rejected_Simulation_Low
15:06:48;182;RGBA(0.969, 0.619, 0.143, 0.000);-500000,00;1;0,00;RGBA(0.755, 0.055, 0.055, 0.000);Rejected_Simulation_Low
15:06:48;183;RGBA(0.969, 0.619, 0.143, 0.000);-500000,00;1;0,00;RGBA(0.755, 0.055, 0.055, 0.000);Rejected_Simulation_Low
15:06:48;184;RGBA(0.969, 0.619, 0.143, 0.000);-500000,00;1;0,00;RGBA(0.755, 0.055, 0.055, 0.000);Rejected_Simulation_Low
15:06:48;185;RGBA(0.969, 0.619, 0.143, 0.000);-500000,00;1;0,00;RGBA(0.755, 0.055, 0.055, 0.000);Rejected_Simulation_Low
15:06:48;186;RGBA(0.969, 0.619, 0.143, 0.000);-500000,00;1;0,00;RGBA(0.755, 0.055, 0.055, 0.000);Rejected_Simulation_Low
15:06:48;187;RGBA(0.969, 0.619, 0.143, 0.000);-500000,00;1;0,00;RGBA(0.755, 0.055, 0.055, 0.000);Rejected_Simulation_Low
15:06:48;188;RGBA(0.969, 0.619, 0.143, 0.000);-500000,00;1;0,00;RGBA(0.755, 0.055, 0.055, 0.000);Rejected_Simulation_Low
15:06:48;189;RGBA(0.969, 0.619, 0.143, 0.000);-500000,00;1;0,00;RGBA(0.755, 0.055, 0.055, 0.000);Rejected_Simulation_Low
15:06:48;190;RGBA(0.969, 0.619, 0.143, 0.000);-500000,00;1;0,00;RGBA(0.755, 0.055, 0.055, 0.000);Rejected_Simulation_Low
15:06:48;191;RGBA(0.969, 0.619, 0.143, 0.000);-500000,00;1;0,00;RGBA(0.755, 0.055, 0.055, 0.000);Rejected_Simulation_Low
15:06:48;192;RGBA(0.969, 0.619, 0.143, 0.000);-500000,00;1;0,00;RGBA(0.755, 0.055, 0.055, 0.000);Rejected_Simulation_Low
15:06:48;193;RGBA(0.969, 0.619, 0.143, 0.000);-500000,00;1;0,00;RGBA(0.755, 0.055, 0.055, 0.000);Rejected_Simulation_Low
15:06:48;194;RGBA(0.969, 0.619, 0.143, 0.000);-500000,00;1;0,00;RGBA(0.755, 0.055, 0.055, 0.000);Rejected_Simulation_Low
15:06:48;195;RGBA(0.969, 0.619, 0.143, 0.000);-500000,00;1;0,00;RGBA(0.755, 0.055, 0.055, 0.000);Rejected_Simulation_Low
15:06:48;196;RGBA(0.969, 0.619, 0.143, 0.000);-500000,00;1;0,00;RGBA(0.755, 0.055, 0.055, 0.000);Rejected_Simulation_Low
15:06:48;197;RGBA(0.969, 0.619, 0.143, 0.000);-500000,00;1;0,00;RGBA(0.755, 0.055, 0.055, 0.000);Rejected_Simulation_Low
15:06:48;198;RGBA(0.969, 0.619, 0.143, 0.000);-500000,00;1;0,00;RGBA(0.755, 0.055, 0.055, 0.000);Rejected_Simulation_Low
15:06:48;199;RGBA(0.969, 0.619, 0.143, 0.000);-500000,00;1;0,00;RGBA(0.755, 0.055, 0.055, 0.000);Rejected_Simulation_Low
15:06:48;200;RGBA(0.969, 0.619, 0.143, 0.000);-500000,00;1;0,00;RGBA(0.755, 0.055, 0.055, 0.000);Rejected_Simulation_Low
15:06:48;201;RGBA(0.969, 0.619, 0.143, 0.000);-500000,00;1;0,00;RGBA(0.755, 0.055, 0.055, 0.000);Rejected_Simulation_Low
15:06:48;202;RGBA(0.969, 0.619, 0.143, 0.000);-500000,00;1;0,00;RGBA(0.755, 0.055, 0.055, 0.000);Rejected_Simulation_Low
15:06:48;203;RGBA(0.969, 0.619, 0.143, 0.000);-500000,00;1;0,00;RGBA(0.755, 0.055, 0.055, 0.000);Rejected_Simulation_Low
15:06:48;204;RGBA(0.969, 0.619, 0.143, 0.000);-500000,00;1;0,00;RGBA(0.755, 0.055, 0.055, 0.000);Rejected_Simulation_Low
15:06:48;205;RGBA(0.969, 0.619, 0.143, 0.000);-500000,00;1;0,00;RGBA(0.755, 0.055, 0.055, 0.000);Rejected_Simulation_Low
15:06:48;206;RGBA(0.969, 0.619, 0.143, 0.000);-500000,00;1;0,00;RGBA(0.755, 0.055, 0.055, 0.000);Rejected_Simulation_Low
15:06:48;207;RGBA(0.969, 0.619, 0.143, 0.000);-500000,00;1;0,00;RGBA(0.755, 0.055, 0.055, 0.000);Rejected_Simulation_Low
15:06:48;208;RGBA(0.969, 0.619, 0.143, 0.000);-500000,00;1;0,00;RGBA(0.755, 0.055, 0.055, 0.000);Rejected_Simulation_Low
15:06:48;209;RGBA(0.969, 0.619, 0.143, 0.000);-500000,00;1;0,00;RGBA(0.755, 0.055, 0.055, 0.000);Rejected_Simulation_Low
15:06:48;210;RGBA(0.969, 0.619, 0.143, 0.000);-500000,00;1;0,00;RGBA(0.755, 0.055, 0.055, 0.000);Rejected_Simulation_Low
15:06:48;211;RGBA(0.969, 0.619, 0.143, 0.000);-500000,00;1;0,00;RGBA(0.755, 0.055, 0.055, 0.000);Rejected_Simulation_Low
15:06:48;212;RGBA(0.969, 0.619, 0.143, 0.000);-500000,00;1;0,00;RGBA(0.755, 0.055, 0.055, 0.000);Rejected_Simulation_Low
15:06:48;213;RGBA(0.969, 0.619, 0.143, 0.000);-500000,00;1;0,00;RGBA(0.755, 0.055, 0.055, 0.000);Rejected_Simulation_Low
15:06:48;214;RGBA(0.969, 0.619, 0.143, 0.000);-500000,00;1;0,00;RGBA(0.755, 0.055, 0.055, 0.000);Rejected_Simulation_Low
15:06:48;215;RGBA(0.969, 0.619, 0.143, 0.000);-500000,00;1;0,00;RGBA(0.755, 0.055, 0.055, 0.000);Rejected_Simulation_Low
15:06:48;216;RGBA(0.969, 0.619, 0.143, 0.000);-500000,00;1;0,00;RGBA(0.755, 0.055, 0.055, 0.000);Rejected_Simulation_Low
15:06:48;217;RGBA(0.969, 0.619, 0.143, 0.000);-500000,00;1;0,00;RGBA(0.755, 0.055, 0.055, 0.000);Rejected_Simulation_Low
15:06:48;218;RGBA(0.969, 0.619, 0.143, 0.000);-500000,00;1;0,00;RGBA(0.755, 0.055, 0.055, 0.000);Rejected_Simulation_Low
15:06:48;219;RGBA(0.969, 0.619, 0.143, 0.000);-500000,00;1;0,00;RGBA(0.755, 0.055, 0.055, 0.000);Rejected_Simulation_Low
15:06:48;220;RGBA(0.969, 0.619, 0.143, 0.000);-500000,00;1;0,00;RGBA(0.755, 0.055, 0.055, 0.000);Rejected_Simulation_Low
15:06:48;221;RGBA(0.969, 0.619, 0.143, 0.000);-500000,00;1;0,00;RGBA(0.755, 0.055, 0.055, 0.000);Rejected_Simulation_Low
15:06:48;222;RGBA(0.969, 0.619, 0.143, 0.000);-500000,00;1;0,00;RGBA(0.755, 0.055, 0.055, 0.000);Rejected_Simulation_Low
15:06:48;223;RGBA(0.969, 0.619, 0.143, 0.000);-500000,00;1;0,00;RGBA(0.755, 0.055, 0.055, 0.000);Rejected_Simulation_Low
15:06:48;224;RGBA(0.969, 0.619, 0.143, 0.000);-500000,00;1;0,00;RGBA(0.755, 0.055, 0.055, 0.000);Rejected_Simulation_Low
15:06:48;225;RGBA(0.969, 0.619, 0.143, 0.000);-500000,00;1;0,00;RGBA(0.755, 0.055, 0.055, 0.000);Rejected_Simulation_Low
15:06:48;226;RGBA(0.969, 0.619, 0.143, 0.000);-500000,00;1;0,00;RGBA(0.755, 0.055, 0.055, 0.000);Rejected_Simulation_Low
15:06:48;227;RGBA(0.969, 0.619, 0.143, 0.000);-500000,00;1;0,00;RGBA(0.755, 0.055, 0.055, 0.000);Rejected_Simulation_Low
15:06:48;228;RGBA(0.969, 0.619, 0.143, 0.000);-500000,00;1;0,00;RGBA(0.755, 0.055, 0.055, 0.000);Rejected_Simulation_Low
15:06:48;229;RGBA(0.969, 0.619, 0.143, 0.000);-500000,00;1;0,00;RGBA(0.755, 0.055, 0.055, 0.000);Rejected_Simulation_Low
15:06:48;230;RGBA(0.969, 0.619, 0.143, 0.000);-500000,00;1;0,00;RGBA(0.755, 0.055, 0.055, 0.000);Rejected_Simulation_Low
15:06:48;231;RGBA(0.969, 0.619, 0.143, 0.000);-500000,00;1;0,00;RGBA(0.755, 0.055, 0.055, 0.000);Rejected_Simulation_Low
15:06:48;232;RGBA(0.969, 0.619, 0.143, 0.000);-500000,00;1;0,00;RGBA(0.755, 0.055, 0.055, 0.000);Rejected_Simulation_Low
15:06:48;233;RGBA(0.969, 0.619, 0.143, 0.000);-500000,00;1;0,00;RGBA(0.755, 0.055, 0.055, 0.000);Rejected_Simulation_Low
15:06:48;234;RGBA(0.969, 0.619, 0.143, 0.000);-500000,00;1;0,00;RGBA(0.755, 0.055, 0.055, 0.000);Rejected_Simulation_Low
15:06:48;235;RGBA(0.969, 0.619, 0.143, 0.000);-500000,00;1;0,00;RGBA(0.755, 0.055, 0.055, 0.000);Rejected_Simulation_Low
15:06:48;236;RGBA(0.969, 0.619, 0.143, 0.000);-500000,00;1;0,00;RGBA(0.755, 0.055, 0.055, 0.000);Rejected_Simulation_Low
15:06:48;237;RGBA(0.969, 0.619, 0.143, 0.000);-500000,00;1;0,00;RGBA(0.755, 0.055, 0.055, 0.000);Rejected_Simulation_Low
15:06:48;238;RGBA(0.969, 0.619, 0.143, 0.000);-500000,00;1;0,00;RGBA(0.755, 0.055, 0.055, 0.000);Rejected_Simulation_Low
15:06:48;239;RGBA(0.969, 0.619, 0.143, 0.000);-500000,00;1;0,00;RGBA(0.755, 0.055, 0.055, 0.000);Rejected_Simulation_Low
15:06:48;240;RGBA(0.969, 0.619, 0.143, 0.000);-500000,00;1;0,00;RGBA(0.755, 0.055, 0.055, 0.000);Rejected_Simulation_Low
15:06:48;241;RGBA(0.969, 0.619, 0.143, 0.000);-500000,00;1;0,00;RGBA(0.755, 0.055, 0.055, 0.000);Rejected_Simulation_Low
15:06:48;242;RGBA(0.969, 0.619, 0.143, 0.000);-500000,00;1;0,00;RGBA(0.755, 0.055, 0.055, 0.000);Rejected_Simulation_Low
15:06:48;243;RGBA(0.969, 0.619, 0.143, 0.000);-500000,00;1;0,00;RGBA(0.755, 0.055, 0.055, 0.000);Rejected_Simulation_Low
15:06:48;244;RGBA(0.969, 0.619, 0.143, 0.000);-500000,00;1;0,00;RGBA(0.755, 0.055, 0.055, 0.000);Rejected_Simulation_Low
15:06:48;245;RGBA(0.969, 0.619, 0.143, 0.000);-500000,00;1;0,00;RGBA(0.755, 0.055, 0.055, 0.000);Rejected_Simulation_Low
15:06:48;246;RGBA(0.969, 0.619, 0.143, 0.000);-500000,00;1;0,00;RGBA(0.755, 0.055, 0.055, 0.000);Rejected_Simulation_Low
15:06:48;247;RGBA(0.969, 0.619, 0.143, 0.000);-500000,00;1;0,00;RGBA(0.755, 0.055, 0.055, 0.000);Rejected_Simulation_Low
15:06:48;248;RGBA(0.969, 0.619, 0.143, 0.000);-500000,00;1;0,00;RGBA(0.755, 0.055, 0.055, 0.000);Rejected_Simulation_Low
15:06:49;249;RGBA(0.969, 0.619, 0.143, 0.000);-500000,00;1;0,00;RGBA(0.755, 0.055, 0.055, 0.000);Rejected_Simulation_Low
15:06:49;250;RGBA(0.969, 0.619, 0.143, 0.000);-500000,00;1;0,00;RGBA(0.755, 0.055, 0.055, 0.000);Rejected_Simulation_Low
15:06:49;251;RGBA(0.969, 0.619, 0.143, 0.000);-500000,00;1;0,00;RGBA(0.755, 0.055, 0.055, 0.000);Rejected_Simulation_Low
15:06:49;252;RGBA(0.969, 0.619, 0.143, 0.000);-500000,00;1;0,00;RGBA(0.755, 0.055, 0.055, 0.000);Rejected_Simulation_Low
15:06:49;253;RGBA(0.969, 0.619, 0.143, 0.000);-500000,00;1;0,00;RGBA(0.755, 0.055, 0.055, 0.000);Rejected_Simulation_Low
15:06:49;254;RGBA(0.969, 0.619, 0.143, 0.000);-500000,00;1;0,00;RGBA(0.755, 0.055, 0.055, 0.000);Rejected_Simulation_Low
15:06:49;255;RGBA(0.969, 0.619, 0.143, 0.000);-500000,00;1;0,00;RGBA(0.755, 0.055, 0.055, 0.000);Rejected_Simulation_Low
15:06:49;256;RGBA(0.969, 0.619, 0.143, 0.000);-500000,00;1;0,00;RGBA(0.755, 0.055, 0.055, 0.000);Rejected_Simulation_Low
15:06:49;257;RGBA(0.969, 0.619, 0.143, 0.000);-500000,00;1;0,00;RGBA(0.755, 0.055, 0.055, 0.000);Rejected_Simulation_Low
15:06:49;258;RGBA(0.969, 0.619, 0.143, 0.000);-500000,00;1;0,00;RGBA(0.755, 0.055, 0.055, 0.000);Rejected_Simulation_Low
15:06:49;259;RGBA(0.969, 0.619, 0.143, 0.000);-500000,00;1;0,00;RGBA(0.755, 0.055, 0.055, 0.000);Rejected_Simulation_Low
15:06:49;260;RGBA(0.969, 0.619, 0.143, 0.000);-500000,00;1;0,00;RGBA(0.755, 0.055, 0.055, 0.000);Rejected_Simulation_Low
15:06:49;261;RGBA(0.969, 0.619, 0.143, 0.000);-500000,00;1;0,00;RGBA(0.755, 0.055, 0.055, 0.000);Rejected_Simulation_Low
15:06:49;262;RGBA(0.969, 0.619, 0.143, 0.000);-500000,00;1;0,00;RGBA(0.755, 0.055, 0.055, 0.000);Rejected_Simulation_Low
15:06:49;263;RGBA(0.969, 0.619, 0.143, 0.000);-500000,00;1;0,00;RGBA(0.755, 0.055, 0.055, 0.000);Rejected_Simulation_Low
15:06:49;264;RGBA(0.969, 0.619, 0.143, 0.000);-500000,00;1;0,00;RGBA(0.755, 0.055, 0.055, 0.000);Rejected_Simulation_Low
15:06:49;265;RGBA(0.969, 0.619, 0.143, 0.000);-500000,00;1;0,00;RGBA(0.755, 0.055, 0.055, 0.000);Rejected_Simulation_Low
15:06:49;266;RGBA(0.969, 0.619, 0.143, 0.000);-500000,00;1;0,00;RGBA(0.755, 0.055, 0.055, 0.000);Rejected_Simulation_Low
15:06:49;267;RGBA(0.969, 0.619, 0.143, 0.000);-500000,00;1;0,00;RGBA(0.755, 0.055, 0.055, 0.000);Rejected_Simulation_Low
15:06:49;268;RGBA(0.969, 0.619, 0.143, 0.000);-500000,00;1;0,00;RGBA(0.755, 0.055, 0.055, 0.000);Rejected_Simulation_Low
15:06:49;269;RGBA(0.969, 0.619, 0.143, 0.000);-500000,00;1;0,00;RGBA(0.755, 0.055, 0.055, 0.000);Rejected_Simulation_Low
15:06:49;270;RGBA(0.969, 0.619, 0.143, 0.000);-500000,00;1;0,00;RGBA(0.755, 0.055, 0.055, 0.000);Rejected_Simulation_Low
15:06:49;271;RGBA(0.969, 0.619, 0.143, 0.000);-500000,00;1;0,00;RGBA(0.755, 0.055, 0.055, 0.000);Rejected_Simulation_Low
15:06:49;272;RGBA(0.969, 0.619, 0.143, 0.000);-500000,00;1;0,00;RGBA(0.755, 0.055, 0.055, 0.000);Rejected_Simulation_Low
15:06:49;273;RGBA(0.969, 0.619, 0.143, 0.000);-500000,00;1;0,00;RGBA(0.755, 0.055, 0.055, 0.000);Rejected_Simulation_Low
15:06:49;274;RGBA(0.969, 0.619, 0.143, 0.000);-500000,00;1;0,00;RGBA(0.755, 0.055, 0.055, 0.000);Rejected_Simulation_Low
15:06:49;275;RGBA(0.969, 0.619, 0.143, 0.000);-500000,00;1;0,00;RGBA(0.755, 0.055, 0.055, 0.000);Rejected_Simulation_Low
15:06:49;276;RGBA(0.969, 0.619, 0.143, 0.000);-500000,00;1;0,00;RGBA(0.755, 0.055, 0.055, 0.000);Rejected_Simulation_Low
15:06:49;277;RGBA(0.969, 0.619, 0.143, 0.000);-500000,00;1;0,00;RGBA(0.755, 0.055, 0.055, 0.000);Rejected_Simulation_Low
15:06:49;278;RGBA(0.969, 0.619, 0.143, 0.000);-500000,00;1;0,00;RGBA(0.755, 0.055, 0.055, 0.000);Rejected_Simulation_Low
15:06:49;279;RGBA(0.969, 0.619, 0.143, 0.000);-500000,00;1;0,00;RGBA(0.755, 0.055, 0.055, 0.000);Rejected_Simulation_Low
15:06:49;280;RGBA(0.969, 0.619, 0.143, 0.000);-500000,00;1;0,00;RGBA(0.755, 0.055, 0.055, 0.000);Rejected_Simulation_Low
15:06:49;281;RGBA(0.969, 0.619, 0.143, 0.000);-500000,00;1;0,00;RGBA(0.755, 0.055, 0.055, 0.000);Rejected_Simulation_Low
15:06:49;282;RGBA(0.969, 0.619, 0.143, 0.000);-500000,00;1;0,00;RGBA(0.755, 0.055, 0.055, 0.000);Rejected_Simulation_Low
15:06:49;283;RGBA(0.969, 0.619, 0.143, 0.000);-500000,00;1;0,00;RGBA(0.755, 0.055, 0.055, 0.000);Rejected_Simulation_Low
15:06:49;284;RGBA(0.969, 0.619, 0.143, 0.000);-500000,00;1;0,00;RGBA(0.755, 0.055, 0.055, 0.000);Rejected_Simulation_Low
15:06:49;285;RGBA(0.969, 0.619, 0.143, 0.000);-500000,00;1;0,00;RGBA(0.755, 0.055, 0.055, 0.000);Rejected_Simulation_Low
15:06:49;286;RGBA(0.969, 0.619, 0.143, 0.000);-500000,00;1;0,00;RGBA(0.755, 0.055, 0.055, 0.000);Rejected_Simulation_Low
15:06:49;287;RGBA(0.969, 0.619, 0.143, 0.000);-500000,00;1;0,00;RGBA(0.755, 0.055, 0.055, 0.000);Rejected_Simulation_Low
15:06:49;288;RGBA(0.969, 0.619, 0.143, 0.000);-500000,00;1;0,00;RGBA(0.755, 0.055, 0.055, 0.000);Rejected_Simulation_Low
15:06:49;289;RGBA(0.969, 0.619, 0.143, 0.000);-500000,00;1;0,00;RGBA(0.755, 0.055, 0.055, 0.000);Rejected_Simulation_Low
15:06:49;290;RGBA(0.969, 0.619, 0.143, 0.000);-500000,00;1;0,00;RGBA(0.755, 0.055, 0.055, 0.000);Rejected_Simulation_Low
15:06:49;291;RGBA(0.969, 0.619, 0.143, 0.000);-500000,00;1;0,00;RGBA(0.755, 0.055, 0.055, 0.000);Rejected_Simulation_Low
15:06:49;292;RGBA(0.969, 0.619, 0.143, 0.000);-500000,00;1;0,00;RGBA(0.755, 0.055, 0.055, 0.000);Rejected_Simulation_Low
15:06:49;293;RGBA(0.969, 0.619, 0.143, 0.000);-500000,00;1;0,00;RGBA(0.755, 0.055, 0.055, 0.000);Rejected_Simulation_Low
15:06:49;294;RGBA(0.969, 0.619, 0.143, 0.000);-500000,00;1;0,00;RGBA(0.755, 0.055, 0.055, 0.000);Rejected_Simulation_Low
15:06:49;295;RGBA(0.969, 0.619, 0.143, 0.000);-500000,00;1;0,00;RGBA(0.755, 0.055, 0.055, 0.000);Rejected_Simulation_Low
15:06:49;296;RGBA(0.969, 0.619, 0.143, 0.000);-500000,00;1;0,00;RGBA(0.755, 0.055, 0.055, 0.000);Rejected_Simulation_Low
15:06:49;297;RGBA(0.969, 0.619, 0.143, 0.000);-500000,00;1;0,00;RGBA(0.755, 0.055, 0.055, 0.000);Rejected_Simulation_Low
15:06:49;298;RGBA(0.969, 0.619, 0.143, 0.000);-500000,00;1;0,00;RGBA(0.755, 0.055, 0.055, 0.000);Rejected_Simulation_Low
15:06:49;299;RGBA(0.969, 0.619, 0.143, 0.000);-500000,00;1;0,00;RGBA(0.755, 0.055, 0.055, 0.000);Rejected_Simulation_Low
15:06:49;300;RGBA(0.969, 0.619, 0.143, 0.000);-500000,00;1;0,00;RGBA(0.755, 0.055, 0.055, 0.000);Rejected_Simulation_Low
15:06:49;301;RGBA(0.969, 0.619, 0.143, 0.000);-500000,00;1;0,00;RGBA(0.755, 0.055, 0.055, 0.000);Rejected_Simulation_Low
15:06:49;302;RGBA(0.969, 0.619, 0.143, 0.000);-500000,00;1;0,00;RGBA(0.755, 0.055, 0.055, 0.000);Rejected_Simulation_Low
15:06:49;303;RGBA(0.969, 0.619, 0.143, 0.000);-500000,00;1;0,00;RGBA(0.755, 0.055, 0.055, 0.000);Rejected_Simulation_Low
15:06:49;304;RGBA(0.969, 0.619, 0.143, 0.000);-500000,00;1;0,00;RGBA(0.755, 0.055, 0.055, 0.000);Rejected_Simulation_Low
15:06:49;305;RGBA(0.969, 0.619, 0.143, 0.000);-500000,00;1;0,00;RGBA(0.755, 0.055, 0.055, 0.000);Rejected_Simulation_Low
15:06:49;306;RGBA(0.969, 0.619, 0.143, 0.000);-500000,00;1;0,00;RGBA(0.755, 0.055, 0.055, 0.000);Rejected_Simulation_Low
15:06:49;307;RGBA(0.969, 0.619, 0.143, 0.000);-500000,00;1;0,00;RGBA(0.755, 0.055, 0.055, 0.000);Rejected_Simulation_Low
15:06:49;308;RGBA(0.969, 0.619, 0.143, 0.000);-500000,00;1;0,00;RGBA(0.755, 0.055, 0.055, 0.000);Rejected_Simulation_Low
15:06:49;309;RGBA(0.969, 0.619, 0.143, 0.000);-500000,00;1;0,00;RGBA(0.755, 0.055, 0.055, 0.000);Rejected_Simulation_Low
15:06:49;310;RGBA(0.969, 0.619, 0.143, 0.000);-500000,00;1;0,00;RGBA(0.755, 0.055, 0.055, 0.000);Rejected_Simulation_Low
15:06:49;311;RGBA(0.969, 0.619, 0.143, 0.000);-500000,00;1;0,00;RGBA(0.755, 0.055, 0.055, 0.000);Rejected_Simulation_Low
15:06:49;312;RGBA(0.969, 0.619, 0.143, 0.000);-500000,00;1;0,00;RGBA(0.755, 0.055, 0.055, 0.000);Rejected_Simulation_Low
15:06:49;313;RGBA(0.969, 0.619, 0.143, 0.000);-500000,00;1;0,00;RGBA(0.755, 0.055, 0.055, 0.000);Rejected_Simulation_Low
15:06:49;314;RGBA(0.969, 0.619, 0.143, 0.000);-500000,00;1;0,00;RGBA(0.755, 0.055, 0.055, 0.000);Rejected_Simulation_Low
15:06:49;315;RGBA(0.969, 0.619, 0.143, 0.000);-500000,00;1;0,00;RGBA(0.755, 0.055, 0.055, 0.000);Rejected_Simulation_Low
15:06:49;316;RGBA(0.969, 0.619, 0.143, 0.000);-500000,00;1;0,00;RGBA(0.755, 0.055, 0.055, 0.000);Rejected_Simulation_Low
15:06:49;317;RGBA(0.969, 0.619, 0.143, 0.000);-500000,00;1;0,00;RGBA(0.755, 0.055, 0.055, 0.000);Rejected_Simulation_Low
15:06:49;318;RGBA(0.969, 0.619, 0.143, 0.000);-500000,00;1;0,00;RGBA(0.755, 0.055, 0.055, 0.000);Rejected_Simulation_Low
15:06:49;319;RGBA(0.969, 0.619, 0.143, 0.000);-500000,00;1;0,00;RGBA(0.755, 0.055, 0.055, 0.000);Rejected_Simulation_Low
15:06:49;320;RGBA(0.969, 0.619, 0.143, 0.000);-500000,00;1;0,00;RGBA(0.755, 0.055, 0.055, 0.000);Rejected_Simulation_Low
15:06:49;321;RGBA(0.969, 0.619, 0.143, 0.000);-500000,00;1;0,00;RGBA(0.755, 0.055, 0.055, 0.000);Rejected_Simulation_Low
15:06:49;322;RGBA(0.969, 0.619, 0.143, 0.000);-500000,00;1;0,00;RGBA(0.755, 0.055, 0.055, 0.000);Rejected_Simulation_Low
15:06:49;323;RGBA(0.969, 0.619, 0.143, 0.000);-500000,00;1;0,00;RGBA(0.755, 0.055, 0.055, 0.000);Rejected_Simulation_Low
15:06:49;324;RGBA(0.969, 0.619, 0.143, 0.000);-500000,00;1;0,00;RGBA(0.755, 0.055, 0.055, 0.000);Rejected_Simulation_Low
15:06:49;325;RGBA(0.969, 0.619, 0.143, 0.000);-500000,00;1;0,00;RGBA(0.755, 0.055, 0.055, 0.000);Rejected_Simulation_Low
15:06:49;326;RGBA(0.969, 0.619, 0.143, 0.000);-500000,00;1;0,00;RGBA(0.755, 0.055, 0.055, 0.000);Rejected_Simulation_Low
15:06:49;327;RGBA(0.969, 0.619, 0.143, 0.000);-500000,00;1;0,00;RGBA(0.755, 0.055, 0.055, 0.000);Rejected_Simulation_Low
15:06:49;328;RGBA(0.969, 0.619, 0.143, 0.000);-500000,00;1;0,00;RGBA(0.755, 0.055, 0.055, 0.000);Rejected_Simulation_Low
15:06:49;329;RGBA(0.969, 0.619, 0.143, 0.000);-500000,00;1;0,00;RGBA(0.755, 0.055, 0.055, 0.000);Rejected_Simulation_Low
15:06:49;330;RGBA(0.969, 0.619, 0.143, 0.000);-500000,00;1;0,00;RGBA(0.755, 0.055, 0.055, 0.000);Rejected_Simulation_Low
15:06:49;331;RGBA(0.969, 0.619, 0.143, 0.000);-500000,00;1;0,00;RGBA(0.755, 0.055, 0.055, 0.000);Rejected_Simulation_Low
15:06:49;332;RGBA(0.969, 0.619, 0.143, 0.000);-500000,00;1;0,00;RGBA(0.755, 0.055, 0.055, 0.000);Rejected_Simulation_Low
15:06:49;333;RGBA(0.969, 0.619, 0.143, 0.000);-500000,00;1;0,00;RGBA(0.755, 0.055, 0.055, 0.000);Rejected_Simulation_Low
15:06:49;334;RGBA(0.969, 0.619, 0.143, 0.000);-500000,00;1;0,00;RGBA(0.755, 0.055, 0.055, 0.000);Rejected_Simulation_Low
15:06:49;335;RGBA(0.969, 0.619, 0.143, 0.000);-500000,00;1;0,00;RGBA(0.755, 0.055, 0.055, 0.000);Rejected_Simulation_Low
15:06:49;336;RGBA(0.969, 0.619, 0.143, 0.000);-500000,00;1;0,00;RGBA(0.755, 0.055, 0.055, 0.000);Rejected_Simulation_Low
15:06:49;337;RGBA(0.969, 0.619, 0.143, 0.000);-500000,00;1;0,00;RGBA(0.755, 0.055, 0.055, 0.000);Rejected_Simulation_Low
15:06:49;338;RGBA(0.969, 0.619, 0.143, 0.000);-500000,00;1;0,00;RGBA(0.755, 0.055, 0.055, 0.000);Rejected_Simulation_Low
15:06:49;339;RGBA(0.969, 0.619, 0.143, 0.000);-500000,00;1;0,00;RGBA(0.755, 0.055, 0.055, 0.000);Rejected_Simulation_Low
15:06:49;340;RGBA(0.969, 0.619, 0.143, 0.000);-500000,00;1;0,00;RGBA(0.755, 0.055, 0.055, 0.000);Rejected_Simulation_Low
15:06:49;341;RGBA(0.969, 0.619, 0.143, 0.000);-500000,00;1;0,00;RGBA(0.755, 0.055, 0.055, 0.000);Rejected_Simulation_Low
15:06:49;342;RGBA(0.969, 0.619, 0.143, 0.000);-500000,00;1;0,00;RGBA(0.755, 0.055, 0.055, 0.000);Rejected_Simulation_Low
15:06:49;343;RGBA(0.969, 0.619, 0.143, 0.000);-500000,00;1;0,00;RGBA(0.755, 0.055, 0.055, 0.000);Rejected_Simulation_Low
15:06:49;344;RGBA(0.969, 0.619, 0.143, 0.000);-500000,00;1;0,00;RGBA(0.755, 0.055, 0.055, 0.000);Rejected_Simulation_Low
15:06:49;345;RGBA(0.969, 0.619, 0.143, 0.000);-500000,00;1;0,00;RGBA(0.755, 0.055, 0.055, 0.000);Rejected_Simulation_Low
15:06:49;346;RGBA(0.969, 0.619, 0.143, 0.000);-500000,00;1;0,00;RGBA(0.755, 0.055, 0.055, 0.000);Rejected_Simulation_Low
15:06:49;347;RGBA(0.969, 0.619, 0.143, 0.000);-500000,00;1;0,00;RGBA(0.755, 0.055, 0.055, 0.000);Rejected_Simulation_Low
15:06:49;348;RGBA(0.969, 0.619, 0.143, 0.000);-500000,00;1;0,00;RGBA(0.755, 0.055, 0.055, 0.000);Rejected_Simulation_Low
15:06:49;349;RGBA(0.969, 0.619, 0.143, 0.000);-500000,00;1;0,00;RGBA(0.755, 0.055, 0.055, 0.000);Rejected_Simulation_Low
15:06:49;350;RGBA(0.969, 0.619, 0.143, 0.000);-500000,00;1;0,00;RGBA(0.755, 0.055, 0.055, 0.000);Rejected_Simulation_Low
15:06:49;351;RGBA(0.969, 0.619, 0.143, 0.000);-500000,00;1;0,00;RGBA(0.755, 0.055, 0.055, 0.000);Rejected_Simulation_Low
15:06:49;352;RGBA(0.969, 0.619, 0.143, 0.000);-500000,00;1;0,00;RGBA(0.755, 0.055, 0.055, 0.000);Rejected_Simulation_Low
15:06:49;353;RGBA(0.969, 0.619, 0.143, 0.000);-500000,00;1;0,00;RGBA(0.755, 0.055, 0.055, 0.000);Rejected_Simulation_Low
15:06:49;354;RGBA(0.969, 0.619, 0.143, 0.000);-500000,00;1;0,00;RGBA(0.755, 0.055, 0.055, 0.000);Rejected_Simulation_Low
15:06:49;355;RGBA(0.969, 0.619, 0.143, 0.000);-500000,00;1;0,00;RGBA(0.755, 0.055, 0.055, 0.000);Rejected_Simulation_Low
15:06:49;356;RGBA(0.969, 0.619, 0.143, 0.000);-500000,00;1;0,00;RGBA(0.755, 0.055, 0.055, 0.000);Rejected_Simulation_Low
15:06:49;357;RGBA(0.969, 0.619, 0.143, 0.000);-500000,00;1;0,00;RGBA(0.755, 0.055, 0.055, 0.000);Rejected_Simulation_Low
15:06:49;358;RGBA(0.969, 0.619, 0.143, 0.000);-500000,00;1;0,00;RGBA(0.755, 0.055, 0.055, 0.000);Rejected_Simulation_Low
15:06:49;359;RGBA(0.969, 0.619, 0.143, 0.000);-500000,00;1;0,00;RGBA(0.755, 0.055, 0.055, 0.000);Rejected_Simulation_Low
15:06:49;360;RGBA(0.969, 0.619, 0.143, 0.000);-500000,00;1;0,00;RGBA(0.755, 0.055, 0.055, 0.000);Rejected_Simulation_Low
15:06:49;361;RGBA(0.969, 0.619, 0.143, 0.000);-500000,00;1;0,00;RGBA(0.755, 0.055, 0.055, 0.000);Rejected_Simulation_Low
15:06:49;362;RGBA(0.969, 0.619, 0.143, 0.000);-500000,00;1;0,00;RGBA(0.755, 0.055, 0.055, 0.000);Rejected_Simulation_Low
15:06:49;363;RGBA(0.969, 0.619, 0.143, 0.000);-500000,00;1;0,00;RGBA(0.755, 0.055, 0.055, 0.000);Rejected_Simulation_Low
15:06:49;364;RGBA(0.969, 0.619, 0.143, 0.000);-500000,00;1;0,00;RGBA(0.755, 0.055, 0.055, 0.000);Rejected_Simulation_Low
15:06:49;365;RGBA(0.969, 0.619, 0.143, 0.000);-500000,00;1;0,00;RGBA(0.755, 0.055, 0.055, 0.000);Rejected_Simulation_Low
15:06:49;366;RGBA(0.969, 0.619, 0.143, 0.000);-500000,00;1;0,00;RGBA(0.755, 0.055, 0.055, 0.000);Rejected_Simulation_Low
15:06:49;367;RGBA(0.969, 0.619, 0.143, 0.000);-500000,00;1;0,00;RGBA(0.755, 0.055, 0.055, 0.000);Rejected_Simulation_Low
15:06:49;368;RGBA(0.969, 0.619, 0.143, 0.000);-500000,00;1;0,00;RGBA(0.755, 0.055, 0.055, 0.000);Rejected_Simulation_Low
15:06:49;369;RGBA(0.969, 0.619, 0.143, 0.000);-500000,00;1;0,00;RGBA(0.755, 0.055, 0.055, 0.000);Rejected_Simulation_Low
15:06:49;370;RGBA(0.969, 0.619, 0.143, 0.000);-500000,00;1;0,00;RGBA(0.755, 0.055, 0.055, 0.000);Rejected_Simulation_Low
15:06:49;371;RGBA(0.969, 0.619, 0.143, 0.000);-500000,00;1;0,00;RGBA(0.755, 0.055, 0.055, 0.000);Rejected_Simulation_Low
15:06:49;372;RGBA(0.969, 0.619, 0.143, 0.000);-500000,00;1;0,00;RGBA(0.755, 0.055, 0.055, 0.000);Rejected_Simulation_Low
15:06:49;373;RGBA(0.969, 0.619, 0.143, 0.000);-500000,00;1;0,00;RGBA(0.755, 0.055, 0.055, 0.000);Rejected_Simulation_Low
15:06:49;374;RGBA(0.969, 0.619, 0.143, 0.000);-500000,00;1;0,00;RGBA(0.755, 0.055, 0.055, 0.000);Rejected_Simulation_Low
15:06:49;375;RGBA(0.969, 0.619, 0.143, 0.000);-500000,00;1;0,00;RGBA(0.755, 0.055, 0.055, 0.000);Rejected_Simulation_Low
15:06:49;376;RGBA(0.969, 0.619, 0.143, 0.000);-500000,00;1;0,00;RGBA(0.755, 0.055, 0.055, 0.000);Rejected_Simulation_Low
15:06:49;377;RGBA(0.969, 0.619, 0.143, 0.000);-500000,00;1;0,00;RGBA(0.755, 0.055, 0.055, 0.000);Rejected_Simulation_Low
15:06:49;378;RGBA(0.969, 0.619, 0.143, 0.000);-500000,00;1;0,00;RGBA(0.755, 0.055, 0.055, 0.000);Rejected_Simulation_Low
15:06:49;379;RGBA(0.969, 0.619, 0.143, 0.000);-500000,00;1;0,00;RGBA(0.755, 0.055, 0.055, 0.000);Rejected_Simulation_Low
15:06:49;380;RGBA(0.969, 0.619, 0.143, 0.000);-500000,00;1;0,00;RGBA(0.755, 0.055, 0.055, 0.000);Rejected_Simulation_Low
15:06:49;381;RGBA(0.969, 0.619, 0.143, 0.000);-500000,00;1;0,00;RGBA(0.755, 0.055, 0.055, 0.000);Rejected_Simulation_Low
15:06:49;382;RGBA(0.969, 0.619, 0.143, 0.000);-500000,00;1;0,00;RGBA(0.755, 0.055, 0.055, 0.000);Rejected_Simulation_Low
15:06:49;383;RGBA(0.969, 0.619, 0.143, 0.000);-500000,00;1;0,00;RGBA(0.755, 0.055, 0.055, 0.000);Rejected_Simulation_Low
15:06:49;384;RGBA(0.969, 0.619, 0.143, 0.000);-500000,00;1;0,00;RGBA(0.755, 0.055, 0.055, 0.000);Rejected_Simulation_Low
15:06:49;385;RGBA(0.969, 0.619, 0.143, 0.000);-500000,00;1;0,00;RGBA(0.755, 0.055, 0.055, 0.000);Rejected_Simulation_Low
15:06:49;386;RGBA(0.969, 0.619, 0.143, 0.000);-500000,00;1;0,00;RGBA(0.755, 0.055, 0.055, 0.000);Rejected_Simulation_Low
15:06:49;387;RGBA(0.969, 0.619, 0.143, 0.000);-500000,00;1;0,00;RGBA(0.755, 0.055, 0.055, 0.000);Rejected_Simulation_Low
15:06:49;388;RGBA(0.969, 0.619, 0.143, 0.000);-500000,00;1;0,00;RGBA(0.755, 0.055, 0.055, 0.000);Rejected_Simulation_Low
15:06:49;389;RGBA(0.969, 0.619, 0.143, 0.000);-500000,00;1;0,00;RGBA(0.755, 0.055, 0.055, 0.000);Rejected_Simulation_Low
15:06:49;390;RGBA(0.969, 0.619, 0.143, 0.000);-500000,00;1;0,00;RGBA(0.755, 0.055, 0.055, 0.000);Rejected_Simulation_Low
15:06:49;391;RGBA(0.969, 0.619, 0.143, 0.000);-500000,00;1;0,00;RGBA(0.755, 0.055, 0.055, 0.000);Rejected_Simulation_Low
15:06:49;392;RGBA(0.969, 0.619, 0.143, 0.000);-500000,00;1;0,00;RGBA(0.755, 0.055, 0.055, 0.000);Rejected_Simulation_Low
15:06:49;393;RGBA(0.969, 0.619, 0.143, 0.000);-500000,00;1;0,00;RGBA(0.755, 0.055, 0.055, 0.000);Rejected_Simulation_Low
15:06:49;394;RGBA(0.969, 0.619, 0.143, 0.000);-500000,00;1;0,00;RGBA(0.755, 0.055, 0.055, 0.000);Rejected_Simulation_Low
15:06:49;395;RGBA(0.969, 0.619, 0.143, 0.000);-500000,00;1;0,00;RGBA(0.755, 0.055, 0.055, 0.000);Rejected_Simulation_Low
15:06:49;396;RGBA(0.969, 0.619, 0.143, 0.000);-500000,00;1;0,00;RGBA(0.755, 0.055, 0.055, 0.000);Rejected_Simulation_Low
15:06:49;397;RGBA(0.969, 0.619, 0.143, 0.000);-500000,00;1;0,00;RGBA(0.755, 0.055, 0.055, 0.000);Rejected_Simulation_Low
15:06:49;398;RGBA(0.969, 0.619, 0.143, 0.000);-500000,00;1;0,00;RGBA(0.755, 0.055, 0.055, 0.000);Rejected_Simulation_Low
15:06:49;399;RGBA(0.969, 0.619, 0.143, 0.000);-500000,00;1;0,00;RGBA(0.755, 0.055, 0.055, 0.000);Rejected_Simulation_Low
15:06:49;400;RGBA(0.969, 0.619, 0.143, 0.000);-500000,00;1;0,00;RGBA(0.755, 0.055, 0.055, 0.000);Rejected_Simulation_Low
15:06:49;401;RGBA(0.969, 0.619, 0.143, 0.000);-500000,00;1;0,00;RGBA(0.755, 0.055, 0.055, 0.000);Rejected_Simulation_Low
15:06:49;402;RGBA(0.969, 0.619, 0.143, 0.000);-500000,00;1;0,00;RGBA(0.755, 0.055, 0.055, 0.000);Rejected_Simulation_Low
15:06:49;403;RGBA(0.969, 0.619, 0.143, 0.000);-500000,00;1;0,00;RGBA(0.755, 0.055, 0.055, 0.000);Rejected_Simulation_Low
15:06:49;404;RGBA(0.969, 0.619, 0.143, 0.000);-500000,00;1;0,00;RGBA(0.755, 0.055, 0.055, 0.000);Rejected_Simulation_Low
15:06:49;405;RGBA(0.969, 0.619, 0.143, 0.000);-500000,00;1;0,00;RGBA(0.755, 0.055, 0.055, 0.000);Rejected_Simulation_Low
15:06:49;406;RGBA(0.969, 0.619, 0.143, 0.000);-500000,00;1;0,00;RGBA(0.755, 0.055, 0.055, 0.000);Rejected_Simulation_Low
15:06:49;407;RGBA(0.969, 0.619, 0.143, 0.000);-500000,00;1;0,00;RGBA(0.755, 0.055, 0.055, 0.000);Rejected_Simulation_Low
15:06:49;408;RGBA(0.969, 0.619, 0.143, 0.000);-500000,00;1;0,00;RGBA(0.755, 0.055, 0.055, 0.000);Rejected_Simulation_Low
15:06:49;409;RGBA(0.969, 0.619, 0.143, 0.000);-500000,00;1;0,00;RGBA(0.755, 0.055, 0.055, 0.000);Rejected_Simulation_Low
15:06:49;410;RGBA(0.969, 0.619, 0.143, 0.000);-500000,00;1;0,00;RGBA(0.755, 0.055, 0.055, 0.000);Rejected_Simulation_Low
15:06:49;411;RGBA(0.969, 0.619, 0.143, 0.000);-500000,00;1;0,00;RGBA(0.755, 0.055, 0.055, 0.000);Rejected_Simulation_Low
15:06:49;412;RGBA(0.969, 0.619, 0.143, 0.000);-500000,00;1;0,00;RGBA(0.755, 0.055, 0.055, 0.000);Rejected_Simulation_Low
15:06:49;413;RGBA(0.969, 0.619, 0.143, 0.000);-500000,00;1;0,00;RGBA(0.755, 0.055, 0.055, 0.000);Rejected_Simulation_Low
15:06:49;414;RGBA(0.969, 0.619, 0.143, 0.000);-500000,00;1;0,00;RGBA(0.755, 0.055, 0.055, 0.000);Rejected_Simulation_Low
15:06:49;415;RGBA(0.969, 0.619, 0.143, 0.000);-500000,00;1;0,00;RGBA(0.755, 0.055, 0.055, 0.000);Rejected_Simulation_Low
15:06:49;416;RGBA(0.969, 0.619, 0.143, 0.000);-500000,00;1;0,00;RGBA(0.755, 0.055, 0.055, 0.000);Rejected_Simulation_Low
15:06:49;417;RGBA(0.969, 0.619, 0.143, 0.000);-500000,00;1;0,00;RGBA(0.755, 0.055, 0.055, 0.000);Rejected_Simulation_Low
15:06:49;418;RGBA(0.969, 0.619, 0.143, 0.000);-500000,00;1;0,00;RGBA(0.755, 0.055, 0.055, 0.000);Rejected_Simulation_Low
15:06:49;419;RGBA(0.969, 0.619, 0.143, 0.000);-500000,00;1;0,00;RGBA(0.755, 0.055, 0.055, 0.000);Rejected_Simulation_Low
15:06:49;420;RGBA(0.969, 0.619, 0.143, 0.000);-500000,00;1;0,00;RGBA(0.755, 0.055, 0.055, 0.000);Rejected_Simulation_Low
15:06:49;421;RGBA(0.969, 0.619, 0.143, 0.000);-500000,00;1;0,00;RGBA(0.755, 0.055, 0.055, 0.000);Rejected_Simulation_Low
15:06:49;422;RGBA(0.969, 0.619, 0.143, 0.000);-500000,00;1;0,00;RGBA(0.755, 0.055, 0.055, 0.000);Rejected_Simulation_Low
15:06:49;423;RGBA(0.969, 0.619, 0.143, 0.000);-500000,00;1;0,00;RGBA(0.755, 0.055, 0.055, 0.000);Rejected_Simulation_Low
15:06:49;424;RGBA(0.969, 0.619, 0.143, 0.000);-500000,00;1;0,00;RGBA(0.755, 0.055, 0.055, 0.000);Rejected_Simulation_Low
15:06:49;425;RGBA(0.969, 0.619, 0.143, 0.000);-500000,00;1;0,00;RGBA(0.755, 0.055, 0.055, 0.000);Rejected_Simulation_Low
15:06:49;426;RGBA(0.969, 0.619, 0.143, 0.000);-500000,00;1;0,00;RGBA(0.755, 0.055, 0.055, 0.000);Rejected_Simulation_Low
15:06:49;427;RGBA(0.969, 0.619, 0.143, 0.000);-500000,00;1;0,00;RGBA(0.755, 0.055, 0.055, 0.000);Rejected_Simulation_Low
15:06:49;428;RGBA(0.969, 0.619, 0.143, 0.000);-500000,00;1;0,00;RGBA(0.755, 0.055, 0.055, 0.000);Rejected_Simulation_Low
15:06:49;429;RGBA(0.969, 0.619, 0.143, 0.000);-500000,00;1;0,00;RGBA(0.755, 0.055, 0.055, 0.000);Rejected_Simulation_Low
15:06:49;430;RGBA(0.969, 0.619, 0.143, 0.000);-500000,00;1;0,00;RGBA(0.755, 0.055, 0.055, 0.000);Rejected_Simulation_Low
15:06:49;431;RGBA(0.969, 0.619, 0.143, 0.000);-500000,00;1;0,00;RGBA(0.755, 0.055, 0.055, 0.000);Rejected_Simulation_Low
15:06:49;432;RGBA(0.969, 0.619, 0.143, 0.000);-500000,00;1;0,00;RGBA(0.755, 0.055, 0.055, 0.000);Rejected_Simulation_Low
15:06:49;433;RGBA(0.969, 0.619, 0.143, 0.000);-500000,00;1;0,00;RGBA(0.755, 0.055, 0.055, 0.000);Rejected_Simulation_Low
15:06:49;434;RGBA(0.969, 0.619, 0.143, 0.000);-500000,00;1;0,00;RGBA(0.755, 0.055, 0.055, 0.000);Rejected_Simulation_Low
15:06:49;435;RGBA(0.969, 0.619, 0.143, 0.000);-500000,00;1;0,00;RGBA(0.755, 0.055, 0.055, 0.000);Rejected_Simulation_Low
15:06:49;436;RGBA(0.969, 0.619, 0.143, 0.000);-500000,00;1;0,00;RGBA(0.755, 0.055, 0.055, 0.000);Rejected_Simulation_Low
15:06:49;437;RGBA(0.969, 0.619, 0.143, 0.000);-500000,00;1;0,00;RGBA(0.755, 0.055, 0.055, 0.000);Rejected_Simulation_Low
15:06:49;438;RGBA(0.969, 0.619, 0.143, 0.000);-500000,00;1;0,00;RGBA(0.755, 0.055, 0.055, 0.000);Rejected_Simulation_Low
15:06:49;439;RGBA(0.969, 0.619, 0.143, 0.000);-500000,00;1;0,00;RGBA(0.755, 0.055, 0.055, 0.000);Rejected_Simulation_Low
15:06:49;440;RGBA(0.969, 0.619, 0.143, 0.000);-500000,00;1;0,00;RGBA(0.755, 0.055, 0.055, 0.000);Rejected_Simulation_Low
15:06:49;441;RGBA(0.969, 0.619, 0.143, 0.000);-500000,00;1;0,00;RGBA(0.755, 0.055, 0.055, 0.000);Rejected_Simulation_Low
15:06:49;442;RGBA(0.969, 0.619, 0.143, 0.000);-500000,00;1;0,00;RGBA(0.755, 0.055, 0.055, 0.000);Rejected_Simulation_Low
15:06:49;443;RGBA(0.969, 0.619, 0.143, 0.000);-500000,00;1;0,00;RGBA(0.755, 0.055, 0.055, 0.000);Rejected_Simulation_Low
15:06:49;444;RGBA(0.969, 0.619, 0.143, 0.000);-500000,00;1;0,00;RGBA(0.755, 0.055, 0.055, 0.000);Rejected_Simulation_Low
15:06:49;445;RGBA(0.969, 0.619, 0.143, 0.000);-500000,00;1;0,00;RGBA(0.755, 0.055, 0.055, 0.000);Rejected_Simulation_Low
15:06:49;446;RGBA(0.969, 0.619, 0.143, 0.000);-500000,00;1;0,00;RGBA(0.755, 0.055, 0.055, 0.000);Rejected_Simulation_Low
15:06:49;447;RGBA(0.969, 0.619, 0.143, 0.000);-500000,00;1;0,00;RGBA(0.755, 0.055, 0.055, 0.000);Rejected_Simulation_Low
15:06:49;448;RGBA(0.969, 0.619, 0.143, 0.000);-500000,00;1;0,00;RGBA(0.755, 0.055, 0.055, 0.000);Rejected_Simulation_Low
15:06:49;449;RGBA(0.969, 0.619, 0.143, 0.000);-500000,00;1;0,00;RGBA(0.755, 0.055, 0.055, 0.000);Rejected_Simulation_Low
15:06:49;450;RGBA(0.969, 0.619, 0.143, 0.000);-500000,00;1;0,00;RGBA(0.755, 0.055, 0.055, 0.000);Rejected_Simulation_Low
15:06:49;451;RGBA(0.969, 0.619, 0.143, 0.000);-500000,00;1;0,00;RGBA(0.755, 0.055, 0.055, 0.000);Rejected_Simulation_Low
15:06:49;452;RGBA(0.969, 0.619, 0.143, 0.000);-500000,00;1;0,00;RGBA(0.755, 0.055, 0.055, 0.000);Rejected_Simulation_Low
15:06:49;453;RGBA(0.969, 0.619, 0.143, 0.000);-500000,00;1;0,00;RGBA(0.755, 0.055, 0.055, 0.000);Rejected_Simulation_Low
15:06:49;454;RGBA(0.969, 0.619, 0.143, 0.000);-500000,00;1;0,00;RGBA(0.755, 0.055, 0.055, 0.000);Rejected_Simulation_Low
15:06:49;455;RGBA(0.969, 0.619, 0.143, 0.000);-500000,00;1;0,00;RGBA(0.755, 0.055, 0.055, 0.000);Rejected_Simulation_Low
15:06:49;456;RGBA(0.969, 0.619, 0.143, 0.000);-500000,00;1;0,00;RGBA(0.755, 0.055, 0.055, 0.000);Rejected_Simulation_Low
15:06:49;457;RGBA(0.969, 0.619, 0.143, 0.000);-500000,00;1;0,00;RGBA(0.755, 0.055, 0.055, 0.000);Rejected_Simulation_Low
15:06:49;458;RGBA(0.969, 0.619, 0.143, 0.000);-500000,00;1;0,00;RGBA(0.755, 0.055, 0.055, 0.000);Rejected_Simulation_Low
15:06:49;459;RGBA(0.969, 0.619, 0.143, 0.000);-500000,00;1;0,00;RGBA(0.755, 0.055, 0.055, 0.000);Rejected_Simulation_Low
15:06:49;460;RGBA(0.969, 0.619, 0.143, 0.000);-500000,00;1;0,00;RGBA(0.755, 0.055, 0.055, 0.000);Rejected_Simulation_Low
15:06:49;461;RGBA(0.969, 0.619, 0.143, 0.000);-500000,00;1;0,00;RGBA(0.755, 0.055, 0.055, 0.000);Rejected_Simulation_Low
15:06:49;462;RGBA(0.969, 0.619, 0.143, 0.000);-500000,00;1;0,00;RGBA(0.755, 0.055, 0.055, 0.000);Rejected_Simulation_Low
15:06:49;463;RGBA(0.969, 0.619, 0.143, 0.000);-500000,00;1;0,00;RGBA(0.755, 0.055, 0.055, 0.000);Rejected_Simulation_Low
15:06:49;464;RGBA(0.969, 0.619, 0.143, 0.000);-500000,00;1;0,00;RGBA(0.755, 0.055, 0.055, 0.000);Rejected_Simulation_Low
15:06:49;465;RGBA(0.969, 0.619, 0.143, 0.000);-500000,00;1;0,00;RGBA(0.755, 0.055, 0.055, 0.000);Rejected_Simulation_Low
15:06:49;466;RGBA(0.969, 0.619, 0.143, 0.000);-500000,00;1;0,00;RGBA(0.755, 0.055, 0.055, 0.000);Rejected_Simulation_Low
15:06:49;467;RGBA(0.969, 0.619, 0.143, 0.000);-500000,00;1;0,00;RGBA(0.755, 0.055, 0.055, 0.000);Rejected_Simulation_Low
15:06:49;468;RGBA(0.969, 0.619, 0.143, 0.000);-500000,00;1;0,00;RGBA(0.755, 0.055, 0.055, 0.000);Rejected_Simulation_Low
15:06:49;469;RGBA(0.969, 0.619, 0.143, 0.000);-500000,00;1;0,00;RGBA(0.755, 0.055, 0.055, 0.000);Rejected_Simulation_Low
15:06:49;470;RGBA(0.969, 0.619, 0.143, 0.000);-500000,00;1;0,00;RGBA(0.755, 0.055, 0.055, 0.000);Rejected_Simulation_Low
15:06:49;471;RGBA(0.969, 0.619, 0.143, 0.000);-500000,00;1;0,00;RGBA(0.755, 0.055, 0.055, 0.000);Rejected_Simulation_Low
15:06:49;472;RGBA(0.969, 0.619, 0.143, 0.000);-500000,00;1;0,00;RGBA(0.755, 0.055, 0.055, 0.000);Rejected_Simulation_Low
15:06:49;473;RGBA(0.969, 0.619, 0.143, 0.000);-500000,00;1;0,00;RGBA(0.755, 0.055, 0.055, 0.000);Rejected_Simulation_Low
15:06:49;474;RGBA(0.969, 0.619, 0.143, 0.000);-500000,00;1;0,00;RGBA(0.755, 0.055, 0.055, 0.000);Rejected_Simulation_Low
15:06:49;475;RGBA(0.969, 0.619, 0.143, 0.000);-500000,00;1;0,00;RGBA(0.755, 0.055, 0.055, 0.000);Rejected_Simulation_Low
15:06:49;476;RGBA(0.969, 0.619, 0.143, 0.000);-500000,00;1;0,00;RGBA(0.755, 0.055, 0.055, 0.000);Rejected_Simulation_Low
15:06:49;477;RGBA(0.969, 0.619, 0.143, 0.000);-500000,00;1;0,00;RGBA(0.755, 0.055, 0.055, 0.000);Rejected_Simulation_Low
15:06:49;478;RGBA(0.969, 0.619, 0.143, 0.000);-500000,00;1;0,00;RGBA(0.755, 0.055, 0.055, 0.000);Rejected_Simulation_Low
15:06:49;479;RGBA(0.969, 0.619, 0.143, 0.000);-500000,00;1;0,00;RGBA(0.755, 0.055, 0.055, 0.000);Rejected_Simulation_Low
15:06:49;480;RGBA(0.969, 0.619, 0.143, 0.000);-500000,00;1;0,00;RGBA(0.755, 0.055, 0.055, 0.000);Rejected_Simulation_Low
15:06:49;481;RGBA(0.969, 0.619, 0.143, 0.000);-500000,00;1;0,00;RGBA(0.755, 0.055, 0.055, 0.000);Rejected_Simulation_Low
15:06:49;482;RGBA(0.969, 0.619, 0.143, 0.000);-500000,00;1;0,00;RGBA(0.755, 0.055, 0.055, 0.000);Rejected_Simulation_Low
15:06:49;483;RGBA(0.969, 0.619, 0.143, 0.000);-500000,00;1;0,00;RGBA(0.755, 0.055, 0.055, 0.000);Rejected_Simulation_Low
15:06:49;484;RGBA(0.969, 0.619, 0.143, 0.000);-500000,00;1;0,00;RGBA(0.755, 0.055, 0.055, 0.000);Rejected_Simulation_Low
15:06:49;485;RGBA(0.969, 0.619, 0.143, 0.000);-500000,00;1;0,00;RGBA(0.755, 0.055, 0.055, 0.000);Rejected_Simulation_Low
15:06:49;486;RGBA(0.969, 0.619, 0.143, 0.000);-500000,00;1;0,00;RGBA(0.755, 0.055, 0.055, 0.000);Rejected_Simulation_Low
15:06:49;487;RGBA(0.969, 0.619, 0.143, 0.000);-500000,00;1;0,00;RGBA(0.755, 0.055, 0.055, 0.000);Rejected_Simulation_Low
15:06:49;488;RGBA(0.969, 0.619, 0.143, 0.000);-500000,00;1;0,00;RGBA(0.755, 0.055, 0.055, 0.000);Rejected_Simulation_Low
15:06:49;489;RGBA(0.969, 0.619, 0.143, 0.000);-500000,00;1;0,00;RGBA(0.755, 0.055, 0.055, 0.000);Rejected_Simulation_Low
15:06:49;490;RGBA(0.969, 0.619, 0.143, 0.000);-500000,00;1;0,00;RGBA(0.755, 0.055, 0.055, 0.000);Rejected_Simulation_Low
15:06:49;491;RGBA(0.969, 0.619, 0.143, 0.000);-500000,00;1;0,00;RGBA(0.755, 0.055, 0.055, 0.000);Rejected_Simulation_Low
15:06:49;492;RGBA(0.969, 0.619, 0.143, 0.000);-500000,00;1;0,00;RGBA(0.755, 0.055, 0.055, 0.000);Rejected_Simulation_Low
15:06:49;493;RGBA(0.969, 0.619, 0.143, 0.000);-500000,00;1;0,00;RGBA(0.755, 0.055, 0.055, 0.000);Rejected_Simulation_Low
15:06:49;494;RGBA(0.969, 0.619, 0.143, 0.000);-500000,00;1;0,00;RGBA(0.755, 0.055, 0.055, 0.000);Rejected_Simulation_Low
15:06:49;495;RGBA(0.969, 0.619, 0.143, 0.000);-500000,00;1;0,00;RGBA(0.755, 0.055, 0.055, 0.000);Rejected_Simulation_Low
15:06:49;496;RGBA(0.969, 0.619, 0.143, 0.000);-500000,00;1;0,00;RGBA(0.755, 0.055, 0.055, 0.000);Rejected_Simulation_Low
15:06:49;497;RGBA(0.969, 0.619, 0.143, 0.000);-500000,00;1;0,00;RGBA(0.755, 0.055, 0.055, 0.000);Rejected_Simulation_Low
15:06:49;498;RGBA(0.969, 0.619, 0.143, 0.000);-500000,00;1;0,00;RGBA(0.755, 0.055, 0.055, 0.000);Rejected_Simulation_Low
15:06:49;499;RGBA(0.969, 0.619, 0.143, 0.000);-500000,00;1;0,00;RGBA(0.755, 0.055, 0.055, 0.000);Rejected_Simulation_Low
15:06:49;500;RGBA(0.969, 0.619, 0.143, 0.000);-500000,00;1;0,00;RGBA(0.755, 0.055, 0.055, 0.000);Rejected_Simulation_Low
15:06:49;501;RGBA(0.969, 0.619, 0.143, 0.000);-500000,00;1;0,00;RGBA(0.755, 0.055, 0.055, 0.000);Rejected_Simulation_Low
15:06:49;502;RGBA(0.969, 0.619, 0.143, 0.000);-500000,00;1;0,00;RGBA(0.755, 0.055, 0.055, 0.000);Rejected_Simulation_Low
15:06:49;503;RGBA(0.969, 0.619, 0.143, 0.000);-500000,00;1;0,00;RGBA(0.755, 0.055, 0.055, 0.000);Rejected_Simulation_Low
15:06:49;504;RGBA(0.969, 0.619, 0.143, 0.000);-500000,00;1;0,00;RGBA(0.755, 0.055, 0.055, 0.000);Rejected_Simulation_Low
15:06:49;505;RGBA(0.969, 0.619, 0.143, 0.000);-500000,00;1;0,00;RGBA(0.755, 0.055, 0.055, 0.000);Rejected_Simulation_Low
15:06:49;506;RGBA(0.969, 0.619, 0.143, 0.000);-500000,00;1;0,00;RGBA(0.755, 0.055, 0.055, 0.000);Rejected_Simulation_Low
15:06:49;507;RGBA(0.969, 0.619, 0.143, 0.000);-500000,00;1;0,00;RGBA(0.755, 0.055, 0.055, 0.000);Rejected_Simulation_Low
15:06:49;508;RGBA(0.969, 0.619, 0.143, 0.000);-500000,00;1;0,00;RGBA(0.755, 0.055, 0.055, 0.000);Rejected_Simulation_Low
15:06:49;509;RGBA(0.969, 0.619, 0.143, 0.000);-500000,00;1;0,00;RGBA(0.755, 0.055, 0.055, 0.000);Rejected_Simulation_Low
15:06:49;510;RGBA(0.969, 0.619, 0.143, 0.000);-500000,00;1;0,00;RGBA(0.755, 0.055, 0.055, 0.000);Rejected_Simulation_Low
15:06:49;511;RGBA(0.969, 0.619, 0.143, 0.000);-500000,00;1;0,00;RGBA(0.755, 0.055, 0.055, 0.000);Rejected_Simulation_Low
15:06:49;512;RGBA(0.969, 0.619, 0.143, 0.000);-500000,00;1;0,00;RGBA(0.755, 0.055, 0.055, 0.000);Rejected_Simulation_Low
15:06:49;513;RGBA(0.969, 0.619, 0.143, 0.000);-500000,00;1;0,00;RGBA(0.755, 0.055, 0.055, 0.000);Rejected_Simulation_Low
15:06:49;514;RGBA(0.969, 0.619, 0.143, 0.000);-500000,00;1;0,00;RGBA(0.755, 0.055, 0.055, 0.000);Rejected_Simulation_Low
15:06:49;515;RGBA(0.969, 0.619, 0.143, 0.000);-500000,00;1;0,00;RGBA(0.755, 0.055, 0.055, 0.000);Rejected_Simulation_Low
15:06:49;516;RGBA(0.969, 0.619, 0.143, 0.000);-500000,00;1;0,00;RGBA(0.755, 0.055, 0.055, 0.000);Rejected_Simulation_Low
15:06:49;517;RGBA(0.969, 0.619, 0.143, 0.000);-500000,00;1;0,00;RGBA(0.755, 0.055, 0.055, 0.000);Rejected_Simulation_Low
15:06:49;518;RGBA(0.969, 0.619, 0.143, 0.000);-500000,00;1;0,00;RGBA(0.755, 0.055, 0.055, 0.000);Rejected_Simulation_Low
15:06:49;519;RGBA(0.969, 0.619, 0.143, 0.000);-500000,00;1;0,00;RGBA(0.755, 0.055, 0.055, 0.000);Rejected_Simulation_Low
15:06:49;520;RGBA(0.969, 0.619, 0.143, 0.000);-500000,00;1;0,00;RGBA(0.755, 0.055, 0.055, 0.000);Rejected_Simulation_Low
15:06:49;521;RGBA(0.969, 0.619, 0.143, 0.000);-500000,00;1;0,00;RGBA(0.755, 0.055, 0.055, 0.000);Rejected_Simulation_Low
15:06:49;522;RGBA(0.969, 0.619, 0.143, 0.000);-500000,00;1;0,00;RGBA(0.755, 0.055, 0.055, 0.000);Rejected_Simulation_Low
15:06:49;523;RGBA(0.969, 0.619, 0.143, 0.000);-500000,00;1;0,00;RGBA(0.755, 0.055, 0.055, 0.000);Rejected_Simulation_Low
15:06:49;524;RGBA(0.969, 0.619, 0.143, 0.000);-500000,00;1;0,00;RGBA(0.755, 0.055, 0.055, 0.000);Rejected_Simulation_Low
15:06:49;525;RGBA(0.969, 0.619, 0.143, 0.000);-500000,00;1;0,00;RGBA(0.755, 0.055, 0.055, 0.000);Rejected_Simulation_Low
15:06:49;526;RGBA(0.969, 0.619, 0.143, 0.000);-500000,00;1;0,00;RGBA(0.755, 0.055, 0.055, 0.000);Rejected_Simulation_Low
15:06:49;527;RGBA(0.969, 0.619, 0.143, 0.000);-500000,00;1;0,00;RGBA(0.755, 0.055, 0.055, 0.000);Rejected_Simulation_Low
15:06:49;528;RGBA(0.969, 0.619, 0.143, 0.000);-500000,00;1;0,00;RGBA(0.755, 0.055, 0.055, 0.000);Rejected_Simulation_Low
15:06:49;529;RGBA(0.969, 0.619, 0.143, 0.000);-500000,00;1;0,00;RGBA(0.755, 0.055, 0.055, 0.000);Rejected_Simulation_Low
15:06:49;530;RGBA(0.969, 0.619, 0.143, 0.000);-500000,00;1;0,00;RGBA(0.755, 0.055, 0.055, 0.000);Rejected_Simulation_Low
15:06:49;531;RGBA(0.969, 0.619, 0.143, 0.000);-500000,00;1;0,00;RGBA(0.755, 0.055, 0.055, 0.000);Rejected_Simulation_Low
15:06:49;532;RGBA(0.969, 0.619, 0.143, 0.000);-500000,00;1;0,00;RGBA(0.755, 0.055, 0.055, 0.000);Rejected_Simulation_Low
15:06:49;533;RGBA(0.969, 0.619, 0.143, 0.000);-500000,00;1;0,00;RGBA(0.755, 0.055, 0.055, 0.000);Rejected_Simulation_Low
15:06:49;534;RGBA(0.969, 0.619, 0.143, 0.000);-500000,00;1;0,00;RGBA(0.755, 0.055, 0.055, 0.000);Rejected_Simulation_Low
15:06:49;535;RGBA(0.969, 0.619, 0.143, 0.000);-500000,00;1;0,00;RGBA(0.755, 0.055, 0.055, 0.000);Rejected_Simulation_Low
15:06:49;536;RGBA(0.969, 0.619, 0.143, 0.000);-500000,00;1;0,00;RGBA(0.755, 0.055, 0.055, 0.000);Rejected_Simulation_Low
15:06:49;537;RGBA(0.969, 0.619, 0.143, 0.000);-500000,00;1;0,00;RGBA(0.755, 0.055, 0.055, 0.000);Rejected_Simulation_Low
15:06:49;538;RGBA(0.969, 0.619, 0.143, 0.000);-500000,00;1;0,00;RGBA(0.755, 0.055, 0.055, 0.000);Rejected_Simulation_Low
15:06:49;539;RGBA(0.969, 0.619, 0.143, 0.000);-500000,00;1;0,00;RGBA(0.755, 0.055, 0.055, 0.000);Rejected_Simulation_Low
15:06:49;540;RGBA(0.969, 0.619, 0.143, 0.000);-500000,00;1;0,00;RGBA(0.755, 0.055, 0.055, 0.000);Rejected_Simulation_Low
15:06:49;541;RGBA(0.969, 0.619, 0.143, 0.000);-500000,00;1;0,00;RGBA(0.755, 0.055, 0.055, 0.000);Rejected_Simulation_Low
15:06:49;542;RGBA(0.969, 0.619, 0.143, 0.000);-500000,00;1;0,00;RGBA(0.755, 0.055, 0.055, 0.000);Rejected_Simulation_Low
15:06:49;543;RGBA(0.969, 0.619, 0.143, 0.000);-500000,00;1;0,00;RGBA(0.755, 0.055, 0.055, 0.000);Rejected_Simulation_Low
15:06:49;544;RGBA(0.969, 0.619, 0.143, 0.000);-500000,00;1;0,00;RGBA(0.755, 0.055, 0.055, 0.000);Rejected_Simulation_Low
15:06:49;545;RGBA(0.969, 0.619, 0.143, 0.000);-500000,00;1;0,00;RGBA(0.755, 0.055, 0.055, 0.000);Rejected_Simulation_Low
15:06:49;546;RGBA(0.969, 0.619, 0.143, 0.000);-500000,00;1;0,00;RGBA(0.755, 0.055, 0.055, 0.000);Rejected_Simulation_Low
15:06:49;547;RGBA(0.969, 0.619, 0.143, 0.000);-500000,00;1;0,00;RGBA(0.755, 0.055, 0.055, 0.000);Rejected_Simulation_Low
15:06:49;548;RGBA(0.969, 0.619, 0.143, 0.000);-500000,00;1;0,00;RGBA(0.755, 0.055, 0.055, 0.000);Rejected_Simulation_Low
15:06:49;549;RGBA(0.969, 0.619, 0.143, 0.000);-500000,00;1;0,00;RGBA(0.755, 0.055, 0.055, 0.000);Rejected_Simulation_Low
15:06:49;550;RGBA(0.969, 0.619, 0.143, 0.000);-500000,00;1;0,00;RGBA(0.755, 0.055, 0.055, 0.000);Rejected_Simulation_Low
15:06:49;551;RGBA(0.969, 0.619, 0.143, 0.000);-500000,00;1;0,00;RGBA(0.755, 0.055, 0.055, 0.000);Rejected_Simulation_Low
15:06:49;552;RGBA(0.969, 0.619, 0.143, 0.000);-500000,00;1;0,00;RGBA(0.755, 0.055, 0.055, 0.000);Rejected_Simulation_Low
15:06:49;553;RGBA(0.969, 0.619, 0.143, 0.000);-500000,00;1;0,00;RGBA(0.755, 0.055, 0.055, 0.000);Rejected_Simulation_Low
15:06:49;554;RGBA(0.969, 0.619, 0.143, 0.000);-500000,00;1;0,00;RGBA(0.755, 0.055, 0.055, 0.000);Rejected_Simulation_Low
15:06:49;555;RGBA(0.969, 0.619, 0.143, 0.000);-500000,00;1;0,00;RGBA(0.755, 0.055, 0.055, 0.000);Rejected_Simulation_Low
15:06:49;556;RGBA(0.969, 0.619, 0.143, 0.000);-500000,00;1;0,00;RGBA(0.755, 0.055, 0.055, 0.000);Rejected_Simulation_Low
15:06:49;557;RGBA(0.969, 0.619, 0.143, 0.000);-500000,00;1;0,00;RGBA(0.755, 0.055, 0.055, 0.000);Rejected_Simulation_Low
15:06:49;558;RGBA(0.969, 0.619, 0.143, 0.000);-500000,00;1;0,00;RGBA(0.755, 0.055, 0.055, 0.000);Rejected_Simulation_Low
15:06:49;559;RGBA(0.969, 0.619, 0.143, 0.000);-500000,00;1;0,00;RGBA(0.755, 0.055, 0.055, 0.000);Rejected_Simulation_Low
15:06:49;560;RGBA(0.969, 0.619, 0.143, 0.000);-500000,00;1;0,00;RGBA(0.755, 0.055, 0.055, 0.000);Rejected_Simulation_Low
15:06:49;561;RGBA(0.969, 0.619, 0.143, 0.000);-500000,00;1;0,00;RGBA(0.755, 0.055, 0.055, 0.000);Rejected_Simulation_Low
15:06:49;562;RGBA(0.969, 0.619, 0.143, 0.000);-500000,00;1;0,00;RGBA(0.755, 0.055, 0.055, 0.000);Rejected_Simulation_Low
15:06:49;563;RGBA(0.969, 0.619, 0.143, 0.000);-500000,00;1;0,00;RGBA(0.755, 0.055, 0.055, 0.000);Rejected_Simulation_Low
15:06:49;564;RGBA(0.969, 0.619, 0.143, 0.000);-500000,00;1;0,00;RGBA(0.755, 0.055, 0.055, 0.000);Rejected_Simulation_Low
15:06:49;565;RGBA(0.969, 0.619, 0.143, 0.000);-500000,00;1;0,00;RGBA(0.755, 0.055, 0.055, 0.000);Rejected_Simulation_Low
15:06:49;566;RGBA(0.969, 0.619, 0.143, 0.000);-500000,00;1;0,00;RGBA(0.755, 0.055, 0.055, 0.000);Rejected_Simulation_Low
15:06:49;567;RGBA(0.969, 0.619, 0.143, 0.000);-500000,00;1;0,00;RGBA(0.755, 0.055, 0.055, 0.000);Rejected_Simulation_Low
15:06:49;568;RGBA(0.969, 0.619, 0.143, 0.000);-500000,00;1;0,00;RGBA(0.755, 0.055, 0.055, 0.000);Rejected_Simulation_Low
15:06:49;569;RGBA(0.969, 0.619, 0.143, 0.000);-500000,00;1;0,00;RGBA(0.755, 0.055, 0.055, 0.000);Rejected_Simulation_Low
15:06:49;570;RGBA(0.969, 0.619, 0.143, 0.000);-500000,00;1;0,00;RGBA(0.755, 0.055, 0.055, 0.000);Rejected_Simulation_Low
15:06:49;571;RGBA(0.969, 0.619, 0.143, 0.000);-500000,00;1;0,00;RGBA(0.755, 0.055, 0.055, 0.000);Rejected_Simulation_Low
15:06:49;572;RGBA(0.969, 0.619, 0.143, 0.000);-500000,00;1;0,00;RGBA(0.755, 0.055, 0.055, 0.000);Rejected_Simulation_Low
15:06:49;573;RGBA(0.969, 0.619, 0.143, 0.000);-500000,00;1;0,00;RGBA(0.755, 0.055, 0.055, 0.000);Rejected_Simulation_Low
15:06:49;574;RGBA(0.969, 0.619, 0.143, 0.000);-500000,00;1;0,00;RGBA(0.755, 0.055, 0.055, 0.000);Rejected_Simulation_Low
15:06:49;575;RGBA(0.969, 0.619, 0.143, 0.000);-500000,00;1;0,00;RGBA(0.755, 0.055, 0.055, 0.000);Rejected_Simulation_Low
15:06:49;576;RGBA(0.969, 0.619, 0.143, 0.000);-500000,00;1;0,00;RGBA(0.755, 0.055, 0.055, 0.000);Rejected_Simulation_Low
15:06:49;577;RGBA(0.969, 0.619, 0.143, 0.000);-500000,00;1;0,00;RGBA(0.755, 0.055, 0.055, 0.000);Rejected_Simulation_Low
15:06:49;578;RGBA(0.969, 0.619, 0.143, 0.000);-500000,00;1;0,00;RGBA(0.755, 0.055, 0.055, 0.000);Rejected_Simulation_Low
15:06:49;579;RGBA(0.969, 0.619, 0.143, 0.000);-500000,00;1;0,00;RGBA(0.755, 0.055, 0.055, 0.000);Rejected_Simulation_Low
15:06:49;580;RGBA(0.969, 0.619, 0.143, 0.000);-500000,00;1;0,00;RGBA(0.755, 0.055, 0.055, 0.000);Rejected_Simulation_Low
15:06:49;581;RGBA(0.969, 0.619, 0.143, 0.000);-500000,00;1;0,00;RGBA(0.755, 0.055, 0.055, 0.000);Rejected_Simulation_Low
15:06:49;582;RGBA(0.969, 0.619, 0.143, 0.000);-500000,00;1;0,00;RGBA(0.755, 0.055, 0.055, 0.000);Rejected_Simulation_Low
15:06:49;583;RGBA(0.969, 0.619, 0.143, 0.000);-500000,00;1;0,00;RGBA(0.755, 0.055, 0.055, 0.000);Rejected_Simulation_Low
15:06:49;584;RGBA(0.969, 0.619, 0.143, 0.000);-500000,00;1;0,00;RGBA(0.755, 0.055, 0.055, 0.000);Rejected_Simulation_Low
15:06:49;585;RGBA(0.969, 0.619, 0.143, 0.000);-500000,00;1;0,00;RGBA(0.755, 0.055, 0.055, 0.000);Rejected_Simulation_Low
15:06:49;586;RGBA(0.969, 0.619, 0.143, 0.000);-500000,00;1;0,00;RGBA(0.755, 0.055, 0.055, 0.000);Rejected_Simulation_Low
15:06:49;587;RGBA(0.969, 0.619, 0.143, 0.000);-500000,00;1;0,00;RGBA(0.755, 0.055, 0.055, 0.000);Rejected_Simulation_Low
15:06:50;588;RGBA(0.969, 0.619, 0.143, 0.000);-500000,00;1;0,00;RGBA(0.755, 0.055, 0.055, 0.000);Rejected_Simulation_Low
15:06:50;589;RGBA(0.969, 0.619, 0.143, 0.000);-500000,00;1;0,00;RGBA(0.755, 0.055, 0.055, 0.000);Rejected_Simulation_Low
15:06:50;590;RGBA(0.969, 0.619, 0.143, 0.000);-500000,00;1;0,00;RGBA(0.755, 0.055, 0.055, 0.000);Rejected_Simulation_Low
15:06:50;591;RGBA(0.969, 0.619, 0.143, 0.000);-500000,00;1;0,00;RGBA(0.755, 0.055, 0.055, 0.000);Rejected_Simulation_Low
15:06:50;592;RGBA(0.969, 0.619, 0.143, 0.000);-500000,00;1;0,00;RGBA(0.755, 0.055, 0.055, 0.000);Rejected_Simulation_Low
15:06:50;593;RGBA(0.969, 0.619, 0.143, 0.000);-500000,00;1;0,00;RGBA(0.755, 0.055, 0.055, 0.000);Rejected_Simulation_Low
15:06:50;594;RGBA(0.969, 0.619, 0.143, 0.000);-500000,00;1;0,00;RGBA(0.755, 0.055, 0.055, 0.000);Rejected_Simulation_Low
15:06:50;595;RGBA(0.969, 0.619, 0.143, 0.000);-500000,00;1;0,00;RGBA(0.755, 0.055, 0.055, 0.000);Rejected_Simulation_Low
15:06:50;596;RGBA(0.969, 0.619, 0.143, 0.000);-500000,00;1;0,00;RGBA(0.755, 0.055, 0.055, 0.000);Rejected_Simulation_Low
15:06:50;597;RGBA(0.969, 0.619, 0.143, 0.000);-500000,00;1;0,00;RGBA(0.755, 0.055, 0.055, 0.000);Rejected_Simulation_Low
15:06:50;598;RGBA(0.969, 0.619, 0.143, 0.000);-500000,00;1;0,00;RGBA(0.755, 0.055, 0.055, 0.000);Rejected_Simulation_Low
15:06:50;599;RGBA(0.969, 0.619, 0.143, 0.000);-500000,00;1;0,00;RGBA(0.755, 0.055, 0.055, 0.000);Rejected_Simulation_Low
15:06:50;600;RGBA(0.969, 0.619, 0.143, 0.000);-500000,00;1;0,00;RGBA(0.755, 0.055, 0.055, 0.000);Rejected_Simulation_Low
15:06:50;601;RGBA(0.969, 0.619, 0.143, 0.000);-500000,00;1;0,00;RGBA(0.755, 0.055, 0.055, 0.000);Rejected_Simulation_Low
15:06:50;602;RGBA(0.969, 0.619, 0.143, 0.000);-500000,00;1;0,00;RGBA(0.755, 0.055, 0.055, 0.000);Rejected_Simulation_Low
15:06:50;603;RGBA(0.969, 0.619, 0.143, 0.000);-500000,00;1;0,00;RGBA(0.755, 0.055, 0.055, 0.000);Rejected_Simulation_Low
15:06:50;604;RGBA(0.969, 0.619, 0.143, 0.000);-500000,00;1;0,00;RGBA(0.755, 0.055, 0.055, 0.000);Rejected_Simulation_Low
15:06:50;605;RGBA(0.969, 0.619, 0.143, 0.000);-500000,00;1;0,00;RGBA(0.755, 0.055, 0.055, 0.000);Rejected_Simulation_Low
15:06:50;606;RGBA(0.969, 0.619, 0.143, 0.000);-500000,00;1;0,00;RGBA(0.755, 0.055, 0.055, 0.000);Rejected_Simulation_Low
15:06:50;607;RGBA(0.969, 0.619, 0.143, 0.000);-500000,00;1;0,00;RGBA(0.755, 0.055, 0.055, 0.000);Rejected_Simulation_Low
15:06:50;608;RGBA(0.969, 0.619, 0.143, 0.000);-500000,00;1;0,00;RGBA(0.755, 0.055, 0.055, 0.000);Rejected_Simulation_Low
15:06:50;609;RGBA(0.969, 0.619, 0.143, 0.000);-500000,00;1;0,00;RGBA(0.755, 0.055, 0.055, 0.000);Rejected_Simulation_Low
15:06:50;610;RGBA(0.969, 0.619, 0.143, 0.000);-500000,00;1;0,00;RGBA(0.755, 0.055, 0.055, 0.000);Rejected_Simulation_Low
15:06:50;611;RGBA(0.969, 0.619, 0.143, 0.000);-500000,00;1;0,00;RGBA(0.755, 0.055, 0.055, 0.000);Rejected_Simulation_Low
15:06:50;612;RGBA(0.969, 0.619, 0.143, 0.000);-500000,00;1;0,00;RGBA(0.755, 0.055, 0.055, 0.000);Rejected_Simulation_Low
15:06:50;613;RGBA(0.969, 0.619, 0.143, 0.000);-500000,00;1;0,00;RGBA(0.755, 0.055, 0.055, 0.000);Rejected_Simulation_Low
15:06:50;614;RGBA(0.969, 0.619, 0.143, 0.000);-500000,00;1;0,00;RGBA(0.755, 0.055, 0.055, 0.000);Rejected_Simulation_Low
15:06:50;615;RGBA(0.969, 0.619, 0.143, 0.000);-500000,00;1;0,00;RGBA(0.755, 0.055, 0.055, 0.000);Rejected_Simulation_Low
15:06:50;616;RGBA(0.969, 0.619, 0.143, 0.000);-500000,00;1;0,00;RGBA(0.755, 0.055, 0.055, 0.000);Rejected_Simulation_Low
15:06:50;617;RGBA(0.969, 0.619, 0.143, 0.000);-500000,00;1;0,00;RGBA(0.755, 0.055, 0.055, 0.000);Rejected_Simulation_Low
15:06:50;618;RGBA(0.969, 0.619, 0.143, 0.000);-500000,00;1;0,00;RGBA(0.755, 0.055, 0.055, 0.000);Rejected_Simulation_Low
15:06:50;619;RGBA(0.969, 0.619, 0.143, 0.000);-500000,00;1;0,00;RGBA(0.755, 0.055, 0.055, 0.000);Rejected_Simulation_Low
15:06:50;620;RGBA(0.969, 0.619, 0.143, 0.000);-500000,00;1;0,00;RGBA(0.755, 0.055, 0.055, 0.000);Rejected_Simulation_Low
15:06:50;621;RGBA(0.969, 0.619, 0.143, 0.000);-500000,00;1;0,00;RGBA(0.755, 0.055, 0.055, 0.000);Rejected_Simulation_Low
15:06:50;622;RGBA(0.969, 0.619, 0.143, 0.000);-500000,00;1;0,00;RGBA(0.755, 0.055, 0.055, 0.000);Rejected_Simulation_Low
15:06:50;623;RGBA(0.969, 0.619, 0.143, 0.000);-500000,00;1;0,00;RGBA(0.755, 0.055, 0.055, 0.000);Rejected_Simulation_Low
15:06:50;624;RGBA(0.969, 0.619, 0.143, 0.000);-500000,00;1;0,00;RGBA(0.755, 0.055, 0.055, 0.000);Rejected_Simulation_Low
15:06:50;625;RGBA(0.969, 0.619, 0.143, 0.000);-500000,00;1;0,00;RGBA(0.755, 0.055, 0.055, 0.000);Rejected_Simulation_Low
15:06:50;626;RGBA(0.969, 0.619, 0.143, 0.000);-500000,00;1;0,00;RGBA(0.755, 0.055, 0.055, 0.000);Rejected_Simulation_Low
15:06:50;627;RGBA(0.969, 0.619, 0.143, 0.000);-500000,00;1;0,00;RGBA(0.755, 0.055, 0.055, 0.000);Rejected_Simulation_Low
15:06:50;628;RGBA(0.969, 0.619, 0.143, 0.000);-500000,00;1;0,00;RGBA(0.755, 0.055, 0.055, 0.000);Rejected_Simulation_Low
15:06:50;629;RGBA(0.969, 0.619, 0.143, 0.000);-500000,00;1;0,00;RGBA(0.755, 0.055, 0.055, 0.000);Rejected_Simulation_Low
15:06:50;630;RGBA(0.969, 0.619, 0.143, 0.000);-500000,00;1;0,00;RGBA(0.755, 0.055, 0.055, 0.000);Rejected_Simulation_Low
15:06:50;631;RGBA(0.969, 0.619, 0.143, 0.000);-500000,00;1;0,00;RGBA(0.755, 0.055, 0.055, 0.000);Rejected_Simulation_Low
15:06:50;632;RGBA(0.969, 0.619, 0.143, 0.000);-500000,00;1;0,00;RGBA(0.755, 0.055, 0.055, 0.000);Rejected_Simulation_Low
15:06:50;633;RGBA(0.969, 0.619, 0.143, 0.000);-500000,00;1;0,00;RGBA(0.755, 0.055, 0.055, 0.000);Rejected_Simulation_Low
15:06:50;634;RGBA(0.969, 0.619, 0.143, 0.000);-500000,00;1;0,00;RGBA(0.755, 0.055, 0.055, 0.000);Rejected_Simulation_Low
15:06:50;635;RGBA(0.969, 0.619, 0.143, 0.000);-500000,00;1;0,00;RGBA(0.755, 0.055, 0.055, 0.000);Rejected_Simulation_Low
15:06:50;636;RGBA(0.969, 0.619, 0.143, 0.000);-500000,00;1;0,00;RGBA(0.755, 0.055, 0.055, 0.000);Rejected_Simulation_Low
15:06:50;637;RGBA(0.969, 0.619, 0.143, 0.000);-500000,00;1;0,00;RGBA(0.755, 0.055, 0.055, 0.000);Rejected_Simulation_Low
15:06:50;638;RGBA(0.969, 0.619, 0.143, 0.000);-500000,00;1;0,00;RGBA(0.755, 0.055, 0.055, 0.000);Rejected_Simulation_Low
15:06:50;639;RGBA(0.969, 0.619, 0.143, 0.000);-500000,00;1;0,00;RGBA(0.755, 0.055, 0.055, 0.000);Rejected_Simulation_Low
15:06:50;640;RGBA(0.969, 0.619, 0.143, 0.000);-500000,00;1;0,00;RGBA(0.755, 0.055, 0.055, 0.000);Rejected_Simulation_Low
15:06:50;641;RGBA(0.969, 0.619, 0.143, 0.000);-500000,00;1;0,00;RGBA(0.755, 0.055, 0.055, 0.000);Rejected_Simulation_Low
15:06:50;642;RGBA(0.969, 0.619, 0.143, 0.000);-500000,00;1;0,00;RGBA(0.755, 0.055, 0.055, 0.000);Rejected_Simulation_Low
15:06:50;643;RGBA(0.969, 0.619, 0.143, 0.000);-500000,00;1;0,00;RGBA(0.755, 0.055, 0.055, 0.000);Rejected_Simulation_Low
15:06:50;644;RGBA(0.969, 0.619, 0.143, 0.000);-500000,00;1;0,00;RGBA(0.755, 0.055, 0.055, 0.000);Rejected_Simulation_Low
15:06:50;645;RGBA(0.969, 0.619, 0.143, 0.000);-500000,00;1;0,00;RGBA(0.755, 0.055, 0.055, 0.000);Rejected_Simulation_Low
15:06:50;646;RGBA(0.969, 0.619, 0.143, 0.000);-500000,00;1;0,00;RGBA(0.755, 0.055, 0.055, 0.000);Rejected_Simulation_Low
15:06:50;647;RGBA(0.969, 0.619, 0.143, 0.000);-500000,00;1;0,00;RGBA(0.755, 0.055, 0.055, 0.000);Rejected_Simulation_Low
15:06:50;648;RGBA(0.969, 0.619, 0.143, 0.000);-500000,00;1;0,00;RGBA(0.755, 0.055, 0.055, 0.000);Rejected_Simulation_Low
15:06:50;649;RGBA(0.969, 0.619, 0.143, 0.000);-500000,00;1;0,00;RGBA(0.755, 0.055, 0.055, 0.000);Rejected_Simulation_Low
15:06:50;650;RGBA(0.969, 0.619, 0.143, 0.000);-500000,00;1;0,00;RGBA(0.755, 0.055, 0.055, 0.000);Rejected_Simulation_Low
15:06:50;651;RGBA(0.969, 0.619, 0.143, 0.000);-500000,00;1;0,00;RGBA(0.755, 0.055, 0.055, 0.000);Rejected_Simulation_Low
15:06:50;652;RGBA(0.969, 0.619, 0.143, 0.000);-500000,00;1;0,00;RGBA(0.755, 0.055, 0.055, 0.000);Rejected_Simulation_Low
15:06:50;653;RGBA(0.969, 0.619, 0.143, 0.000);-500000,00;1;0,00;RGBA(0.755, 0.055, 0.055, 0.000);Rejected_Simulation_Low
15:06:50;654;RGBA(0.969, 0.619, 0.143, 0.000);-500000,00;1;0,00;RGBA(0.755, 0.055, 0.055, 0.000);Rejected_Simulation_Low
15:06:50;655;RGBA(0.969, 0.619, 0.143, 0.000);-500000,00;1;0,00;RGBA(0.755, 0.055, 0.055, 0.000);Rejected_Simulation_Low
15:06:50;656;RGBA(0.969, 0.619, 0.143, 0.000);-500000,00;1;0,00;RGBA(0.755, 0.055, 0.055, 0.000);Rejected_Simulation_Low
15:06:50;657;RGBA(0.969, 0.619, 0.143, 0.000);-500000,00;1;0,00;RGBA(0.755, 0.055, 0.055, 0.000);Rejected_Simulation_Low
15:06:50;658;RGBA(0.969, 0.619, 0.143, 0.000);-500000,00;1;0,00;RGBA(0.755, 0.055, 0.055, 0.000);Rejected_Simulation_Low
15:06:50;659;RGBA(0.969, 0.619, 0.143, 0.000);-500000,00;1;0,00;RGBA(0.755, 0.055, 0.055, 0.000);Rejected_Simulation_Low
15:06:50;660;RGBA(0.969, 0.619, 0.143, 0.000);-500000,00;1;0,00;RGBA(0.755, 0.055, 0.055, 0.000);Rejected_Simulation_Low
15:06:50;661;RGBA(0.969, 0.619, 0.143, 0.000);-500000,00;1;0,00;RGBA(0.755, 0.055, 0.055, 0.000);Rejected_Simulation_Low
15:06:50;662;RGBA(0.969, 0.619, 0.143, 0.000);-500000,00;1;0,00;RGBA(0.755, 0.055, 0.055, 0.000);Rejected_Simulation_Low
15:06:50;663;RGBA(0.969, 0.619, 0.143, 0.000);-500000,00;1;0,00;RGBA(0.755, 0.055, 0.055, 0.000);Rejected_Simulation_Low
15:06:50;664;RGBA(0.969, 0.619, 0.143, 0.000);-500000,00;1;0,00;RGBA(0.755, 0.055, 0.055, 0.000);Rejected_Simulation_Low
15:06:50;665;RGBA(0.969, 0.619, 0.143, 0.000);-500000,00;1;0,00;RGBA(0.755, 0.055, 0.055, 0.000);Rejected_Simulation_Low
15:06:50;666;RGBA(0.969, 0.619, 0.143, 0.000);-500000,00;1;0,00;RGBA(0.755, 0.055, 0.055, 0.000);Rejected_Simulation_Low
15:06:50;667;RGBA(0.969, 0.619, 0.143, 0.000);-500000,00;1;0,00;RGBA(0.755, 0.055, 0.055, 0.000);Rejected_Simulation_Low
15:06:50;668;RGBA(0.969, 0.619, 0.143, 0.000);-500000,00;1;0,00;RGBA(0.755, 0.055, 0.055, 0.000);Rejected_Simulation_Low
15:06:50;669;RGBA(0.969, 0.619, 0.143, 0.000);-500000,00;1;0,00;RGBA(0.755, 0.055, 0.055, 0.000);Rejected_Simulation_Low
15:06:50;670;RGBA(0.969, 0.619, 0.143, 0.000);-500000,00;1;0,00;RGBA(0.755, 0.055, 0.055, 0.000);Rejected_Simulation_Low
15:06:50;671;RGBA(0.969, 0.619, 0.143, 0.000);-500000,00;1;0,00;RGBA(0.755, 0.055, 0.055, 0.000);Rejected_Simulation_Low
15:06:50;672;RGBA(0.969, 0.619, 0.143, 0.000);-500000,00;1;0,00;RGBA(0.755, 0.055, 0.055, 0.000);Rejected_Simulation_Low
15:06:50;673;RGBA(0.969, 0.619, 0.143, 0.000);-500000,00;1;0,00;RGBA(0.755, 0.055, 0.055, 0.000);Rejected_Simulation_Low
15:06:50;674;RGBA(0.969, 0.619, 0.143, 0.000);-500000,00;1;0,00;RGBA(0.755, 0.055, 0.055, 0.000);Rejected_Simulation_Low
15:06:50;675;RGBA(0.969, 0.619, 0.143, 0.000);-500000,00;1;0,00;RGBA(0.755, 0.055, 0.055, 0.000);Rejected_Simulation_Low
15:06:50;676;RGBA(0.969, 0.619, 0.143, 0.000);-500000,00;1;0,00;RGBA(0.755, 0.055, 0.055, 0.000);Rejected_Simulation_Low
15:06:50;677;RGBA(0.969, 0.619, 0.143, 0.000);-500000,00;1;0,00;RGBA(0.755, 0.055, 0.055, 0.000);Rejected_Simulation_Low
15:06:50;678;RGBA(0.969, 0.619, 0.143, 0.000);-500000,00;1;0,00;RGBA(0.755, 0.055, 0.055, 0.000);Rejected_Simulation_Low
15:06:50;679;RGBA(0.969, 0.619, 0.143, 0.000);-500000,00;1;0,00;RGBA(0.755, 0.055, 0.055, 0.000);Rejected_Simulation_Low
15:06:50;680;RGBA(0.969, 0.619, 0.143, 0.000);-500000,00;1;0,00;RGBA(0.755, 0.055, 0.055, 0.000);Rejected_Simulation_Low
15:06:50;681;RGBA(0.969, 0.619, 0.143, 0.000);-500000,00;1;0,00;RGBA(0.755, 0.055, 0.055, 0.000);Rejected_Simulation_Low
15:06:50;682;RGBA(0.969, 0.619, 0.143, 0.000);-500000,00;1;0,00;RGBA(0.755, 0.055, 0.055, 0.000);Rejected_Simulation_Low
15:06:50;683;RGBA(0.969, 0.619, 0.143, 0.000);-500000,00;1;0,00;RGBA(0.755, 0.055, 0.055, 0.000);Rejected_Simulation_Low
15:06:50;684;RGBA(0.969, 0.619, 0.143, 0.000);-500000,00;1;0,00;RGBA(0.755, 0.055, 0.055, 0.000);Rejected_Simulation_Low
15:06:50;685;RGBA(0.969, 0.619, 0.143, 0.000);-500000,00;1;0,00;RGBA(0.755, 0.055, 0.055, 0.000);Rejected_Simulation_Low
15:06:50;686;RGBA(0.969, 0.619, 0.143, 0.000);-500000,00;1;0,00;RGBA(0.755, 0.055, 0.055, 0.000);Rejected_Simulation_Low
15:06:50;687;RGBA(0.969, 0.619, 0.143, 0.000);-500000,00;1;0,00;RGBA(0.755, 0.055, 0.055, 0.000);Rejected_Simulation_Low
15:06:50;688;RGBA(0.969, 0.619, 0.143, 0.000);-500000,00;1;0,00;RGBA(0.755, 0.055, 0.055, 0.000);Rejected_Simulation_Low
15:06:50;689;RGBA(0.969, 0.619, 0.143, 0.000);-500000,00;1;0,00;RGBA(0.755, 0.055, 0.055, 0.000);Rejected_Simulation_Low
15:06:50;690;RGBA(0.969, 0.619, 0.143, 0.000);-500000,00;1;0,00;RGBA(0.755, 0.055, 0.055, 0.000);Rejected_Simulation_Low
15:06:50;691;RGBA(0.969, 0.619, 0.143, 0.000);-500000,00;1;0,00;RGBA(0.755, 0.055, 0.055, 0.000);Rejected_Simulation_Low
15:06:50;692;RGBA(0.969, 0.619, 0.143, 0.000);-500000,00;1;0,00;RGBA(0.755, 0.055, 0.055, 0.000);Rejected_Simulation_Low
15:06:50;693;RGBA(0.969, 0.619, 0.143, 0.000);-500000,00;1;0,00;RGBA(0.755, 0.055, 0.055, 0.000);Rejected_Simulation_Low
15:06:50;694;RGBA(0.969, 0.619, 0.143, 0.000);-500000,00;1;0,00;RGBA(0.755, 0.055, 0.055, 0.000);Rejected_Simulation_Low
15:06:50;695;RGBA(0.969, 0.619, 0.143, 0.000);-500000,00;1;0,00;RGBA(0.755, 0.055, 0.055, 0.000);Rejected_Simulation_Low
15:06:50;696;RGBA(0.969, 0.619, 0.143, 0.000);-500000,00;1;0,00;RGBA(0.755, 0.055, 0.055, 0.000);Rejected_Simulation_Low
15:06:50;697;RGBA(0.969, 0.619, 0.143, 0.000);-500000,00;1;0,00;RGBA(0.755, 0.055, 0.055, 0.000);Rejected_Simulation_Low
15:06:50;698;RGBA(0.969, 0.619, 0.143, 0.000);-500000,00;1;0,00;RGBA(0.755, 0.055, 0.055, 0.000);Rejected_Simulation_Low
15:06:50;699;RGBA(0.969, 0.619, 0.143, 0.000);-500000,00;1;0,00;RGBA(0.755, 0.055, 0.055, 0.000);Rejected_Simulation_Low
15:06:50;700;RGBA(0.969, 0.619, 0.143, 0.000);-500000,00;1;0,00;RGBA(0.755, 0.055, 0.055, 0.000);Rejected_Simulation_Low
15:06:50;701;RGBA(0.969, 0.619, 0.143, 0.000);-500000,00;1;0,00;RGBA(0.755, 0.055, 0.055, 0.000);Rejected_Simulation_Low
15:06:50;702;RGBA(0.969, 0.619, 0.143, 0.000);-500000,00;1;0,00;RGBA(0.755, 0.055, 0.055, 0.000);Rejected_Simulation_Low
15:06:50;703;RGBA(0.969, 0.619, 0.143, 0.000);-500000,00;1;0,00;RGBA(0.755, 0.055, 0.055, 0.000);Rejected_Simulation_Low
15:06:50;704;RGBA(0.969, 0.619, 0.143, 0.000);-500000,00;1;0,00;RGBA(0.755, 0.055, 0.055, 0.000);Rejected_Simulation_Low
15:06:50;705;RGBA(0.969, 0.619, 0.143, 0.000);-500000,00;1;0,00;RGBA(0.755, 0.055, 0.055, 0.000);Rejected_Simulation_Low
15:06:50;706;RGBA(0.969, 0.619, 0.143, 0.000);-500000,00;1;0,00;RGBA(0.755, 0.055, 0.055, 0.000);Rejected_Simulation_Low
15:06:50;707;RGBA(0.969, 0.619, 0.143, 0.000);-500000,00;1;0,00;RGBA(0.755, 0.055, 0.055, 0.000);Rejected_Simulation_Low
15:06:50;708;RGBA(0.969, 0.619, 0.143, 0.000);-500000,00;1;0,00;RGBA(0.755, 0.055, 0.055, 0.000);Rejected_Simulation_Low
15:06:50;709;RGBA(0.969, 0.619, 0.143, 0.000);-500000,00;1;0,00;RGBA(0.755, 0.055, 0.055, 0.000);Rejected_Simulation_Low
15:06:50;710;RGBA(0.969, 0.619, 0.143, 0.000);-500000,00;1;0,00;RGBA(0.755, 0.055, 0.055, 0.000);Rejected_Simulation_Low
15:06:50;711;RGBA(0.969, 0.619, 0.143, 0.000);-500000,00;1;0,00;RGBA(0.755, 0.055, 0.055, 0.000);Rejected_Simulation_Low
15:06:50;712;RGBA(0.969, 0.619, 0.143, 0.000);-500000,00;1;0,00;RGBA(0.755, 0.055, 0.055, 0.000);Rejected_Simulation_Low
15:06:50;713;RGBA(0.969, 0.619, 0.143, 0.000);-500000,00;1;0,00;RGBA(0.755, 0.055, 0.055, 0.000);Rejected_Simulation_Low
15:06:50;714;RGBA(0.969, 0.619, 0.143, 0.000);-500000,00;1;0,00;RGBA(0.755, 0.055, 0.055, 0.000);Rejected_Simulation_Low
15:06:50;715;RGBA(0.969, 0.619, 0.143, 0.000);-500000,00;1;0,00;RGBA(0.755, 0.055, 0.055, 0.000);Rejected_Simulation_Low
15:06:50;716;RGBA(0.969, 0.619, 0.143, 0.000);-500000,00;1;0,00;RGBA(0.755, 0.055, 0.055, 0.000);Rejected_Simulation_Low
15:06:50;717;RGBA(0.969, 0.619, 0.143, 0.000);-500000,00;1;0,00;RGBA(0.755, 0.055, 0.055, 0.000);Rejected_Simulation_Low
15:06:50;718;RGBA(0.969, 0.619, 0.143, 0.000);-500000,00;1;0,00;RGBA(0.755, 0.055, 0.055, 0.000);Rejected_Simulation_Low
15:06:50;719;RGBA(0.969, 0.619, 0.143, 0.000);-500000,00;1;0,00;RGBA(0.755, 0.055, 0.055, 0.000);Rejected_Simulation_Low
15:06:50;720;RGBA(0.969, 0.619, 0.143, 0.000);-500000,00;1;0,00;RGBA(0.755, 0.055, 0.055, 0.000);Rejected_Simulation_Low
15:06:50;721;RGBA(0.969, 0.619, 0.143, 0.000);-500000,00;1;0,00;RGBA(0.755, 0.055, 0.055, 0.000);Rejected_Simulation_Low
15:06:50;722;RGBA(0.969, 0.619, 0.143, 0.000);-500000,00;1;0,00;RGBA(0.755, 0.055, 0.055, 0.000);Rejected_Simulation_Low
15:06:50;723;RGBA(0.969, 0.619, 0.143, 0.000);-500000,00;1;0,00;RGBA(0.755, 0.055, 0.055, 0.000);Rejected_Simulation_Low
15:06:50;724;RGBA(0.969, 0.619, 0.143, 0.000);-500000,00;1;0,00;RGBA(0.755, 0.055, 0.055, 0.000);Rejected_Simulation_Low
15:06:50;725;RGBA(0.969, 0.619, 0.143, 0.000);-500000,00;1;0,00;RGBA(0.755, 0.055, 0.055, 0.000);Rejected_Simulation_Low
15:06:50;726;RGBA(0.969, 0.619, 0.143, 0.000);-500000,00;1;0,00;RGBA(0.755, 0.055, 0.055, 0.000);Rejected_Simulation_Low
15:06:50;727;RGBA(0.969, 0.619, 0.143, 0.000);-500000,00;1;0,00;RGBA(0.755, 0.055, 0.055, 0.000);Rejected_Simulation_Low
15:06:50;728;RGBA(0.969, 0.619, 0.143, 0.000);-500000,00;1;0,00;RGBA(0.755, 0.055, 0.055, 0.000);Rejected_Simulation_Low
15:06:50;729;RGBA(0.969, 0.619, 0.143, 0.000);-500000,00;1;0,00;RGBA(0.755, 0.055, 0.055, 0.000);Rejected_Simulation_Low
15:06:50;730;RGBA(0.969, 0.619, 0.143, 0.000);-500000,00;1;0,00;RGBA(0.755, 0.055, 0.055, 0.000);Rejected_Simulation_Low
15:06:50;731;RGBA(0.969, 0.619, 0.143, 0.000);-500000,00;1;0,00;RGBA(0.755, 0.055, 0.055, 0.000);Rejected_Simulation_Low
15:06:50;732;RGBA(0.969, 0.619, 0.143, 0.000);-500000,00;1;0,00;RGBA(0.755, 0.055, 0.055, 0.000);Rejected_Simulation_Low
15:06:50;733;RGBA(0.969, 0.619, 0.143, 0.000);-500000,00;1;0,00;RGBA(0.755, 0.055, 0.055, 0.000);Rejected_Simulation_Low
15:06:50;734;RGBA(0.969, 0.619, 0.143, 0.000);-500000,00;1;0,00;RGBA(0.755, 0.055, 0.055, 0.000);Rejected_Simulation_Low
15:06:50;735;RGBA(0.969, 0.619, 0.143, 0.000);-500000,00;1;0,00;RGBA(0.755, 0.055, 0.055, 0.000);Rejected_Simulation_Low
15:06:50;736;RGBA(0.969, 0.619, 0.143, 0.000);-500000,00;1;0,00;RGBA(0.755, 0.055, 0.055, 0.000);Rejected_Simulation_Low
15:06:50;737;RGBA(0.969, 0.619, 0.143, 0.000);-500000,00;1;0,00;RGBA(0.755, 0.055, 0.055, 0.000);Rejected_Simulation_Low
15:06:50;738;RGBA(0.969, 0.619, 0.143, 0.000);-500000,00;1;0,00;RGBA(0.755, 0.055, 0.055, 0.000);Rejected_Simulation_Low
15:06:50;739;RGBA(0.969, 0.619, 0.143, 0.000);-500000,00;1;0,00;RGBA(0.755, 0.055, 0.055, 0.000);Rejected_Simulation_Low
15:06:50;740;RGBA(0.969, 0.619, 0.143, 0.000);-500000,00;1;0,00;RGBA(0.755, 0.055, 0.055, 0.000);Rejected_Simulation_Low
15:06:50;741;RGBA(0.969, 0.619, 0.143, 0.000);-500000,00;1;0,00;RGBA(0.755, 0.055, 0.055, 0.000);Rejected_Simulation_Low
15:06:50;742;RGBA(0.969, 0.619, 0.143, 0.000);-500000,00;1;0,00;RGBA(0.755, 0.055, 0.055, 0.000);Rejected_Simulation_Low
15:06:50;743;RGBA(0.969, 0.619, 0.143, 0.000);-500000,00;1;0,00;RGBA(0.755, 0.055, 0.055, 0.000);Rejected_Simulation_Low
15:06:50;744;RGBA(0.969, 0.619, 0.143, 0.000);-500000,00;1;0,00;RGBA(0.755, 0.055, 0.055, 0.000);Rejected_Simulation_Low
15:06:50;745;RGBA(0.969, 0.619, 0.143, 0.000);-500000,00;1;0,00;RGBA(0.755, 0.055, 0.055, 0.000);Rejected_Simulation_Low
15:06:50;746;RGBA(0.969, 0.619, 0.143, 0.000);-500000,00;1;0,00;RGBA(0.755, 0.055, 0.055, 0.000);Rejected_Simulation_Low
15:06:50;747;RGBA(0.969, 0.619, 0.143, 0.000);-500000,00;1;0,00;RGBA(0.755, 0.055, 0.055, 0.000);Rejected_Simulation_Low
15:06:50;748;RGBA(0.969, 0.619, 0.143, 0.000);-500000,00;1;0,00;RGBA(0.755, 0.055, 0.055, 0.000);Rejected_Simulation_Low
15:06:50;749;RGBA(0.969, 0.619, 0.143, 0.000);-500000,00;1;0,00;RGBA(0.755, 0.055, 0.055, 0.000);Rejected_Simulation_Low
15:06:50;750;RGBA(0.969, 0.619, 0.143, 0.000);-500000,00;1;0,00;RGBA(0.755, 0.055, 0.055, 0.000);Rejected_Simulation_Low
15:06:50;751;RGBA(0.969, 0.619, 0.143, 0.000);-500000,00;1;0,00;RGBA(0.755, 0.055, 0.055, 0.000);Rejected_Simulation_Low
15:06:50;752;RGBA(0.969, 0.619, 0.143, 0.000);-500000,00;1;0,00;RGBA(0.755, 0.055, 0.055, 0.000);Rejected_Simulation_Low
15:06:50;753;RGBA(0.969, 0.619, 0.143, 0.000);-500000,00;1;0,00;RGBA(0.755, 0.055, 0.055, 0.000);Rejected_Simulation_Low
15:06:50;754;RGBA(0.969, 0.619, 0.143, 0.000);-500000,00;1;0,00;RGBA(0.755, 0.055, 0.055, 0.000);Rejected_Simulation_Low
15:06:50;755;RGBA(0.969, 0.619, 0.143, 0.000);-500000,00;1;0,00;RGBA(0.755, 0.055, 0.055, 0.000);Rejected_Simulation_Low
15:06:50;756;RGBA(0.969, 0.619, 0.143, 0.000);-500000,00;1;0,00;RGBA(0.755, 0.055, 0.055, 0.000);Rejected_Simulation_Low
15:06:50;757;RGBA(0.969, 0.619, 0.143, 0.000);-500000,00;1;0,00;RGBA(0.755, 0.055, 0.055, 0.000);Rejected_Simulation_Low
15:06:50;758;RGBA(0.969, 0.619, 0.143, 0.000);-500000,00;1;0,00;RGBA(0.755, 0.055, 0.055, 0.000);Rejected_Simulation_Low
15:06:50;759;RGBA(0.969, 0.619, 0.143, 0.000);-500000,00;1;0,00;RGBA(0.755, 0.055, 0.055, 0.000);Rejected_Simulation_Low
15:06:50;760;RGBA(0.969, 0.619, 0.143, 0.000);-500000,00;1;0,00;RGBA(0.755, 0.055, 0.055, 0.000);Rejected_Simulation_Low
15:06:50;761;RGBA(0.969, 0.619, 0.143, 0.000);-500000,00;1;0,00;RGBA(0.755, 0.055, 0.055, 0.000);Rejected_Simulation_Low
15:06:50;762;RGBA(0.969, 0.619, 0.143, 0.000);-500000,00;1;0,00;RGBA(0.755, 0.055, 0.055, 0.000);Rejected_Simulation_Low
15:06:50;763;RGBA(0.969, 0.619, 0.143, 0.000);-500000,00;1;0,00;RGBA(0.755, 0.055, 0.055, 0.000);Rejected_Simulation_Low
15:06:50;764;RGBA(0.969, 0.619, 0.143, 0.000);-500000,00;1;0,00;RGBA(0.755, 0.055, 0.055, 0.000);Rejected_Simulation_Low
15:06:50;765;RGBA(0.969, 0.619, 0.143, 0.000);-500000,00;1;0,00;RGBA(0.755, 0.055, 0.055, 0.000);Rejected_Simulation_Low
15:06:50;766;RGBA(0.969, 0.619, 0.143, 0.000);-500000,00;1;0,00;RGBA(0.755, 0.055, 0.055, 0.000);Rejected_Simulation_Low
15:06:50;767;RGBA(0.969, 0.619, 0.143, 0.000);-500000,00;1;0,00;RGBA(0.755, 0.055, 0.055, 0.000);Rejected_Simulation_Low
15:06:50;768;RGBA(0.969, 0.619, 0.143, 0.000);-500000,00;1;0,00;RGBA(0.755, 0.055, 0.055, 0.000);Rejected_Simulation_Low
15:06:50;769;RGBA(0.969, 0.619, 0.143, 0.000);-500000,00;1;0,00;RGBA(0.755, 0.055, 0.055, 0.000);Rejected_Simulation_Low
15:06:50;770;RGBA(0.969, 0.619, 0.143, 0.000);-500000,00;1;0,00;RGBA(0.755, 0.055, 0.055, 0.000);Rejected_Simulation_Low
15:06:50;771;RGBA(0.969, 0.619, 0.143, 0.000);-500000,00;1;0,00;RGBA(0.755, 0.055, 0.055, 0.000);Rejected_Simulation_Low
15:06:50;772;RGBA(0.969, 0.619, 0.143, 0.000);-500000,00;1;0,00;RGBA(0.755, 0.055, 0.055, 0.000);Rejected_Simulation_Low
15:06:50;773;RGBA(0.969, 0.619, 0.143, 0.000);-500000,00;1;0,00;RGBA(0.755, 0.055, 0.055, 0.000);Rejected_Simulation_Low
15:06:50;774;RGBA(0.969, 0.619, 0.143, 0.000);-500000,00;1;0,00;RGBA(0.755, 0.055, 0.055, 0.000);Rejected_Simulation_Low
15:06:50;775;RGBA(0.969, 0.619, 0.143, 0.000);-500000,00;1;0,00;RGBA(0.755, 0.055, 0.055, 0.000);Rejected_Simulation_Low
15:06:50;776;RGBA(0.969, 0.619, 0.143, 0.000);-500000,00;1;0,00;RGBA(0.755, 0.055, 0.055, 0.000);Rejected_Simulation_Low
15:06:50;777;RGBA(0.969, 0.619, 0.143, 0.000);-500000,00;1;0,00;RGBA(0.755, 0.055, 0.055, 0.000);Rejected_Simulation_Low
15:06:50;778;RGBA(0.969, 0.619, 0.143, 0.000);-500000,00;1;0,00;RGBA(0.755, 0.055, 0.055, 0.000);Rejected_Simulation_Low
15:06:50;779;RGBA(0.969, 0.619, 0.143, 0.000);-500000,00;1;0,00;RGBA(0.755, 0.055, 0.055, 0.000);Rejected_Simulation_Low
15:06:50;780;RGBA(0.969, 0.619, 0.143, 0.000);-500000,00;1;0,00;RGBA(0.755, 0.055, 0.055, 0.000);Rejected_Simulation_Low
15:06:50;781;RGBA(0.969, 0.619, 0.143, 0.000);-500000,00;1;0,00;RGBA(0.755, 0.055, 0.055, 0.000);Rejected_Simulation_Low
15:06:50;782;RGBA(0.969, 0.619, 0.143, 0.000);-500000,00;1;0,00;RGBA(0.755, 0.055, 0.055, 0.000);Rejected_Simulation_Low
15:06:50;783;RGBA(0.969, 0.619, 0.143, 0.000);-500000,00;1;0,00;RGBA(0.755, 0.055, 0.055, 0.000);Rejected_Simulation_Low
15:06:50;784;RGBA(0.969, 0.619, 0.143, 0.000);-500000,00;1;0,00;RGBA(0.755, 0.055, 0.055, 0.000);Rejected_Simulation_Low
15:06:50;785;RGBA(0.969, 0.619, 0.143, 0.000);-500000,00;1;0,00;RGBA(0.755, 0.055, 0.055, 0.000);Rejected_Simulation_Low
15:06:50;786;RGBA(0.969, 0.619, 0.143, 0.000);-500000,00;1;0,00;RGBA(0.755, 0.055, 0.055, 0.000);Rejected_Simulation_Low
15:06:50;787;RGBA(0.969, 0.619, 0.143, 0.000);-500000,00;1;0,00;RGBA(0.755, 0.055, 0.055, 0.000);Rejected_Simulation_Low
15:06:50;788;RGBA(0.969, 0.619, 0.143, 0.000);-500000,00;1;0,00;RGBA(0.755, 0.055, 0.055, 0.000);Rejected_Simulation_Low
15:06:50;789;RGBA(0.969, 0.619, 0.143, 0.000);-500000,00;1;0,00;RGBA(0.755, 0.055, 0.055, 0.000);Rejected_Simulation_Low
15:06:50;790;RGBA(0.969, 0.619, 0.143, 0.000);-500000,00;1;0,00;RGBA(0.755, 0.055, 0.055, 0.000);Rejected_Simulation_Low
15:06:50;791;RGBA(0.969, 0.619, 0.143, 0.000);-500000,00;1;0,00;RGBA(0.755, 0.055, 0.055, 0.000);Rejected_Simulation_Low
15:06:50;792;RGBA(0.969, 0.619, 0.143, 0.000);-500000,00;1;0,00;RGBA(0.755, 0.055, 0.055, 0.000);Rejected_Simulation_Low
15:06:50;793;RGBA(0.969, 0.619, 0.143, 0.000);-500000,00;1;0,00;RGBA(0.755, 0.055, 0.055, 0.000);Rejected_Simulation_Low
15:06:50;794;RGBA(0.969, 0.619, 0.143, 0.000);-500000,00;1;0,00;RGBA(0.755, 0.055, 0.055, 0.000);Rejected_Simulation_Low
15:06:50;795;RGBA(0.969, 0.619, 0.143, 0.000);-500000,00;1;0,00;RGBA(0.755, 0.055, 0.055, 0.000);Rejected_Simulation_Low
15:06:50;796;RGBA(0.969, 0.619, 0.143, 0.000);-500000,00;1;0,00;RGBA(0.755, 0.055, 0.055, 0.000);Rejected_Simulation_Low
15:06:50;797;RGBA(0.969, 0.619, 0.143, 0.000);-500000,00;1;0,00;RGBA(0.755, 0.055, 0.055, 0.000);Rejected_Simulation_Low
15:06:50;798;RGBA(0.969, 0.619, 0.143, 0.000);-500000,00;1;0,00;RGBA(0.755, 0.055, 0.055, 0.000);Rejected_Simulation_Low
15:06:50;799;RGBA(0.969, 0.619, 0.143, 0.000);-500000,00;1;0,00;RGBA(0.755, 0.055, 0.055, 0.000);Rejected_Simulation_Low
15:06:50;800;RGBA(0.969, 0.619, 0.143, 0.000);-500000,00;1;0,00;RGBA(0.755, 0.055, 0.055, 0.000);Rejected_Simulation_Low
15:06:50;801;RGBA(0.969, 0.619, 0.143, 0.000);-500000,00;1;0,00;RGBA(0.755, 0.055, 0.055, 0.000);Rejected_Simulation_Low
15:06:50;802;RGBA(0.969, 0.619, 0.143, 0.000);-500000,00;1;0,00;RGBA(0.755, 0.055, 0.055, 0.000);Rejected_Simulation_Low
15:06:50;803;RGBA(0.969, 0.619, 0.143, 0.000);-500000,00;1;0,00;RGBA(0.755, 0.055, 0.055, 0.000);Rejected_Simulation_Low
15:06:50;804;RGBA(0.969, 0.619, 0.143, 0.000);-500000,00;1;0,00;RGBA(0.755, 0.055, 0.055, 0.000);Rejected_Simulation_Low
15:06:50;805;RGBA(0.969, 0.619, 0.143, 0.000);-500000,00;1;0,00;RGBA(0.755, 0.055, 0.055, 0.000);Rejected_Simulation_Low
15:06:50;806;RGBA(0.969, 0.619, 0.143, 0.000);-500000,00;1;0,00;RGBA(0.755, 0.055, 0.055, 0.000);Rejected_Simulation_Low
15:06:50;807;RGBA(0.969, 0.619, 0.143, 0.000);-500000,00;1;0,00;RGBA(0.755, 0.055, 0.055, 0.000);Rejected_Simulation_Low
15:06:50;808;RGBA(0.969, 0.619, 0.143, 0.000);-500000,00;1;0,00;RGBA(0.755, 0.055, 0.055, 0.000);Rejected_Simulation_Low
15:06:50;809;RGBA(0.969, 0.619, 0.143, 0.000);-500000,00;1;0,00;RGBA(0.755, 0.055, 0.055, 0.000);Rejected_Simulation_Low
15:06:50;810;RGBA(0.969, 0.619, 0.143, 0.000);-500000,00;1;0,00;RGBA(0.755, 0.055, 0.055, 0.000);Rejected_Simulation_Low
15:06:50;811;RGBA(0.969, 0.619, 0.143, 0.000);-500000,00;1;0,00;RGBA(0.755, 0.055, 0.055, 0.000);Rejected_Simulation_Low
15:06:50;812;RGBA(0.969, 0.619, 0.143, 0.000);-500000,00;1;0,00;RGBA(0.755, 0.055, 0.055, 0.000);Rejected_Simulation_Low
15:06:50;813;RGBA(0.969, 0.619, 0.143, 0.000);-500000,00;1;0,00;RGBA(0.755, 0.055, 0.055, 0.000);Rejected_Simulation_Low
15:06:50;814;RGBA(0.969, 0.619, 0.143, 0.000);-500000,00;1;0,00;RGBA(0.755, 0.055, 0.055, 0.000);Rejected_Simulation_Low
15:06:50;815;RGBA(0.969, 0.619, 0.143, 0.000);-500000,00;1;0,00;RGBA(0.755, 0.055, 0.055, 0.000);Rejected_Simulation_Low
15:06:50;816;RGBA(0.969, 0.619, 0.143, 0.000);-500000,00;1;0,00;RGBA(0.755, 0.055, 0.055, 0.000);Rejected_Simulation_Low
15:06:50;817;RGBA(0.969, 0.619, 0.143, 0.000);-500000,00;1;0,00;RGBA(0.755, 0.055, 0.055, 0.000);Rejected_Simulation_Low
15:06:50;818;RGBA(0.969, 0.619, 0.143, 0.000);-500000,00;1;0,00;RGBA(0.755, 0.055, 0.055, 0.000);Rejected_Simulation_Low
15:06:50;819;RGBA(0.969, 0.619, 0.143, 0.000);-500000,00;1;0,00;RGBA(0.755, 0.055, 0.055, 0.000);Rejected_Simulation_Low
15:06:50;820;RGBA(0.969, 0.619, 0.143, 0.000);-500000,00;1;0,00;RGBA(0.755, 0.055, 0.055, 0.000);Rejected_Simulation_Low
15:06:50;821;RGBA(0.969, 0.619, 0.143, 0.000);-500000,00;1;0,00;RGBA(0.755, 0.055, 0.055, 0.000);Rejected_Simulation_Low
15:06:50;822;RGBA(0.969, 0.619, 0.143, 0.000);-500000,00;1;0,00;RGBA(0.755, 0.055, 0.055, 0.000);Rejected_Simulation_Low
15:06:50;823;RGBA(0.969, 0.619, 0.143, 0.000);-500000,00;1;0,00;RGBA(0.755, 0.055, 0.055, 0.000);Rejected_Simulation_Low
15:06:50;824;RGBA(0.969, 0.619, 0.143, 0.000);-500000,00;1;0,00;RGBA(0.755, 0.055, 0.055, 0.000);Rejected_Simulation_Low
15:06:50;825;RGBA(0.969, 0.619, 0.143, 0.000);-500000,00;1;0,00;RGBA(0.755, 0.055, 0.055, 0.000);Rejected_Simulation_Low
15:06:50;826;RGBA(0.969, 0.619, 0.143, 0.000);-500000,00;1;0,00;RGBA(0.755, 0.055, 0.055, 0.000);Rejected_Simulation_Low
15:06:50;827;RGBA(0.969, 0.619, 0.143, 0.000);-500000,00;1;0,00;RGBA(0.755, 0.055, 0.055, 0.000);Rejected_Simulation_Low
15:06:50;828;RGBA(0.969, 0.619, 0.143, 0.000);-500000,00;1;0,00;RGBA(0.755, 0.055, 0.055, 0.000);Rejected_Simulation_Low
15:06:50;829;RGBA(0.969, 0.619, 0.143, 0.000);-500000,00;1;0,00;RGBA(0.755, 0.055, 0.055, 0.000);Rejected_Simulation_Low
15:06:50;830;RGBA(0.969, 0.619, 0.143, 0.000);-500000,00;1;0,00;RGBA(0.755, 0.055, 0.055, 0.000);Rejected_Simulation_Low
15:06:50;831;RGBA(0.969, 0.619, 0.143, 0.000);-500000,00;1;0,00;RGBA(0.755, 0.055, 0.055, 0.000);Rejected_Simulation_Low
15:06:50;832;RGBA(0.969, 0.619, 0.143, 0.000);-500000,00;1;0,00;RGBA(0.755, 0.055, 0.055, 0.000);Rejected_Simulation_Low
15:06:50;833;RGBA(0.969, 0.619, 0.143, 0.000);-500000,00;1;0,00;RGBA(0.755, 0.055, 0.055, 0.000);Rejected_Simulation_Low
15:06:50;834;RGBA(0.969, 0.619, 0.143, 0.000);-500000,00;1;0,00;RGBA(0.755, 0.055, 0.055, 0.000);Rejected_Simulation_Low
15:06:50;835;RGBA(0.969, 0.619, 0.143, 0.000);-500000,00;1;0,00;RGBA(0.755, 0.055, 0.055, 0.000);Rejected_Simulation_Low
15:06:50;836;RGBA(0.969, 0.619, 0.143, 0.000);-500000,00;1;0,00;RGBA(0.755, 0.055, 0.055, 0.000);Rejected_Simulation_Low
15:06:50;837;RGBA(0.969, 0.619, 0.143, 0.000);-500000,00;1;0,00;RGBA(0.755, 0.055, 0.055, 0.000);Rejected_Simulation_Low
15:06:50;838;RGBA(0.969, 0.619, 0.143, 0.000);-500000,00;1;0,00;RGBA(0.755, 0.055, 0.055, 0.000);Rejected_Simulation_Low
15:06:50;839;RGBA(0.969, 0.619, 0.143, 0.000);-500000,00;1;0,00;RGBA(0.755, 0.055, 0.055, 0.000);Rejected_Simulation_Low
15:06:50;840;RGBA(0.969, 0.619, 0.143, 0.000);-500000,00;1;0,00;RGBA(0.755, 0.055, 0.055, 0.000);Rejected_Simulation_Low
15:06:50;841;RGBA(0.969, 0.619, 0.143, 0.000);-500000,00;1;0,00;RGBA(0.755, 0.055, 0.055, 0.000);Rejected_Simulation_Low
15:06:50;842;RGBA(0.969, 0.619, 0.143, 0.000);-500000,00;1;0,00;RGBA(0.755, 0.055, 0.055, 0.000);Rejected_Simulation_Low
15:06:50;843;RGBA(0.969, 0.619, 0.143, 0.000);-500000,00;1;0,00;RGBA(0.755, 0.055, 0.055, 0.000);Rejected_Simulation_Low
15:06:50;844;RGBA(0.969, 0.619, 0.143, 0.000);-500000,00;1;0,00;RGBA(0.755, 0.055, 0.055, 0.000);Rejected_Simulation_Low
15:06:50;845;RGBA(0.969, 0.619, 0.143, 0.000);-500000,00;1;0,00;RGBA(0.755, 0.055, 0.055, 0.000);Rejected_Simulation_Low
15:06:50;846;RGBA(0.969, 0.619, 0.143, 0.000);-500000,00;1;0,00;RGBA(0.755, 0.055, 0.055, 0.000);Rejected_Simulation_Low
15:06:51;847;RGBA(0.969, 0.619, 0.143, 0.000);-500000,00;1;0,00;RGBA(0.755, 0.055, 0.055, 0.000);Rejected_Simulation_Low
15:06:51;848;RGBA(0.969, 0.619, 0.143, 0.000);-500000,00;1;0,00;RGBA(0.755, 0.055, 0.055, 0.000);Rejected_Simulation_Low
15:06:51;849;RGBA(0.969, 0.619, 0.143, 0.000);-500000,00;1;0,00;RGBA(0.755, 0.055, 0.055, 0.000);Rejected_Simulation_Low
15:06:51;850;RGBA(0.969, 0.619, 0.143, 0.000);-500000,00;1;0,00;RGBA(0.755, 0.055, 0.055, 0.000);Rejected_Simulation_Low
15:06:51;851;RGBA(0.969, 0.619, 0.143, 0.000);-500000,00;1;0,00;RGBA(0.755, 0.055, 0.055, 0.000);Rejected_Simulation_Low
15:06:51;852;RGBA(0.969, 0.619, 0.143, 0.000);-500000,00;1;0,00;RGBA(0.755, 0.055, 0.055, 0.000);Rejected_Simulation_Low
15:06:51;853;RGBA(0.969, 0.619, 0.143, 0.000);-500000,00;1;0,00;RGBA(0.755, 0.055, 0.055, 0.000);Rejected_Simulation_Low
15:06:51;854;RGBA(0.969, 0.619, 0.143, 0.000);-500000,00;1;0,00;RGBA(0.755, 0.055, 0.055, 0.000);Rejected_Simulation_Low
15:06:51;855;RGBA(0.969, 0.619, 0.143, 0.000);-500000,00;1;0,00;RGBA(0.755, 0.055, 0.055, 0.000);Rejected_Simulation_Low
15:06:51;856;RGBA(0.969, 0.619, 0.143, 0.000);-500000,00;1;0,00;RGBA(0.755, 0.055, 0.055, 0.000);Rejected_Simulation_Low
15:06:51;857;RGBA(0.969, 0.619, 0.143, 0.000);-500000,00;1;0,00;RGBA(0.755, 0.055, 0.055, 0.000);Rejected_Simulation_Low
15:06:51;858;RGBA(0.969, 0.619, 0.143, 0.000);-500000,00;1;0,00;RGBA(0.755, 0.055, 0.055, 0.000);Rejected_Simulation_Low
15:06:51;859;RGBA(0.969, 0.619, 0.143, 0.000);-500000,00;1;0,00;RGBA(0.755, 0.055, 0.055, 0.000);Rejected_Simulation_Low
15:06:51;860;RGBA(0.969, 0.619, 0.143, 0.000);-500000,00;1;0,00;RGBA(0.755, 0.055, 0.055, 0.000);Rejected_Simulation_Low
15:06:51;861;RGBA(0.969, 0.619, 0.143, 0.000);-500000,00;1;0,00;RGBA(0.755, 0.055, 0.055, 0.000);Rejected_Simulation_Low
15:06:51;862;RGBA(0.969, 0.619, 0.143, 0.000);-500000,00;1;0,00;RGBA(0.755, 0.055, 0.055, 0.000);Rejected_Simulation_Low
15:06:51;863;RGBA(0.969, 0.619, 0.143, 0.000);-500000,00;1;0,00;RGBA(0.755, 0.055, 0.055, 0.000);Rejected_Simulation_Low
15:06:51;864;RGBA(0.969, 0.619, 0.143, 0.000);-500000,00;1;0,00;RGBA(0.755, 0.055, 0.055, 0.000);Rejected_Simulation_Low
15:06:51;865;RGBA(0.969, 0.619, 0.143, 0.000);-500000,00;1;0,00;RGBA(0.755, 0.055, 0.055, 0.000);Rejected_Simulation_Low
15:06:51;866;RGBA(0.969, 0.619, 0.143, 0.000);-500000,00;1;0,00;RGBA(0.755, 0.055, 0.055, 0.000);Rejected_Simulation_Low
15:06:51;867;RGBA(0.969, 0.619, 0.143, 0.000);-500000,00;1;0,00;RGBA(0.755, 0.055, 0.055, 0.000);Rejected_Simulation_Low
15:06:51;868;RGBA(0.969, 0.619, 0.143, 0.000);-500000,00;1;0,00;RGBA(0.755, 0.055, 0.055, 0.000);Rejected_Simulation_Low
15:06:51;869;RGBA(0.969, 0.619, 0.143, 0.000);-500000,00;1;0,00;RGBA(0.755, 0.055, 0.055, 0.000);Rejected_Simulation_Low
15:06:51;870;RGBA(0.969, 0.619, 0.143, 0.000);-500000,00;1;0,00;RGBA(0.755, 0.055, 0.055, 0.000);Rejected_Simulation_Low
15:06:51;871;RGBA(0.969, 0.619, 0.143, 0.000);-500000,00;1;0,00;RGBA(0.755, 0.055, 0.055, 0.000);Rejected_Simulation_Low
15:06:51;872;RGBA(0.969, 0.619, 0.143, 0.000);-500000,00;1;0,00;RGBA(0.755, 0.055, 0.055, 0.000);Rejected_Simulation_Low
15:06:51;873;RGBA(0.969, 0.619, 0.143, 0.000);-500000,00;1;0,00;RGBA(0.755, 0.055, 0.055, 0.000);Rejected_Simulation_Low
15:06:51;874;RGBA(0.969, 0.619, 0.143, 0.000);-500000,00;1;0,00;RGBA(0.755, 0.055, 0.055, 0.000);Rejected_Simulation_Low
15:06:51;875;RGBA(0.969, 0.619, 0.143, 0.000);-500000,00;1;0,00;RGBA(0.755, 0.055, 0.055, 0.000);Rejected_Simulation_Low
15:06:51;876;RGBA(0.969, 0.619, 0.143, 0.000);-500000,00;1;0,00;RGBA(0.755, 0.055, 0.055, 0.000);Rejected_Simulation_Low
15:06:51;877;RGBA(0.969, 0.619, 0.143, 0.000);-500000,00;1;0,00;RGBA(0.755, 0.055, 0.055, 0.000);Rejected_Simulation_Low
15:06:51;878;RGBA(0.969, 0.619, 0.143, 0.000);-500000,00;1;0,00;RGBA(0.755, 0.055, 0.055, 0.000);Rejected_Simulation_Low
15:06:51;879;RGBA(0.969, 0.619, 0.143, 0.000);-500000,00;1;0,00;RGBA(0.755, 0.055, 0.055, 0.000);Rejected_Simulation_Low
15:06:51;880;RGBA(0.969, 0.619, 0.143, 0.000);-500000,00;1;0,00;RGBA(0.755, 0.055, 0.055, 0.000);Rejected_Simulation_Low
15:06:51;881;RGBA(0.969, 0.619, 0.143, 0.000);-500000,00;1;0,00;RGBA(0.755, 0.055, 0.055, 0.000);Rejected_Simulation_Low
15:06:51;882;RGBA(0.969, 0.619, 0.143, 0.000);-500000,00;1;0,00;RGBA(0.755, 0.055, 0.055, 0.000);Rejected_Simulation_Low
15:06:51;883;RGBA(0.969, 0.619, 0.143, 0.000);-500000,00;1;0,00;RGBA(0.755, 0.055, 0.055, 0.000);Rejected_Simulation_Low
15:06:51;884;RGBA(0.969, 0.619, 0.143, 0.000);-500000,00;1;0,00;RGBA(0.755, 0.055, 0.055, 0.000);Rejected_Simulation_Low
15:06:51;885;RGBA(0.969, 0.619, 0.143, 0.000);-500000,00;1;0,00;RGBA(0.755, 0.055, 0.055, 0.000);Rejected_Simulation_Low
15:06:51;886;RGBA(0.969, 0.619, 0.143, 0.000);-500000,00;1;0,00;RGBA(0.755, 0.055, 0.055, 0.000);Rejected_Simulation_Low
15:06:51;887;RGBA(0.969, 0.619, 0.143, 0.000);-500000,00;1;0,00;RGBA(0.755, 0.055, 0.055, 0.000);Rejected_Simulation_Low
15:06:51;888;RGBA(0.969, 0.619, 0.143, 0.000);-500000,00;1;0,00;RGBA(0.755, 0.055, 0.055, 0.000);Rejected_Simulation_Low
15:06:51;889;RGBA(0.969, 0.619, 0.143, 0.000);-500000,00;1;0,00;RGBA(0.755, 0.055, 0.055, 0.000);Rejected_Simulation_Low
15:06:51;890;RGBA(0.969, 0.619, 0.143, 0.000);-500000,00;1;0,00;RGBA(0.755, 0.055, 0.055, 0.000);Rejected_Simulation_Low
15:06:51;891;RGBA(0.969, 0.619, 0.143, 0.000);-500000,00;1;0,00;RGBA(0.755, 0.055, 0.055, 0.000);Rejected_Simulation_Low
15:06:51;892;RGBA(0.969, 0.619, 0.143, 0.000);-500000,00;1;0,00;RGBA(0.755, 0.055, 0.055, 0.000);Rejected_Simulation_Low
15:06:51;893;RGBA(0.969, 0.619, 0.143, 0.000);-500000,00;1;0,00;RGBA(0.755, 0.055, 0.055, 0.000);Rejected_Simulation_Low
15:06:51;894;RGBA(0.969, 0.619, 0.143, 0.000);-500000,00;1;0,00;RGBA(0.755, 0.055, 0.055, 0.000);Rejected_Simulation_Low
15:06:51;895;RGBA(0.969, 0.619, 0.143, 0.000);-500000,00;1;0,00;RGBA(0.755, 0.055, 0.055, 0.000);Rejected_Simulation_Low
15:06:51;896;RGBA(0.969, 0.619, 0.143, 0.000);-500000,00;1;0,00;RGBA(0.755, 0.055, 0.055, 0.000);Rejected_Simulation_Low
15:06:51;897;RGBA(0.969, 0.619, 0.143, 0.000);-500000,00;1;0,00;RGBA(0.755, 0.055, 0.055, 0.000);Rejected_Simulation_Low
15:06:51;898;RGBA(0.969, 0.619, 0.143, 0.000);-500000,00;1;0,00;RGBA(0.755, 0.055, 0.055, 0.000);Rejected_Simulation_Low
15:06:51;899;RGBA(0.969, 0.619, 0.143, 0.000);-500000,00;1;0,00;RGBA(0.755, 0.055, 0.055, 0.000);Rejected_Simulation_Low
15:06:51;900;RGBA(0.969, 0.619, 0.143, 0.000);-500000,00;1;0,00;RGBA(0.755, 0.055, 0.055, 0.000);Rejected_Simulation_Low
15:06:51;901;RGBA(0.969, 0.619, 0.143, 0.000);-500000,00;1;0,00;RGBA(0.755, 0.055, 0.055, 0.000);Rejected_Simulation_Low
15:06:51;902;RGBA(0.969, 0.619, 0.143, 0.000);-500000,00;1;0,00;RGBA(0.755, 0.055, 0.055, 0.000);Rejected_Simulation_Low
15:06:51;903;RGBA(0.969, 0.619, 0.143, 0.000);-500000,00;1;0,00;RGBA(0.755, 0.055, 0.055, 0.000);Rejected_Simulation_Low
15:06:51;904;RGBA(0.969, 0.619, 0.143, 0.000);-500000,00;1;0,00;RGBA(0.755, 0.055, 0.055, 0.000);Rejected_Simulation_Low
15:06:51;905;RGBA(0.969, 0.619, 0.143, 0.000);-500000,00;1;0,00;RGBA(0.755, 0.055, 0.055, 0.000);Rejected_Simulation_Low
15:06:51;906;RGBA(0.969, 0.619, 0.143, 0.000);-500000,00;1;0,00;RGBA(0.755, 0.055, 0.055, 0.000);Rejected_Simulation_Low
15:06:51;907;RGBA(0.969, 0.619, 0.143, 0.000);-500000,00;1;0,00;RGBA(0.755, 0.055, 0.055, 0.000);Rejected_Simulation_Low
15:06:51;908;RGBA(0.969, 0.619, 0.143, 0.000);-500000,00;1;0,00;RGBA(0.755, 0.055, 0.055, 0.000);Rejected_Simulation_Low
15:06:51;909;RGBA(0.969, 0.619, 0.143, 0.000);-500000,00;1;0,00;RGBA(0.755, 0.055, 0.055, 0.000);Rejected_Simulation_Low
15:06:51;910;RGBA(0.969, 0.619, 0.143, 0.000);-500000,00;1;0,00;RGBA(0.755, 0.055, 0.055, 0.000);Rejected_Simulation_Low
15:06:51;911;RGBA(0.969, 0.619, 0.143, 0.000);-500000,00;1;0,00;RGBA(0.755, 0.055, 0.055, 0.000);Rejected_Simulation_Low
15:06:51;912;RGBA(0.969, 0.619, 0.143, 0.000);-500000,00;1;0,00;RGBA(0.755, 0.055, 0.055, 0.000);Rejected_Simulation_Low
15:06:51;913;RGBA(0.969, 0.619, 0.143, 0.000);-500000,00;1;0,00;RGBA(0.755, 0.055, 0.055, 0.000);Rejected_Simulation_Low
15:06:51;914;RGBA(0.969, 0.619, 0.143, 0.000);-500000,00;1;0,00;RGBA(0.755, 0.055, 0.055, 0.000);Rejected_Simulation_Low
15:06:51;915;RGBA(0.969, 0.619, 0.143, 0.000);-500000,00;1;0,00;RGBA(0.755, 0.055, 0.055, 0.000);Rejected_Simulation_Low
15:06:51;916;RGBA(0.969, 0.619, 0.143, 0.000);-500000,00;1;0,00;RGBA(0.755, 0.055, 0.055, 0.000);Rejected_Simulation_Low
15:06:51;917;RGBA(0.969, 0.619, 0.143, 0.000);-500000,00;1;0,00;RGBA(0.755, 0.055, 0.055, 0.000);Rejected_Simulation_Low
15:06:51;918;RGBA(0.969, 0.619, 0.143, 0.000);-500000,00;1;0,00;RGBA(0.755, 0.055, 0.055, 0.000);Rejected_Simulation_Low
15:06:51;919;RGBA(0.969, 0.619, 0.143, 0.000);-500000,00;1;0,00;RGBA(0.755, 0.055, 0.055, 0.000);Rejected_Simulation_Low
15:06:51;920;RGBA(0.969, 0.619, 0.143, 0.000);-500000,00;1;0,00;RGBA(0.755, 0.055, 0.055, 0.000);Rejected_Simulation_Low
15:06:51;921;RGBA(0.969, 0.619, 0.143, 0.000);-500000,00;1;0,00;RGBA(0.755, 0.055, 0.055, 0.000);Rejected_Simulation_Low
15:06:51;922;RGBA(0.969, 0.619, 0.143, 0.000);-500000,00;1;0,00;RGBA(0.755, 0.055, 0.055, 0.000);Rejected_Simulation_Low
15:06:51;923;RGBA(0.969, 0.619, 0.143, 0.000);-500000,00;1;0,00;RGBA(0.755, 0.055, 0.055, 0.000);Rejected_Simulation_Low
15:06:51;924;RGBA(0.969, 0.619, 0.143, 0.000);-500000,00;1;0,00;RGBA(0.755, 0.055, 0.055, 0.000);Rejected_Simulation_Low
15:06:51;925;RGBA(0.969, 0.619, 0.143, 0.000);-500000,00;1;0,00;RGBA(0.755, 0.055, 0.055, 0.000);Rejected_Simulation_Low
15:06:51;926;RGBA(0.969, 0.619, 0.143, 0.000);-500000,00;1;0,00;RGBA(0.755, 0.055, 0.055, 0.000);Rejected_Simulation_Low
15:06:51;927;RGBA(0.969, 0.619, 0.143, 0.000);-500000,00;1;0,00;RGBA(0.755, 0.055, 0.055, 0.000);Rejected_Simulation_Low
15:06:51;928;RGBA(0.969, 0.619, 0.143, 0.000);-500000,00;1;0,00;RGBA(0.755, 0.055, 0.055, 0.000);Rejected_Simulation_Low
15:06:51;929;RGBA(0.969, 0.619, 0.143, 0.000);-500000,00;1;0,00;RGBA(0.755, 0.055, 0.055, 0.000);Rejected_Simulation_Low
15:06:51;930;RGBA(0.969, 0.619, 0.143, 0.000);-500000,00;1;0,00;RGBA(0.755, 0.055, 0.055, 0.000);Rejected_Simulation_Low
15:06:51;931;RGBA(0.969, 0.619, 0.143, 0.000);-500000,00;1;0,00;RGBA(0.755, 0.055, 0.055, 0.000);Rejected_Simulation_Low
15:06:51;932;RGBA(0.969, 0.619, 0.143, 0.000);-500000,00;1;0,00;RGBA(0.755, 0.055, 0.055, 0.000);Rejected_Simulation_Low
15:06:51;933;RGBA(0.969, 0.619, 0.143, 0.000);-500000,00;1;0,00;RGBA(0.755, 0.055, 0.055, 0.000);Rejected_Simulation_Low
15:06:51;934;RGBA(0.969, 0.619, 0.143, 0.000);-500000,00;1;0,00;RGBA(0.755, 0.055, 0.055, 0.000);Rejected_Simulation_Low
15:06:51;935;RGBA(0.969, 0.619, 0.143, 0.000);-500000,00;1;0,00;RGBA(0.755, 0.055, 0.055, 0.000);Rejected_Simulation_Low
15:06:51;936;RGBA(0.969, 0.619, 0.143, 0.000);-500000,00;1;0,00;RGBA(0.755, 0.055, 0.055, 0.000);Rejected_Simulation_Low
15:06:51;937;RGBA(0.969, 0.619, 0.143, 0.000);-500000,00;1;0,00;RGBA(0.755, 0.055, 0.055, 0.000);Rejected_Simulation_Low
15:06:51;938;RGBA(0.969, 0.619, 0.143, 0.000);-500000,00;1;0,00;RGBA(0.755, 0.055, 0.055, 0.000);Rejected_Simulation_Low
15:06:51;939;RGBA(0.969, 0.619, 0.143, 0.000);-500000,00;1;0,00;RGBA(0.755, 0.055, 0.055, 0.000);Rejected_Simulation_Low
15:06:51;940;RGBA(0.969, 0.619, 0.143, 0.000);-500000,00;1;0,00;RGBA(0.755, 0.055, 0.055, 0.000);Rejected_Simulation_Low
15:06:51;941;RGBA(0.969, 0.619, 0.143, 0.000);-500000,00;1;0,00;RGBA(0.755, 0.055, 0.055, 0.000);Rejected_Simulation_Low
15:06:51;942;RGBA(0.969, 0.619, 0.143, 0.000);-500000,00;1;0,00;RGBA(0.755, 0.055, 0.055, 0.000);Rejected_Simulation_Low
15:06:51;943;RGBA(0.969, 0.619, 0.143, 0.000);-500000,00;1;0,00;RGBA(0.755, 0.055, 0.055, 0.000);Rejected_Simulation_Low
15:06:51;944;RGBA(0.969, 0.619, 0.143, 0.000);-500000,00;1;0,00;RGBA(0.755, 0.055, 0.055, 0.000);Rejected_Simulation_Low
15:06:51;945;RGBA(0.969, 0.619, 0.143, 0.000);-500000,00;1;0,00;RGBA(0.755, 0.055, 0.055, 0.000);Rejected_Simulation_Low
15:06:51;946;RGBA(0.969, 0.619, 0.143, 0.000);-500000,00;1;0,00;RGBA(0.755, 0.055, 0.055, 0.000);Rejected_Simulation_Low
15:06:51;947;RGBA(0.969, 0.619, 0.143, 0.000);-500000,00;1;0,00;RGBA(0.755, 0.055, 0.055, 0.000);Rejected_Simulation_Low
15:06:51;948;RGBA(0.969, 0.619, 0.143, 0.000);-500000,00;1;0,00;RGBA(0.755, 0.055, 0.055, 0.000);Rejected_Simulation_Low
15:06:51;949;RGBA(0.969, 0.619, 0.143, 0.000);-500000,00;1;0,00;RGBA(0.755, 0.055, 0.055, 0.000);Rejected_Simulation_Low
15:06:51;950;RGBA(0.969, 0.619, 0.143, 0.000);-500000,00;1;0,00;RGBA(0.755, 0.055, 0.055, 0.000);Rejected_Simulation_Low
15:06:51;951;RGBA(0.969, 0.619, 0.143, 0.000);-500000,00;1;0,00;RGBA(0.755, 0.055, 0.055, 0.000);Rejected_Simulation_Low
15:06:51;952;RGBA(0.969, 0.619, 0.143, 0.000);-500000,00;1;0,00;RGBA(0.755, 0.055, 0.055, 0.000);Rejected_Simulation_Low
15:06:51;953;RGBA(0.969, 0.619, 0.143, 0.000);-500000,00;1;0,00;RGBA(0.755, 0.055, 0.055, 0.000);Rejected_Simulation_Low
15:06:51;954;RGBA(0.969, 0.619, 0.143, 0.000);-500000,00;1;0,00;RGBA(0.755, 0.055, 0.055, 0.000);Rejected_Simulation_Low
15:06:51;955;RGBA(0.969, 0.619, 0.143, 0.000);-500000,00;1;0,00;RGBA(0.755, 0.055, 0.055, 0.000);Rejected_Simulation_Low
15:06:51;956;RGBA(0.969, 0.619, 0.143, 0.000);-500000,00;1;0,00;RGBA(0.755, 0.055, 0.055, 0.000);Rejected_Simulation_Low
15:06:51;957;RGBA(0.969, 0.619, 0.143, 0.000);-500000,00;1;0,00;RGBA(0.755, 0.055, 0.055, 0.000);Rejected_Simulation_Low
15:06:51;958;RGBA(0.969, 0.619, 0.143, 0.000);-500000,00;1;0,00;RGBA(0.755, 0.055, 0.055, 0.000);Rejected_Simulation_Low
15:06:51;959;RGBA(0.969, 0.619, 0.143, 0.000);-500000,00;1;0,00;RGBA(0.755, 0.055, 0.055, 0.000);Rejected_Simulation_Low
15:06:51;960;RGBA(0.969, 0.619, 0.143, 0.000);-500000,00;1;0,00;RGBA(0.755, 0.055, 0.055, 0.000);Rejected_Simulation_Low
15:06:51;961;RGBA(0.969, 0.619, 0.143, 0.000);-500000,00;1;0,00;RGBA(0.755, 0.055, 0.055, 0.000);Rejected_Simulation_Low
15:06:51;962;RGBA(0.969, 0.619, 0.143, 0.000);-500000,00;1;0,00;RGBA(0.755, 0.055, 0.055, 0.000);Rejected_Simulation_Low
15:06:51;963;RGBA(0.969, 0.619, 0.143, 0.000);-500000,00;1;0,00;RGBA(0.755, 0.055, 0.055, 0.000);Rejected_Simulation_Low
15:06:51;964;RGBA(0.969, 0.619, 0.143, 0.000);-500000,00;1;0,00;RGBA(0.755, 0.055, 0.055, 0.000);Rejected_Simulation_Low
15:06:51;965;RGBA(0.969, 0.619, 0.143, 0.000);-500000,00;1;0,00;RGBA(0.755, 0.055, 0.055, 0.000);Rejected_Simulation_Low
15:06:51;966;RGBA(0.969, 0.619, 0.143, 0.000);-500000,00;1;0,00;RGBA(0.755, 0.055, 0.055, 0.000);Rejected_Simulation_Low
15:06:51;967;RGBA(0.969, 0.619, 0.143, 0.000);-500000,00;1;0,00;RGBA(0.755, 0.055, 0.055, 0.000);Rejected_Simulation_Low
15:06:51;968;RGBA(0.969, 0.619, 0.143, 0.000);-500000,00;1;0,00;RGBA(0.755, 0.055, 0.055, 0.000);Rejected_Simulation_Low
15:06:51;969;RGBA(0.969, 0.619, 0.143, 0.000);-500000,00;1;0,00;RGBA(0.755, 0.055, 0.055, 0.000);Rejected_Simulation_Low
15:06:51;970;RGBA(0.969, 0.619, 0.143, 0.000);-500000,00;1;0,00;RGBA(0.755, 0.055, 0.055, 0.000);Rejected_Simulation_Low
15:06:51;971;RGBA(0.969, 0.619, 0.143, 0.000);-500000,00;1;0,00;RGBA(0.755, 0.055, 0.055, 0.000);Rejected_Simulation_Low
15:06:51;972;RGBA(0.969, 0.619, 0.143, 0.000);-500000,00;1;0,00;RGBA(0.755, 0.055, 0.055, 0.000);Rejected_Simulation_Low
15:06:51;973;RGBA(0.969, 0.619, 0.143, 0.000);-500000,00;1;0,00;RGBA(0.755, 0.055, 0.055, 0.000);Rejected_Simulation_Low
15:06:51;974;RGBA(0.969, 0.619, 0.143, 0.000);-500000,00;1;0,00;RGBA(0.755, 0.055, 0.055, 0.000);Rejected_Simulation_Low
15:06:51;975;RGBA(0.969, 0.619, 0.143, 0.000);-500000,00;1;0,00;RGBA(0.755, 0.055, 0.055, 0.000);Rejected_Simulation_Low
15:06:51;976;RGBA(0.969, 0.619, 0.143, 0.000);-500000,00;1;0,00;RGBA(0.755, 0.055, 0.055, 0.000);Rejected_Simulation_Low
15:06:51;977;RGBA(0.969, 0.619, 0.143, 0.000);-500000,00;1;0,00;RGBA(0.755, 0.055, 0.055, 0.000);Rejected_Simulation_Low
15:06:51;978;RGBA(0.969, 0.619, 0.143, 0.000);-500000,00;1;0,00;RGBA(0.755, 0.055, 0.055, 0.000);Rejected_Simulation_Low
15:06:51;979;RGBA(0.969, 0.619, 0.143, 0.000);-500000,00;1;0,00;RGBA(0.755, 0.055, 0.055, 0.000);Rejected_Simulation_Low
15:06:51;980;RGBA(0.969, 0.619, 0.143, 0.000);-500000,00;1;0,00;RGBA(0.755, 0.055, 0.055, 0.000);Rejected_Simulation_Low
15:06:51;981;RGBA(0.969, 0.619, 0.143, 0.000);-500000,00;1;0,00;RGBA(0.755, 0.055, 0.055, 0.000);Rejected_Simulation_Low
15:06:51;982;RGBA(0.969, 0.619, 0.143, 0.000);-500000,00;1;0,00;RGBA(0.755, 0.055, 0.055, 0.000);Rejected_Simulation_Low
15:06:51;983;RGBA(0.969, 0.619, 0.143, 0.000);-500000,00;1;0,00;RGBA(0.755, 0.055, 0.055, 0.000);Rejected_Simulation_Low
15:06:51;984;RGBA(0.969, 0.619, 0.143, 0.000);-500000,00;1;0,00;RGBA(0.755, 0.055, 0.055, 0.000);Rejected_Simulation_Low
15:06:51;985;RGBA(0.969, 0.619, 0.143, 0.000);-500000,00;1;0,00;RGBA(0.755, 0.055, 0.055, 0.000);Rejected_Simulation_Low
15:06:51;986;RGBA(0.969, 0.619, 0.143, 0.000);-500000,00;1;0,00;RGBA(0.755, 0.055, 0.055, 0.000);Rejected_Simulation_Low
15:06:51;987;RGBA(0.969, 0.619, 0.143, 0.000);-500000,00;1;0,00;RGBA(0.755, 0.055, 0.055, 0.000);Rejected_Simulation_Low
15:06:51;988;RGBA(0.969, 0.619, 0.143, 0.000);-500000,00;1;0,00;RGBA(0.755, 0.055, 0.055, 0.000);Rejected_Simulation_Low
15:06:51;989;RGBA(0.969, 0.619, 0.143, 0.000);-500000,00;1;0,00;RGBA(0.755, 0.055, 0.055, 0.000);Rejected_Simulation_Low
15:06:51;990;RGBA(0.969, 0.619, 0.143, 0.000);-500000,00;1;0,00;RGBA(0.755, 0.055, 0.055, 0.000);Rejected_Simulation_Low
15:06:51;991;RGBA(0.969, 0.619, 0.143, 0.000);-500000,00;1;0,00;RGBA(0.755, 0.055, 0.055, 0.000);Rejected_Simulation_Low
15:06:51;992;RGBA(0.969, 0.619, 0.143, 0.000);-500000,00;1;0,00;RGBA(0.755, 0.055, 0.055, 0.000);Rejected_Simulation_Low
15:06:51;993;RGBA(0.969, 0.619, 0.143, 0.000);-500000,00;1;0,00;RGBA(0.755, 0.055, 0.055, 0.000);Rejected_Simulation_Low
15:06:51;994;RGBA(0.969, 0.619, 0.143, 0.000);-500000,00;1;0,00;RGBA(0.755, 0.055, 0.055, 0.000);Rejected_Simulation_Low
15:06:51;995;RGBA(0.969, 0.619, 0.143, 0.000);-500000,00;1;0,00;RGBA(0.755, 0.055, 0.055, 0.000);Rejected_Simulation_Low
15:06:51;996;RGBA(0.969, 0.619, 0.143, 0.000);-500000,00;1;0,00;RGBA(0.755, 0.055, 0.055, 0.000);Rejected_Simulation_Low
15:06:51;997;RGBA(0.969, 0.619, 0.143, 0.000);-500000,00;1;0,00;RGBA(0.755, 0.055, 0.055, 0.000);Rejected_Simulation_Low
15:06:51;998;RGBA(0.969, 0.619, 0.143, 0.000);-500000,00;1;0,00;RGBA(0.755, 0.055, 0.055, 0.000);Rejected_Simulation_Low
15:06:51;999;RGBA(0.969, 0.619, 0.143, 0.000);-500000,00;1;0,00;RGBA(0.755, 0.055, 0.055, 0.000);Rejected_Simulation_Low
15:06:51;1000;RGBA(0.969, 0.619, 0.143, 0.000);-500000,00;1;0,00;RGBA(0.755, 0.055, 0.055, 0.000);Rejected_Simulation_Low
15:06:51;1001;RGBA(0.969, 0.619, 0.143, 0.000);-500000,00;1;0,00;RGBA(0.755, 0.055, 0.055, 0.000);Rejected_Simulation_Low
15:06:51;1002;RGBA(0.969, 0.619, 0.143, 0.000);-500000,00;1;0,00;RGBA(0.755, 0.055, 0.055, 0.000);Rejected_Simulation_Low
15:06:51;1003;RGBA(0.969, 0.619, 0.143, 0.000);-500000,00;1;0,00;RGBA(0.755, 0.055, 0.055, 0.000);Rejected_Simulation_Low
15:06:51;1004;RGBA(0.969, 0.619, 0.143, 0.000);-500000,00;1;0,00;RGBA(0.755, 0.055, 0.055, 0.000);Rejected_Simulation_Low
15:06:51;1005;RGBA(0.969, 0.619, 0.143, 0.000);-500000,00;1;0,00;RGBA(0.755, 0.055, 0.055, 0.000);Rejected_Simulation_Low
15:06:51;1006;RGBA(0.969, 0.619, 0.143, 0.000);-500000,00;1;0,00;RGBA(0.755, 0.055, 0.055, 0.000);Rejected_Simulation_Low
15:06:51;1007;RGBA(0.969, 0.619, 0.143, 0.000);-500000,00;1;0,00;RGBA(0.755, 0.055, 0.055, 0.000);Rejected_Simulation_Low
15:06:51;1008;RGBA(0.969, 0.619, 0.143, 0.000);-500000,00;1;0,00;RGBA(0.755, 0.055, 0.055, 0.000);Rejected_Simulation_Low
15:06:51;1009;RGBA(0.969, 0.619, 0.143, 0.000);-500000,00;1;0,00;RGBA(0.755, 0.055, 0.055, 0.000);Rejected_Simulation_Low
15:06:51;1010;RGBA(0.969, 0.619, 0.143, 0.000);-500000,00;1;0,00;RGBA(0.755, 0.055, 0.055, 0.000);Rejected_Simulation_Low
15:06:51;1011;RGBA(0.969, 0.619, 0.143, 0.000);-500000,00;1;0,00;RGBA(0.755, 0.055, 0.055, 0.000);Rejected_Simulation_Low
15:06:51;1012;RGBA(0.969, 0.619, 0.143, 0.000);-500000,00;1;0,00;RGBA(0.755, 0.055, 0.055, 0.000);Rejected_Simulation_Low
15:06:51;1013;RGBA(0.969, 0.619, 0.143, 0.000);-500000,00;1;0,00;RGBA(0.755, 0.055, 0.055, 0.000);Rejected_Simulation_Low
15:06:51;1014;RGBA(0.969, 0.619, 0.143, 0.000);-500000,00;1;0,00;RGBA(0.755, 0.055, 0.055, 0.000);Rejected_Simulation_Low
15:06:51;1015;RGBA(0.969, 0.619, 0.143, 0.000);-500000,00;1;0,00;RGBA(0.755, 0.055, 0.055, 0.000);Rejected_Simulation_Low
15:06:51;1016;RGBA(0.969, 0.619, 0.143, 0.000);-500000,00;1;0,00;RGBA(0.755, 0.055, 0.055, 0.000);Rejected_Simulation_Low
15:06:51;1017;RGBA(0.969, 0.619, 0.143, 0.000);-500000,00;1;0,00;RGBA(0.755, 0.055, 0.055, 0.000);Rejected_Simulation_Low
15:06:51;1018;RGBA(0.969, 0.619, 0.143, 0.000);-500000,00;1;0,00;RGBA(0.755, 0.055, 0.055, 0.000);Rejected_Simulation_Low
15:06:51;1019;RGBA(0.969, 0.619, 0.143, 0.000);-500000,00;1;0,00;RGBA(0.755, 0.055, 0.055, 0.000);Rejected_Simulation_Low
15:06:51;1020;RGBA(0.969, 0.619, 0.143, 0.000);-500000,00;1;0,00;RGBA(0.755, 0.055, 0.055, 0.000);Rejected_Simulation_Low
15:06:51;1021;RGBA(0.969, 0.619, 0.143, 0.000);-500000,00;1;0,00;RGBA(0.755, 0.055, 0.055, 0.000);Rejected_Simulation_Low
15:06:51;1022;RGBA(0.969, 0.619, 0.143, 0.000);-500000,00;1;0,00;RGBA(0.755, 0.055, 0.055, 0.000);Rejected_Simulation_Low
15:06:51;1023;RGBA(0.969, 0.619, 0.143, 0.000);-500000,00;1;0,00;RGBA(0.755, 0.055, 0.055, 0.000);Rejected_Simulation_Low
15:06:51;1024;RGBA(0.969, 0.619, 0.143, 0.000);-500000,00;1;0,00;RGBA(0.755, 0.055, 0.055, 0.000);Rejected_Simulation_Low
15:06:51;1025;RGBA(0.969, 0.619, 0.143, 0.000);-500000,00;1;0,00;RGBA(0.755, 0.055, 0.055, 0.000);Rejected_Simulation_Low
15:06:51;1026;RGBA(0.969, 0.619, 0.143, 0.000);-500000,00;1;0,00;RGBA(0.755, 0.055, 0.055, 0.000);Rejected_Simulation_Low
15:06:51;1027;RGBA(0.969, 0.619, 0.143, 0.000);-500000,00;1;0,00;RGBA(0.755, 0.055, 0.055, 0.000);Rejected_Simulation_Low
15:06:51;1028;RGBA(0.969, 0.619, 0.143, 0.000);-500000,00;1;0,00;RGBA(0.755, 0.055, 0.055, 0.000);Rejected_Simulation_Low
15:06:51;1029;RGBA(0.969, 0.619, 0.143, 0.000);-500000,00;1;0,00;RGBA(0.755, 0.055, 0.055, 0.000);Rejected_Simulation_Low
15:06:51;1030;RGBA(0.969, 0.619, 0.143, 0.000);-500000,00;1;0,00;RGBA(0.755, 0.055, 0.055, 0.000);Rejected_Simulation_Low
15:06:51;1031;RGBA(0.969, 0.619, 0.143, 0.000);-500000,00;1;0,00;RGBA(0.755, 0.055, 0.055, 0.000);Rejected_Simulation_Low
15:06:51;1032;RGBA(0.969, 0.619, 0.143, 0.000);-500000,00;1;0,00;RGBA(0.755, 0.055, 0.055, 0.000);Rejected_Simulation_Low
15:06:51;1033;RGBA(0.969, 0.619, 0.143, 0.000);-500000,00;1;0,00;RGBA(0.755, 0.055, 0.055, 0.000);Rejected_Simulation_Low
15:06:51;1034;RGBA(0.969, 0.619, 0.143, 0.000);-500000,00;1;0,00;RGBA(0.755, 0.055, 0.055, 0.000);Rejected_Simulation_Low
15:06:51;1035;RGBA(0.969, 0.619, 0.143, 0.000);-500000,00;1;0,00;RGBA(0.755, 0.055, 0.055, 0.000);Rejected_Simulation_Low
15:06:51;1036;RGBA(0.969, 0.619, 0.143, 0.000);-500000,00;1;0,00;RGBA(0.755, 0.055, 0.055, 0.000);Rejected_Simulation_Low
15:06:51;1037;RGBA(0.969, 0.619, 0.143, 0.000);-500000,00;1;0,00;RGBA(0.755, 0.055, 0.055, 0.000);Rejected_Simulation_Low
15:06:51;1038;RGBA(0.969, 0.619, 0.143, 0.000);-500000,00;1;0,00;RGBA(0.755, 0.055, 0.055, 0.000);Rejected_Simulation_Low
