Timestamp;MoveID;SelectedColor;Score;FreeSlots;UnblockValue;TargetBus;Status
13:13:42;1;RGBA(0.055, 0.218, 0.753, 0.000);25000,00;5;6000,00;RGBA(0.055, 0.218, 0.753, 0.000);Executed
13:13:42;2;RGBA(0.055, 0.218, 0.753, 0.000);25000,00;5;6000,00;RGBA(0.055, 0.218, 0.753, 0.000);Executed
13:13:43;3;RGBA(0.055, 0.218, 0.753, 0.000);25000,00;5;6000,00;RGBA(0.055, 0.218, 0.753, 0.000);Executed
13:13:44;4;RGBA(0.753, 0.055, 0.736, 0.000);25075,00;5;0,00;RGBA(0.753, 0.055, 0.736, 0.000);Executed
13:13:44;5;RGBA(0.753, 0.055, 0.736, 0.000);25075,00;5;0,00;RGBA(0.753, 0.055, 0.736, 0.000);Executed
13:13:44;6;RGBA(0.753, 0.055, 0.736, 0.000);25075,00;5;0,00;RGBA(0.753, 0.055, 0.736, 0.000);Executed
13:13:45;7;RGBA(0.755, 0.055, 0.055, 0.000);25000,00;5;18000,00;RGBA(0.755, 0.055, 0.055, 0.000);Executed
13:13:46;8;RGBA(0.755, 0.055, 0.055, 0.000);25075,00;5;18000,00;RGBA(0.755, 0.055, 0.055, 0.000);Executed
13:13:46;9;RGBA(0.755, 0.055, 0.055, 0.000);25150,00;5;0,00;RGBA(0.755, 0.055, 0.055, 0.000);Executed
13:13:47;10;RGBA(0.055, 0.218, 0.753, 0.000);25150,00;5;0,00;RGBA(0.055, 0.218, 0.753, 0.000);Executed
13:13:47;11;RGBA(0.055, 0.218, 0.753, 0.000);25075,00;5;0,00;RGBA(0.055, 0.218, 0.753, 0.000);Executed
13:13:48;12;RGBA(0.055, 0.218, 0.753, 0.000);25000,00;5;0,00;RGBA(0.055, 0.218, 0.753, 0.000);Executed
13:13:49;13;RGBA(0.753, 0.055, 0.736, 0.000);25000,00;5;6000,00;RGBA(0.753, 0.055, 0.736, 0.000);Executed
13:13:49;14;RGBA(0.085, 0.753, 0.055, 0.000);24525,00;5;18000,00;RGBA(0.753, 0.055, 0.736, 0.000);Executed
13:13:49;15;RGBA(0.753, 0.055, 0.736, 0.000);25150,00;4;0,00;RGBA(0.753, 0.055, 0.736, 0.000);Executed
13:13:50;16;RGBA(0.753, 0.055, 0.736, 0.000);25075,00;4;6000,00;RGBA(0.753, 0.055, 0.736, 0.000);Executed
13:13:51;17;RGBA(0.085, 0.753, 0.055, 0.000);25150,00;5;0,00;RGBA(0.085, 0.753, 0.055, 0.000);Executed
13:13:51;18;RGBA(0.085, 0.753, 0.055, 0.000);25000,00;5;0,00;RGBA(0.085, 0.753, 0.055, 0.000);Executed
13:13:52;19;RGBA(0.755, 0.055, 0.055, 0.000);25000,00;5;18000,00;RGBA(0.755, 0.055, 0.055, 0.000);Executed
13:13:53;20;RGBA(0.755, 0.055, 0.055, 0.000);25075,00;5;18000,00;RGBA(0.755, 0.055, 0.055, 0.000);Executed
13:13:53;21;RGBA(0.755, 0.055, 0.055, 0.000);25150,00;5;0,00;RGBA(0.755, 0.055, 0.055, 0.000);Executed
13:13:54;22;RGBA(0.753, 0.055, 0.736, 0.000);25000,00;5;6000,00;RGBA(0.753, 0.055, 0.736, 0.000);Executed
13:13:54;23;RGBA(0.753, 0.055, 0.736, 0.000);25000,00;5;18000,00;RGBA(0.753, 0.055, 0.736, 0.000);Executed
13:13:55;24;RGBA(0.753, 0.055, 0.736, 0.000);25075,00;5;6000,00;RGBA(0.753, 0.055, 0.736, 0.000);Executed
13:13:56;25;RGBA(0.968, 1.000, 0.000, 0.000);25150,00;5;0,00;RGBA(0.968, 1.000, 0.000, 0.000);Executed
13:13:56;26;RGBA(0.968, 1.000, 0.000, 0.000);25150,00;5;0,00;RGBA(0.968, 1.000, 0.000, 0.000);Executed
13:13:56;27;RGBA(0.968, 1.000, 0.000, 0.000);25075,00;5;0,00;RGBA(0.968, 1.000, 0.000, 0.000);Executed
13:13:57;28;RGBA(0.085, 0.753, 0.055, 0.000);25000,00;5;0,00;RGBA(0.085, 0.753, 0.055, 0.000);Executed
13:13:58;29;RGBA(0.753, 0.055, 0.736, 0.000);18450,00;5;18000,00;RGBA(0.085, 0.753, 0.055, 0.000);Executed
13:13:58;30;RGBA(0.085, 0.753, 0.055, 0.000);25075,00;4;18000,00;RGBA(0.085, 0.753, 0.055, 0.000);Executed
13:13:58;31;RGBA(0.085, 0.753, 0.055, 0.000);25150,00;4;0,00;RGBA(0.085, 0.753, 0.055, 0.000);Executed
13:14:00;32;RGBA(0.969, 0.619, 0.143, 0.000);25150,00;4;0,00;RGBA(0.969, 0.619, 0.143, 0.000);Executed
13:14:00;33;RGBA(0.969, 0.619, 0.143, 0.000);25075,00;4;0,00;RGBA(0.969, 0.619, 0.143, 0.000);Executed
13:14:00;34;RGBA(0.969, 0.619, 0.143, 0.000);25000,00;4;0,00;RGBA(0.969, 0.619, 0.143, 0.000);Executed
13:14:01;35;RGBA(0.753, 0.055, 0.736, 0.000);25225,00;5;0,00;RGBA(0.753, 0.055, 0.736, 0.000);Executed
13:14:02;36;RGBA(0.753, 0.055, 0.736, 0.000);25000,00;5;6000,00;RGBA(0.753, 0.055, 0.736, 0.000);Executed
13:14:02;37;RGBA(0.968, 1.000, 0.000, 0.000);25225,00;5;0,00;RGBA(0.968, 1.000, 0.000, 0.000);Executed
13:14:03;38;RGBA(0.968, 1.000, 0.000, 0.000);25075,00;5;0,00;RGBA(0.968, 1.000, 0.000, 0.000);Executed
13:14:03;39;RGBA(0.968, 1.000, 0.000, 0.000);25075,00;5;0,00;RGBA(0.968, 1.000, 0.000, 0.000);Executed
13:14:04;40;RGBA(0.755, 0.055, 0.055, 0.000);25150,00;5;18000,00;RGBA(0.755, 0.055, 0.055, 0.000);Executed
13:14:05;41;RGBA(0.755, 0.055, 0.055, 0.000);25000,00;5;6000,00;RGBA(0.755, 0.055, 0.055, 0.000);Executed
13:14:05;42;RGBA(0.055, 0.218, 0.753, 0.000);19125,00;5;18000,00;RGBA(0.755, 0.055, 0.055, 0.000);Executed
13:14:05;43;RGBA(0.755, 0.055, 0.055, 0.000);25300,00;4;6000,00;RGBA(0.755, 0.055, 0.055, 0.000);Executed
13:14:06;44;RGBA(0.968, 1.000, 0.000, 0.000);25375,00;4;0,00;RGBA(0.968, 1.000, 0.000, 0.000);Executed
13:14:07;45;RGBA(0.969, 0.619, 0.143, 0.000);25275,00;4;18000,00;RGBA(0.968, 1.000, 0.000, 0.000);Executed
13:14:07;46;RGBA(0.969, 0.619, 0.143, 0.000);25275,00;4;18000,00;RGBA(0.968, 1.000, 0.000, 0.000);Executed
13:14:07;47;RGBA(0.968, 1.000, 0.000, 0.000);25450,00;4;0,00;RGBA(0.968, 1.000, 0.000, 0.000);Executed
13:14:08;48;RGBA(0.968, 1.000, 0.000, 0.000);25450,00;3;0,00;RGBA(0.968, 1.000, 0.000, 0.000);Executed
13:14:08;49;RGBA(0.968, 1.000, 0.000, 0.000);25225,00;3;6000,00;RGBA(0.968, 1.000, 0.000, 0.000);Executed
13:14:08;50;RGBA(0.968, 1.000, 0.000, 0.000);25225,00;3;6000,00;RGBA(0.968, 1.000, 0.000, 0.000);Executed
13:14:10;51;RGBA(0.969, 0.619, 0.143, 0.000);25300,00;4;0,00;RGBA(0.969, 0.619, 0.143, 0.000);Executed
13:14:10;52;RGBA(0.969, 0.619, 0.143, 0.000);25150,00;4;6000,00;RGBA(0.969, 0.619, 0.143, 0.000);Executed
13:14:11;53;RGBA(0.000, 0.000, 0.000, 0.000);25450,00;4;0,00;RGBA(0.000, 0.000, 0.000, 0.000);Executed
13:14:11;54;RGBA(0.000, 0.000, 0.000, 0.000);25225,00;4;0,00;RGBA(0.000, 0.000, 0.000, 0.000);Executed
13:14:12;55;RGBA(0.000, 0.000, 0.000, 0.000);25225,00;4;0,00;RGBA(0.000, 0.000, 0.000, 0.000);Executed
13:14:12;56;RGBA(0.000, 0.000, 0.000, 0.000);25075,00;4;0,00;RGBA(0.000, 0.000, 0.000, 0.000);Executed
13:14:13;57;RGBA(0.755, 0.055, 0.055, 0.000);25450,00;4;0,00;RGBA(0.755, 0.055, 0.055, 0.000);Executed
13:14:13;58;RGBA(0.055, 0.218, 0.753, 0.000);24825,00;4;18000,00;RGBA(0.755, 0.055, 0.055, 0.000);Executed
13:14:14;59;RGBA(0.055, 0.218, 0.753, 0.000);24825,00;4;18000,00;RGBA(0.755, 0.055, 0.055, 0.000);Executed
13:14:14;60;RGBA(0.755, 0.055, 0.055, 0.000);25150,00;3;6000,00;RGBA(0.755, 0.055, 0.055, 0.000);Executed
13:14:14;61;RGBA(0.058, 0.799, 0.659, 0.000);18675,00;3;18000,00;RGBA(0.755, 0.055, 0.055, 0.000);Executed
13:14:15;62;RGBA(0.755, 0.055, 0.055, 0.000);25300,00;2;0,00;RGBA(0.755, 0.055, 0.055, 0.000);Executed
13:14:16;63;RGBA(0.055, 0.218, 0.753, 0.000);25375,00;4;0,00;RGBA(0.055, 0.218, 0.753, 0.000);Executed
13:14:16;64;RGBA(0.055, 0.218, 0.753, 0.000);25375,00;4;0,00;RGBA(0.055, 0.218, 0.753, 0.000);Executed
13:14:17;65;RGBA(0.055, 0.218, 0.753, 0.000);25375,00;4;0,00;RGBA(0.055, 0.218, 0.753, 0.000);Executed
13:14:18;66;RGBA(0.968, 1.000, 0.000, 0.000);25225,00;4;6000,00;RGBA(0.968, 1.000, 0.000, 0.000);Executed
13:14:18;67;RGBA(0.968, 1.000, 0.000, 0.000);25150,00;4;0,00;RGBA(0.968, 1.000, 0.000, 0.000);Executed
13:14:18;68;RGBA(0.968, 1.000, 0.000, 0.000);25150,00;4;0,00;RGBA(0.968, 1.000, 0.000, 0.000);Executed
13:14:19;69;RGBA(0.968, 1.000, 0.000, 0.000);25075,00;4;6000,00;RGBA(0.968, 1.000, 0.000, 0.000);Executed
13:14:20;70;RGBA(0.862, 0.583, 0.749, 0.000);25375,00;4;0,00;RGBA(0.862, 0.583, 0.749, 0.000);Executed
13:14:20;71;RGBA(0.862, 0.583, 0.749, 0.000);25300,00;4;0,00;RGBA(0.862, 0.583, 0.749, 0.000);Executed
13:14:20;72;RGBA(0.862, 0.583, 0.749, 0.000);25300,00;4;0,00;RGBA(0.862, 0.583, 0.749, 0.000);Executed
13:14:21;73;RGBA(0.862, 0.583, 0.749, 0.000);25300,00;4;0,00;RGBA(0.862, 0.583, 0.749, 0.000);Executed
13:14:21;74;RGBA(0.862, 0.583, 0.749, 0.000);25300,00;4;0,00;RGBA(0.862, 0.583, 0.749, 0.000);Executed
13:14:21;75;RGBA(0.969, 0.619, 0.143, 0.000);6825,00;4;0,00;RGBA(0.862, 0.583, 0.749, 0.000);Executed
13:14:22;76;RGBA(0.969, 0.619, 0.143, 0.000);25375,00;4;0,00;RGBA(0.969, 0.619, 0.143, 0.000);Executed
13:14:22;77;RGBA(0.969, 0.619, 0.143, 0.000);25300,00;4;6000,00;RGBA(0.969, 0.619, 0.143, 0.000);Executed
13:14:23;78;RGBA(0.969, 0.619, 0.143, 0.000);25300,00;4;6000,00;RGBA(0.969, 0.619, 0.143, 0.000);Executed
13:14:23;79;RGBA(0.969, 0.619, 0.143, 0.000);25225,00;4;6000,00;RGBA(0.969, 0.619, 0.143, 0.000);Executed
13:14:23;80;RGBA(0.969, 0.619, 0.143, 0.000);25225,00;4;6000,00;RGBA(0.969, 0.619, 0.143, 0.000);Executed
13:14:25;81;RGBA(0.058, 0.799, 0.659, 0.000);25525,00;5;0,00;RGBA(0.058, 0.799, 0.659, 0.000);Executed
13:14:25;82;RGBA(0.058, 0.799, 0.659, 0.000);25450,00;5;0,00;RGBA(0.058, 0.799, 0.659, 0.000);Executed
13:14:25;83;RGBA(0.058, 0.799, 0.659, 0.000);25450,00;5;0,00;RGBA(0.058, 0.799, 0.659, 0.000);Executed
13:14:26;84;RGBA(0.055, 0.218, 0.753, 0.000);6825,00;5;0,00;RGBA(0.058, 0.799, 0.659, 0.000);Executed
13:14:26;85;RGBA(0.055, 0.218, 0.753, 0.000);6825,00;5;0,00;RGBA(0.058, 0.799, 0.659, 0.000);Executed
13:14:27;86;RGBA(0.055, 0.218, 0.753, 0.000);25375,00;5;0,00;RGBA(0.055, 0.218, 0.753, 0.000);Executed
13:14:27;87;RGBA(0.055, 0.218, 0.753, 0.000);25300,00;5;6000,00;RGBA(0.055, 0.218, 0.753, 0.000);Executed
13:14:27;88;RGBA(0.055, 0.218, 0.753, 0.000);25300,00;5;6000,00;RGBA(0.055, 0.218, 0.753, 0.000);Executed
13:14:28;89;RGBA(0.055, 0.218, 0.753, 0.000);25150,00;5;0,00;RGBA(0.055, 0.218, 0.753, 0.000);Executed
13:14:29;90;RGBA(0.000, 0.000, 0.000, 0.000);25525,00;5;0,00;RGBA(0.000, 0.000, 0.000, 0.000);Executed
13:14:29;91;RGBA(0.000, 0.000, 0.000, 0.000);25375,00;5;0,00;RGBA(0.000, 0.000, 0.000, 0.000);Executed
13:14:29;92;RGBA(0.000, 0.000, 0.000, 0.000);25375,00;5;0,00;RGBA(0.000, 0.000, 0.000, 0.000);Executed
13:14:30;93;RGBA(0.000, 0.000, 0.000, 0.000);25225,00;5;0,00;RGBA(0.000, 0.000, 0.000, 0.000);Executed
13:14:30;94;RGBA(0.000, 0.000, 0.000, 0.000);25225,00;5;0,00;RGBA(0.000, 0.000, 0.000, 0.000);Executed
13:14:31;95;RGBA(1.000, 1.000, 1.000, 0.000);25525,00;5;0,00;RGBA(1.000, 1.000, 1.000, 0.000);Executed
13:14:32;96;RGBA(1.000, 1.000, 1.000, 0.000);25450,00;5;0,00;RGBA(1.000, 1.000, 1.000, 0.000);Executed
13:14:32;97;RGBA(1.000, 1.000, 1.000, 0.000);25450,00;5;0,00;RGBA(1.000, 1.000, 1.000, 0.000);Executed
13:14:32;98;RGBA(1.000, 1.000, 1.000, 0.000);25000,00;5;0,00;RGBA(1.000, 1.000, 1.000, 0.000);Executed
13:14:33;99;RGBA(1.000, 1.000, 1.000, 0.000);25000,00;5;0,00;RGBA(1.000, 1.000, 1.000, 0.000);Executed
13:14:34;100;RGBA(0.055, 0.218, 0.753, 0.000);25000,00;7;18000,00;RGBA(0.055, 0.218, 0.753, 0.000);Executed
13:14:34;101;RGBA(0.055, 0.218, 0.753, 0.000);25000,00;7;18000,00;RGBA(0.055, 0.218, 0.753, 0.000);Executed
13:14:35;102;RGBA(0.755, 0.055, 0.055, 0.000);19050,00;7;18000,00;RGBA(0.968, 1.000, 0.000, 0.000);Executed
13:14:35;103;RGBA(0.058, 0.799, 0.659, 0.000);19050,00;6;18000,00;RGBA(0.968, 1.000, 0.000, 0.000);Executed
13:14:36;104;RGBA(0.968, 1.000, 0.000, 0.000);25075,00;5;18000,00;RGBA(0.968, 1.000, 0.000, 0.000);Executed
13:14:36;105;RGBA(0.969, 0.619, 0.143, 0.000);19050,00;5;18000,00;RGBA(0.968, 1.000, 0.000, 0.000);Executed
13:14:36;106;RGBA(0.755, 0.055, 0.055, 0.000);18900,00;4;18000,00;RGBA(0.968, 1.000, 0.000, 0.000);Executed
13:14:36;107;RGBA(0.968, 1.000, 0.000, 0.000);25075,00;3;0,00;RGBA(0.968, 1.000, 0.000, 0.000);Executed
13:14:38;108;RGBA(1.000, 1.000, 1.000, 0.000);25075,00;3;18000,00;RGBA(1.000, 1.000, 1.000, 0.000);Executed
13:14:38;109;RGBA(0.753, 0.055, 0.736, 0.000);25050,00;3;18000,00;RGBA(1.000, 1.000, 1.000, 0.000);Executed
13:14:38;110;RGBA(1.000, 1.000, 1.000, 0.000);25000,00;2;18000,00;RGBA(1.000, 1.000, 1.000, 0.000);Executed
13:14:38;111;RGBA(1.000, 1.000, 1.000, 0.000);25000,00;2;0,00;RGBA(1.000, 1.000, 1.000, 0.000);Executed
13:14:39;112;RGBA(0.753, 0.055, 0.736, 0.000);25000,00;3;18000,00;RGBA(0.753, 0.055, 0.736, 0.000);Executed
13:14:40;113;RGBA(0.755, 0.055, 0.055, 0.000);24900,00;3;18000,00;RGBA(0.753, 0.055, 0.736, 0.000);Executed
13:14:40;114;RGBA(0.753, 0.055, 0.736, 0.000);25150,00;2;0,00;RGBA(0.753, 0.055, 0.736, 0.000);Executed
13:14:41;115;RGBA(0.755, 0.055, 0.055, 0.000);25075,00;5;6000,00;RGBA(0.755, 0.055, 0.055, 0.000);Executed
13:14:42;116;RGBA(0.058, 0.799, 0.659, 0.000);25150,00;6;6000,00;RGBA(0.058, 0.799, 0.659, 0.000);Executed
13:14:43;117;RGBA(0.058, 0.799, 0.659, 0.000);25150,00;6;6000,00;RGBA(0.058, 0.799, 0.659, 0.000);Executed
13:14:44;118;RGBA(0.862, 0.583, 0.749, 0.000);25150,00;6;0,00;RGBA(0.862, 0.583, 0.749, 0.000);Executed
13:14:44;119;RGBA(0.969, 0.619, 0.143, 0.000);18825,00;6;18000,00;RGBA(0.862, 0.583, 0.749, 0.000);Executed
13:14:44;120;RGBA(0.000, 0.000, 0.000, 0.000);13125,00;5;6000,00;RGBA(0.862, 0.583, 0.749, 0.000);Executed
13:14:45;121;RGBA(0.000, 0.000, 0.000, 0.000);24975,00;4;18000,00;RGBA(0.862, 0.583, 0.749, 0.000);Executed
13:14:45;122;RGBA(0.000, 0.000, 0.000, 0.000);24750,00;3;18000,00;RGBA(0.862, 0.583, 0.749, 0.000);Executed
13:14:45;123;RGBA(1.000, 1.000, 1.000, 0.000);19050,00;2;18000,00;RGBA(0.862, 0.583, 0.749, 0.000);Executed
13:14:46;124;RGBA(0.969, 0.619, 0.143, 0.000);-500000,00;1;0,00;RGBA(0.862, 0.583, 0.749, 0.000);Rejected_BelowThreshold
13:14:46;125;RGBA(0.969, 0.619, 0.143, 0.000);-500000,00;1;0,00;RGBA(0.862, 0.583, 0.749, 0.000);Rejected_BelowThreshold
13:14:46;126;RGBA(0.969, 0.619, 0.143, 0.000);-500000,00;1;0,00;RGBA(0.862, 0.583, 0.749, 0.000);Rejected_BelowThreshold
13:14:46;127;RGBA(0.969, 0.619, 0.143, 0.000);-500000,00;1;0,00;RGBA(0.862, 0.583, 0.749, 0.000);Rejected_BelowThreshold
13:14:46;128;RGBA(0.969, 0.619, 0.143, 0.000);-500000,00;1;0,00;RGBA(0.862, 0.583, 0.749, 0.000);Rejected_BelowThreshold
13:14:46;129;RGBA(0.969, 0.619, 0.143, 0.000);-500000,00;1;0,00;RGBA(0.862, 0.583, 0.749, 0.000);Rejected_BelowThreshold
13:14:46;130;RGBA(0.969, 0.619, 0.143, 0.000);-500000,00;1;0,00;RGBA(0.862, 0.583, 0.749, 0.000);Rejected_BelowThreshold
13:14:46;131;RGBA(0.969, 0.619, 0.143, 0.000);-500000,00;1;0,00;RGBA(0.862, 0.583, 0.749, 0.000);Rejected_BelowThreshold
13:14:46;132;RGBA(0.969, 0.619, 0.143, 0.000);-500000,00;1;0,00;RGBA(0.862, 0.583, 0.749, 0.000);Rejected_BelowThreshold
13:14:46;133;RGBA(0.969, 0.619, 0.143, 0.000);-500000,00;1;0,00;RGBA(0.862, 0.583, 0.749, 0.000);Rejected_BelowThreshold
13:14:46;134;RGBA(0.969, 0.619, 0.143, 0.000);-500000,00;1;0,00;RGBA(0.862, 0.583, 0.749, 0.000);Rejected_BelowThreshold
13:14:46;135;RGBA(0.969, 0.619, 0.143, 0.000);-500000,00;1;0,00;RGBA(0.862, 0.583, 0.749, 0.000);Rejected_BelowThreshold
13:14:46;136;RGBA(0.969, 0.619, 0.143, 0.000);-500000,00;1;0,00;RGBA(0.862, 0.583, 0.749, 0.000);Rejected_BelowThreshold
13:14:46;137;RGBA(0.969, 0.619, 0.143, 0.000);-500000,00;1;0,00;RGBA(0.862, 0.583, 0.749, 0.000);Rejected_BelowThreshold
13:14:46;138;RGBA(0.969, 0.619, 0.143, 0.000);-500000,00;1;0,00;RGBA(0.862, 0.583, 0.749, 0.000);Rejected_BelowThreshold
13:14:46;139;RGBA(0.969, 0.619, 0.143, 0.000);-500000,00;1;0,00;RGBA(0.862, 0.583, 0.749, 0.000);Rejected_BelowThreshold
13:14:46;140;RGBA(0.969, 0.619, 0.143, 0.000);-500000,00;1;0,00;RGBA(0.862, 0.583, 0.749, 0.000);Rejected_BelowThreshold
13:14:46;141;RGBA(0.969, 0.619, 0.143, 0.000);-500000,00;1;0,00;RGBA(0.862, 0.583, 0.749, 0.000);Rejected_BelowThreshold
13:14:46;142;RGBA(0.969, 0.619, 0.143, 0.000);-500000,00;1;0,00;RGBA(0.862, 0.583, 0.749, 0.000);Rejected_BelowThreshold
13:14:46;143;RGBA(0.969, 0.619, 0.143, 0.000);-500000,00;1;0,00;RGBA(0.862, 0.583, 0.749, 0.000);Rejected_BelowThreshold
13:14:46;144;RGBA(0.969, 0.619, 0.143, 0.000);-500000,00;1;0,00;RGBA(0.862, 0.583, 0.749, 0.000);Rejected_BelowThreshold
13:14:46;145;RGBA(0.969, 0.619, 0.143, 0.000);-500000,00;1;0,00;RGBA(0.862, 0.583, 0.749, 0.000);Rejected_BelowThreshold
13:14:46;146;RGBA(0.969, 0.619, 0.143, 0.000);-500000,00;1;0,00;RGBA(0.862, 0.583, 0.749, 0.000);Rejected_BelowThreshold
13:14:46;147;RGBA(0.969, 0.619, 0.143, 0.000);-500000,00;1;0,00;RGBA(0.862, 0.583, 0.749, 0.000);Rejected_BelowThreshold
13:14:46;148;RGBA(0.969, 0.619, 0.143, 0.000);-500000,00;1;0,00;RGBA(0.862, 0.583, 0.749, 0.000);Rejected_BelowThreshold
13:14:46;149;RGBA(0.969, 0.619, 0.143, 0.000);-500000,00;1;0,00;RGBA(0.862, 0.583, 0.749, 0.000);Rejected_BelowThreshold
13:14:46;150;RGBA(0.969, 0.619, 0.143, 0.000);-500000,00;1;0,00;RGBA(0.862, 0.583, 0.749, 0.000);Rejected_BelowThreshold
13:14:46;151;RGBA(0.969, 0.619, 0.143, 0.000);-500000,00;1;0,00;RGBA(0.862, 0.583, 0.749, 0.000);Rejected_BelowThreshold
13:14:46;152;RGBA(0.969, 0.619, 0.143, 0.000);-500000,00;1;0,00;RGBA(0.862, 0.583, 0.749, 0.000);Rejected_BelowThreshold
13:14:46;153;RGBA(0.969, 0.619, 0.143, 0.000);-500000,00;1;0,00;RGBA(0.862, 0.583, 0.749, 0.000);Rejected_BelowThreshold
13:14:46;154;RGBA(0.969, 0.619, 0.143, 0.000);-500000,00;1;0,00;RGBA(0.862, 0.583, 0.749, 0.000);Rejected_BelowThreshold
13:14:46;155;RGBA(0.969, 0.619, 0.143, 0.000);-500000,00;1;0,00;RGBA(0.862, 0.583, 0.749, 0.000);Rejected_BelowThreshold
13:14:46;156;RGBA(0.969, 0.619, 0.143, 0.000);-500000,00;1;0,00;RGBA(0.862, 0.583, 0.749, 0.000);Rejected_BelowThreshold
13:14:46;157;RGBA(0.969, 0.619, 0.143, 0.000);-500000,00;1;0,00;RGBA(0.862, 0.583, 0.749, 0.000);Rejected_BelowThreshold
13:14:46;158;RGBA(0.969, 0.619, 0.143, 0.000);-500000,00;1;0,00;RGBA(0.862, 0.583, 0.749, 0.000);Rejected_BelowThreshold
13:14:46;159;RGBA(0.969, 0.619, 0.143, 0.000);-500000,00;1;0,00;RGBA(0.862, 0.583, 0.749, 0.000);Rejected_BelowThreshold
13:14:46;160;RGBA(0.969, 0.619, 0.143, 0.000);-500000,00;1;0,00;RGBA(0.862, 0.583, 0.749, 0.000);Rejected_BelowThreshold
13:14:46;161;RGBA(0.969, 0.619, 0.143, 0.000);-500000,00;1;0,00;RGBA(0.862, 0.583, 0.749, 0.000);Rejected_BelowThreshold
13:14:46;162;RGBA(0.969, 0.619, 0.143, 0.000);-500000,00;1;0,00;RGBA(0.862, 0.583, 0.749, 0.000);Rejected_BelowThreshold
13:14:46;163;RGBA(0.969, 0.619, 0.143, 0.000);-500000,00;1;0,00;RGBA(0.862, 0.583, 0.749, 0.000);Rejected_BelowThreshold
13:14:46;164;RGBA(0.969, 0.619, 0.143, 0.000);-500000,00;1;0,00;RGBA(0.862, 0.583, 0.749, 0.000);Rejected_BelowThreshold
13:14:46;165;RGBA(0.969, 0.619, 0.143, 0.000);-500000,00;1;0,00;RGBA(0.862, 0.583, 0.749, 0.000);Rejected_BelowThreshold
13:14:46;166;RGBA(0.969, 0.619, 0.143, 0.000);-500000,00;1;0,00;RGBA(0.862, 0.583, 0.749, 0.000);Rejected_BelowThreshold
13:14:46;167;RGBA(0.969, 0.619, 0.143, 0.000);-500000,00;1;0,00;RGBA(0.862, 0.583, 0.749, 0.000);Rejected_BelowThreshold
13:14:46;168;RGBA(0.969, 0.619, 0.143, 0.000);-500000,00;1;0,00;RGBA(0.862, 0.583, 0.749, 0.000);Rejected_BelowThreshold
13:14:46;169;RGBA(0.969, 0.619, 0.143, 0.000);-500000,00;1;0,00;RGBA(0.862, 0.583, 0.749, 0.000);Rejected_BelowThreshold
13:14:46;170;RGBA(0.969, 0.619, 0.143, 0.000);-500000,00;1;0,00;RGBA(0.862, 0.583, 0.749, 0.000);Rejected_BelowThreshold
13:14:46;171;RGBA(0.969, 0.619, 0.143, 0.000);-500000,00;1;0,00;RGBA(0.862, 0.583, 0.749, 0.000);Rejected_BelowThreshold
13:14:46;172;RGBA(0.969, 0.619, 0.143, 0.000);-500000,00;1;0,00;RGBA(0.862, 0.583, 0.749, 0.000);Rejected_BelowThreshold
13:14:46;173;RGBA(0.969, 0.619, 0.143, 0.000);-500000,00;1;0,00;RGBA(0.862, 0.583, 0.749, 0.000);Rejected_BelowThreshold
13:14:46;174;RGBA(0.969, 0.619, 0.143, 0.000);-500000,00;1;0,00;RGBA(0.862, 0.583, 0.749, 0.000);Rejected_BelowThreshold
13:14:46;175;RGBA(0.969, 0.619, 0.143, 0.000);-500000,00;1;0,00;RGBA(0.862, 0.583, 0.749, 0.000);Rejected_BelowThreshold
13:14:46;176;RGBA(0.969, 0.619, 0.143, 0.000);-500000,00;1;0,00;RGBA(0.862, 0.583, 0.749, 0.000);Rejected_BelowThreshold
13:14:46;177;RGBA(0.969, 0.619, 0.143, 0.000);-500000,00;1;0,00;RGBA(0.862, 0.583, 0.749, 0.000);Rejected_BelowThreshold
13:14:46;178;RGBA(0.969, 0.619, 0.143, 0.000);-500000,00;1;0,00;RGBA(0.862, 0.583, 0.749, 0.000);Rejected_BelowThreshold
13:14:46;179;RGBA(0.969, 0.619, 0.143, 0.000);-500000,00;1;0,00;RGBA(0.862, 0.583, 0.749, 0.000);Rejected_BelowThreshold
13:14:46;180;RGBA(0.969, 0.619, 0.143, 0.000);-500000,00;1;0,00;RGBA(0.862, 0.583, 0.749, 0.000);Rejected_BelowThreshold
13:14:46;181;RGBA(0.969, 0.619, 0.143, 0.000);-500000,00;1;0,00;RGBA(0.862, 0.583, 0.749, 0.000);Rejected_BelowThreshold
13:14:46;182;RGBA(0.969, 0.619, 0.143, 0.000);-500000,00;1;0,00;RGBA(0.862, 0.583, 0.749, 0.000);Rejected_BelowThreshold
13:14:46;183;RGBA(0.969, 0.619, 0.143, 0.000);-500000,00;1;0,00;RGBA(0.862, 0.583, 0.749, 0.000);Rejected_BelowThreshold
13:14:46;184;RGBA(0.969, 0.619, 0.143, 0.000);-500000,00;1;0,00;RGBA(0.862, 0.583, 0.749, 0.000);Rejected_BelowThreshold
13:14:46;185;RGBA(0.969, 0.619, 0.143, 0.000);-500000,00;1;0,00;RGBA(0.862, 0.583, 0.749, 0.000);Rejected_BelowThreshold
13:14:46;186;RGBA(0.969, 0.619, 0.143, 0.000);-500000,00;1;0,00;RGBA(0.862, 0.583, 0.749, 0.000);Rejected_BelowThreshold
13:14:46;187;RGBA(0.969, 0.619, 0.143, 0.000);-500000,00;1;0,00;RGBA(0.862, 0.583, 0.749, 0.000);Rejected_BelowThreshold
13:14:46;188;RGBA(0.969, 0.619, 0.143, 0.000);-500000,00;1;0,00;RGBA(0.862, 0.583, 0.749, 0.000);Rejected_BelowThreshold
13:14:46;189;RGBA(0.969, 0.619, 0.143, 0.000);-500000,00;1;0,00;RGBA(0.862, 0.583, 0.749, 0.000);Rejected_BelowThreshold
13:14:46;190;RGBA(0.969, 0.619, 0.143, 0.000);-500000,00;1;0,00;RGBA(0.862, 0.583, 0.749, 0.000);Rejected_BelowThreshold
13:14:46;191;RGBA(0.969, 0.619, 0.143, 0.000);-500000,00;1;0,00;RGBA(0.862, 0.583, 0.749, 0.000);Rejected_BelowThreshold
13:14:46;192;RGBA(0.969, 0.619, 0.143, 0.000);-500000,00;1;0,00;RGBA(0.862, 0.583, 0.749, 0.000);Rejected_BelowThreshold
13:14:46;193;RGBA(0.969, 0.619, 0.143, 0.000);-500000,00;1;0,00;RGBA(0.862, 0.583, 0.749, 0.000);Rejected_BelowThreshold
13:14:46;194;RGBA(0.969, 0.619, 0.143, 0.000);-500000,00;1;0,00;RGBA(0.862, 0.583, 0.749, 0.000);Rejected_BelowThreshold
13:14:46;195;RGBA(0.969, 0.619, 0.143, 0.000);-500000,00;1;0,00;RGBA(0.862, 0.583, 0.749, 0.000);Rejected_BelowThreshold
13:14:46;196;RGBA(0.969, 0.619, 0.143, 0.000);-500000,00;1;0,00;RGBA(0.862, 0.583, 0.749, 0.000);Rejected_BelowThreshold
13:14:46;197;RGBA(0.969, 0.619, 0.143, 0.000);-500000,00;1;0,00;RGBA(0.862, 0.583, 0.749, 0.000);Rejected_BelowThreshold
13:14:46;198;RGBA(0.969, 0.619, 0.143, 0.000);-500000,00;1;0,00;RGBA(0.862, 0.583, 0.749, 0.000);Rejected_BelowThreshold
13:14:47;199;RGBA(0.969, 0.619, 0.143, 0.000);-500000,00;1;0,00;RGBA(0.862, 0.583, 0.749, 0.000);Rejected_BelowThreshold
13:14:47;200;RGBA(0.969, 0.619, 0.143, 0.000);-500000,00;1;0,00;RGBA(0.862, 0.583, 0.749, 0.000);Rejected_BelowThreshold
13:14:47;201;RGBA(0.969, 0.619, 0.143, 0.000);-500000,00;1;0,00;RGBA(0.862, 0.583, 0.749, 0.000);Rejected_BelowThreshold
13:14:47;202;RGBA(0.969, 0.619, 0.143, 0.000);-500000,00;1;0,00;RGBA(0.862, 0.583, 0.749, 0.000);Rejected_BelowThreshold
13:14:47;203;RGBA(0.969, 0.619, 0.143, 0.000);-500000,00;1;0,00;RGBA(0.862, 0.583, 0.749, 0.000);Rejected_BelowThreshold
13:14:47;204;RGBA(0.969, 0.619, 0.143, 0.000);-500000,00;1;0,00;RGBA(0.862, 0.583, 0.749, 0.000);Rejected_BelowThreshold
13:14:47;205;RGBA(0.969, 0.619, 0.143, 0.000);-500000,00;1;0,00;RGBA(0.862, 0.583, 0.749, 0.000);Rejected_BelowThreshold
13:14:47;206;RGBA(0.969, 0.619, 0.143, 0.000);-500000,00;1;0,00;RGBA(0.862, 0.583, 0.749, 0.000);Rejected_BelowThreshold
13:14:47;207;RGBA(0.969, 0.619, 0.143, 0.000);-500000,00;1;0,00;RGBA(0.862, 0.583, 0.749, 0.000);Rejected_BelowThreshold
13:14:47;208;RGBA(0.969, 0.619, 0.143, 0.000);-500000,00;1;0,00;RGBA(0.862, 0.583, 0.749, 0.000);Rejected_BelowThreshold
13:14:47;209;RGBA(0.969, 0.619, 0.143, 0.000);-500000,00;1;0,00;RGBA(0.862, 0.583, 0.749, 0.000);Rejected_BelowThreshold
13:14:47;210;RGBA(0.969, 0.619, 0.143, 0.000);-500000,00;1;0,00;RGBA(0.862, 0.583, 0.749, 0.000);Rejected_BelowThreshold
13:14:47;211;RGBA(0.969, 0.619, 0.143, 0.000);-500000,00;1;0,00;RGBA(0.862, 0.583, 0.749, 0.000);Rejected_BelowThreshold
13:14:47;212;RGBA(0.969, 0.619, 0.143, 0.000);-500000,00;1;0,00;RGBA(0.862, 0.583, 0.749, 0.000);Rejected_BelowThreshold
13:14:47;213;RGBA(0.969, 0.619, 0.143, 0.000);-500000,00;1;0,00;RGBA(0.862, 0.583, 0.749, 0.000);Rejected_BelowThreshold
13:14:47;214;RGBA(0.969, 0.619, 0.143, 0.000);-500000,00;1;0,00;RGBA(0.862, 0.583, 0.749, 0.000);Rejected_BelowThreshold
13:14:47;215;RGBA(0.969, 0.619, 0.143, 0.000);-500000,00;1;0,00;RGBA(0.862, 0.583, 0.749, 0.000);Rejected_BelowThreshold
13:14:47;216;RGBA(0.969, 0.619, 0.143, 0.000);-500000,00;1;0,00;RGBA(0.862, 0.583, 0.749, 0.000);Rejected_BelowThreshold
13:14:47;217;RGBA(0.969, 0.619, 0.143, 0.000);-500000,00;1;0,00;RGBA(0.862, 0.583, 0.749, 0.000);Rejected_BelowThreshold
13:14:47;218;RGBA(0.969, 0.619, 0.143, 0.000);-500000,00;1;0,00;RGBA(0.862, 0.583, 0.749, 0.000);Rejected_BelowThreshold
13:14:47;219;RGBA(0.969, 0.619, 0.143, 0.000);-500000,00;1;0,00;RGBA(0.862, 0.583, 0.749, 0.000);Rejected_BelowThreshold
13:14:47;220;RGBA(0.969, 0.619, 0.143, 0.000);-500000,00;1;0,00;RGBA(0.862, 0.583, 0.749, 0.000);Rejected_BelowThreshold
13:14:47;221;RGBA(0.969, 0.619, 0.143, 0.000);-500000,00;1;0,00;RGBA(0.862, 0.583, 0.749, 0.000);Rejected_BelowThreshold
13:14:47;222;RGBA(0.969, 0.619, 0.143, 0.000);-500000,00;1;0,00;RGBA(0.862, 0.583, 0.749, 0.000);Rejected_BelowThreshold
13:14:47;223;RGBA(0.969, 0.619, 0.143, 0.000);-500000,00;1;0,00;RGBA(0.862, 0.583, 0.749, 0.000);Rejected_BelowThreshold
13:14:47;224;RGBA(0.969, 0.619, 0.143, 0.000);-500000,00;1;0,00;RGBA(0.862, 0.583, 0.749, 0.000);Rejected_BelowThreshold
13:14:47;225;RGBA(0.969, 0.619, 0.143, 0.000);-500000,00;1;0,00;RGBA(0.862, 0.583, 0.749, 0.000);Rejected_BelowThreshold
13:14:47;226;RGBA(0.969, 0.619, 0.143, 0.000);-500000,00;1;0,00;RGBA(0.862, 0.583, 0.749, 0.000);Rejected_BelowThreshold
13:14:47;227;RGBA(0.969, 0.619, 0.143, 0.000);-500000,00;1;0,00;RGBA(0.862, 0.583, 0.749, 0.000);Rejected_BelowThreshold
13:14:47;228;RGBA(0.969, 0.619, 0.143, 0.000);-500000,00;1;0,00;RGBA(0.862, 0.583, 0.749, 0.000);Rejected_BelowThreshold
13:14:47;229;RGBA(0.969, 0.619, 0.143, 0.000);-500000,00;1;0,00;RGBA(0.862, 0.583, 0.749, 0.000);Rejected_BelowThreshold
13:14:47;230;RGBA(0.969, 0.619, 0.143, 0.000);-500000,00;1;0,00;RGBA(0.862, 0.583, 0.749, 0.000);Rejected_BelowThreshold
13:14:47;231;RGBA(0.969, 0.619, 0.143, 0.000);-500000,00;1;0,00;RGBA(0.862, 0.583, 0.749, 0.000);Rejected_BelowThreshold
13:14:47;232;RGBA(0.969, 0.619, 0.143, 0.000);-500000,00;1;0,00;RGBA(0.862, 0.583, 0.749, 0.000);Rejected_BelowThreshold
13:14:47;233;RGBA(0.969, 0.619, 0.143, 0.000);-500000,00;1;0,00;RGBA(0.862, 0.583, 0.749, 0.000);Rejected_BelowThreshold
13:14:47;234;RGBA(0.969, 0.619, 0.143, 0.000);-500000,00;1;0,00;RGBA(0.862, 0.583, 0.749, 0.000);Rejected_BelowThreshold
13:14:47;235;RGBA(0.969, 0.619, 0.143, 0.000);-500000,00;1;0,00;RGBA(0.862, 0.583, 0.749, 0.000);Rejected_BelowThreshold
13:14:47;236;RGBA(0.969, 0.619, 0.143, 0.000);-500000,00;1;0,00;RGBA(0.862, 0.583, 0.749, 0.000);Rejected_BelowThreshold
13:14:47;237;RGBA(0.969, 0.619, 0.143, 0.000);-500000,00;1;0,00;RGBA(0.862, 0.583, 0.749, 0.000);Rejected_BelowThreshold
13:14:47;238;RGBA(0.969, 0.619, 0.143, 0.000);-500000,00;1;0,00;RGBA(0.862, 0.583, 0.749, 0.000);Rejected_BelowThreshold
13:14:47;239;RGBA(0.969, 0.619, 0.143, 0.000);-500000,00;1;0,00;RGBA(0.862, 0.583, 0.749, 0.000);Rejected_BelowThreshold
13:14:47;240;RGBA(0.969, 0.619, 0.143, 0.000);-500000,00;1;0,00;RGBA(0.862, 0.583, 0.749, 0.000);Rejected_BelowThreshold
13:14:47;241;RGBA(0.969, 0.619, 0.143, 0.000);-500000,00;1;0,00;RGBA(0.862, 0.583, 0.749, 0.000);Rejected_BelowThreshold
13:14:47;242;RGBA(0.969, 0.619, 0.143, 0.000);-500000,00;1;0,00;RGBA(0.862, 0.583, 0.749, 0.000);Rejected_BelowThreshold
13:14:47;243;RGBA(0.969, 0.619, 0.143, 0.000);-500000,00;1;0,00;RGBA(0.862, 0.583, 0.749, 0.000);Rejected_BelowThreshold
13:14:47;244;RGBA(0.969, 0.619, 0.143, 0.000);-500000,00;1;0,00;RGBA(0.862, 0.583, 0.749, 0.000);Rejected_BelowThreshold
13:14:47;245;RGBA(0.969, 0.619, 0.143, 0.000);-500000,00;1;0,00;RGBA(0.862, 0.583, 0.749, 0.000);Rejected_BelowThreshold
13:14:47;246;RGBA(0.969, 0.619, 0.143, 0.000);-500000,00;1;0,00;RGBA(0.862, 0.583, 0.749, 0.000);Rejected_BelowThreshold
13:14:47;247;RGBA(0.969, 0.619, 0.143, 0.000);-500000,00;1;0,00;RGBA(0.862, 0.583, 0.749, 0.000);Rejected_BelowThreshold
13:14:47;248;RGBA(0.969, 0.619, 0.143, 0.000);-500000,00;1;0,00;RGBA(0.862, 0.583, 0.749, 0.000);Rejected_BelowThreshold
13:14:47;249;RGBA(0.969, 0.619, 0.143, 0.000);-500000,00;1;0,00;RGBA(0.862, 0.583, 0.749, 0.000);Rejected_BelowThreshold
13:14:47;250;RGBA(0.969, 0.619, 0.143, 0.000);-500000,00;1;0,00;RGBA(0.862, 0.583, 0.749, 0.000);Rejected_BelowThreshold
13:14:47;251;RGBA(0.969, 0.619, 0.143, 0.000);-500000,00;1;0,00;RGBA(0.862, 0.583, 0.749, 0.000);Rejected_BelowThreshold
13:14:47;252;RGBA(0.969, 0.619, 0.143, 0.000);-500000,00;1;0,00;RGBA(0.862, 0.583, 0.749, 0.000);Rejected_BelowThreshold
13:14:47;253;RGBA(0.969, 0.619, 0.143, 0.000);-500000,00;1;0,00;RGBA(0.862, 0.583, 0.749, 0.000);Rejected_BelowThreshold
13:14:47;254;RGBA(0.969, 0.619, 0.143, 0.000);-500000,00;1;0,00;RGBA(0.862, 0.583, 0.749, 0.000);Rejected_BelowThreshold
13:14:47;255;RGBA(0.969, 0.619, 0.143, 0.000);-500000,00;1;0,00;RGBA(0.862, 0.583, 0.749, 0.000);Rejected_BelowThreshold
13:14:47;256;RGBA(0.969, 0.619, 0.143, 0.000);-500000,00;1;0,00;RGBA(0.862, 0.583, 0.749, 0.000);Rejected_BelowThreshold
13:14:47;257;RGBA(0.969, 0.619, 0.143, 0.000);-500000,00;1;0,00;RGBA(0.862, 0.583, 0.749, 0.000);Rejected_BelowThreshold
13:14:47;258;RGBA(0.969, 0.619, 0.143, 0.000);-500000,00;1;0,00;RGBA(0.862, 0.583, 0.749, 0.000);Rejected_BelowThreshold
13:14:47;259;RGBA(0.969, 0.619, 0.143, 0.000);-500000,00;1;0,00;RGBA(0.862, 0.583, 0.749, 0.000);Rejected_BelowThreshold
13:14:47;260;RGBA(0.969, 0.619, 0.143, 0.000);-500000,00;1;0,00;RGBA(0.862, 0.583, 0.749, 0.000);Rejected_BelowThreshold
13:14:47;261;RGBA(0.969, 0.619, 0.143, 0.000);-500000,00;1;0,00;RGBA(0.862, 0.583, 0.749, 0.000);Rejected_BelowThreshold
13:14:47;262;RGBA(0.969, 0.619, 0.143, 0.000);-500000,00;1;0,00;RGBA(0.862, 0.583, 0.749, 0.000);Rejected_BelowThreshold
13:14:47;263;RGBA(0.969, 0.619, 0.143, 0.000);-500000,00;1;0,00;RGBA(0.862, 0.583, 0.749, 0.000);Rejected_BelowThreshold
13:14:47;264;RGBA(0.969, 0.619, 0.143, 0.000);-500000,00;1;0,00;RGBA(0.862, 0.583, 0.749, 0.000);Rejected_BelowThreshold
13:14:47;265;RGBA(0.969, 0.619, 0.143, 0.000);-500000,00;1;0,00;RGBA(0.862, 0.583, 0.749, 0.000);Rejected_BelowThreshold
13:14:47;266;RGBA(0.969, 0.619, 0.143, 0.000);-500000,00;1;0,00;RGBA(0.862, 0.583, 0.749, 0.000);Rejected_BelowThreshold
13:14:47;267;RGBA(0.969, 0.619, 0.143, 0.000);-500000,00;1;0,00;RGBA(0.862, 0.583, 0.749, 0.000);Rejected_BelowThreshold
13:14:47;268;RGBA(0.969, 0.619, 0.143, 0.000);-500000,00;1;0,00;RGBA(0.862, 0.583, 0.749, 0.000);Rejected_BelowThreshold
13:14:47;269;RGBA(0.969, 0.619, 0.143, 0.000);-500000,00;1;0,00;RGBA(0.862, 0.583, 0.749, 0.000);Rejected_BelowThreshold
13:14:47;270;RGBA(0.969, 0.619, 0.143, 0.000);-500000,00;1;0,00;RGBA(0.862, 0.583, 0.749, 0.000);Rejected_BelowThreshold
13:14:47;271;RGBA(0.969, 0.619, 0.143, 0.000);-500000,00;1;0,00;RGBA(0.862, 0.583, 0.749, 0.000);Rejected_BelowThreshold
13:14:47;272;RGBA(0.969, 0.619, 0.143, 0.000);-500000,00;1;0,00;RGBA(0.862, 0.583, 0.749, 0.000);Rejected_BelowThreshold
13:14:47;273;RGBA(0.969, 0.619, 0.143, 0.000);-500000,00;1;0,00;RGBA(0.862, 0.583, 0.749, 0.000);Rejected_BelowThreshold
13:14:47;274;RGBA(0.969, 0.619, 0.143, 0.000);-500000,00;1;0,00;RGBA(0.862, 0.583, 0.749, 0.000);Rejected_BelowThreshold
13:14:47;275;RGBA(0.969, 0.619, 0.143, 0.000);-500000,00;1;0,00;RGBA(0.862, 0.583, 0.749, 0.000);Rejected_BelowThreshold
13:14:47;276;RGBA(0.969, 0.619, 0.143, 0.000);-500000,00;1;0,00;RGBA(0.862, 0.583, 0.749, 0.000);Rejected_BelowThreshold
13:14:47;277;RGBA(0.969, 0.619, 0.143, 0.000);-500000,00;1;0,00;RGBA(0.862, 0.583, 0.749, 0.000);Rejected_BelowThreshold
13:14:48;278;RGBA(0.969, 0.619, 0.143, 0.000);-500000,00;1;0,00;RGBA(0.862, 0.583, 0.749, 0.000);Rejected_BelowThreshold
13:14:48;279;RGBA(0.969, 0.619, 0.143, 0.000);-500000,00;1;0,00;RGBA(0.862, 0.583, 0.749, 0.000);Rejected_BelowThreshold
13:14:48;280;RGBA(0.969, 0.619, 0.143, 0.000);-500000,00;1;0,00;RGBA(0.862, 0.583, 0.749, 0.000);Rejected_BelowThreshold
13:14:48;281;RGBA(0.969, 0.619, 0.143, 0.000);-500000,00;1;0,00;RGBA(0.862, 0.583, 0.749, 0.000);Rejected_BelowThreshold
13:14:48;282;RGBA(0.969, 0.619, 0.143, 0.000);-500000,00;1;0,00;RGBA(0.862, 0.583, 0.749, 0.000);Rejected_BelowThreshold
13:14:48;283;RGBA(0.969, 0.619, 0.143, 0.000);-500000,00;1;0,00;RGBA(0.862, 0.583, 0.749, 0.000);Rejected_BelowThreshold
13:14:48;284;RGBA(0.969, 0.619, 0.143, 0.000);-500000,00;1;0,00;RGBA(0.862, 0.583, 0.749, 0.000);Rejected_BelowThreshold
13:14:48;285;RGBA(0.969, 0.619, 0.143, 0.000);-500000,00;1;0,00;RGBA(0.862, 0.583, 0.749, 0.000);Rejected_BelowThreshold
13:14:48;286;RGBA(0.969, 0.619, 0.143, 0.000);-500000,00;1;0,00;RGBA(0.862, 0.583, 0.749, 0.000);Rejected_BelowThreshold
13:14:48;287;RGBA(0.969, 0.619, 0.143, 0.000);-500000,00;1;0,00;RGBA(0.862, 0.583, 0.749, 0.000);Rejected_BelowThreshold
13:14:48;288;RGBA(0.969, 0.619, 0.143, 0.000);-500000,00;1;0,00;RGBA(0.862, 0.583, 0.749, 0.000);Rejected_BelowThreshold
13:14:48;289;RGBA(0.969, 0.619, 0.143, 0.000);-500000,00;1;0,00;RGBA(0.862, 0.583, 0.749, 0.000);Rejected_BelowThreshold
13:14:48;290;RGBA(0.969, 0.619, 0.143, 0.000);-500000,00;1;0,00;RGBA(0.862, 0.583, 0.749, 0.000);Rejected_BelowThreshold
13:14:48;291;RGBA(0.969, 0.619, 0.143, 0.000);-500000,00;1;0,00;RGBA(0.862, 0.583, 0.749, 0.000);Rejected_BelowThreshold
13:14:48;292;RGBA(0.969, 0.619, 0.143, 0.000);-500000,00;1;0,00;RGBA(0.862, 0.583, 0.749, 0.000);Rejected_BelowThreshold
13:14:48;293;RGBA(0.969, 0.619, 0.143, 0.000);-500000,00;1;0,00;RGBA(0.862, 0.583, 0.749, 0.000);Rejected_BelowThreshold
13:14:48;294;RGBA(0.969, 0.619, 0.143, 0.000);-500000,00;1;0,00;RGBA(0.862, 0.583, 0.749, 0.000);Rejected_BelowThreshold
13:14:48;295;RGBA(0.969, 0.619, 0.143, 0.000);-500000,00;1;0,00;RGBA(0.862, 0.583, 0.749, 0.000);Rejected_BelowThreshold
13:14:48;296;RGBA(0.969, 0.619, 0.143, 0.000);-500000,00;1;0,00;RGBA(0.862, 0.583, 0.749, 0.000);Rejected_BelowThreshold
13:14:48;297;RGBA(0.969, 0.619, 0.143, 0.000);-500000,00;1;0,00;RGBA(0.862, 0.583, 0.749, 0.000);Rejected_BelowThreshold
13:14:48;298;RGBA(0.969, 0.619, 0.143, 0.000);-500000,00;1;0,00;RGBA(0.862, 0.583, 0.749, 0.000);Rejected_BelowThreshold
13:14:48;299;RGBA(0.969, 0.619, 0.143, 0.000);-500000,00;1;0,00;RGBA(0.862, 0.583, 0.749, 0.000);Rejected_BelowThreshold
13:14:48;300;RGBA(0.969, 0.619, 0.143, 0.000);-500000,00;1;0,00;RGBA(0.862, 0.583, 0.749, 0.000);Rejected_BelowThreshold
13:14:48;301;RGBA(0.969, 0.619, 0.143, 0.000);-500000,00;1;0,00;RGBA(0.862, 0.583, 0.749, 0.000);Rejected_BelowThreshold
13:14:48;302;RGBA(0.969, 0.619, 0.143, 0.000);-500000,00;1;0,00;RGBA(0.862, 0.583, 0.749, 0.000);Rejected_BelowThreshold
13:14:48;303;RGBA(0.969, 0.619, 0.143, 0.000);-500000,00;1;0,00;RGBA(0.862, 0.583, 0.749, 0.000);Rejected_BelowThreshold
13:14:48;304;RGBA(0.969, 0.619, 0.143, 0.000);-500000,00;1;0,00;RGBA(0.862, 0.583, 0.749, 0.000);Rejected_BelowThreshold
13:14:48;305;RGBA(0.969, 0.619, 0.143, 0.000);-500000,00;1;0,00;RGBA(0.862, 0.583, 0.749, 0.000);Rejected_BelowThreshold
13:14:48;306;RGBA(0.969, 0.619, 0.143, 0.000);-500000,00;1;0,00;RGBA(0.862, 0.583, 0.749, 0.000);Rejected_BelowThreshold
13:14:48;307;RGBA(0.969, 0.619, 0.143, 0.000);-500000,00;1;0,00;RGBA(0.862, 0.583, 0.749, 0.000);Rejected_BelowThreshold
13:14:48;308;RGBA(0.969, 0.619, 0.143, 0.000);-500000,00;1;0,00;RGBA(0.862, 0.583, 0.749, 0.000);Rejected_BelowThreshold
13:14:48;309;RGBA(0.969, 0.619, 0.143, 0.000);-500000,00;1;0,00;RGBA(0.862, 0.583, 0.749, 0.000);Rejected_BelowThreshold
13:14:48;310;RGBA(0.969, 0.619, 0.143, 0.000);-500000,00;1;0,00;RGBA(0.862, 0.583, 0.749, 0.000);Rejected_BelowThreshold
13:14:48;311;RGBA(0.969, 0.619, 0.143, 0.000);-500000,00;1;0,00;RGBA(0.862, 0.583, 0.749, 0.000);Rejected_BelowThreshold
13:14:48;312;RGBA(0.969, 0.619, 0.143, 0.000);-500000,00;1;0,00;RGBA(0.862, 0.583, 0.749, 0.000);Rejected_BelowThreshold
13:14:48;313;RGBA(0.969, 0.619, 0.143, 0.000);-500000,00;1;0,00;RGBA(0.862, 0.583, 0.749, 0.000);Rejected_BelowThreshold
13:14:48;314;RGBA(0.969, 0.619, 0.143, 0.000);-500000,00;1;0,00;RGBA(0.862, 0.583, 0.749, 0.000);Rejected_BelowThreshold
13:14:48;315;RGBA(0.969, 0.619, 0.143, 0.000);-500000,00;1;0,00;RGBA(0.862, 0.583, 0.749, 0.000);Rejected_BelowThreshold
13:14:48;316;RGBA(0.969, 0.619, 0.143, 0.000);-500000,00;1;0,00;RGBA(0.862, 0.583, 0.749, 0.000);Rejected_BelowThreshold
13:14:48;317;RGBA(0.969, 0.619, 0.143, 0.000);-500000,00;1;0,00;RGBA(0.862, 0.583, 0.749, 0.000);Rejected_BelowThreshold
13:14:48;318;RGBA(0.969, 0.619, 0.143, 0.000);-500000,00;1;0,00;RGBA(0.862, 0.583, 0.749, 0.000);Rejected_BelowThreshold
13:14:48;319;RGBA(0.969, 0.619, 0.143, 0.000);-500000,00;1;0,00;RGBA(0.862, 0.583, 0.749, 0.000);Rejected_BelowThreshold
13:14:48;320;RGBA(0.969, 0.619, 0.143, 0.000);-500000,00;1;0,00;RGBA(0.862, 0.583, 0.749, 0.000);Rejected_BelowThreshold
13:14:48;321;RGBA(0.969, 0.619, 0.143, 0.000);-500000,00;1;0,00;RGBA(0.862, 0.583, 0.749, 0.000);Rejected_BelowThreshold
13:14:48;322;RGBA(0.969, 0.619, 0.143, 0.000);-500000,00;1;0,00;RGBA(0.862, 0.583, 0.749, 0.000);Rejected_BelowThreshold
13:14:48;323;RGBA(0.969, 0.619, 0.143, 0.000);-500000,00;1;0,00;RGBA(0.862, 0.583, 0.749, 0.000);Rejected_BelowThreshold
13:14:48;324;RGBA(0.969, 0.619, 0.143, 0.000);-500000,00;1;0,00;RGBA(0.862, 0.583, 0.749, 0.000);Rejected_BelowThreshold
13:14:48;325;RGBA(0.969, 0.619, 0.143, 0.000);-500000,00;1;0,00;RGBA(0.862, 0.583, 0.749, 0.000);Rejected_BelowThreshold
13:14:48;326;RGBA(0.969, 0.619, 0.143, 0.000);-500000,00;1;0,00;RGBA(0.862, 0.583, 0.749, 0.000);Rejected_BelowThreshold
13:14:48;327;RGBA(0.969, 0.619, 0.143, 0.000);-500000,00;1;0,00;RGBA(0.862, 0.583, 0.749, 0.000);Rejected_BelowThreshold
13:14:48;328;RGBA(0.969, 0.619, 0.143, 0.000);-500000,00;1;0,00;RGBA(0.862, 0.583, 0.749, 0.000);Rejected_BelowThreshold
13:14:48;329;RGBA(0.969, 0.619, 0.143, 0.000);-500000,00;1;0,00;RGBA(0.862, 0.583, 0.749, 0.000);Rejected_BelowThreshold
13:14:48;330;RGBA(0.969, 0.619, 0.143, 0.000);-500000,00;1;0,00;RGBA(0.862, 0.583, 0.749, 0.000);Rejected_BelowThreshold
13:14:48;331;RGBA(0.969, 0.619, 0.143, 0.000);-500000,00;1;0,00;RGBA(0.862, 0.583, 0.749, 0.000);Rejected_BelowThreshold
13:14:48;332;RGBA(0.969, 0.619, 0.143, 0.000);-500000,00;1;0,00;RGBA(0.862, 0.583, 0.749, 0.000);Rejected_BelowThreshold
13:14:48;333;RGBA(0.969, 0.619, 0.143, 0.000);-500000,00;1;0,00;RGBA(0.862, 0.583, 0.749, 0.000);Rejected_BelowThreshold
13:14:48;334;RGBA(0.969, 0.619, 0.143, 0.000);-500000,00;1;0,00;RGBA(0.862, 0.583, 0.749, 0.000);Rejected_BelowThreshold
13:14:48;335;RGBA(0.969, 0.619, 0.143, 0.000);-500000,00;1;0,00;RGBA(0.862, 0.583, 0.749, 0.000);Rejected_BelowThreshold
13:14:48;336;RGBA(0.969, 0.619, 0.143, 0.000);-500000,00;1;0,00;RGBA(0.862, 0.583, 0.749, 0.000);Rejected_BelowThreshold
13:14:48;337;RGBA(0.969, 0.619, 0.143, 0.000);-500000,00;1;0,00;RGBA(0.862, 0.583, 0.749, 0.000);Rejected_BelowThreshold
13:14:48;338;RGBA(0.969, 0.619, 0.143, 0.000);-500000,00;1;0,00;RGBA(0.862, 0.583, 0.749, 0.000);Rejected_BelowThreshold
13:14:48;339;RGBA(0.969, 0.619, 0.143, 0.000);-500000,00;1;0,00;RGBA(0.862, 0.583, 0.749, 0.000);Rejected_BelowThreshold
13:14:48;340;RGBA(0.969, 0.619, 0.143, 0.000);-500000,00;1;0,00;RGBA(0.862, 0.583, 0.749, 0.000);Rejected_BelowThreshold
13:14:48;341;RGBA(0.969, 0.619, 0.143, 0.000);-500000,00;1;0,00;RGBA(0.862, 0.583, 0.749, 0.000);Rejected_BelowThreshold
13:14:48;342;RGBA(0.969, 0.619, 0.143, 0.000);-500000,00;1;0,00;RGBA(0.862, 0.583, 0.749, 0.000);Rejected_BelowThreshold
13:14:48;343;RGBA(0.969, 0.619, 0.143, 0.000);-500000,00;1;0,00;RGBA(0.862, 0.583, 0.749, 0.000);Rejected_BelowThreshold
13:14:48;344;RGBA(0.969, 0.619, 0.143, 0.000);-500000,00;1;0,00;RGBA(0.862, 0.583, 0.749, 0.000);Rejected_BelowThreshold
13:14:48;345;RGBA(0.969, 0.619, 0.143, 0.000);-500000,00;1;0,00;RGBA(0.862, 0.583, 0.749, 0.000);Rejected_BelowThreshold
13:14:48;346;RGBA(0.969, 0.619, 0.143, 0.000);-500000,00;1;0,00;RGBA(0.862, 0.583, 0.749, 0.000);Rejected_BelowThreshold
13:14:48;347;RGBA(0.969, 0.619, 0.143, 0.000);-500000,00;1;0,00;RGBA(0.862, 0.583, 0.749, 0.000);Rejected_BelowThreshold
13:14:48;348;RGBA(0.969, 0.619, 0.143, 0.000);-500000,00;1;0,00;RGBA(0.862, 0.583, 0.749, 0.000);Rejected_BelowThreshold
13:14:48;349;RGBA(0.969, 0.619, 0.143, 0.000);-500000,00;1;0,00;RGBA(0.862, 0.583, 0.749, 0.000);Rejected_BelowThreshold
13:14:48;350;RGBA(0.969, 0.619, 0.143, 0.000);-500000,00;1;0,00;RGBA(0.862, 0.583, 0.749, 0.000);Rejected_BelowThreshold
13:14:48;351;RGBA(0.969, 0.619, 0.143, 0.000);-500000,00;1;0,00;RGBA(0.862, 0.583, 0.749, 0.000);Rejected_BelowThreshold
13:14:48;352;RGBA(0.969, 0.619, 0.143, 0.000);-500000,00;1;0,00;RGBA(0.862, 0.583, 0.749, 0.000);Rejected_BelowThreshold
13:14:48;353;RGBA(0.969, 0.619, 0.143, 0.000);-500000,00;1;0,00;RGBA(0.862, 0.583, 0.749, 0.000);Rejected_BelowThreshold
13:14:48;354;RGBA(0.969, 0.619, 0.143, 0.000);-500000,00;1;0,00;RGBA(0.862, 0.583, 0.749, 0.000);Rejected_BelowThreshold
13:14:48;355;RGBA(0.969, 0.619, 0.143, 0.000);-500000,00;1;0,00;RGBA(0.862, 0.583, 0.749, 0.000);Rejected_BelowThreshold
13:14:48;356;RGBA(0.969, 0.619, 0.143, 0.000);-500000,00;1;0,00;RGBA(0.862, 0.583, 0.749, 0.000);Rejected_BelowThreshold
13:14:49;357;RGBA(0.969, 0.619, 0.143, 0.000);-500000,00;1;0,00;RGBA(0.862, 0.583, 0.749, 0.000);Rejected_BelowThreshold
13:14:49;358;RGBA(0.969, 0.619, 0.143, 0.000);-500000,00;1;0,00;RGBA(0.862, 0.583, 0.749, 0.000);Rejected_BelowThreshold
13:14:49;359;RGBA(0.969, 0.619, 0.143, 0.000);-500000,00;1;0,00;RGBA(0.862, 0.583, 0.749, 0.000);Rejected_BelowThreshold
13:14:49;360;RGBA(0.969, 0.619, 0.143, 0.000);-500000,00;1;0,00;RGBA(0.862, 0.583, 0.749, 0.000);Rejected_BelowThreshold
13:14:49;361;RGBA(0.969, 0.619, 0.143, 0.000);-500000,00;1;0,00;RGBA(0.862, 0.583, 0.749, 0.000);Rejected_BelowThreshold
13:14:49;362;RGBA(0.969, 0.619, 0.143, 0.000);-500000,00;1;0,00;RGBA(0.862, 0.583, 0.749, 0.000);Rejected_BelowThreshold
13:14:49;363;RGBA(0.969, 0.619, 0.143, 0.000);-500000,00;1;0,00;RGBA(0.862, 0.583, 0.749, 0.000);Rejected_BelowThreshold
13:14:49;364;RGBA(0.969, 0.619, 0.143, 0.000);-500000,00;1;0,00;RGBA(0.862, 0.583, 0.749, 0.000);Rejected_BelowThreshold
13:14:49;365;RGBA(0.969, 0.619, 0.143, 0.000);-500000,00;1;0,00;RGBA(0.862, 0.583, 0.749, 0.000);Rejected_BelowThreshold
13:14:49;366;RGBA(0.969, 0.619, 0.143, 0.000);-500000,00;1;0,00;RGBA(0.862, 0.583, 0.749, 0.000);Rejected_BelowThreshold
13:14:49;367;RGBA(0.969, 0.619, 0.143, 0.000);-500000,00;1;0,00;RGBA(0.862, 0.583, 0.749, 0.000);Rejected_BelowThreshold
13:14:49;368;RGBA(0.969, 0.619, 0.143, 0.000);-500000,00;1;0,00;RGBA(0.862, 0.583, 0.749, 0.000);Rejected_BelowThreshold
13:14:49;369;RGBA(0.969, 0.619, 0.143, 0.000);-500000,00;1;0,00;RGBA(0.862, 0.583, 0.749, 0.000);Rejected_BelowThreshold
13:14:49;370;RGBA(0.969, 0.619, 0.143, 0.000);-500000,00;1;0,00;RGBA(0.862, 0.583, 0.749, 0.000);Rejected_BelowThreshold
13:14:49;371;RGBA(0.969, 0.619, 0.143, 0.000);-500000,00;1;0,00;RGBA(0.862, 0.583, 0.749, 0.000);Rejected_BelowThreshold
13:14:49;372;RGBA(0.969, 0.619, 0.143, 0.000);-500000,00;1;0,00;RGBA(0.862, 0.583, 0.749, 0.000);Rejected_BelowThreshold
13:14:49;373;RGBA(0.969, 0.619, 0.143, 0.000);-500000,00;1;0,00;RGBA(0.862, 0.583, 0.749, 0.000);Rejected_BelowThreshold
13:14:49;374;RGBA(0.969, 0.619, 0.143, 0.000);-500000,00;1;0,00;RGBA(0.862, 0.583, 0.749, 0.000);Rejected_BelowThreshold
13:14:49;375;RGBA(0.969, 0.619, 0.143, 0.000);-500000,00;1;0,00;RGBA(0.862, 0.583, 0.749, 0.000);Rejected_BelowThreshold
13:14:49;376;RGBA(0.969, 0.619, 0.143, 0.000);-500000,00;1;0,00;RGBA(0.862, 0.583, 0.749, 0.000);Rejected_BelowThreshold
13:14:49;377;RGBA(0.969, 0.619, 0.143, 0.000);-500000,00;1;0,00;RGBA(0.862, 0.583, 0.749, 0.000);Rejected_BelowThreshold
13:14:49;378;RGBA(0.969, 0.619, 0.143, 0.000);-500000,00;1;0,00;RGBA(0.862, 0.583, 0.749, 0.000);Rejected_BelowThreshold
13:14:49;379;RGBA(0.969, 0.619, 0.143, 0.000);-500000,00;1;0,00;RGBA(0.862, 0.583, 0.749, 0.000);Rejected_BelowThreshold
13:14:49;380;RGBA(0.969, 0.619, 0.143, 0.000);-500000,00;1;0,00;RGBA(0.862, 0.583, 0.749, 0.000);Rejected_BelowThreshold
13:14:49;381;RGBA(0.969, 0.619, 0.143, 0.000);-500000,00;1;0,00;RGBA(0.862, 0.583, 0.749, 0.000);Rejected_BelowThreshold
13:14:49;382;RGBA(0.969, 0.619, 0.143, 0.000);-500000,00;1;0,00;RGBA(0.862, 0.583, 0.749, 0.000);Rejected_BelowThreshold
13:14:49;383;RGBA(0.969, 0.619, 0.143, 0.000);-500000,00;1;0,00;RGBA(0.862, 0.583, 0.749, 0.000);Rejected_BelowThreshold
13:14:49;384;RGBA(0.969, 0.619, 0.143, 0.000);-500000,00;1;0,00;RGBA(0.862, 0.583, 0.749, 0.000);Rejected_BelowThreshold
13:14:49;385;RGBA(0.969, 0.619, 0.143, 0.000);-500000,00;1;0,00;RGBA(0.862, 0.583, 0.749, 0.000);Rejected_BelowThreshold
13:14:49;386;RGBA(0.969, 0.619, 0.143, 0.000);-500000,00;1;0,00;RGBA(0.862, 0.583, 0.749, 0.000);Rejected_BelowThreshold
13:14:49;387;RGBA(0.969, 0.619, 0.143, 0.000);-500000,00;1;0,00;RGBA(0.862, 0.583, 0.749, 0.000);Rejected_BelowThreshold
13:14:49;388;RGBA(0.969, 0.619, 0.143, 0.000);-500000,00;1;0,00;RGBA(0.862, 0.583, 0.749, 0.000);Rejected_BelowThreshold
13:14:49;389;RGBA(0.969, 0.619, 0.143, 0.000);-500000,00;1;0,00;RGBA(0.862, 0.583, 0.749, 0.000);Rejected_BelowThreshold
13:14:49;390;RGBA(0.969, 0.619, 0.143, 0.000);-500000,00;1;0,00;RGBA(0.862, 0.583, 0.749, 0.000);Rejected_BelowThreshold
13:14:49;391;RGBA(0.969, 0.619, 0.143, 0.000);-500000,00;1;0,00;RGBA(0.862, 0.583, 0.749, 0.000);Rejected_BelowThreshold
13:14:49;392;RGBA(0.969, 0.619, 0.143, 0.000);-500000,00;1;0,00;RGBA(0.862, 0.583, 0.749, 0.000);Rejected_BelowThreshold
13:14:49;393;RGBA(0.969, 0.619, 0.143, 0.000);-500000,00;1;0,00;RGBA(0.862, 0.583, 0.749, 0.000);Rejected_BelowThreshold
13:14:49;394;RGBA(0.969, 0.619, 0.143, 0.000);-500000,00;1;0,00;RGBA(0.862, 0.583, 0.749, 0.000);Rejected_BelowThreshold
13:14:49;395;RGBA(0.969, 0.619, 0.143, 0.000);-500000,00;1;0,00;RGBA(0.862, 0.583, 0.749, 0.000);Rejected_BelowThreshold
13:14:49;396;RGBA(0.969, 0.619, 0.143, 0.000);-500000,00;1;0,00;RGBA(0.862, 0.583, 0.749, 0.000);Rejected_BelowThreshold
13:14:49;397;RGBA(0.969, 0.619, 0.143, 0.000);-500000,00;1;0,00;RGBA(0.862, 0.583, 0.749, 0.000);Rejected_BelowThreshold
13:14:49;398;RGBA(0.969, 0.619, 0.143, 0.000);-500000,00;1;0,00;RGBA(0.862, 0.583, 0.749, 0.000);Rejected_BelowThreshold
13:14:49;399;RGBA(0.969, 0.619, 0.143, 0.000);-500000,00;1;0,00;RGBA(0.862, 0.583, 0.749, 0.000);Rejected_BelowThreshold
13:14:49;400;RGBA(0.969, 0.619, 0.143, 0.000);-500000,00;1;0,00;RGBA(0.862, 0.583, 0.749, 0.000);Rejected_BelowThreshold
13:14:49;401;RGBA(0.969, 0.619, 0.143, 0.000);-500000,00;1;0,00;RGBA(0.862, 0.583, 0.749, 0.000);Rejected_BelowThreshold
13:14:49;402;RGBA(0.969, 0.619, 0.143, 0.000);-500000,00;1;0,00;RGBA(0.862, 0.583, 0.749, 0.000);Rejected_BelowThreshold
13:14:49;403;RGBA(0.969, 0.619, 0.143, 0.000);-500000,00;1;0,00;RGBA(0.862, 0.583, 0.749, 0.000);Rejected_BelowThreshold
13:14:49;404;RGBA(0.969, 0.619, 0.143, 0.000);-500000,00;1;0,00;RGBA(0.862, 0.583, 0.749, 0.000);Rejected_BelowThreshold
13:14:49;405;RGBA(0.969, 0.619, 0.143, 0.000);-500000,00;1;0,00;RGBA(0.862, 0.583, 0.749, 0.000);Rejected_BelowThreshold
13:14:49;406;RGBA(0.969, 0.619, 0.143, 0.000);-500000,00;1;0,00;RGBA(0.862, 0.583, 0.749, 0.000);Rejected_BelowThreshold
13:14:49;407;RGBA(0.969, 0.619, 0.143, 0.000);-500000,00;1;0,00;RGBA(0.862, 0.583, 0.749, 0.000);Rejected_BelowThreshold
13:14:49;408;RGBA(0.969, 0.619, 0.143, 0.000);-500000,00;1;0,00;RGBA(0.862, 0.583, 0.749, 0.000);Rejected_BelowThreshold
13:14:49;409;RGBA(0.969, 0.619, 0.143, 0.000);-500000,00;1;0,00;RGBA(0.862, 0.583, 0.749, 0.000);Rejected_BelowThreshold
13:14:49;410;RGBA(0.969, 0.619, 0.143, 0.000);-500000,00;1;0,00;RGBA(0.862, 0.583, 0.749, 0.000);Rejected_BelowThreshold
13:14:49;411;RGBA(0.969, 0.619, 0.143, 0.000);-500000,00;1;0,00;RGBA(0.862, 0.583, 0.749, 0.000);Rejected_BelowThreshold
13:14:49;412;RGBA(0.969, 0.619, 0.143, 0.000);-500000,00;1;0,00;RGBA(0.862, 0.583, 0.749, 0.000);Rejected_BelowThreshold
13:14:49;413;RGBA(0.969, 0.619, 0.143, 0.000);-500000,00;1;0,00;RGBA(0.862, 0.583, 0.749, 0.000);Rejected_BelowThreshold
13:14:49;414;RGBA(0.969, 0.619, 0.143, 0.000);-500000,00;1;0,00;RGBA(0.862, 0.583, 0.749, 0.000);Rejected_BelowThreshold
13:14:49;415;RGBA(0.969, 0.619, 0.143, 0.000);-500000,00;1;0,00;RGBA(0.862, 0.583, 0.749, 0.000);Rejected_BelowThreshold
13:14:49;416;RGBA(0.969, 0.619, 0.143, 0.000);-500000,00;1;0,00;RGBA(0.862, 0.583, 0.749, 0.000);Rejected_BelowThreshold
13:14:49;417;RGBA(0.969, 0.619, 0.143, 0.000);-500000,00;1;0,00;RGBA(0.862, 0.583, 0.749, 0.000);Rejected_BelowThreshold
13:14:49;418;RGBA(0.969, 0.619, 0.143, 0.000);-500000,00;1;0,00;RGBA(0.862, 0.583, 0.749, 0.000);Rejected_BelowThreshold
13:14:49;419;RGBA(0.969, 0.619, 0.143, 0.000);-500000,00;1;0,00;RGBA(0.862, 0.583, 0.749, 0.000);Rejected_BelowThreshold
13:14:49;420;RGBA(0.969, 0.619, 0.143, 0.000);-500000,00;1;0,00;RGBA(0.862, 0.583, 0.749, 0.000);Rejected_BelowThreshold
13:14:49;421;RGBA(0.969, 0.619, 0.143, 0.000);-500000,00;1;0,00;RGBA(0.862, 0.583, 0.749, 0.000);Rejected_BelowThreshold
13:14:49;422;RGBA(0.969, 0.619, 0.143, 0.000);-500000,00;1;0,00;RGBA(0.862, 0.583, 0.749, 0.000);Rejected_BelowThreshold
13:14:49;423;RGBA(0.969, 0.619, 0.143, 0.000);-500000,00;1;0,00;RGBA(0.862, 0.583, 0.749, 0.000);Rejected_BelowThreshold
13:14:49;424;RGBA(0.969, 0.619, 0.143, 0.000);-500000,00;1;0,00;RGBA(0.862, 0.583, 0.749, 0.000);Rejected_BelowThreshold
13:14:49;425;RGBA(0.969, 0.619, 0.143, 0.000);-500000,00;1;0,00;RGBA(0.862, 0.583, 0.749, 0.000);Rejected_BelowThreshold
13:14:49;426;RGBA(0.969, 0.619, 0.143, 0.000);-500000,00;1;0,00;RGBA(0.862, 0.583, 0.749, 0.000);Rejected_BelowThreshold
13:14:49;427;RGBA(0.969, 0.619, 0.143, 0.000);-500000,00;1;0,00;RGBA(0.862, 0.583, 0.749, 0.000);Rejected_BelowThreshold
13:14:49;428;RGBA(0.969, 0.619, 0.143, 0.000);-500000,00;1;0,00;RGBA(0.862, 0.583, 0.749, 0.000);Rejected_BelowThreshold
13:14:49;429;RGBA(0.969, 0.619, 0.143, 0.000);-500000,00;1;0,00;RGBA(0.862, 0.583, 0.749, 0.000);Rejected_BelowThreshold
13:14:49;430;RGBA(0.969, 0.619, 0.143, 0.000);-500000,00;1;0,00;RGBA(0.862, 0.583, 0.749, 0.000);Rejected_BelowThreshold
13:14:49;431;RGBA(0.969, 0.619, 0.143, 0.000);-500000,00;1;0,00;RGBA(0.862, 0.583, 0.749, 0.000);Rejected_BelowThreshold
13:14:49;432;RGBA(0.969, 0.619, 0.143, 0.000);-500000,00;1;0,00;RGBA(0.862, 0.583, 0.749, 0.000);Rejected_BelowThreshold
13:14:49;433;RGBA(0.969, 0.619, 0.143, 0.000);-500000,00;1;0,00;RGBA(0.862, 0.583, 0.749, 0.000);Rejected_BelowThreshold
13:14:49;434;RGBA(0.969, 0.619, 0.143, 0.000);-500000,00;1;0,00;RGBA(0.862, 0.583, 0.749, 0.000);Rejected_BelowThreshold
13:14:49;435;RGBA(0.969, 0.619, 0.143, 0.000);-500000,00;1;0,00;RGBA(0.862, 0.583, 0.749, 0.000);Rejected_BelowThreshold
13:14:49;436;RGBA(0.969, 0.619, 0.143, 0.000);-500000,00;1;0,00;RGBA(0.862, 0.583, 0.749, 0.000);Rejected_BelowThreshold
13:14:50;437;RGBA(0.969, 0.619, 0.143, 0.000);-500000,00;1;0,00;RGBA(0.862, 0.583, 0.749, 0.000);Rejected_BelowThreshold
13:14:50;438;RGBA(0.969, 0.619, 0.143, 0.000);-500000,00;1;0,00;RGBA(0.862, 0.583, 0.749, 0.000);Rejected_BelowThreshold
13:14:50;439;RGBA(0.969, 0.619, 0.143, 0.000);-500000,00;1;0,00;RGBA(0.862, 0.583, 0.749, 0.000);Rejected_BelowThreshold
13:14:50;440;RGBA(0.969, 0.619, 0.143, 0.000);-500000,00;1;0,00;RGBA(0.862, 0.583, 0.749, 0.000);Rejected_BelowThreshold
13:14:50;441;RGBA(0.969, 0.619, 0.143, 0.000);-500000,00;1;0,00;RGBA(0.862, 0.583, 0.749, 0.000);Rejected_BelowThreshold
13:14:50;442;RGBA(0.969, 0.619, 0.143, 0.000);-500000,00;1;0,00;RGBA(0.862, 0.583, 0.749, 0.000);Rejected_BelowThreshold
13:14:50;443;RGBA(0.969, 0.619, 0.143, 0.000);-500000,00;1;0,00;RGBA(0.862, 0.583, 0.749, 0.000);Rejected_BelowThreshold
13:14:50;444;RGBA(0.969, 0.619, 0.143, 0.000);-500000,00;1;0,00;RGBA(0.862, 0.583, 0.749, 0.000);Rejected_BelowThreshold
13:14:50;445;RGBA(0.969, 0.619, 0.143, 0.000);-500000,00;1;0,00;RGBA(0.862, 0.583, 0.749, 0.000);Rejected_BelowThreshold
13:14:50;446;RGBA(0.969, 0.619, 0.143, 0.000);-500000,00;1;0,00;RGBA(0.862, 0.583, 0.749, 0.000);Rejected_BelowThreshold
13:14:50;447;RGBA(0.969, 0.619, 0.143, 0.000);-500000,00;1;0,00;RGBA(0.862, 0.583, 0.749, 0.000);Rejected_BelowThreshold
13:14:50;448;RGBA(0.969, 0.619, 0.143, 0.000);-500000,00;1;0,00;RGBA(0.862, 0.583, 0.749, 0.000);Rejected_BelowThreshold
13:14:50;449;RGBA(0.969, 0.619, 0.143, 0.000);-500000,00;1;0,00;RGBA(0.862, 0.583, 0.749, 0.000);Rejected_BelowThreshold
13:14:50;450;RGBA(0.969, 0.619, 0.143, 0.000);-500000,00;1;0,00;RGBA(0.862, 0.583, 0.749, 0.000);Rejected_BelowThreshold
13:14:50;451;RGBA(0.969, 0.619, 0.143, 0.000);-500000,00;1;0,00;RGBA(0.862, 0.583, 0.749, 0.000);Rejected_BelowThreshold
13:14:50;452;RGBA(0.969, 0.619, 0.143, 0.000);-500000,00;1;0,00;RGBA(0.862, 0.583, 0.749, 0.000);Rejected_BelowThreshold
13:14:50;453;RGBA(0.969, 0.619, 0.143, 0.000);-500000,00;1;0,00;RGBA(0.862, 0.583, 0.749, 0.000);Rejected_BelowThreshold
13:14:50;454;RGBA(0.969, 0.619, 0.143, 0.000);-500000,00;1;0,00;RGBA(0.862, 0.583, 0.749, 0.000);Rejected_BelowThreshold
13:14:50;455;RGBA(0.969, 0.619, 0.143, 0.000);-500000,00;1;0,00;RGBA(0.862, 0.583, 0.749, 0.000);Rejected_BelowThreshold
13:14:50;456;RGBA(0.969, 0.619, 0.143, 0.000);-500000,00;1;0,00;RGBA(0.862, 0.583, 0.749, 0.000);Rejected_BelowThreshold
13:14:50;457;RGBA(0.969, 0.619, 0.143, 0.000);-500000,00;1;0,00;RGBA(0.862, 0.583, 0.749, 0.000);Rejected_BelowThreshold
13:14:50;458;RGBA(0.969, 0.619, 0.143, 0.000);-500000,00;1;0,00;RGBA(0.862, 0.583, 0.749, 0.000);Rejected_BelowThreshold
13:14:50;459;RGBA(0.969, 0.619, 0.143, 0.000);-500000,00;1;0,00;RGBA(0.862, 0.583, 0.749, 0.000);Rejected_BelowThreshold
13:14:50;460;RGBA(0.969, 0.619, 0.143, 0.000);-500000,00;1;0,00;RGBA(0.862, 0.583, 0.749, 0.000);Rejected_BelowThreshold
13:14:50;461;RGBA(0.969, 0.619, 0.143, 0.000);-500000,00;1;0,00;RGBA(0.862, 0.583, 0.749, 0.000);Rejected_BelowThreshold
13:14:50;462;RGBA(0.969, 0.619, 0.143, 0.000);-500000,00;1;0,00;RGBA(0.862, 0.583, 0.749, 0.000);Rejected_BelowThreshold
13:14:50;463;RGBA(0.969, 0.619, 0.143, 0.000);-500000,00;1;0,00;RGBA(0.862, 0.583, 0.749, 0.000);Rejected_BelowThreshold
13:14:50;464;RGBA(0.969, 0.619, 0.143, 0.000);-500000,00;1;0,00;RGBA(0.862, 0.583, 0.749, 0.000);Rejected_BelowThreshold
13:14:50;465;RGBA(0.969, 0.619, 0.143, 0.000);-500000,00;1;0,00;RGBA(0.862, 0.583, 0.749, 0.000);Rejected_BelowThreshold
13:14:50;466;RGBA(0.969, 0.619, 0.143, 0.000);-500000,00;1;0,00;RGBA(0.862, 0.583, 0.749, 0.000);Rejected_BelowThreshold
13:14:50;467;RGBA(0.969, 0.619, 0.143, 0.000);-500000,00;1;0,00;RGBA(0.862, 0.583, 0.749, 0.000);Rejected_BelowThreshold
13:14:50;468;RGBA(0.969, 0.619, 0.143, 0.000);-500000,00;1;0,00;RGBA(0.862, 0.583, 0.749, 0.000);Rejected_BelowThreshold
13:14:50;469;RGBA(0.969, 0.619, 0.143, 0.000);-500000,00;1;0,00;RGBA(0.862, 0.583, 0.749, 0.000);Rejected_BelowThreshold
13:14:50;470;RGBA(0.969, 0.619, 0.143, 0.000);-500000,00;1;0,00;RGBA(0.862, 0.583, 0.749, 0.000);Rejected_BelowThreshold
13:14:50;471;RGBA(0.969, 0.619, 0.143, 0.000);-500000,00;1;0,00;RGBA(0.862, 0.583, 0.749, 0.000);Rejected_BelowThreshold
13:14:50;472;RGBA(0.969, 0.619, 0.143, 0.000);-500000,00;1;0,00;RGBA(0.862, 0.583, 0.749, 0.000);Rejected_BelowThreshold
13:14:50;473;RGBA(0.969, 0.619, 0.143, 0.000);-500000,00;1;0,00;RGBA(0.862, 0.583, 0.749, 0.000);Rejected_BelowThreshold
13:14:50;474;RGBA(0.969, 0.619, 0.143, 0.000);-500000,00;1;0,00;RGBA(0.862, 0.583, 0.749, 0.000);Rejected_BelowThreshold
13:14:50;475;RGBA(0.969, 0.619, 0.143, 0.000);-500000,00;1;0,00;RGBA(0.862, 0.583, 0.749, 0.000);Rejected_BelowThreshold
13:14:50;476;RGBA(0.969, 0.619, 0.143, 0.000);-500000,00;1;0,00;RGBA(0.862, 0.583, 0.749, 0.000);Rejected_BelowThreshold
13:14:50;477;RGBA(0.969, 0.619, 0.143, 0.000);-500000,00;1;0,00;RGBA(0.862, 0.583, 0.749, 0.000);Rejected_BelowThreshold
13:14:50;478;RGBA(0.969, 0.619, 0.143, 0.000);-500000,00;1;0,00;RGBA(0.862, 0.583, 0.749, 0.000);Rejected_BelowThreshold
13:14:50;479;RGBA(0.969, 0.619, 0.143, 0.000);-500000,00;1;0,00;RGBA(0.862, 0.583, 0.749, 0.000);Rejected_BelowThreshold
13:14:50;480;RGBA(0.969, 0.619, 0.143, 0.000);-500000,00;1;0,00;RGBA(0.862, 0.583, 0.749, 0.000);Rejected_BelowThreshold
13:14:50;481;RGBA(0.969, 0.619, 0.143, 0.000);-500000,00;1;0,00;RGBA(0.862, 0.583, 0.749, 0.000);Rejected_BelowThreshold
13:14:50;482;RGBA(0.969, 0.619, 0.143, 0.000);-500000,00;1;0,00;RGBA(0.862, 0.583, 0.749, 0.000);Rejected_BelowThreshold
13:14:50;483;RGBA(0.969, 0.619, 0.143, 0.000);-500000,00;1;0,00;RGBA(0.862, 0.583, 0.749, 0.000);Rejected_BelowThreshold
13:14:50;484;RGBA(0.969, 0.619, 0.143, 0.000);-500000,00;1;0,00;RGBA(0.862, 0.583, 0.749, 0.000);Rejected_BelowThreshold
13:14:50;485;RGBA(0.969, 0.619, 0.143, 0.000);-500000,00;1;0,00;RGBA(0.862, 0.583, 0.749, 0.000);Rejected_BelowThreshold
13:14:50;486;RGBA(0.969, 0.619, 0.143, 0.000);-500000,00;1;0,00;RGBA(0.862, 0.583, 0.749, 0.000);Rejected_BelowThreshold
13:14:50;487;RGBA(0.969, 0.619, 0.143, 0.000);-500000,00;1;0,00;RGBA(0.862, 0.583, 0.749, 0.000);Rejected_BelowThreshold
13:14:50;488;RGBA(0.969, 0.619, 0.143, 0.000);-500000,00;1;0,00;RGBA(0.862, 0.583, 0.749, 0.000);Rejected_BelowThreshold
13:14:50;489;RGBA(0.969, 0.619, 0.143, 0.000);-500000,00;1;0,00;RGBA(0.862, 0.583, 0.749, 0.000);Rejected_BelowThreshold
13:14:50;490;RGBA(0.969, 0.619, 0.143, 0.000);-500000,00;1;0,00;RGBA(0.862, 0.583, 0.749, 0.000);Rejected_BelowThreshold
13:14:50;491;RGBA(0.969, 0.619, 0.143, 0.000);-500000,00;1;0,00;RGBA(0.862, 0.583, 0.749, 0.000);Rejected_BelowThreshold
13:14:50;492;RGBA(0.969, 0.619, 0.143, 0.000);-500000,00;1;0,00;RGBA(0.862, 0.583, 0.749, 0.000);Rejected_BelowThreshold
13:14:50;493;RGBA(0.969, 0.619, 0.143, 0.000);-500000,00;1;0,00;RGBA(0.862, 0.583, 0.749, 0.000);Rejected_BelowThreshold
13:14:50;494;RGBA(0.969, 0.619, 0.143, 0.000);-500000,00;1;0,00;RGBA(0.862, 0.583, 0.749, 0.000);Rejected_BelowThreshold
13:14:50;495;RGBA(0.969, 0.619, 0.143, 0.000);-500000,00;1;0,00;RGBA(0.862, 0.583, 0.749, 0.000);Rejected_BelowThreshold
13:14:50;496;RGBA(0.969, 0.619, 0.143, 0.000);-500000,00;1;0,00;RGBA(0.862, 0.583, 0.749, 0.000);Rejected_BelowThreshold
13:14:50;497;RGBA(0.969, 0.619, 0.143, 0.000);-500000,00;1;0,00;RGBA(0.862, 0.583, 0.749, 0.000);Rejected_BelowThreshold
13:14:50;498;RGBA(0.969, 0.619, 0.143, 0.000);-500000,00;1;0,00;RGBA(0.862, 0.583, 0.749, 0.000);Rejected_BelowThreshold
13:14:50;499;RGBA(0.969, 0.619, 0.143, 0.000);-500000,00;1;0,00;RGBA(0.862, 0.583, 0.749, 0.000);Rejected_BelowThreshold
13:14:50;500;RGBA(0.969, 0.619, 0.143, 0.000);-500000,00;1;0,00;RGBA(0.862, 0.583, 0.749, 0.000);Rejected_BelowThreshold
13:14:50;501;RGBA(0.969, 0.619, 0.143, 0.000);-500000,00;1;0,00;RGBA(0.862, 0.583, 0.749, 0.000);Rejected_BelowThreshold
13:14:50;502;RGBA(0.969, 0.619, 0.143, 0.000);-500000,00;1;0,00;RGBA(0.862, 0.583, 0.749, 0.000);Rejected_BelowThreshold
13:14:50;503;RGBA(0.969, 0.619, 0.143, 0.000);-500000,00;1;0,00;RGBA(0.862, 0.583, 0.749, 0.000);Rejected_BelowThreshold
13:14:50;504;RGBA(0.969, 0.619, 0.143, 0.000);-500000,00;1;0,00;RGBA(0.862, 0.583, 0.749, 0.000);Rejected_BelowThreshold
13:14:50;505;RGBA(0.969, 0.619, 0.143, 0.000);-500000,00;1;0,00;RGBA(0.862, 0.583, 0.749, 0.000);Rejected_BelowThreshold
13:14:50;506;RGBA(0.969, 0.619, 0.143, 0.000);-500000,00;1;0,00;RGBA(0.862, 0.583, 0.749, 0.000);Rejected_BelowThreshold
13:14:50;507;RGBA(0.969, 0.619, 0.143, 0.000);-500000,00;1;0,00;RGBA(0.862, 0.583, 0.749, 0.000);Rejected_BelowThreshold
13:14:50;508;RGBA(0.969, 0.619, 0.143, 0.000);-500000,00;1;0,00;RGBA(0.862, 0.583, 0.749, 0.000);Rejected_BelowThreshold
13:14:50;509;RGBA(0.969, 0.619, 0.143, 0.000);-500000,00;1;0,00;RGBA(0.862, 0.583, 0.749, 0.000);Rejected_BelowThreshold
13:14:50;510;RGBA(0.969, 0.619, 0.143, 0.000);-500000,00;1;0,00;RGBA(0.862, 0.583, 0.749, 0.000);Rejected_BelowThreshold
13:14:50;511;RGBA(0.969, 0.619, 0.143, 0.000);-500000,00;1;0,00;RGBA(0.862, 0.583, 0.749, 0.000);Rejected_BelowThreshold
13:14:50;512;RGBA(0.969, 0.619, 0.143, 0.000);-500000,00;1;0,00;RGBA(0.862, 0.583, 0.749, 0.000);Rejected_BelowThreshold
13:14:50;513;RGBA(0.969, 0.619, 0.143, 0.000);-500000,00;1;0,00;RGBA(0.862, 0.583, 0.749, 0.000);Rejected_BelowThreshold
13:14:50;514;RGBA(0.969, 0.619, 0.143, 0.000);-500000,00;1;0,00;RGBA(0.862, 0.583, 0.749, 0.000);Rejected_BelowThreshold
13:14:50;515;RGBA(0.969, 0.619, 0.143, 0.000);-500000,00;1;0,00;RGBA(0.862, 0.583, 0.749, 0.000);Rejected_BelowThreshold
13:14:51;516;RGBA(0.969, 0.619, 0.143, 0.000);-500000,00;1;0,00;RGBA(0.862, 0.583, 0.749, 0.000);Rejected_BelowThreshold
13:14:51;517;RGBA(0.969, 0.619, 0.143, 0.000);-500000,00;1;0,00;RGBA(0.862, 0.583, 0.749, 0.000);Rejected_BelowThreshold
13:14:51;518;RGBA(0.969, 0.619, 0.143, 0.000);-500000,00;1;0,00;RGBA(0.862, 0.583, 0.749, 0.000);Rejected_BelowThreshold
13:14:51;519;RGBA(0.969, 0.619, 0.143, 0.000);-500000,00;1;0,00;RGBA(0.862, 0.583, 0.749, 0.000);Rejected_BelowThreshold
13:14:51;520;RGBA(0.969, 0.619, 0.143, 0.000);-500000,00;1;0,00;RGBA(0.862, 0.583, 0.749, 0.000);Rejected_BelowThreshold
13:14:51;521;RGBA(0.969, 0.619, 0.143, 0.000);-500000,00;1;0,00;RGBA(0.862, 0.583, 0.749, 0.000);Rejected_BelowThreshold
13:14:51;522;RGBA(0.969, 0.619, 0.143, 0.000);-500000,00;1;0,00;RGBA(0.862, 0.583, 0.749, 0.000);Rejected_BelowThreshold
13:14:51;523;RGBA(0.969, 0.619, 0.143, 0.000);-500000,00;1;0,00;RGBA(0.862, 0.583, 0.749, 0.000);Rejected_BelowThreshold
13:14:51;524;RGBA(0.969, 0.619, 0.143, 0.000);-500000,00;1;0,00;RGBA(0.862, 0.583, 0.749, 0.000);Rejected_BelowThreshold
13:14:51;525;RGBA(0.969, 0.619, 0.143, 0.000);-500000,00;1;0,00;RGBA(0.862, 0.583, 0.749, 0.000);Rejected_BelowThreshold
13:14:51;526;RGBA(0.969, 0.619, 0.143, 0.000);-500000,00;1;0,00;RGBA(0.862, 0.583, 0.749, 0.000);Rejected_BelowThreshold
13:14:51;527;RGBA(0.969, 0.619, 0.143, 0.000);-500000,00;1;0,00;RGBA(0.862, 0.583, 0.749, 0.000);Rejected_BelowThreshold
13:14:51;528;RGBA(0.969, 0.619, 0.143, 0.000);-500000,00;1;0,00;RGBA(0.862, 0.583, 0.749, 0.000);Rejected_BelowThreshold
13:14:51;529;RGBA(0.969, 0.619, 0.143, 0.000);-500000,00;1;0,00;RGBA(0.862, 0.583, 0.749, 0.000);Rejected_BelowThreshold
13:14:51;530;RGBA(0.969, 0.619, 0.143, 0.000);-500000,00;1;0,00;RGBA(0.862, 0.583, 0.749, 0.000);Rejected_BelowThreshold
13:14:51;531;RGBA(0.969, 0.619, 0.143, 0.000);-500000,00;1;0,00;RGBA(0.862, 0.583, 0.749, 0.000);Rejected_BelowThreshold
13:14:51;532;RGBA(0.969, 0.619, 0.143, 0.000);-500000,00;1;0,00;RGBA(0.862, 0.583, 0.749, 0.000);Rejected_BelowThreshold
13:14:51;533;RGBA(0.969, 0.619, 0.143, 0.000);-500000,00;1;0,00;RGBA(0.862, 0.583, 0.749, 0.000);Rejected_BelowThreshold
13:14:51;534;RGBA(0.969, 0.619, 0.143, 0.000);-500000,00;1;0,00;RGBA(0.862, 0.583, 0.749, 0.000);Rejected_BelowThreshold
13:14:51;535;RGBA(0.969, 0.619, 0.143, 0.000);-500000,00;1;0,00;RGBA(0.862, 0.583, 0.749, 0.000);Rejected_BelowThreshold
13:14:51;536;RGBA(0.969, 0.619, 0.143, 0.000);-500000,00;1;0,00;RGBA(0.862, 0.583, 0.749, 0.000);Rejected_BelowThreshold
13:14:51;537;RGBA(0.969, 0.619, 0.143, 0.000);-500000,00;1;0,00;RGBA(0.862, 0.583, 0.749, 0.000);Rejected_BelowThreshold
13:14:51;538;RGBA(0.969, 0.619, 0.143, 0.000);-500000,00;1;0,00;RGBA(0.862, 0.583, 0.749, 0.000);Rejected_BelowThreshold
13:14:51;539;RGBA(0.969, 0.619, 0.143, 0.000);-500000,00;1;0,00;RGBA(0.862, 0.583, 0.749, 0.000);Rejected_BelowThreshold
13:14:51;540;RGBA(0.969, 0.619, 0.143, 0.000);-500000,00;1;0,00;RGBA(0.862, 0.583, 0.749, 0.000);Rejected_BelowThreshold
13:14:51;541;RGBA(0.969, 0.619, 0.143, 0.000);-500000,00;1;0,00;RGBA(0.862, 0.583, 0.749, 0.000);Rejected_BelowThreshold
13:14:51;542;RGBA(0.969, 0.619, 0.143, 0.000);-500000,00;1;0,00;RGBA(0.862, 0.583, 0.749, 0.000);Rejected_BelowThreshold
13:14:51;543;RGBA(0.969, 0.619, 0.143, 0.000);-500000,00;1;0,00;RGBA(0.862, 0.583, 0.749, 0.000);Rejected_BelowThreshold
13:14:51;544;RGBA(0.969, 0.619, 0.143, 0.000);-500000,00;1;0,00;RGBA(0.862, 0.583, 0.749, 0.000);Rejected_BelowThreshold
13:14:51;545;RGBA(0.969, 0.619, 0.143, 0.000);-500000,00;1;0,00;RGBA(0.862, 0.583, 0.749, 0.000);Rejected_BelowThreshold
13:14:51;546;RGBA(0.969, 0.619, 0.143, 0.000);-500000,00;1;0,00;RGBA(0.862, 0.583, 0.749, 0.000);Rejected_BelowThreshold
13:14:51;547;RGBA(0.969, 0.619, 0.143, 0.000);-500000,00;1;0,00;RGBA(0.862, 0.583, 0.749, 0.000);Rejected_BelowThreshold
13:14:51;548;RGBA(0.969, 0.619, 0.143, 0.000);-500000,00;1;0,00;RGBA(0.862, 0.583, 0.749, 0.000);Rejected_BelowThreshold
13:14:51;549;RGBA(0.969, 0.619, 0.143, 0.000);-500000,00;1;0,00;RGBA(0.862, 0.583, 0.749, 0.000);Rejected_BelowThreshold
13:14:51;550;RGBA(0.969, 0.619, 0.143, 0.000);-500000,00;1;0,00;RGBA(0.862, 0.583, 0.749, 0.000);Rejected_BelowThreshold
13:14:51;551;RGBA(0.969, 0.619, 0.143, 0.000);-500000,00;1;0,00;RGBA(0.862, 0.583, 0.749, 0.000);Rejected_BelowThreshold
13:14:51;552;RGBA(0.969, 0.619, 0.143, 0.000);-500000,00;1;0,00;RGBA(0.862, 0.583, 0.749, 0.000);Rejected_BelowThreshold
13:14:51;553;RGBA(0.969, 0.619, 0.143, 0.000);-500000,00;1;0,00;RGBA(0.862, 0.583, 0.749, 0.000);Rejected_BelowThreshold
13:14:51;554;RGBA(0.969, 0.619, 0.143, 0.000);-500000,00;1;0,00;RGBA(0.862, 0.583, 0.749, 0.000);Rejected_BelowThreshold
13:14:51;555;RGBA(0.969, 0.619, 0.143, 0.000);-500000,00;1;0,00;RGBA(0.862, 0.583, 0.749, 0.000);Rejected_BelowThreshold
13:14:51;556;RGBA(0.969, 0.619, 0.143, 0.000);-500000,00;1;0,00;RGBA(0.862, 0.583, 0.749, 0.000);Rejected_BelowThreshold
13:14:51;557;RGBA(0.969, 0.619, 0.143, 0.000);-500000,00;1;0,00;RGBA(0.862, 0.583, 0.749, 0.000);Rejected_BelowThreshold
13:14:51;558;RGBA(0.969, 0.619, 0.143, 0.000);-500000,00;1;0,00;RGBA(0.862, 0.583, 0.749, 0.000);Rejected_BelowThreshold
13:14:51;559;RGBA(0.969, 0.619, 0.143, 0.000);-500000,00;1;0,00;RGBA(0.862, 0.583, 0.749, 0.000);Rejected_BelowThreshold
13:14:51;560;RGBA(0.969, 0.619, 0.143, 0.000);-500000,00;1;0,00;RGBA(0.862, 0.583, 0.749, 0.000);Rejected_BelowThreshold
13:14:51;561;RGBA(0.969, 0.619, 0.143, 0.000);-500000,00;1;0,00;RGBA(0.862, 0.583, 0.749, 0.000);Rejected_BelowThreshold
13:14:51;562;RGBA(0.969, 0.619, 0.143, 0.000);-500000,00;1;0,00;RGBA(0.862, 0.583, 0.749, 0.000);Rejected_BelowThreshold
13:14:51;563;RGBA(0.969, 0.619, 0.143, 0.000);-500000,00;1;0,00;RGBA(0.862, 0.583, 0.749, 0.000);Rejected_BelowThreshold
13:14:51;564;RGBA(0.969, 0.619, 0.143, 0.000);-500000,00;1;0,00;RGBA(0.862, 0.583, 0.749, 0.000);Rejected_BelowThreshold
13:14:51;565;RGBA(0.969, 0.619, 0.143, 0.000);-500000,00;1;0,00;RGBA(0.862, 0.583, 0.749, 0.000);Rejected_BelowThreshold
13:14:51;566;RGBA(0.969, 0.619, 0.143, 0.000);-500000,00;1;0,00;RGBA(0.862, 0.583, 0.749, 0.000);Rejected_BelowThreshold
13:14:51;567;RGBA(0.969, 0.619, 0.143, 0.000);-500000,00;1;0,00;RGBA(0.862, 0.583, 0.749, 0.000);Rejected_BelowThreshold
13:14:51;568;RGBA(0.969, 0.619, 0.143, 0.000);-500000,00;1;0,00;RGBA(0.862, 0.583, 0.749, 0.000);Rejected_BelowThreshold
13:14:51;569;RGBA(0.969, 0.619, 0.143, 0.000);-500000,00;1;0,00;RGBA(0.862, 0.583, 0.749, 0.000);Rejected_BelowThreshold
13:14:51;570;RGBA(0.969, 0.619, 0.143, 0.000);-500000,00;1;0,00;RGBA(0.862, 0.583, 0.749, 0.000);Rejected_BelowThreshold
13:14:51;571;RGBA(0.969, 0.619, 0.143, 0.000);-500000,00;1;0,00;RGBA(0.862, 0.583, 0.749, 0.000);Rejected_BelowThreshold
13:14:51;572;RGBA(0.969, 0.619, 0.143, 0.000);-500000,00;1;0,00;RGBA(0.862, 0.583, 0.749, 0.000);Rejected_BelowThreshold
13:14:51;573;RGBA(0.969, 0.619, 0.143, 0.000);-500000,00;1;0,00;RGBA(0.862, 0.583, 0.749, 0.000);Rejected_BelowThreshold
13:14:51;574;RGBA(0.969, 0.619, 0.143, 0.000);-500000,00;1;0,00;RGBA(0.862, 0.583, 0.749, 0.000);Rejected_BelowThreshold
13:14:51;575;RGBA(0.969, 0.619, 0.143, 0.000);-500000,00;1;0,00;RGBA(0.862, 0.583, 0.749, 0.000);Rejected_BelowThreshold
13:14:51;576;RGBA(0.969, 0.619, 0.143, 0.000);-500000,00;1;0,00;RGBA(0.862, 0.583, 0.749, 0.000);Rejected_BelowThreshold
13:14:51;577;RGBA(0.969, 0.619, 0.143, 0.000);-500000,00;1;0,00;RGBA(0.862, 0.583, 0.749, 0.000);Rejected_BelowThreshold
13:14:51;578;RGBA(0.969, 0.619, 0.143, 0.000);-500000,00;1;0,00;RGBA(0.862, 0.583, 0.749, 0.000);Rejected_BelowThreshold
13:14:51;579;RGBA(0.969, 0.619, 0.143, 0.000);-500000,00;1;0,00;RGBA(0.862, 0.583, 0.749, 0.000);Rejected_BelowThreshold
13:14:51;580;RGBA(0.969, 0.619, 0.143, 0.000);-500000,00;1;0,00;RGBA(0.862, 0.583, 0.749, 0.000);Rejected_BelowThreshold
13:14:51;581;RGBA(0.969, 0.619, 0.143, 0.000);-500000,00;1;0,00;RGBA(0.862, 0.583, 0.749, 0.000);Rejected_BelowThreshold
13:14:51;582;RGBA(0.969, 0.619, 0.143, 0.000);-500000,00;1;0,00;RGBA(0.862, 0.583, 0.749, 0.000);Rejected_BelowThreshold
13:14:51;583;RGBA(0.969, 0.619, 0.143, 0.000);-500000,00;1;0,00;RGBA(0.862, 0.583, 0.749, 0.000);Rejected_BelowThreshold
13:14:51;584;RGBA(0.969, 0.619, 0.143, 0.000);-500000,00;1;0,00;RGBA(0.862, 0.583, 0.749, 0.000);Rejected_BelowThreshold
13:14:51;585;RGBA(0.969, 0.619, 0.143, 0.000);-500000,00;1;0,00;RGBA(0.862, 0.583, 0.749, 0.000);Rejected_BelowThreshold
13:14:51;586;RGBA(0.969, 0.619, 0.143, 0.000);-500000,00;1;0,00;RGBA(0.862, 0.583, 0.749, 0.000);Rejected_BelowThreshold
13:14:51;587;RGBA(0.969, 0.619, 0.143, 0.000);-500000,00;1;0,00;RGBA(0.862, 0.583, 0.749, 0.000);Rejected_BelowThreshold
13:14:51;588;RGBA(0.969, 0.619, 0.143, 0.000);-500000,00;1;0,00;RGBA(0.862, 0.583, 0.749, 0.000);Rejected_BelowThreshold
13:14:51;589;RGBA(0.969, 0.619, 0.143, 0.000);-500000,00;1;0,00;RGBA(0.862, 0.583, 0.749, 0.000);Rejected_BelowThreshold
13:14:51;590;RGBA(0.969, 0.619, 0.143, 0.000);-500000,00;1;0,00;RGBA(0.862, 0.583, 0.749, 0.000);Rejected_BelowThreshold
13:14:51;591;RGBA(0.969, 0.619, 0.143, 0.000);-500000,00;1;0,00;RGBA(0.862, 0.583, 0.749, 0.000);Rejected_BelowThreshold
13:14:51;592;RGBA(0.969, 0.619, 0.143, 0.000);-500000,00;1;0,00;RGBA(0.862, 0.583, 0.749, 0.000);Rejected_BelowThreshold
13:14:51;593;RGBA(0.969, 0.619, 0.143, 0.000);-500000,00;1;0,00;RGBA(0.862, 0.583, 0.749, 0.000);Rejected_BelowThreshold
13:14:51;594;RGBA(0.969, 0.619, 0.143, 0.000);-500000,00;1;0,00;RGBA(0.862, 0.583, 0.749, 0.000);Rejected_BelowThreshold
13:14:51;595;RGBA(0.969, 0.619, 0.143, 0.000);-500000,00;1;0,00;RGBA(0.862, 0.583, 0.749, 0.000);Rejected_BelowThreshold
13:14:52;596;RGBA(0.969, 0.619, 0.143, 0.000);-500000,00;1;0,00;RGBA(0.862, 0.583, 0.749, 0.000);Rejected_BelowThreshold
13:14:52;597;RGBA(0.969, 0.619, 0.143, 0.000);-500000,00;1;0,00;RGBA(0.862, 0.583, 0.749, 0.000);Rejected_BelowThreshold
13:14:52;598;RGBA(0.969, 0.619, 0.143, 0.000);-500000,00;1;0,00;RGBA(0.862, 0.583, 0.749, 0.000);Rejected_BelowThreshold
13:14:52;599;RGBA(0.969, 0.619, 0.143, 0.000);-500000,00;1;0,00;RGBA(0.862, 0.583, 0.749, 0.000);Rejected_BelowThreshold
13:14:52;600;RGBA(0.969, 0.619, 0.143, 0.000);-500000,00;1;0,00;RGBA(0.862, 0.583, 0.749, 0.000);Rejected_BelowThreshold
13:14:52;601;RGBA(0.969, 0.619, 0.143, 0.000);-500000,00;1;0,00;RGBA(0.862, 0.583, 0.749, 0.000);Rejected_BelowThreshold
13:14:52;602;RGBA(0.969, 0.619, 0.143, 0.000);-500000,00;1;0,00;RGBA(0.862, 0.583, 0.749, 0.000);Rejected_BelowThreshold
13:14:52;603;RGBA(0.969, 0.619, 0.143, 0.000);-500000,00;1;0,00;RGBA(0.862, 0.583, 0.749, 0.000);Rejected_BelowThreshold
13:14:52;604;RGBA(0.969, 0.619, 0.143, 0.000);-500000,00;1;0,00;RGBA(0.862, 0.583, 0.749, 0.000);Rejected_BelowThreshold
13:14:52;605;RGBA(0.969, 0.619, 0.143, 0.000);-500000,00;1;0,00;RGBA(0.862, 0.583, 0.749, 0.000);Rejected_BelowThreshold
13:14:52;606;RGBA(0.969, 0.619, 0.143, 0.000);-500000,00;1;0,00;RGBA(0.862, 0.583, 0.749, 0.000);Rejected_BelowThreshold
13:14:52;607;RGBA(0.969, 0.619, 0.143, 0.000);-500000,00;1;0,00;RGBA(0.862, 0.583, 0.749, 0.000);Rejected_BelowThreshold
13:14:52;608;RGBA(0.969, 0.619, 0.143, 0.000);-500000,00;1;0,00;RGBA(0.862, 0.583, 0.749, 0.000);Rejected_BelowThreshold
13:14:52;609;RGBA(0.969, 0.619, 0.143, 0.000);-500000,00;1;0,00;RGBA(0.862, 0.583, 0.749, 0.000);Rejected_BelowThreshold
13:14:52;610;RGBA(0.969, 0.619, 0.143, 0.000);-500000,00;1;0,00;RGBA(0.862, 0.583, 0.749, 0.000);Rejected_BelowThreshold
13:14:52;611;RGBA(0.969, 0.619, 0.143, 0.000);-500000,00;1;0,00;RGBA(0.862, 0.583, 0.749, 0.000);Rejected_BelowThreshold
13:14:52;612;RGBA(0.969, 0.619, 0.143, 0.000);-500000,00;1;0,00;RGBA(0.862, 0.583, 0.749, 0.000);Rejected_BelowThreshold
13:14:52;613;RGBA(0.969, 0.619, 0.143, 0.000);-500000,00;1;0,00;RGBA(0.862, 0.583, 0.749, 0.000);Rejected_BelowThreshold
13:14:52;614;RGBA(0.969, 0.619, 0.143, 0.000);-500000,00;1;0,00;RGBA(0.862, 0.583, 0.749, 0.000);Rejected_BelowThreshold
13:14:52;615;RGBA(0.969, 0.619, 0.143, 0.000);-500000,00;1;0,00;RGBA(0.862, 0.583, 0.749, 0.000);Rejected_BelowThreshold
13:14:52;616;RGBA(0.969, 0.619, 0.143, 0.000);-500000,00;1;0,00;RGBA(0.862, 0.583, 0.749, 0.000);Rejected_BelowThreshold
13:14:52;617;RGBA(0.969, 0.619, 0.143, 0.000);-500000,00;1;0,00;RGBA(0.862, 0.583, 0.749, 0.000);Rejected_BelowThreshold
13:14:52;618;RGBA(0.969, 0.619, 0.143, 0.000);-500000,00;1;0,00;RGBA(0.862, 0.583, 0.749, 0.000);Rejected_BelowThreshold
13:14:52;619;RGBA(0.969, 0.619, 0.143, 0.000);-500000,00;1;0,00;RGBA(0.862, 0.583, 0.749, 0.000);Rejected_BelowThreshold
13:14:52;620;RGBA(0.969, 0.619, 0.143, 0.000);-500000,00;1;0,00;RGBA(0.862, 0.583, 0.749, 0.000);Rejected_BelowThreshold
13:14:52;621;RGBA(0.969, 0.619, 0.143, 0.000);-500000,00;1;0,00;RGBA(0.862, 0.583, 0.749, 0.000);Rejected_BelowThreshold
13:14:52;622;RGBA(0.969, 0.619, 0.143, 0.000);-500000,00;1;0,00;RGBA(0.862, 0.583, 0.749, 0.000);Rejected_BelowThreshold
13:14:52;623;RGBA(0.969, 0.619, 0.143, 0.000);-500000,00;1;0,00;RGBA(0.862, 0.583, 0.749, 0.000);Rejected_BelowThreshold
13:14:52;624;RGBA(0.969, 0.619, 0.143, 0.000);-500000,00;1;0,00;RGBA(0.862, 0.583, 0.749, 0.000);Rejected_BelowThreshold
13:14:52;625;RGBA(0.969, 0.619, 0.143, 0.000);-500000,00;1;0,00;RGBA(0.862, 0.583, 0.749, 0.000);Rejected_BelowThreshold
13:14:52;626;RGBA(0.969, 0.619, 0.143, 0.000);-500000,00;1;0,00;RGBA(0.862, 0.583, 0.749, 0.000);Rejected_BelowThreshold
13:14:52;627;RGBA(0.969, 0.619, 0.143, 0.000);-500000,00;1;0,00;RGBA(0.862, 0.583, 0.749, 0.000);Rejected_BelowThreshold
13:14:52;628;RGBA(0.969, 0.619, 0.143, 0.000);-500000,00;1;0,00;RGBA(0.862, 0.583, 0.749, 0.000);Rejected_BelowThreshold
13:14:52;629;RGBA(0.969, 0.619, 0.143, 0.000);-500000,00;1;0,00;RGBA(0.862, 0.583, 0.749, 0.000);Rejected_BelowThreshold
13:14:52;630;RGBA(0.969, 0.619, 0.143, 0.000);-500000,00;1;0,00;RGBA(0.862, 0.583, 0.749, 0.000);Rejected_BelowThreshold
13:14:52;631;RGBA(0.969, 0.619, 0.143, 0.000);-500000,00;1;0,00;RGBA(0.862, 0.583, 0.749, 0.000);Rejected_BelowThreshold
13:14:52;632;RGBA(0.969, 0.619, 0.143, 0.000);-500000,00;1;0,00;RGBA(0.862, 0.583, 0.749, 0.000);Rejected_BelowThreshold
13:14:52;633;RGBA(0.969, 0.619, 0.143, 0.000);-500000,00;1;0,00;RGBA(0.862, 0.583, 0.749, 0.000);Rejected_BelowThreshold
13:14:52;634;RGBA(0.969, 0.619, 0.143, 0.000);-500000,00;1;0,00;RGBA(0.862, 0.583, 0.749, 0.000);Rejected_BelowThreshold
13:14:52;635;RGBA(0.969, 0.619, 0.143, 0.000);-500000,00;1;0,00;RGBA(0.862, 0.583, 0.749, 0.000);Rejected_BelowThreshold
13:14:52;636;RGBA(0.969, 0.619, 0.143, 0.000);-500000,00;1;0,00;RGBA(0.862, 0.583, 0.749, 0.000);Rejected_BelowThreshold
13:14:52;637;RGBA(0.969, 0.619, 0.143, 0.000);-500000,00;1;0,00;RGBA(0.862, 0.583, 0.749, 0.000);Rejected_BelowThreshold
13:14:52;638;RGBA(0.969, 0.619, 0.143, 0.000);-500000,00;1;0,00;RGBA(0.862, 0.583, 0.749, 0.000);Rejected_BelowThreshold
13:14:52;639;RGBA(0.969, 0.619, 0.143, 0.000);-500000,00;1;0,00;RGBA(0.862, 0.583, 0.749, 0.000);Rejected_BelowThreshold
13:14:52;640;RGBA(0.969, 0.619, 0.143, 0.000);-500000,00;1;0,00;RGBA(0.862, 0.583, 0.749, 0.000);Rejected_BelowThreshold
13:14:52;641;RGBA(0.969, 0.619, 0.143, 0.000);-500000,00;1;0,00;RGBA(0.862, 0.583, 0.749, 0.000);Rejected_BelowThreshold
13:14:52;642;RGBA(0.969, 0.619, 0.143, 0.000);-500000,00;1;0,00;RGBA(0.862, 0.583, 0.749, 0.000);Rejected_BelowThreshold
13:14:52;643;RGBA(0.969, 0.619, 0.143, 0.000);-500000,00;1;0,00;RGBA(0.862, 0.583, 0.749, 0.000);Rejected_BelowThreshold
13:14:52;644;RGBA(0.969, 0.619, 0.143, 0.000);-500000,00;1;0,00;RGBA(0.862, 0.583, 0.749, 0.000);Rejected_BelowThreshold
13:14:52;645;RGBA(0.969, 0.619, 0.143, 0.000);-500000,00;1;0,00;RGBA(0.862, 0.583, 0.749, 0.000);Rejected_BelowThreshold
13:14:52;646;RGBA(0.969, 0.619, 0.143, 0.000);-500000,00;1;0,00;RGBA(0.862, 0.583, 0.749, 0.000);Rejected_BelowThreshold
13:14:52;647;RGBA(0.969, 0.619, 0.143, 0.000);-500000,00;1;0,00;RGBA(0.862, 0.583, 0.749, 0.000);Rejected_BelowThreshold
13:14:52;648;RGBA(0.969, 0.619, 0.143, 0.000);-500000,00;1;0,00;RGBA(0.862, 0.583, 0.749, 0.000);Rejected_BelowThreshold
13:14:52;649;RGBA(0.969, 0.619, 0.143, 0.000);-500000,00;1;0,00;RGBA(0.862, 0.583, 0.749, 0.000);Rejected_BelowThreshold
13:14:52;650;RGBA(0.969, 0.619, 0.143, 0.000);-500000,00;1;0,00;RGBA(0.862, 0.583, 0.749, 0.000);Rejected_BelowThreshold
13:14:52;651;RGBA(0.969, 0.619, 0.143, 0.000);-500000,00;1;0,00;RGBA(0.862, 0.583, 0.749, 0.000);Rejected_BelowThreshold
13:14:52;652;RGBA(0.969, 0.619, 0.143, 0.000);-500000,00;1;0,00;RGBA(0.862, 0.583, 0.749, 0.000);Rejected_BelowThreshold
13:14:52;653;RGBA(0.969, 0.619, 0.143, 0.000);-500000,00;1;0,00;RGBA(0.862, 0.583, 0.749, 0.000);Rejected_BelowThreshold
13:14:52;654;RGBA(0.969, 0.619, 0.143, 0.000);-500000,00;1;0,00;RGBA(0.862, 0.583, 0.749, 0.000);Rejected_BelowThreshold
13:14:52;655;RGBA(0.969, 0.619, 0.143, 0.000);-500000,00;1;0,00;RGBA(0.862, 0.583, 0.749, 0.000);Rejected_BelowThreshold
13:14:52;656;RGBA(0.969, 0.619, 0.143, 0.000);-500000,00;1;0,00;RGBA(0.862, 0.583, 0.749, 0.000);Rejected_BelowThreshold
13:14:52;657;RGBA(0.969, 0.619, 0.143, 0.000);-500000,00;1;0,00;RGBA(0.862, 0.583, 0.749, 0.000);Rejected_BelowThreshold
13:14:52;658;RGBA(0.969, 0.619, 0.143, 0.000);-500000,00;1;0,00;RGBA(0.862, 0.583, 0.749, 0.000);Rejected_BelowThreshold
13:14:52;659;RGBA(0.969, 0.619, 0.143, 0.000);-500000,00;1;0,00;RGBA(0.862, 0.583, 0.749, 0.000);Rejected_BelowThreshold
13:14:52;660;RGBA(0.969, 0.619, 0.143, 0.000);-500000,00;1;0,00;RGBA(0.862, 0.583, 0.749, 0.000);Rejected_BelowThreshold
13:14:52;661;RGBA(0.969, 0.619, 0.143, 0.000);-500000,00;1;0,00;RGBA(0.862, 0.583, 0.749, 0.000);Rejected_BelowThreshold
13:14:52;662;RGBA(0.969, 0.619, 0.143, 0.000);-500000,00;1;0,00;RGBA(0.862, 0.583, 0.749, 0.000);Rejected_BelowThreshold
13:14:52;663;RGBA(0.969, 0.619, 0.143, 0.000);-500000,00;1;0,00;RGBA(0.862, 0.583, 0.749, 0.000);Rejected_BelowThreshold
13:14:52;664;RGBA(0.969, 0.619, 0.143, 0.000);-500000,00;1;0,00;RGBA(0.862, 0.583, 0.749, 0.000);Rejected_BelowThreshold
13:14:52;665;RGBA(0.969, 0.619, 0.143, 0.000);-500000,00;1;0,00;RGBA(0.862, 0.583, 0.749, 0.000);Rejected_BelowThreshold
13:14:52;666;RGBA(0.969, 0.619, 0.143, 0.000);-500000,00;1;0,00;RGBA(0.862, 0.583, 0.749, 0.000);Rejected_BelowThreshold
13:14:52;667;RGBA(0.969, 0.619, 0.143, 0.000);-500000,00;1;0,00;RGBA(0.862, 0.583, 0.749, 0.000);Rejected_BelowThreshold
13:14:52;668;RGBA(0.969, 0.619, 0.143, 0.000);-500000,00;1;0,00;RGBA(0.862, 0.583, 0.749, 0.000);Rejected_BelowThreshold
13:14:52;669;RGBA(0.969, 0.619, 0.143, 0.000);-500000,00;1;0,00;RGBA(0.862, 0.583, 0.749, 0.000);Rejected_BelowThreshold
13:14:52;670;RGBA(0.969, 0.619, 0.143, 0.000);-500000,00;1;0,00;RGBA(0.862, 0.583, 0.749, 0.000);Rejected_BelowThreshold
13:14:52;671;RGBA(0.969, 0.619, 0.143, 0.000);-500000,00;1;0,00;RGBA(0.862, 0.583, 0.749, 0.000);Rejected_BelowThreshold
13:14:52;672;RGBA(0.969, 0.619, 0.143, 0.000);-500000,00;1;0,00;RGBA(0.862, 0.583, 0.749, 0.000);Rejected_BelowThreshold
13:14:52;673;RGBA(0.969, 0.619, 0.143, 0.000);-500000,00;1;0,00;RGBA(0.862, 0.583, 0.749, 0.000);Rejected_BelowThreshold
13:14:52;674;RGBA(0.969, 0.619, 0.143, 0.000);-500000,00;1;0,00;RGBA(0.862, 0.583, 0.749, 0.000);Rejected_BelowThreshold
13:14:53;675;RGBA(0.969, 0.619, 0.143, 0.000);-500000,00;1;0,00;RGBA(0.862, 0.583, 0.749, 0.000);Rejected_BelowThreshold
13:14:53;676;RGBA(0.969, 0.619, 0.143, 0.000);-500000,00;1;0,00;RGBA(0.862, 0.583, 0.749, 0.000);Rejected_BelowThreshold
13:14:53;677;RGBA(0.969, 0.619, 0.143, 0.000);-500000,00;1;0,00;RGBA(0.862, 0.583, 0.749, 0.000);Rejected_BelowThreshold
13:14:53;678;RGBA(0.969, 0.619, 0.143, 0.000);-500000,00;1;0,00;RGBA(0.862, 0.583, 0.749, 0.000);Rejected_BelowThreshold
13:14:53;679;RGBA(0.969, 0.619, 0.143, 0.000);-500000,00;1;0,00;RGBA(0.862, 0.583, 0.749, 0.000);Rejected_BelowThreshold
13:14:53;680;RGBA(0.969, 0.619, 0.143, 0.000);-500000,00;1;0,00;RGBA(0.862, 0.583, 0.749, 0.000);Rejected_BelowThreshold
13:14:53;681;RGBA(0.969, 0.619, 0.143, 0.000);-500000,00;1;0,00;RGBA(0.862, 0.583, 0.749, 0.000);Rejected_BelowThreshold
13:14:53;682;RGBA(0.969, 0.619, 0.143, 0.000);-500000,00;1;0,00;RGBA(0.862, 0.583, 0.749, 0.000);Rejected_BelowThreshold
13:14:53;683;RGBA(0.969, 0.619, 0.143, 0.000);-500000,00;1;0,00;RGBA(0.862, 0.583, 0.749, 0.000);Rejected_BelowThreshold
13:14:53;684;RGBA(0.969, 0.619, 0.143, 0.000);-500000,00;1;0,00;RGBA(0.862, 0.583, 0.749, 0.000);Rejected_BelowThreshold
13:14:53;685;RGBA(0.969, 0.619, 0.143, 0.000);-500000,00;1;0,00;RGBA(0.862, 0.583, 0.749, 0.000);Rejected_BelowThreshold
13:14:53;686;RGBA(0.969, 0.619, 0.143, 0.000);-500000,00;1;0,00;RGBA(0.862, 0.583, 0.749, 0.000);Rejected_BelowThreshold
13:14:53;687;RGBA(0.969, 0.619, 0.143, 0.000);-500000,00;1;0,00;RGBA(0.862, 0.583, 0.749, 0.000);Rejected_BelowThreshold
13:14:53;688;RGBA(0.969, 0.619, 0.143, 0.000);-500000,00;1;0,00;RGBA(0.862, 0.583, 0.749, 0.000);Rejected_BelowThreshold
13:14:53;689;RGBA(0.969, 0.619, 0.143, 0.000);-500000,00;1;0,00;RGBA(0.862, 0.583, 0.749, 0.000);Rejected_BelowThreshold
13:14:53;690;RGBA(0.969, 0.619, 0.143, 0.000);-500000,00;1;0,00;RGBA(0.862, 0.583, 0.749, 0.000);Rejected_BelowThreshold
13:14:53;691;RGBA(0.969, 0.619, 0.143, 0.000);-500000,00;1;0,00;RGBA(0.862, 0.583, 0.749, 0.000);Rejected_BelowThreshold
13:14:53;692;RGBA(0.969, 0.619, 0.143, 0.000);-500000,00;1;0,00;RGBA(0.862, 0.583, 0.749, 0.000);Rejected_BelowThreshold
13:14:53;693;RGBA(0.969, 0.619, 0.143, 0.000);-500000,00;1;0,00;RGBA(0.862, 0.583, 0.749, 0.000);Rejected_BelowThreshold
13:14:53;694;RGBA(0.969, 0.619, 0.143, 0.000);-500000,00;1;0,00;RGBA(0.862, 0.583, 0.749, 0.000);Rejected_BelowThreshold
13:14:53;695;RGBA(0.969, 0.619, 0.143, 0.000);-500000,00;1;0,00;RGBA(0.862, 0.583, 0.749, 0.000);Rejected_BelowThreshold
13:14:53;696;RGBA(0.969, 0.619, 0.143, 0.000);-500000,00;1;0,00;RGBA(0.862, 0.583, 0.749, 0.000);Rejected_BelowThreshold
13:14:53;697;RGBA(0.969, 0.619, 0.143, 0.000);-500000,00;1;0,00;RGBA(0.862, 0.583, 0.749, 0.000);Rejected_BelowThreshold
13:14:53;698;RGBA(0.969, 0.619, 0.143, 0.000);-500000,00;1;0,00;RGBA(0.862, 0.583, 0.749, 0.000);Rejected_BelowThreshold
13:14:53;699;RGBA(0.969, 0.619, 0.143, 0.000);-500000,00;1;0,00;RGBA(0.862, 0.583, 0.749, 0.000);Rejected_BelowThreshold
13:14:53;700;RGBA(0.969, 0.619, 0.143, 0.000);-500000,00;1;0,00;RGBA(0.862, 0.583, 0.749, 0.000);Rejected_BelowThreshold
13:14:53;701;RGBA(0.969, 0.619, 0.143, 0.000);-500000,00;1;0,00;RGBA(0.862, 0.583, 0.749, 0.000);Rejected_BelowThreshold
13:14:53;702;RGBA(0.969, 0.619, 0.143, 0.000);-500000,00;1;0,00;RGBA(0.862, 0.583, 0.749, 0.000);Rejected_BelowThreshold
13:14:53;703;RGBA(0.969, 0.619, 0.143, 0.000);-500000,00;1;0,00;RGBA(0.862, 0.583, 0.749, 0.000);Rejected_BelowThreshold
13:14:53;704;RGBA(0.969, 0.619, 0.143, 0.000);-500000,00;1;0,00;RGBA(0.862, 0.583, 0.749, 0.000);Rejected_BelowThreshold
13:14:53;705;RGBA(0.969, 0.619, 0.143, 0.000);-500000,00;1;0,00;RGBA(0.862, 0.583, 0.749, 0.000);Rejected_BelowThreshold
13:14:53;706;RGBA(0.969, 0.619, 0.143, 0.000);-500000,00;1;0,00;RGBA(0.862, 0.583, 0.749, 0.000);Rejected_BelowThreshold
13:14:53;707;RGBA(0.969, 0.619, 0.143, 0.000);-500000,00;1;0,00;RGBA(0.862, 0.583, 0.749, 0.000);Rejected_BelowThreshold
13:14:53;708;RGBA(0.969, 0.619, 0.143, 0.000);-500000,00;1;0,00;RGBA(0.862, 0.583, 0.749, 0.000);Rejected_BelowThreshold
13:14:53;709;RGBA(0.969, 0.619, 0.143, 0.000);-500000,00;1;0,00;RGBA(0.862, 0.583, 0.749, 0.000);Rejected_BelowThreshold
13:14:53;710;RGBA(0.969, 0.619, 0.143, 0.000);-500000,00;1;0,00;RGBA(0.862, 0.583, 0.749, 0.000);Rejected_BelowThreshold
13:14:53;711;RGBA(0.969, 0.619, 0.143, 0.000);-500000,00;1;0,00;RGBA(0.862, 0.583, 0.749, 0.000);Rejected_BelowThreshold
13:14:53;712;RGBA(0.969, 0.619, 0.143, 0.000);-500000,00;1;0,00;RGBA(0.862, 0.583, 0.749, 0.000);Rejected_BelowThreshold
13:14:53;713;RGBA(0.969, 0.619, 0.143, 0.000);-500000,00;1;0,00;RGBA(0.862, 0.583, 0.749, 0.000);Rejected_BelowThreshold
13:14:53;714;RGBA(0.969, 0.619, 0.143, 0.000);-500000,00;1;0,00;RGBA(0.862, 0.583, 0.749, 0.000);Rejected_BelowThreshold
13:14:53;715;RGBA(0.969, 0.619, 0.143, 0.000);-500000,00;1;0,00;RGBA(0.862, 0.583, 0.749, 0.000);Rejected_BelowThreshold
13:14:53;716;RGBA(0.969, 0.619, 0.143, 0.000);-500000,00;1;0,00;RGBA(0.862, 0.583, 0.749, 0.000);Rejected_BelowThreshold
13:14:53;717;RGBA(0.969, 0.619, 0.143, 0.000);-500000,00;1;0,00;RGBA(0.862, 0.583, 0.749, 0.000);Rejected_BelowThreshold
13:14:53;718;RGBA(0.969, 0.619, 0.143, 0.000);-500000,00;1;0,00;RGBA(0.862, 0.583, 0.749, 0.000);Rejected_BelowThreshold
13:14:53;719;RGBA(0.969, 0.619, 0.143, 0.000);-500000,00;1;0,00;RGBA(0.862, 0.583, 0.749, 0.000);Rejected_BelowThreshold
13:14:53;720;RGBA(0.969, 0.619, 0.143, 0.000);-500000,00;1;0,00;RGBA(0.862, 0.583, 0.749, 0.000);Rejected_BelowThreshold
13:14:53;721;RGBA(0.969, 0.619, 0.143, 0.000);-500000,00;1;0,00;RGBA(0.862, 0.583, 0.749, 0.000);Rejected_BelowThreshold
13:14:53;722;RGBA(0.969, 0.619, 0.143, 0.000);-500000,00;1;0,00;RGBA(0.862, 0.583, 0.749, 0.000);Rejected_BelowThreshold
13:14:53;723;RGBA(0.969, 0.619, 0.143, 0.000);-500000,00;1;0,00;RGBA(0.862, 0.583, 0.749, 0.000);Rejected_BelowThreshold
13:14:53;724;RGBA(0.969, 0.619, 0.143, 0.000);-500000,00;1;0,00;RGBA(0.862, 0.583, 0.749, 0.000);Rejected_BelowThreshold
13:14:53;725;RGBA(0.969, 0.619, 0.143, 0.000);-500000,00;1;0,00;RGBA(0.862, 0.583, 0.749, 0.000);Rejected_BelowThreshold
13:14:53;726;RGBA(0.969, 0.619, 0.143, 0.000);-500000,00;1;0,00;RGBA(0.862, 0.583, 0.749, 0.000);Rejected_BelowThreshold
13:14:53;727;RGBA(0.969, 0.619, 0.143, 0.000);-500000,00;1;0,00;RGBA(0.862, 0.583, 0.749, 0.000);Rejected_BelowThreshold
13:14:53;728;RGBA(0.969, 0.619, 0.143, 0.000);-500000,00;1;0,00;RGBA(0.862, 0.583, 0.749, 0.000);Rejected_BelowThreshold
13:14:53;729;RGBA(0.969, 0.619, 0.143, 0.000);-500000,00;1;0,00;RGBA(0.862, 0.583, 0.749, 0.000);Rejected_BelowThreshold
13:14:53;730;RGBA(0.969, 0.619, 0.143, 0.000);-500000,00;1;0,00;RGBA(0.862, 0.583, 0.749, 0.000);Rejected_BelowThreshold
13:14:53;731;RGBA(0.969, 0.619, 0.143, 0.000);-500000,00;1;0,00;RGBA(0.862, 0.583, 0.749, 0.000);Rejected_BelowThreshold
13:14:53;732;RGBA(0.969, 0.619, 0.143, 0.000);-500000,00;1;0,00;RGBA(0.862, 0.583, 0.749, 0.000);Rejected_BelowThreshold
13:14:53;733;RGBA(0.969, 0.619, 0.143, 0.000);-500000,00;1;0,00;RGBA(0.862, 0.583, 0.749, 0.000);Rejected_BelowThreshold
13:14:53;734;RGBA(0.969, 0.619, 0.143, 0.000);-500000,00;1;0,00;RGBA(0.862, 0.583, 0.749, 0.000);Rejected_BelowThreshold
13:14:53;735;RGBA(0.969, 0.619, 0.143, 0.000);-500000,00;1;0,00;RGBA(0.862, 0.583, 0.749, 0.000);Rejected_BelowThreshold
13:14:53;736;RGBA(0.969, 0.619, 0.143, 0.000);-500000,00;1;0,00;RGBA(0.862, 0.583, 0.749, 0.000);Rejected_BelowThreshold
13:14:53;737;RGBA(0.969, 0.619, 0.143, 0.000);-500000,00;1;0,00;RGBA(0.862, 0.583, 0.749, 0.000);Rejected_BelowThreshold
13:14:53;738;RGBA(0.969, 0.619, 0.143, 0.000);-500000,00;1;0,00;RGBA(0.862, 0.583, 0.749, 0.000);Rejected_BelowThreshold
13:14:53;739;RGBA(0.969, 0.619, 0.143, 0.000);-500000,00;1;0,00;RGBA(0.862, 0.583, 0.749, 0.000);Rejected_BelowThreshold
13:14:53;740;RGBA(0.969, 0.619, 0.143, 0.000);-500000,00;1;0,00;RGBA(0.862, 0.583, 0.749, 0.000);Rejected_BelowThreshold
13:14:53;741;RGBA(0.969, 0.619, 0.143, 0.000);-500000,00;1;0,00;RGBA(0.862, 0.583, 0.749, 0.000);Rejected_BelowThreshold
13:14:53;742;RGBA(0.969, 0.619, 0.143, 0.000);-500000,00;1;0,00;RGBA(0.862, 0.583, 0.749, 0.000);Rejected_BelowThreshold
13:14:53;743;RGBA(0.969, 0.619, 0.143, 0.000);-500000,00;1;0,00;RGBA(0.862, 0.583, 0.749, 0.000);Rejected_BelowThreshold
13:14:53;744;RGBA(0.969, 0.619, 0.143, 0.000);-500000,00;1;0,00;RGBA(0.862, 0.583, 0.749, 0.000);Rejected_BelowThreshold
13:14:53;745;RGBA(0.969, 0.619, 0.143, 0.000);-500000,00;1;0,00;RGBA(0.862, 0.583, 0.749, 0.000);Rejected_BelowThreshold
13:14:53;746;RGBA(0.969, 0.619, 0.143, 0.000);-500000,00;1;0,00;RGBA(0.862, 0.583, 0.749, 0.000);Rejected_BelowThreshold
13:14:53;747;RGBA(0.969, 0.619, 0.143, 0.000);-500000,00;1;0,00;RGBA(0.862, 0.583, 0.749, 0.000);Rejected_BelowThreshold
13:14:53;748;RGBA(0.969, 0.619, 0.143, 0.000);-500000,00;1;0,00;RGBA(0.862, 0.583, 0.749, 0.000);Rejected_BelowThreshold
13:14:53;749;RGBA(0.969, 0.619, 0.143, 0.000);-500000,00;1;0,00;RGBA(0.862, 0.583, 0.749, 0.000);Rejected_BelowThreshold
13:14:53;750;RGBA(0.969, 0.619, 0.143, 0.000);-500000,00;1;0,00;RGBA(0.862, 0.583, 0.749, 0.000);Rejected_BelowThreshold
13:14:53;751;RGBA(0.969, 0.619, 0.143, 0.000);-500000,00;1;0,00;RGBA(0.862, 0.583, 0.749, 0.000);Rejected_BelowThreshold
13:14:53;752;RGBA(0.969, 0.619, 0.143, 0.000);-500000,00;1;0,00;RGBA(0.862, 0.583, 0.749, 0.000);Rejected_BelowThreshold
13:14:53;753;RGBA(0.969, 0.619, 0.143, 0.000);-500000,00;1;0,00;RGBA(0.862, 0.583, 0.749, 0.000);Rejected_BelowThreshold
13:14:54;754;RGBA(0.969, 0.619, 0.143, 0.000);-500000,00;1;0,00;RGBA(0.862, 0.583, 0.749, 0.000);Rejected_BelowThreshold
13:14:54;755;RGBA(0.969, 0.619, 0.143, 0.000);-500000,00;1;0,00;RGBA(0.862, 0.583, 0.749, 0.000);Rejected_BelowThreshold
13:14:54;756;RGBA(0.969, 0.619, 0.143, 0.000);-500000,00;1;0,00;RGBA(0.862, 0.583, 0.749, 0.000);Rejected_BelowThreshold
13:14:54;757;RGBA(0.969, 0.619, 0.143, 0.000);-500000,00;1;0,00;RGBA(0.862, 0.583, 0.749, 0.000);Rejected_BelowThreshold
13:14:54;758;RGBA(0.969, 0.619, 0.143, 0.000);-500000,00;1;0,00;RGBA(0.862, 0.583, 0.749, 0.000);Rejected_BelowThreshold
13:14:54;759;RGBA(0.969, 0.619, 0.143, 0.000);-500000,00;1;0,00;RGBA(0.862, 0.583, 0.749, 0.000);Rejected_BelowThreshold
13:14:54;760;RGBA(0.969, 0.619, 0.143, 0.000);-500000,00;1;0,00;RGBA(0.862, 0.583, 0.749, 0.000);Rejected_BelowThreshold
13:14:54;761;RGBA(0.969, 0.619, 0.143, 0.000);-500000,00;1;0,00;RGBA(0.862, 0.583, 0.749, 0.000);Rejected_BelowThreshold
13:14:54;762;RGBA(0.969, 0.619, 0.143, 0.000);-500000,00;1;0,00;RGBA(0.862, 0.583, 0.749, 0.000);Rejected_BelowThreshold
13:14:54;763;RGBA(0.969, 0.619, 0.143, 0.000);-500000,00;1;0,00;RGBA(0.862, 0.583, 0.749, 0.000);Rejected_BelowThreshold
13:14:54;764;RGBA(0.969, 0.619, 0.143, 0.000);-500000,00;1;0,00;RGBA(0.862, 0.583, 0.749, 0.000);Rejected_BelowThreshold
13:14:54;765;RGBA(0.969, 0.619, 0.143, 0.000);-500000,00;1;0,00;RGBA(0.862, 0.583, 0.749, 0.000);Rejected_BelowThreshold
13:14:54;766;RGBA(0.969, 0.619, 0.143, 0.000);-500000,00;1;0,00;RGBA(0.862, 0.583, 0.749, 0.000);Rejected_BelowThreshold
13:14:54;767;RGBA(0.969, 0.619, 0.143, 0.000);-500000,00;1;0,00;RGBA(0.862, 0.583, 0.749, 0.000);Rejected_BelowThreshold
13:14:54;768;RGBA(0.969, 0.619, 0.143, 0.000);-500000,00;1;0,00;RGBA(0.862, 0.583, 0.749, 0.000);Rejected_BelowThreshold
13:14:54;769;RGBA(0.969, 0.619, 0.143, 0.000);-500000,00;1;0,00;RGBA(0.862, 0.583, 0.749, 0.000);Rejected_BelowThreshold
13:14:54;770;RGBA(0.969, 0.619, 0.143, 0.000);-500000,00;1;0,00;RGBA(0.862, 0.583, 0.749, 0.000);Rejected_BelowThreshold
13:14:54;771;RGBA(0.969, 0.619, 0.143, 0.000);-500000,00;1;0,00;RGBA(0.862, 0.583, 0.749, 0.000);Rejected_BelowThreshold
13:14:54;772;RGBA(0.969, 0.619, 0.143, 0.000);-500000,00;1;0,00;RGBA(0.862, 0.583, 0.749, 0.000);Rejected_BelowThreshold
13:14:54;773;RGBA(0.969, 0.619, 0.143, 0.000);-500000,00;1;0,00;RGBA(0.862, 0.583, 0.749, 0.000);Rejected_BelowThreshold
13:14:54;774;RGBA(0.969, 0.619, 0.143, 0.000);-500000,00;1;0,00;RGBA(0.862, 0.583, 0.749, 0.000);Rejected_BelowThreshold
13:14:54;775;RGBA(0.969, 0.619, 0.143, 0.000);-500000,00;1;0,00;RGBA(0.862, 0.583, 0.749, 0.000);Rejected_BelowThreshold
13:14:54;776;RGBA(0.969, 0.619, 0.143, 0.000);-500000,00;1;0,00;RGBA(0.862, 0.583, 0.749, 0.000);Rejected_BelowThreshold
13:14:54;777;RGBA(0.969, 0.619, 0.143, 0.000);-500000,00;1;0,00;RGBA(0.862, 0.583, 0.749, 0.000);Rejected_BelowThreshold
13:14:54;778;RGBA(0.969, 0.619, 0.143, 0.000);-500000,00;1;0,00;RGBA(0.862, 0.583, 0.749, 0.000);Rejected_BelowThreshold
13:14:54;779;RGBA(0.969, 0.619, 0.143, 0.000);-500000,00;1;0,00;RGBA(0.862, 0.583, 0.749, 0.000);Rejected_BelowThreshold
13:14:54;780;RGBA(0.969, 0.619, 0.143, 0.000);-500000,00;1;0,00;RGBA(0.862, 0.583, 0.749, 0.000);Rejected_BelowThreshold
13:14:54;781;RGBA(0.969, 0.619, 0.143, 0.000);-500000,00;1;0,00;RGBA(0.862, 0.583, 0.749, 0.000);Rejected_BelowThreshold
13:14:54;782;RGBA(0.969, 0.619, 0.143, 0.000);-500000,00;1;0,00;RGBA(0.862, 0.583, 0.749, 0.000);Rejected_BelowThreshold
13:14:54;783;RGBA(0.969, 0.619, 0.143, 0.000);-500000,00;1;0,00;RGBA(0.862, 0.583, 0.749, 0.000);Rejected_BelowThreshold
13:14:54;784;RGBA(0.969, 0.619, 0.143, 0.000);-500000,00;1;0,00;RGBA(0.862, 0.583, 0.749, 0.000);Rejected_BelowThreshold
13:14:54;785;RGBA(0.969, 0.619, 0.143, 0.000);-500000,00;1;0,00;RGBA(0.862, 0.583, 0.749, 0.000);Rejected_BelowThreshold
13:14:54;786;RGBA(0.969, 0.619, 0.143, 0.000);-500000,00;1;0,00;RGBA(0.862, 0.583, 0.749, 0.000);Rejected_BelowThreshold
13:14:54;787;RGBA(0.969, 0.619, 0.143, 0.000);-500000,00;1;0,00;RGBA(0.862, 0.583, 0.749, 0.000);Rejected_BelowThreshold
13:14:54;788;RGBA(0.969, 0.619, 0.143, 0.000);-500000,00;1;0,00;RGBA(0.862, 0.583, 0.749, 0.000);Rejected_BelowThreshold
13:14:54;789;RGBA(0.969, 0.619, 0.143, 0.000);-500000,00;1;0,00;RGBA(0.862, 0.583, 0.749, 0.000);Rejected_BelowThreshold
13:14:54;790;RGBA(0.969, 0.619, 0.143, 0.000);-500000,00;1;0,00;RGBA(0.862, 0.583, 0.749, 0.000);Rejected_BelowThreshold
13:14:54;791;RGBA(0.969, 0.619, 0.143, 0.000);-500000,00;1;0,00;RGBA(0.862, 0.583, 0.749, 0.000);Rejected_BelowThreshold
13:14:54;792;RGBA(0.969, 0.619, 0.143, 0.000);-500000,00;1;0,00;RGBA(0.862, 0.583, 0.749, 0.000);Rejected_BelowThreshold
13:14:54;793;RGBA(0.969, 0.619, 0.143, 0.000);-500000,00;1;0,00;RGBA(0.862, 0.583, 0.749, 0.000);Rejected_BelowThreshold
13:14:54;794;RGBA(0.969, 0.619, 0.143, 0.000);-500000,00;1;0,00;RGBA(0.862, 0.583, 0.749, 0.000);Rejected_BelowThreshold
13:14:54;795;RGBA(0.969, 0.619, 0.143, 0.000);-500000,00;1;0,00;RGBA(0.862, 0.583, 0.749, 0.000);Rejected_BelowThreshold
13:14:54;796;RGBA(0.969, 0.619, 0.143, 0.000);-500000,00;1;0,00;RGBA(0.862, 0.583, 0.749, 0.000);Rejected_BelowThreshold
13:14:54;797;RGBA(0.969, 0.619, 0.143, 0.000);-500000,00;1;0,00;RGBA(0.862, 0.583, 0.749, 0.000);Rejected_BelowThreshold
13:14:54;798;RGBA(0.969, 0.619, 0.143, 0.000);-500000,00;1;0,00;RGBA(0.862, 0.583, 0.749, 0.000);Rejected_BelowThreshold
13:14:54;799;RGBA(0.969, 0.619, 0.143, 0.000);-500000,00;1;0,00;RGBA(0.862, 0.583, 0.749, 0.000);Rejected_BelowThreshold
13:14:54;800;RGBA(0.969, 0.619, 0.143, 0.000);-500000,00;1;0,00;RGBA(0.862, 0.583, 0.749, 0.000);Rejected_BelowThreshold
13:14:54;801;RGBA(0.969, 0.619, 0.143, 0.000);-500000,00;1;0,00;RGBA(0.862, 0.583, 0.749, 0.000);Rejected_BelowThreshold
13:14:54;802;RGBA(0.969, 0.619, 0.143, 0.000);-500000,00;1;0,00;RGBA(0.862, 0.583, 0.749, 0.000);Rejected_BelowThreshold
13:14:54;803;RGBA(0.969, 0.619, 0.143, 0.000);-500000,00;1;0,00;RGBA(0.862, 0.583, 0.749, 0.000);Rejected_BelowThreshold
13:14:54;804;RGBA(0.969, 0.619, 0.143, 0.000);-500000,00;1;0,00;RGBA(0.862, 0.583, 0.749, 0.000);Rejected_BelowThreshold
13:14:54;805;RGBA(0.969, 0.619, 0.143, 0.000);-500000,00;1;0,00;RGBA(0.862, 0.583, 0.749, 0.000);Rejected_BelowThreshold
13:14:54;806;RGBA(0.969, 0.619, 0.143, 0.000);-500000,00;1;0,00;RGBA(0.862, 0.583, 0.749, 0.000);Rejected_BelowThreshold
13:14:54;807;RGBA(0.969, 0.619, 0.143, 0.000);-500000,00;1;0,00;RGBA(0.862, 0.583, 0.749, 0.000);Rejected_BelowThreshold
13:14:54;808;RGBA(0.969, 0.619, 0.143, 0.000);-500000,00;1;0,00;RGBA(0.862, 0.583, 0.749, 0.000);Rejected_BelowThreshold
13:14:54;809;RGBA(0.969, 0.619, 0.143, 0.000);-500000,00;1;0,00;RGBA(0.862, 0.583, 0.749, 0.000);Rejected_BelowThreshold
13:14:54;810;RGBA(0.969, 0.619, 0.143, 0.000);-500000,00;1;0,00;RGBA(0.862, 0.583, 0.749, 0.000);Rejected_BelowThreshold
13:14:54;811;RGBA(0.969, 0.619, 0.143, 0.000);-500000,00;1;0,00;RGBA(0.862, 0.583, 0.749, 0.000);Rejected_BelowThreshold
13:14:54;812;RGBA(0.969, 0.619, 0.143, 0.000);-500000,00;1;0,00;RGBA(0.862, 0.583, 0.749, 0.000);Rejected_BelowThreshold
13:14:54;813;RGBA(0.969, 0.619, 0.143, 0.000);-500000,00;1;0,00;RGBA(0.862, 0.583, 0.749, 0.000);Rejected_BelowThreshold
13:14:54;814;RGBA(0.969, 0.619, 0.143, 0.000);-500000,00;1;0,00;RGBA(0.862, 0.583, 0.749, 0.000);Rejected_BelowThreshold
13:14:54;815;RGBA(0.969, 0.619, 0.143, 0.000);-500000,00;1;0,00;RGBA(0.862, 0.583, 0.749, 0.000);Rejected_BelowThreshold
13:14:54;816;RGBA(0.969, 0.619, 0.143, 0.000);-500000,00;1;0,00;RGBA(0.862, 0.583, 0.749, 0.000);Rejected_BelowThreshold
13:14:54;817;RGBA(0.969, 0.619, 0.143, 0.000);-500000,00;1;0,00;RGBA(0.862, 0.583, 0.749, 0.000);Rejected_BelowThreshold
13:14:54;818;RGBA(0.969, 0.619, 0.143, 0.000);-500000,00;1;0,00;RGBA(0.862, 0.583, 0.749, 0.000);Rejected_BelowThreshold
13:14:54;819;RGBA(0.969, 0.619, 0.143, 0.000);-500000,00;1;0,00;RGBA(0.862, 0.583, 0.749, 0.000);Rejected_BelowThreshold
13:14:54;820;RGBA(0.969, 0.619, 0.143, 0.000);-500000,00;1;0,00;RGBA(0.862, 0.583, 0.749, 0.000);Rejected_BelowThreshold
13:14:54;821;RGBA(0.969, 0.619, 0.143, 0.000);-500000,00;1;0,00;RGBA(0.862, 0.583, 0.749, 0.000);Rejected_BelowThreshold
13:14:54;822;RGBA(0.969, 0.619, 0.143, 0.000);-500000,00;1;0,00;RGBA(0.862, 0.583, 0.749, 0.000);Rejected_BelowThreshold
13:14:54;823;RGBA(0.969, 0.619, 0.143, 0.000);-500000,00;1;0,00;RGBA(0.862, 0.583, 0.749, 0.000);Rejected_BelowThreshold
13:14:54;824;RGBA(0.969, 0.619, 0.143, 0.000);-500000,00;1;0,00;RGBA(0.862, 0.583, 0.749, 0.000);Rejected_BelowThreshold
13:14:54;825;RGBA(0.969, 0.619, 0.143, 0.000);-500000,00;1;0,00;RGBA(0.862, 0.583, 0.749, 0.000);Rejected_BelowThreshold
13:14:54;826;RGBA(0.969, 0.619, 0.143, 0.000);-500000,00;1;0,00;RGBA(0.862, 0.583, 0.749, 0.000);Rejected_BelowThreshold
13:14:54;827;RGBA(0.969, 0.619, 0.143, 0.000);-500000,00;1;0,00;RGBA(0.862, 0.583, 0.749, 0.000);Rejected_BelowThreshold
13:14:54;828;RGBA(0.969, 0.619, 0.143, 0.000);-500000,00;1;0,00;RGBA(0.862, 0.583, 0.749, 0.000);Rejected_BelowThreshold
13:14:54;829;RGBA(0.969, 0.619, 0.143, 0.000);-500000,00;1;0,00;RGBA(0.862, 0.583, 0.749, 0.000);Rejected_BelowThreshold
13:14:54;830;RGBA(0.969, 0.619, 0.143, 0.000);-500000,00;1;0,00;RGBA(0.862, 0.583, 0.749, 0.000);Rejected_BelowThreshold
13:14:54;831;RGBA(0.969, 0.619, 0.143, 0.000);-500000,00;1;0,00;RGBA(0.862, 0.583, 0.749, 0.000);Rejected_BelowThreshold
13:14:54;832;RGBA(0.969, 0.619, 0.143, 0.000);-500000,00;1;0,00;RGBA(0.862, 0.583, 0.749, 0.000);Rejected_BelowThreshold
13:14:55;833;RGBA(0.969, 0.619, 0.143, 0.000);-500000,00;1;0,00;RGBA(0.862, 0.583, 0.749, 0.000);Rejected_BelowThreshold
13:14:55;834;RGBA(0.969, 0.619, 0.143, 0.000);-500000,00;1;0,00;RGBA(0.862, 0.583, 0.749, 0.000);Rejected_BelowThreshold
13:14:55;835;RGBA(0.969, 0.619, 0.143, 0.000);-500000,00;1;0,00;RGBA(0.862, 0.583, 0.749, 0.000);Rejected_BelowThreshold
13:14:55;836;RGBA(0.969, 0.619, 0.143, 0.000);-500000,00;1;0,00;RGBA(0.862, 0.583, 0.749, 0.000);Rejected_BelowThreshold
13:14:55;837;RGBA(0.969, 0.619, 0.143, 0.000);-500000,00;1;0,00;RGBA(0.862, 0.583, 0.749, 0.000);Rejected_BelowThreshold
13:14:55;838;RGBA(0.969, 0.619, 0.143, 0.000);-500000,00;1;0,00;RGBA(0.862, 0.583, 0.749, 0.000);Rejected_BelowThreshold
13:14:55;839;RGBA(0.969, 0.619, 0.143, 0.000);-500000,00;1;0,00;RGBA(0.862, 0.583, 0.749, 0.000);Rejected_BelowThreshold
13:14:55;840;RGBA(0.969, 0.619, 0.143, 0.000);-500000,00;1;0,00;RGBA(0.862, 0.583, 0.749, 0.000);Rejected_BelowThreshold
13:14:55;841;RGBA(0.969, 0.619, 0.143, 0.000);-500000,00;1;0,00;RGBA(0.862, 0.583, 0.749, 0.000);Rejected_BelowThreshold
13:14:55;842;RGBA(0.969, 0.619, 0.143, 0.000);-500000,00;1;0,00;RGBA(0.862, 0.583, 0.749, 0.000);Rejected_BelowThreshold
13:14:55;843;RGBA(0.969, 0.619, 0.143, 0.000);-500000,00;1;0,00;RGBA(0.862, 0.583, 0.749, 0.000);Rejected_BelowThreshold
13:14:55;844;RGBA(0.969, 0.619, 0.143, 0.000);-500000,00;1;0,00;RGBA(0.862, 0.583, 0.749, 0.000);Rejected_BelowThreshold
13:14:55;845;RGBA(0.969, 0.619, 0.143, 0.000);-500000,00;1;0,00;RGBA(0.862, 0.583, 0.749, 0.000);Rejected_BelowThreshold
13:14:55;846;RGBA(0.969, 0.619, 0.143, 0.000);-500000,00;1;0,00;RGBA(0.862, 0.583, 0.749, 0.000);Rejected_BelowThreshold
13:14:55;847;RGBA(0.969, 0.619, 0.143, 0.000);-500000,00;1;0,00;RGBA(0.862, 0.583, 0.749, 0.000);Rejected_BelowThreshold
13:14:55;848;RGBA(0.969, 0.619, 0.143, 0.000);-500000,00;1;0,00;RGBA(0.862, 0.583, 0.749, 0.000);Rejected_BelowThreshold
13:14:55;849;RGBA(0.969, 0.619, 0.143, 0.000);-500000,00;1;0,00;RGBA(0.862, 0.583, 0.749, 0.000);Rejected_BelowThreshold
13:14:55;850;RGBA(0.969, 0.619, 0.143, 0.000);-500000,00;1;0,00;RGBA(0.862, 0.583, 0.749, 0.000);Rejected_BelowThreshold
13:14:55;851;RGBA(0.969, 0.619, 0.143, 0.000);-500000,00;1;0,00;RGBA(0.862, 0.583, 0.749, 0.000);Rejected_BelowThreshold
13:14:55;852;RGBA(0.969, 0.619, 0.143, 0.000);-500000,00;1;0,00;RGBA(0.862, 0.583, 0.749, 0.000);Rejected_BelowThreshold
13:14:55;853;RGBA(0.969, 0.619, 0.143, 0.000);-500000,00;1;0,00;RGBA(0.862, 0.583, 0.749, 0.000);Rejected_BelowThreshold
13:14:55;854;RGBA(0.969, 0.619, 0.143, 0.000);-500000,00;1;0,00;RGBA(0.862, 0.583, 0.749, 0.000);Rejected_BelowThreshold
13:14:55;855;RGBA(0.969, 0.619, 0.143, 0.000);-500000,00;1;0,00;RGBA(0.862, 0.583, 0.749, 0.000);Rejected_BelowThreshold
13:14:55;856;RGBA(0.969, 0.619, 0.143, 0.000);-500000,00;1;0,00;RGBA(0.862, 0.583, 0.749, 0.000);Rejected_BelowThreshold
13:14:55;857;RGBA(0.969, 0.619, 0.143, 0.000);-500000,00;1;0,00;RGBA(0.862, 0.583, 0.749, 0.000);Rejected_BelowThreshold
13:14:55;858;RGBA(0.969, 0.619, 0.143, 0.000);-500000,00;1;0,00;RGBA(0.862, 0.583, 0.749, 0.000);Rejected_BelowThreshold
13:14:55;859;RGBA(0.969, 0.619, 0.143, 0.000);-500000,00;1;0,00;RGBA(0.862, 0.583, 0.749, 0.000);Rejected_BelowThreshold
13:14:55;860;RGBA(0.969, 0.619, 0.143, 0.000);-500000,00;1;0,00;RGBA(0.862, 0.583, 0.749, 0.000);Rejected_BelowThreshold
13:14:55;861;RGBA(0.969, 0.619, 0.143, 0.000);-500000,00;1;0,00;RGBA(0.862, 0.583, 0.749, 0.000);Rejected_BelowThreshold
13:14:55;862;RGBA(0.969, 0.619, 0.143, 0.000);-500000,00;1;0,00;RGBA(0.862, 0.583, 0.749, 0.000);Rejected_BelowThreshold
13:14:55;863;RGBA(0.969, 0.619, 0.143, 0.000);-500000,00;1;0,00;RGBA(0.862, 0.583, 0.749, 0.000);Rejected_BelowThreshold
13:14:55;864;RGBA(0.969, 0.619, 0.143, 0.000);-500000,00;1;0,00;RGBA(0.862, 0.583, 0.749, 0.000);Rejected_BelowThreshold
13:14:55;865;RGBA(0.969, 0.619, 0.143, 0.000);-500000,00;1;0,00;RGBA(0.862, 0.583, 0.749, 0.000);Rejected_BelowThreshold
13:14:55;866;RGBA(0.969, 0.619, 0.143, 0.000);-500000,00;1;0,00;RGBA(0.862, 0.583, 0.749, 0.000);Rejected_BelowThreshold
13:14:55;867;RGBA(0.969, 0.619, 0.143, 0.000);-500000,00;1;0,00;RGBA(0.862, 0.583, 0.749, 0.000);Rejected_BelowThreshold
13:14:55;868;RGBA(0.969, 0.619, 0.143, 0.000);-500000,00;1;0,00;RGBA(0.862, 0.583, 0.749, 0.000);Rejected_BelowThreshold
13:14:55;869;RGBA(0.969, 0.619, 0.143, 0.000);-500000,00;1;0,00;RGBA(0.862, 0.583, 0.749, 0.000);Rejected_BelowThreshold
13:14:55;870;RGBA(0.969, 0.619, 0.143, 0.000);-500000,00;1;0,00;RGBA(0.862, 0.583, 0.749, 0.000);Rejected_BelowThreshold
13:14:55;871;RGBA(0.969, 0.619, 0.143, 0.000);-500000,00;1;0,00;RGBA(0.862, 0.583, 0.749, 0.000);Rejected_BelowThreshold
13:14:55;872;RGBA(0.969, 0.619, 0.143, 0.000);-500000,00;1;0,00;RGBA(0.862, 0.583, 0.749, 0.000);Rejected_BelowThreshold
13:14:55;873;RGBA(0.969, 0.619, 0.143, 0.000);-500000,00;1;0,00;RGBA(0.862, 0.583, 0.749, 0.000);Rejected_BelowThreshold
13:14:55;874;RGBA(0.969, 0.619, 0.143, 0.000);-500000,00;1;0,00;RGBA(0.862, 0.583, 0.749, 0.000);Rejected_BelowThreshold
13:14:55;875;RGBA(0.969, 0.619, 0.143, 0.000);-500000,00;1;0,00;RGBA(0.862, 0.583, 0.749, 0.000);Rejected_BelowThreshold
13:14:55;876;RGBA(0.969, 0.619, 0.143, 0.000);-500000,00;1;0,00;RGBA(0.862, 0.583, 0.749, 0.000);Rejected_BelowThreshold
13:14:55;877;RGBA(0.969, 0.619, 0.143, 0.000);-500000,00;1;0,00;RGBA(0.862, 0.583, 0.749, 0.000);Rejected_BelowThreshold
13:14:55;878;RGBA(0.969, 0.619, 0.143, 0.000);-500000,00;1;0,00;RGBA(0.862, 0.583, 0.749, 0.000);Rejected_BelowThreshold
13:14:55;879;RGBA(0.969, 0.619, 0.143, 0.000);-500000,00;1;0,00;RGBA(0.862, 0.583, 0.749, 0.000);Rejected_BelowThreshold
13:14:55;880;RGBA(0.969, 0.619, 0.143, 0.000);-500000,00;1;0,00;RGBA(0.862, 0.583, 0.749, 0.000);Rejected_BelowThreshold
13:14:55;881;RGBA(0.969, 0.619, 0.143, 0.000);-500000,00;1;0,00;RGBA(0.862, 0.583, 0.749, 0.000);Rejected_BelowThreshold
13:14:55;882;RGBA(0.969, 0.619, 0.143, 0.000);-500000,00;1;0,00;RGBA(0.862, 0.583, 0.749, 0.000);Rejected_BelowThreshold
13:14:55;883;RGBA(0.969, 0.619, 0.143, 0.000);-500000,00;1;0,00;RGBA(0.862, 0.583, 0.749, 0.000);Rejected_BelowThreshold
13:14:55;884;RGBA(0.969, 0.619, 0.143, 0.000);-500000,00;1;0,00;RGBA(0.862, 0.583, 0.749, 0.000);Rejected_BelowThreshold
13:14:55;885;RGBA(0.969, 0.619, 0.143, 0.000);-500000,00;1;0,00;RGBA(0.862, 0.583, 0.749, 0.000);Rejected_BelowThreshold
13:14:55;886;RGBA(0.969, 0.619, 0.143, 0.000);-500000,00;1;0,00;RGBA(0.862, 0.583, 0.749, 0.000);Rejected_BelowThreshold
13:14:55;887;RGBA(0.969, 0.619, 0.143, 0.000);-500000,00;1;0,00;RGBA(0.862, 0.583, 0.749, 0.000);Rejected_BelowThreshold
13:14:55;888;RGBA(0.969, 0.619, 0.143, 0.000);-500000,00;1;0,00;RGBA(0.862, 0.583, 0.749, 0.000);Rejected_BelowThreshold
13:14:55;889;RGBA(0.969, 0.619, 0.143, 0.000);-500000,00;1;0,00;RGBA(0.862, 0.583, 0.749, 0.000);Rejected_BelowThreshold
13:14:55;890;RGBA(0.969, 0.619, 0.143, 0.000);-500000,00;1;0,00;RGBA(0.862, 0.583, 0.749, 0.000);Rejected_BelowThreshold
13:14:55;891;RGBA(0.969, 0.619, 0.143, 0.000);-500000,00;1;0,00;RGBA(0.862, 0.583, 0.749, 0.000);Rejected_BelowThreshold
13:14:55;892;RGBA(0.969, 0.619, 0.143, 0.000);-500000,00;1;0,00;RGBA(0.862, 0.583, 0.749, 0.000);Rejected_BelowThreshold
13:14:55;893;RGBA(0.969, 0.619, 0.143, 0.000);-500000,00;1;0,00;RGBA(0.862, 0.583, 0.749, 0.000);Rejected_BelowThreshold
13:14:55;894;RGBA(0.969, 0.619, 0.143, 0.000);-500000,00;1;0,00;RGBA(0.862, 0.583, 0.749, 0.000);Rejected_BelowThreshold
13:14:55;895;RGBA(0.969, 0.619, 0.143, 0.000);-500000,00;1;0,00;RGBA(0.862, 0.583, 0.749, 0.000);Rejected_BelowThreshold
13:14:55;896;RGBA(0.969, 0.619, 0.143, 0.000);-500000,00;1;0,00;RGBA(0.862, 0.583, 0.749, 0.000);Rejected_BelowThreshold
13:14:55;897;RGBA(0.969, 0.619, 0.143, 0.000);-500000,00;1;0,00;RGBA(0.862, 0.583, 0.749, 0.000);Rejected_BelowThreshold
13:14:55;898;RGBA(0.969, 0.619, 0.143, 0.000);-500000,00;1;0,00;RGBA(0.862, 0.583, 0.749, 0.000);Rejected_BelowThreshold
13:14:55;899;RGBA(0.969, 0.619, 0.143, 0.000);-500000,00;1;0,00;RGBA(0.862, 0.583, 0.749, 0.000);Rejected_BelowThreshold
13:14:55;900;RGBA(0.969, 0.619, 0.143, 0.000);-500000,00;1;0,00;RGBA(0.862, 0.583, 0.749, 0.000);Rejected_BelowThreshold
13:14:55;901;RGBA(0.969, 0.619, 0.143, 0.000);-500000,00;1;0,00;RGBA(0.862, 0.583, 0.749, 0.000);Rejected_BelowThreshold
13:14:55;902;RGBA(0.969, 0.619, 0.143, 0.000);-500000,00;1;0,00;RGBA(0.862, 0.583, 0.749, 0.000);Rejected_BelowThreshold
13:14:55;903;RGBA(0.969, 0.619, 0.143, 0.000);-500000,00;1;0,00;RGBA(0.862, 0.583, 0.749, 0.000);Rejected_BelowThreshold
13:14:55;904;RGBA(0.969, 0.619, 0.143, 0.000);-500000,00;1;0,00;RGBA(0.862, 0.583, 0.749, 0.000);Rejected_BelowThreshold
13:14:55;905;RGBA(0.969, 0.619, 0.143, 0.000);-500000,00;1;0,00;RGBA(0.862, 0.583, 0.749, 0.000);Rejected_BelowThreshold
13:14:55;906;RGBA(0.969, 0.619, 0.143, 0.000);-500000,00;1;0,00;RGBA(0.862, 0.583, 0.749, 0.000);Rejected_BelowThreshold
13:14:55;907;RGBA(0.969, 0.619, 0.143, 0.000);-500000,00;1;0,00;RGBA(0.862, 0.583, 0.749, 0.000);Rejected_BelowThreshold
13:14:55;908;RGBA(0.969, 0.619, 0.143, 0.000);-500000,00;1;0,00;RGBA(0.862, 0.583, 0.749, 0.000);Rejected_BelowThreshold
13:14:55;909;RGBA(0.969, 0.619, 0.143, 0.000);-500000,00;1;0,00;RGBA(0.862, 0.583, 0.749, 0.000);Rejected_BelowThreshold
13:14:55;910;RGBA(0.969, 0.619, 0.143, 0.000);-500000,00;1;0,00;RGBA(0.862, 0.583, 0.749, 0.000);Rejected_BelowThreshold
13:14:55;911;RGBA(0.969, 0.619, 0.143, 0.000);-500000,00;1;0,00;RGBA(0.862, 0.583, 0.749, 0.000);Rejected_BelowThreshold
13:14:56;912;RGBA(0.969, 0.619, 0.143, 0.000);-500000,00;1;0,00;RGBA(0.862, 0.583, 0.749, 0.000);Rejected_BelowThreshold
13:14:56;913;RGBA(0.969, 0.619, 0.143, 0.000);-500000,00;1;0,00;RGBA(0.862, 0.583, 0.749, 0.000);Rejected_BelowThreshold
13:14:56;914;RGBA(0.969, 0.619, 0.143, 0.000);-500000,00;1;0,00;RGBA(0.862, 0.583, 0.749, 0.000);Rejected_BelowThreshold
13:14:56;915;RGBA(0.969, 0.619, 0.143, 0.000);-500000,00;1;0,00;RGBA(0.862, 0.583, 0.749, 0.000);Rejected_BelowThreshold
13:14:56;916;RGBA(0.969, 0.619, 0.143, 0.000);-500000,00;1;0,00;RGBA(0.862, 0.583, 0.749, 0.000);Rejected_BelowThreshold
13:14:56;917;RGBA(0.969, 0.619, 0.143, 0.000);-500000,00;1;0,00;RGBA(0.862, 0.583, 0.749, 0.000);Rejected_BelowThreshold
13:14:56;918;RGBA(0.969, 0.619, 0.143, 0.000);-500000,00;1;0,00;RGBA(0.862, 0.583, 0.749, 0.000);Rejected_BelowThreshold
13:14:56;919;RGBA(0.969, 0.619, 0.143, 0.000);-500000,00;1;0,00;RGBA(0.862, 0.583, 0.749, 0.000);Rejected_BelowThreshold
13:14:56;920;RGBA(0.969, 0.619, 0.143, 0.000);-500000,00;1;0,00;RGBA(0.862, 0.583, 0.749, 0.000);Rejected_BelowThreshold
13:14:56;921;RGBA(0.969, 0.619, 0.143, 0.000);-500000,00;1;0,00;RGBA(0.862, 0.583, 0.749, 0.000);Rejected_BelowThreshold
13:14:56;922;RGBA(0.969, 0.619, 0.143, 0.000);-500000,00;1;0,00;RGBA(0.862, 0.583, 0.749, 0.000);Rejected_BelowThreshold
13:14:56;923;RGBA(0.969, 0.619, 0.143, 0.000);-500000,00;1;0,00;RGBA(0.862, 0.583, 0.749, 0.000);Rejected_BelowThreshold
13:14:56;924;RGBA(0.969, 0.619, 0.143, 0.000);-500000,00;1;0,00;RGBA(0.862, 0.583, 0.749, 0.000);Rejected_BelowThreshold
13:14:56;925;RGBA(0.969, 0.619, 0.143, 0.000);-500000,00;1;0,00;RGBA(0.862, 0.583, 0.749, 0.000);Rejected_BelowThreshold
13:14:56;926;RGBA(0.969, 0.619, 0.143, 0.000);-500000,00;1;0,00;RGBA(0.862, 0.583, 0.749, 0.000);Rejected_BelowThreshold
13:14:56;927;RGBA(0.969, 0.619, 0.143, 0.000);-500000,00;1;0,00;RGBA(0.862, 0.583, 0.749, 0.000);Rejected_BelowThreshold
13:14:56;928;RGBA(0.969, 0.619, 0.143, 0.000);-500000,00;1;0,00;RGBA(0.862, 0.583, 0.749, 0.000);Rejected_BelowThreshold
13:14:56;929;RGBA(0.969, 0.619, 0.143, 0.000);-500000,00;1;0,00;RGBA(0.862, 0.583, 0.749, 0.000);Rejected_BelowThreshold
13:14:56;930;RGBA(0.969, 0.619, 0.143, 0.000);-500000,00;1;0,00;RGBA(0.862, 0.583, 0.749, 0.000);Rejected_BelowThreshold
13:14:56;931;RGBA(0.969, 0.619, 0.143, 0.000);-500000,00;1;0,00;RGBA(0.862, 0.583, 0.749, 0.000);Rejected_BelowThreshold
13:14:56;932;RGBA(0.969, 0.619, 0.143, 0.000);-500000,00;1;0,00;RGBA(0.862, 0.583, 0.749, 0.000);Rejected_BelowThreshold
13:14:56;933;RGBA(0.969, 0.619, 0.143, 0.000);-500000,00;1;0,00;RGBA(0.862, 0.583, 0.749, 0.000);Rejected_BelowThreshold
13:14:56;934;RGBA(0.969, 0.619, 0.143, 0.000);-500000,00;1;0,00;RGBA(0.862, 0.583, 0.749, 0.000);Rejected_BelowThreshold
13:14:56;935;RGBA(0.969, 0.619, 0.143, 0.000);-500000,00;1;0,00;RGBA(0.862, 0.583, 0.749, 0.000);Rejected_BelowThreshold
13:14:56;936;RGBA(0.969, 0.619, 0.143, 0.000);-500000,00;1;0,00;RGBA(0.862, 0.583, 0.749, 0.000);Rejected_BelowThreshold
13:14:56;937;RGBA(0.969, 0.619, 0.143, 0.000);-500000,00;1;0,00;RGBA(0.862, 0.583, 0.749, 0.000);Rejected_BelowThreshold
13:14:56;938;RGBA(0.969, 0.619, 0.143, 0.000);-500000,00;1;0,00;RGBA(0.862, 0.583, 0.749, 0.000);Rejected_BelowThreshold
13:14:56;939;RGBA(0.969, 0.619, 0.143, 0.000);-500000,00;1;0,00;RGBA(0.862, 0.583, 0.749, 0.000);Rejected_BelowThreshold
13:14:56;940;RGBA(0.969, 0.619, 0.143, 0.000);-500000,00;1;0,00;RGBA(0.862, 0.583, 0.749, 0.000);Rejected_BelowThreshold
13:14:56;941;RGBA(0.969, 0.619, 0.143, 0.000);-500000,00;1;0,00;RGBA(0.862, 0.583, 0.749, 0.000);Rejected_BelowThreshold
13:14:56;942;RGBA(0.969, 0.619, 0.143, 0.000);-500000,00;1;0,00;RGBA(0.862, 0.583, 0.749, 0.000);Rejected_BelowThreshold
13:14:56;943;RGBA(0.969, 0.619, 0.143, 0.000);-500000,00;1;0,00;RGBA(0.862, 0.583, 0.749, 0.000);Rejected_BelowThreshold
13:14:56;944;RGBA(0.969, 0.619, 0.143, 0.000);-500000,00;1;0,00;RGBA(0.862, 0.583, 0.749, 0.000);Rejected_BelowThreshold
13:14:56;945;RGBA(0.969, 0.619, 0.143, 0.000);-500000,00;1;0,00;RGBA(0.862, 0.583, 0.749, 0.000);Rejected_BelowThreshold
13:14:56;946;RGBA(0.969, 0.619, 0.143, 0.000);-500000,00;1;0,00;RGBA(0.862, 0.583, 0.749, 0.000);Rejected_BelowThreshold
13:14:56;947;RGBA(0.969, 0.619, 0.143, 0.000);-500000,00;1;0,00;RGBA(0.862, 0.583, 0.749, 0.000);Rejected_BelowThreshold
13:14:56;948;RGBA(0.969, 0.619, 0.143, 0.000);-500000,00;1;0,00;RGBA(0.862, 0.583, 0.749, 0.000);Rejected_BelowThreshold
13:14:56;949;RGBA(0.969, 0.619, 0.143, 0.000);-500000,00;1;0,00;RGBA(0.862, 0.583, 0.749, 0.000);Rejected_BelowThreshold
13:14:56;950;RGBA(0.969, 0.619, 0.143, 0.000);-500000,00;1;0,00;RGBA(0.862, 0.583, 0.749, 0.000);Rejected_BelowThreshold
13:14:56;951;RGBA(0.969, 0.619, 0.143, 0.000);-500000,00;1;0,00;RGBA(0.862, 0.583, 0.749, 0.000);Rejected_BelowThreshold
13:14:56;952;RGBA(0.969, 0.619, 0.143, 0.000);-500000,00;1;0,00;RGBA(0.862, 0.583, 0.749, 0.000);Rejected_BelowThreshold
13:14:56;953;RGBA(0.969, 0.619, 0.143, 0.000);-500000,00;1;0,00;RGBA(0.862, 0.583, 0.749, 0.000);Rejected_BelowThreshold
13:14:56;954;RGBA(0.969, 0.619, 0.143, 0.000);-500000,00;1;0,00;RGBA(0.862, 0.583, 0.749, 0.000);Rejected_BelowThreshold
13:14:56;955;RGBA(0.969, 0.619, 0.143, 0.000);-500000,00;1;0,00;RGBA(0.862, 0.583, 0.749, 0.000);Rejected_BelowThreshold
13:14:56;956;RGBA(0.969, 0.619, 0.143, 0.000);-500000,00;1;0,00;RGBA(0.862, 0.583, 0.749, 0.000);Rejected_BelowThreshold
13:14:56;957;RGBA(0.969, 0.619, 0.143, 0.000);-500000,00;1;0,00;RGBA(0.862, 0.583, 0.749, 0.000);Rejected_BelowThreshold
13:14:56;958;RGBA(0.969, 0.619, 0.143, 0.000);-500000,00;1;0,00;RGBA(0.862, 0.583, 0.749, 0.000);Rejected_BelowThreshold
13:14:56;959;RGBA(0.969, 0.619, 0.143, 0.000);-500000,00;1;0,00;RGBA(0.862, 0.583, 0.749, 0.000);Rejected_BelowThreshold
13:14:56;960;RGBA(0.969, 0.619, 0.143, 0.000);-500000,00;1;0,00;RGBA(0.862, 0.583, 0.749, 0.000);Rejected_BelowThreshold
13:14:56;961;RGBA(0.969, 0.619, 0.143, 0.000);-500000,00;1;0,00;RGBA(0.862, 0.583, 0.749, 0.000);Rejected_BelowThreshold
13:14:56;962;RGBA(0.969, 0.619, 0.143, 0.000);-500000,00;1;0,00;RGBA(0.862, 0.583, 0.749, 0.000);Rejected_BelowThreshold
13:14:56;963;RGBA(0.969, 0.619, 0.143, 0.000);-500000,00;1;0,00;RGBA(0.862, 0.583, 0.749, 0.000);Rejected_BelowThreshold
13:14:56;964;RGBA(0.969, 0.619, 0.143, 0.000);-500000,00;1;0,00;RGBA(0.862, 0.583, 0.749, 0.000);Rejected_BelowThreshold
13:14:56;965;RGBA(0.969, 0.619, 0.143, 0.000);-500000,00;1;0,00;RGBA(0.862, 0.583, 0.749, 0.000);Rejected_BelowThreshold
13:14:56;966;RGBA(0.969, 0.619, 0.143, 0.000);-500000,00;1;0,00;RGBA(0.862, 0.583, 0.749, 0.000);Rejected_BelowThreshold
13:14:56;967;RGBA(0.969, 0.619, 0.143, 0.000);-500000,00;1;0,00;RGBA(0.862, 0.583, 0.749, 0.000);Rejected_BelowThreshold
13:14:56;968;RGBA(0.969, 0.619, 0.143, 0.000);-500000,00;1;0,00;RGBA(0.862, 0.583, 0.749, 0.000);Rejected_BelowThreshold
13:14:56;969;RGBA(0.969, 0.619, 0.143, 0.000);-500000,00;1;0,00;RGBA(0.862, 0.583, 0.749, 0.000);Rejected_BelowThreshold
13:14:56;970;RGBA(0.969, 0.619, 0.143, 0.000);-500000,00;1;0,00;RGBA(0.862, 0.583, 0.749, 0.000);Rejected_BelowThreshold
13:14:56;971;RGBA(0.969, 0.619, 0.143, 0.000);-500000,00;1;0,00;RGBA(0.862, 0.583, 0.749, 0.000);Rejected_BelowThreshold
13:14:56;972;RGBA(0.969, 0.619, 0.143, 0.000);-500000,00;1;0,00;RGBA(0.862, 0.583, 0.749, 0.000);Rejected_BelowThreshold
13:14:56;973;RGBA(0.969, 0.619, 0.143, 0.000);-500000,00;1;0,00;RGBA(0.862, 0.583, 0.749, 0.000);Rejected_BelowThreshold
13:14:56;974;RGBA(0.969, 0.619, 0.143, 0.000);-500000,00;1;0,00;RGBA(0.862, 0.583, 0.749, 0.000);Rejected_BelowThreshold
13:14:56;975;RGBA(0.969, 0.619, 0.143, 0.000);-500000,00;1;0,00;RGBA(0.862, 0.583, 0.749, 0.000);Rejected_BelowThreshold
13:14:56;976;RGBA(0.969, 0.619, 0.143, 0.000);-500000,00;1;0,00;RGBA(0.862, 0.583, 0.749, 0.000);Rejected_BelowThreshold
13:14:56;977;RGBA(0.969, 0.619, 0.143, 0.000);-500000,00;1;0,00;RGBA(0.862, 0.583, 0.749, 0.000);Rejected_BelowThreshold
13:14:56;978;RGBA(0.969, 0.619, 0.143, 0.000);-500000,00;1;0,00;RGBA(0.862, 0.583, 0.749, 0.000);Rejected_BelowThreshold
13:14:56;979;RGBA(0.969, 0.619, 0.143, 0.000);-500000,00;1;0,00;RGBA(0.862, 0.583, 0.749, 0.000);Rejected_BelowThreshold
13:14:56;980;RGBA(0.969, 0.619, 0.143, 0.000);-500000,00;1;0,00;RGBA(0.862, 0.583, 0.749, 0.000);Rejected_BelowThreshold
13:14:56;981;RGBA(0.969, 0.619, 0.143, 0.000);-500000,00;1;0,00;RGBA(0.862, 0.583, 0.749, 0.000);Rejected_BelowThreshold
13:14:56;982;RGBA(0.969, 0.619, 0.143, 0.000);-500000,00;1;0,00;RGBA(0.862, 0.583, 0.749, 0.000);Rejected_BelowThreshold
13:14:56;983;RGBA(0.969, 0.619, 0.143, 0.000);-500000,00;1;0,00;RGBA(0.862, 0.583, 0.749, 0.000);Rejected_BelowThreshold
13:14:56;984;RGBA(0.969, 0.619, 0.143, 0.000);-500000,00;1;0,00;RGBA(0.862, 0.583, 0.749, 0.000);Rejected_BelowThreshold
13:14:56;985;RGBA(0.969, 0.619, 0.143, 0.000);-500000,00;1;0,00;RGBA(0.862, 0.583, 0.749, 0.000);Rejected_BelowThreshold
13:14:56;986;RGBA(0.969, 0.619, 0.143, 0.000);-500000,00;1;0,00;RGBA(0.862, 0.583, 0.749, 0.000);Rejected_BelowThreshold
13:14:56;987;RGBA(0.969, 0.619, 0.143, 0.000);-500000,00;1;0,00;RGBA(0.862, 0.583, 0.749, 0.000);Rejected_BelowThreshold
13:14:56;988;RGBA(0.969, 0.619, 0.143, 0.000);-500000,00;1;0,00;RGBA(0.862, 0.583, 0.749, 0.000);Rejected_BelowThreshold
13:14:56;989;RGBA(0.969, 0.619, 0.143, 0.000);-500000,00;1;0,00;RGBA(0.862, 0.583, 0.749, 0.000);Rejected_BelowThreshold
13:14:56;990;RGBA(0.969, 0.619, 0.143, 0.000);-500000,00;1;0,00;RGBA(0.862, 0.583, 0.749, 0.000);Rejected_BelowThreshold
13:14:57;991;RGBA(0.969, 0.619, 0.143, 0.000);-500000,00;1;0,00;RGBA(0.862, 0.583, 0.749, 0.000);Rejected_BelowThreshold
13:14:57;992;RGBA(0.969, 0.619, 0.143, 0.000);-500000,00;1;0,00;RGBA(0.862, 0.583, 0.749, 0.000);Rejected_BelowThreshold
13:14:57;993;RGBA(0.969, 0.619, 0.143, 0.000);-500000,00;1;0,00;RGBA(0.862, 0.583, 0.749, 0.000);Rejected_BelowThreshold
13:14:57;994;RGBA(0.969, 0.619, 0.143, 0.000);-500000,00;1;0,00;RGBA(0.862, 0.583, 0.749, 0.000);Rejected_BelowThreshold
13:14:57;995;RGBA(0.969, 0.619, 0.143, 0.000);-500000,00;1;0,00;RGBA(0.862, 0.583, 0.749, 0.000);Rejected_BelowThreshold
13:14:57;996;RGBA(0.969, 0.619, 0.143, 0.000);-500000,00;1;0,00;RGBA(0.862, 0.583, 0.749, 0.000);Rejected_BelowThreshold
13:14:57;997;RGBA(0.969, 0.619, 0.143, 0.000);-500000,00;1;0,00;RGBA(0.862, 0.583, 0.749, 0.000);Rejected_BelowThreshold
13:14:57;998;RGBA(0.969, 0.619, 0.143, 0.000);-500000,00;1;0,00;RGBA(0.862, 0.583, 0.749, 0.000);Rejected_BelowThreshold
13:14:57;999;RGBA(0.969, 0.619, 0.143, 0.000);-500000,00;1;0,00;RGBA(0.862, 0.583, 0.749, 0.000);Rejected_BelowThreshold
13:14:57;1000;RGBA(0.969, 0.619, 0.143, 0.000);-500000,00;1;0,00;RGBA(0.862, 0.583, 0.749, 0.000);Rejected_BelowThreshold
13:14:57;1001;RGBA(0.969, 0.619, 0.143, 0.000);-500000,00;1;0,00;RGBA(0.862, 0.583, 0.749, 0.000);Rejected_BelowThreshold
13:14:57;1002;RGBA(0.969, 0.619, 0.143, 0.000);-500000,00;1;0,00;RGBA(0.862, 0.583, 0.749, 0.000);Rejected_BelowThreshold
13:14:57;1003;RGBA(0.969, 0.619, 0.143, 0.000);-500000,00;1;0,00;RGBA(0.862, 0.583, 0.749, 0.000);Rejected_BelowThreshold
13:14:57;1004;RGBA(0.969, 0.619, 0.143, 0.000);-500000,00;1;0,00;RGBA(0.862, 0.583, 0.749, 0.000);Rejected_BelowThreshold
13:14:57;1005;RGBA(0.969, 0.619, 0.143, 0.000);-500000,00;1;0,00;RGBA(0.862, 0.583, 0.749, 0.000);Rejected_BelowThreshold
13:14:57;1006;RGBA(0.969, 0.619, 0.143, 0.000);-500000,00;1;0,00;RGBA(0.862, 0.583, 0.749, 0.000);Rejected_BelowThreshold
13:14:57;1007;RGBA(0.969, 0.619, 0.143, 0.000);-500000,00;1;0,00;RGBA(0.862, 0.583, 0.749, 0.000);Rejected_BelowThreshold
13:14:57;1008;RGBA(0.969, 0.619, 0.143, 0.000);-500000,00;1;0,00;RGBA(0.862, 0.583, 0.749, 0.000);Rejected_BelowThreshold
13:14:57;1009;RGBA(0.969, 0.619, 0.143, 0.000);-500000,00;1;0,00;RGBA(0.862, 0.583, 0.749, 0.000);Rejected_BelowThreshold
13:14:57;1010;RGBA(0.969, 0.619, 0.143, 0.000);-500000,00;1;0,00;RGBA(0.862, 0.583, 0.749, 0.000);Rejected_BelowThreshold
13:14:57;1011;RGBA(0.969, 0.619, 0.143, 0.000);-500000,00;1;0,00;RGBA(0.862, 0.583, 0.749, 0.000);Rejected_BelowThreshold
13:14:57;1012;RGBA(0.969, 0.619, 0.143, 0.000);-500000,00;1;0,00;RGBA(0.862, 0.583, 0.749, 0.000);Rejected_BelowThreshold
13:14:57;1013;RGBA(0.969, 0.619, 0.143, 0.000);-500000,00;1;0,00;RGBA(0.862, 0.583, 0.749, 0.000);Rejected_BelowThreshold
13:14:57;1014;RGBA(0.969, 0.619, 0.143, 0.000);-500000,00;1;0,00;RGBA(0.862, 0.583, 0.749, 0.000);Rejected_BelowThreshold
13:14:57;1015;RGBA(0.969, 0.619, 0.143, 0.000);-500000,00;1;0,00;RGBA(0.862, 0.583, 0.749, 0.000);Rejected_BelowThreshold
13:14:57;1016;RGBA(0.969, 0.619, 0.143, 0.000);-500000,00;1;0,00;RGBA(0.862, 0.583, 0.749, 0.000);Rejected_BelowThreshold
13:14:57;1017;RGBA(0.969, 0.619, 0.143, 0.000);-500000,00;1;0,00;RGBA(0.862, 0.583, 0.749, 0.000);Rejected_BelowThreshold
13:14:57;1018;RGBA(0.969, 0.619, 0.143, 0.000);-500000,00;1;0,00;RGBA(0.862, 0.583, 0.749, 0.000);Rejected_BelowThreshold
13:14:57;1019;RGBA(0.969, 0.619, 0.143, 0.000);-500000,00;1;0,00;RGBA(0.862, 0.583, 0.749, 0.000);Rejected_BelowThreshold
13:14:57;1020;RGBA(0.969, 0.619, 0.143, 0.000);-500000,00;1;0,00;RGBA(0.862, 0.583, 0.749, 0.000);Rejected_BelowThreshold
13:14:57;1021;RGBA(0.969, 0.619, 0.143, 0.000);-500000,00;1;0,00;RGBA(0.862, 0.583, 0.749, 0.000);Rejected_BelowThreshold
13:14:57;1022;RGBA(0.969, 0.619, 0.143, 0.000);-500000,00;1;0,00;RGBA(0.862, 0.583, 0.749, 0.000);Rejected_BelowThreshold
13:14:57;1023;RGBA(0.969, 0.619, 0.143, 0.000);-500000,00;1;0,00;RGBA(0.862, 0.583, 0.749, 0.000);Rejected_BelowThreshold
13:14:57;1024;RGBA(0.969, 0.619, 0.143, 0.000);-500000,00;1;0,00;RGBA(0.862, 0.583, 0.749, 0.000);Rejected_BelowThreshold
13:14:57;1025;RGBA(0.969, 0.619, 0.143, 0.000);-500000,00;1;0,00;RGBA(0.862, 0.583, 0.749, 0.000);Rejected_BelowThreshold
13:14:57;1026;RGBA(0.969, 0.619, 0.143, 0.000);-500000,00;1;0,00;RGBA(0.862, 0.583, 0.749, 0.000);Rejected_BelowThreshold
13:14:57;1027;RGBA(0.969, 0.619, 0.143, 0.000);-500000,00;1;0,00;RGBA(0.862, 0.583, 0.749, 0.000);Rejected_BelowThreshold
13:14:57;1028;RGBA(0.969, 0.619, 0.143, 0.000);-500000,00;1;0,00;RGBA(0.862, 0.583, 0.749, 0.000);Rejected_BelowThreshold
13:14:57;1029;RGBA(0.969, 0.619, 0.143, 0.000);-500000,00;1;0,00;RGBA(0.862, 0.583, 0.749, 0.000);Rejected_BelowThreshold
13:14:57;1030;RGBA(0.969, 0.619, 0.143, 0.000);-500000,00;1;0,00;RGBA(0.862, 0.583, 0.749, 0.000);Rejected_BelowThreshold
13:14:57;1031;RGBA(0.969, 0.619, 0.143, 0.000);-500000,00;1;0,00;RGBA(0.862, 0.583, 0.749, 0.000);Rejected_BelowThreshold
13:14:57;1032;RGBA(0.969, 0.619, 0.143, 0.000);-500000,00;1;0,00;RGBA(0.862, 0.583, 0.749, 0.000);Rejected_BelowThreshold
13:14:57;1033;RGBA(0.969, 0.619, 0.143, 0.000);-500000,00;1;0,00;RGBA(0.862, 0.583, 0.749, 0.000);Rejected_BelowThreshold
13:14:57;1034;RGBA(0.969, 0.619, 0.143, 0.000);-500000,00;1;0,00;RGBA(0.862, 0.583, 0.749, 0.000);Rejected_BelowThreshold
13:14:57;1035;RGBA(0.969, 0.619, 0.143, 0.000);-500000,00;1;0,00;RGBA(0.862, 0.583, 0.749, 0.000);Rejected_BelowThreshold
13:14:57;1036;RGBA(0.969, 0.619, 0.143, 0.000);-500000,00;1;0,00;RGBA(0.862, 0.583, 0.749, 0.000);Rejected_BelowThreshold
13:14:57;1037;RGBA(0.969, 0.619, 0.143, 0.000);-500000,00;1;0,00;RGBA(0.862, 0.583, 0.749, 0.000);Rejected_BelowThreshold
13:14:57;1038;RGBA(0.969, 0.619, 0.143, 0.000);-500000,00;1;0,00;RGBA(0.862, 0.583, 0.749, 0.000);Rejected_BelowThreshold
13:14:57;1039;RGBA(0.969, 0.619, 0.143, 0.000);-500000,00;1;0,00;RGBA(0.862, 0.583, 0.749, 0.000);Rejected_BelowThreshold
13:14:57;1040;RGBA(0.969, 0.619, 0.143, 0.000);-500000,00;1;0,00;RGBA(0.862, 0.583, 0.749, 0.000);Rejected_BelowThreshold
13:14:57;1041;RGBA(0.969, 0.619, 0.143, 0.000);-500000,00;1;0,00;RGBA(0.862, 0.583, 0.749, 0.000);Rejected_BelowThreshold
13:14:57;1042;RGBA(0.969, 0.619, 0.143, 0.000);-500000,00;1;0,00;RGBA(0.862, 0.583, 0.749, 0.000);Rejected_BelowThreshold
13:14:57;1043;RGBA(0.969, 0.619, 0.143, 0.000);-500000,00;1;0,00;RGBA(0.862, 0.583, 0.749, 0.000);Rejected_BelowThreshold
13:14:57;1044;RGBA(0.969, 0.619, 0.143, 0.000);-500000,00;1;0,00;RGBA(0.862, 0.583, 0.749, 0.000);Rejected_BelowThreshold
13:14:57;1045;RGBA(0.969, 0.619, 0.143, 0.000);-500000,00;1;0,00;RGBA(0.862, 0.583, 0.749, 0.000);Rejected_BelowThreshold
13:14:57;1046;RGBA(0.969, 0.619, 0.143, 0.000);-500000,00;1;0,00;RGBA(0.862, 0.583, 0.749, 0.000);Rejected_BelowThreshold
13:14:57;1047;RGBA(0.969, 0.619, 0.143, 0.000);-500000,00;1;0,00;RGBA(0.862, 0.583, 0.749, 0.000);Rejected_BelowThreshold
13:14:57;1048;RGBA(0.969, 0.619, 0.143, 0.000);-500000,00;1;0,00;RGBA(0.862, 0.583, 0.749, 0.000);Rejected_BelowThreshold
13:14:57;1049;RGBA(0.969, 0.619, 0.143, 0.000);-500000,00;1;0,00;RGBA(0.862, 0.583, 0.749, 0.000);Rejected_BelowThreshold
13:14:57;1050;RGBA(0.969, 0.619, 0.143, 0.000);-500000,00;1;0,00;RGBA(0.862, 0.583, 0.749, 0.000);Rejected_BelowThreshold
13:14:57;1051;RGBA(0.969, 0.619, 0.143, 0.000);-500000,00;1;0,00;RGBA(0.862, 0.583, 0.749, 0.000);Rejected_BelowThreshold
13:14:57;1052;RGBA(0.969, 0.619, 0.143, 0.000);-500000,00;1;0,00;RGBA(0.862, 0.583, 0.749, 0.000);Rejected_BelowThreshold
13:14:57;1053;RGBA(0.969, 0.619, 0.143, 0.000);-500000,00;1;0,00;RGBA(0.862, 0.583, 0.749, 0.000);Rejected_BelowThreshold
13:14:57;1054;RGBA(0.969, 0.619, 0.143, 0.000);-500000,00;1;0,00;RGBA(0.862, 0.583, 0.749, 0.000);Rejected_BelowThreshold
13:14:57;1055;RGBA(0.969, 0.619, 0.143, 0.000);-500000,00;1;0,00;RGBA(0.862, 0.583, 0.749, 0.000);Rejected_BelowThreshold
13:14:57;1056;RGBA(0.969, 0.619, 0.143, 0.000);-500000,00;1;0,00;RGBA(0.862, 0.583, 0.749, 0.000);Rejected_BelowThreshold
13:14:57;1057;RGBA(0.969, 0.619, 0.143, 0.000);-500000,00;1;0,00;RGBA(0.862, 0.583, 0.749, 0.000);Rejected_BelowThreshold
13:14:57;1058;RGBA(0.969, 0.619, 0.143, 0.000);-500000,00;1;0,00;RGBA(0.862, 0.583, 0.749, 0.000);Rejected_BelowThreshold
13:14:57;1059;RGBA(0.969, 0.619, 0.143, 0.000);-500000,00;1;0,00;RGBA(0.862, 0.583, 0.749, 0.000);Rejected_BelowThreshold
13:14:57;1060;RGBA(0.969, 0.619, 0.143, 0.000);-500000,00;1;0,00;RGBA(0.862, 0.583, 0.749, 0.000);Rejected_BelowThreshold
13:14:57;1061;RGBA(0.969, 0.619, 0.143, 0.000);-500000,00;1;0,00;RGBA(0.862, 0.583, 0.749, 0.000);Rejected_BelowThreshold
13:14:57;1062;RGBA(0.969, 0.619, 0.143, 0.000);-500000,00;1;0,00;RGBA(0.862, 0.583, 0.749, 0.000);Rejected_BelowThreshold
13:14:57;1063;RGBA(0.969, 0.619, 0.143, 0.000);-500000,00;1;0,00;RGBA(0.862, 0.583, 0.749, 0.000);Rejected_BelowThreshold
13:14:57;1064;RGBA(0.969, 0.619, 0.143, 0.000);-500000,00;1;0,00;RGBA(0.862, 0.583, 0.749, 0.000);Rejected_BelowThreshold
13:14:57;1065;RGBA(0.969, 0.619, 0.143, 0.000);-500000,00;1;0,00;RGBA(0.862, 0.583, 0.749, 0.000);Rejected_BelowThreshold
13:14:57;1066;RGBA(0.969, 0.619, 0.143, 0.000);-500000,00;1;0,00;RGBA(0.862, 0.583, 0.749, 0.000);Rejected_BelowThreshold
13:14:57;1067;RGBA(0.969, 0.619, 0.143, 0.000);-500000,00;1;0,00;RGBA(0.862, 0.583, 0.749, 0.000);Rejected_BelowThreshold
13:14:57;1068;RGBA(0.969, 0.619, 0.143, 0.000);-500000,00;1;0,00;RGBA(0.862, 0.583, 0.749, 0.000);Rejected_BelowThreshold
13:14:57;1069;RGBA(0.969, 0.619, 0.143, 0.000);-500000,00;1;0,00;RGBA(0.862, 0.583, 0.749, 0.000);Rejected_BelowThreshold
13:14:58;1070;RGBA(0.969, 0.619, 0.143, 0.000);-500000,00;1;0,00;RGBA(0.862, 0.583, 0.749, 0.000);Rejected_BelowThreshold
13:14:58;1071;RGBA(0.969, 0.619, 0.143, 0.000);-500000,00;1;0,00;RGBA(0.862, 0.583, 0.749, 0.000);Rejected_BelowThreshold
13:14:58;1072;RGBA(0.969, 0.619, 0.143, 0.000);-500000,00;1;0,00;RGBA(0.862, 0.583, 0.749, 0.000);Rejected_BelowThreshold
13:14:58;1073;RGBA(0.969, 0.619, 0.143, 0.000);-500000,00;1;0,00;RGBA(0.862, 0.583, 0.749, 0.000);Rejected_BelowThreshold
13:14:58;1074;RGBA(0.969, 0.619, 0.143, 0.000);-500000,00;1;0,00;RGBA(0.862, 0.583, 0.749, 0.000);Rejected_BelowThreshold
13:14:58;1075;RGBA(0.969, 0.619, 0.143, 0.000);-500000,00;1;0,00;RGBA(0.862, 0.583, 0.749, 0.000);Rejected_BelowThreshold
13:14:58;1076;RGBA(0.969, 0.619, 0.143, 0.000);-500000,00;1;0,00;RGBA(0.862, 0.583, 0.749, 0.000);Rejected_BelowThreshold
13:14:58;1077;RGBA(0.969, 0.619, 0.143, 0.000);-500000,00;1;0,00;RGBA(0.862, 0.583, 0.749, 0.000);Rejected_BelowThreshold
13:14:58;1078;RGBA(0.969, 0.619, 0.143, 0.000);-500000,00;1;0,00;RGBA(0.862, 0.583, 0.749, 0.000);Rejected_BelowThreshold
13:14:58;1079;RGBA(0.969, 0.619, 0.143, 0.000);-500000,00;1;0,00;RGBA(0.862, 0.583, 0.749, 0.000);Rejected_BelowThreshold
13:14:58;1080;RGBA(0.969, 0.619, 0.143, 0.000);-500000,00;1;0,00;RGBA(0.862, 0.583, 0.749, 0.000);Rejected_BelowThreshold
13:14:58;1081;RGBA(0.969, 0.619, 0.143, 0.000);-500000,00;1;0,00;RGBA(0.862, 0.583, 0.749, 0.000);Rejected_BelowThreshold
13:14:58;1082;RGBA(0.969, 0.619, 0.143, 0.000);-500000,00;1;0,00;RGBA(0.862, 0.583, 0.749, 0.000);Rejected_BelowThreshold
13:14:58;1083;RGBA(0.969, 0.619, 0.143, 0.000);-500000,00;1;0,00;RGBA(0.862, 0.583, 0.749, 0.000);Rejected_BelowThreshold
13:14:58;1084;RGBA(0.969, 0.619, 0.143, 0.000);-500000,00;1;0,00;RGBA(0.862, 0.583, 0.749, 0.000);Rejected_BelowThreshold
13:14:58;1085;RGBA(0.969, 0.619, 0.143, 0.000);-500000,00;1;0,00;RGBA(0.862, 0.583, 0.749, 0.000);Rejected_BelowThreshold
13:14:58;1086;RGBA(0.969, 0.619, 0.143, 0.000);-500000,00;1;0,00;RGBA(0.862, 0.583, 0.749, 0.000);Rejected_BelowThreshold
13:14:58;1087;RGBA(0.969, 0.619, 0.143, 0.000);-500000,00;1;0,00;RGBA(0.862, 0.583, 0.749, 0.000);Rejected_BelowThreshold
13:14:58;1088;RGBA(0.969, 0.619, 0.143, 0.000);-500000,00;1;0,00;RGBA(0.862, 0.583, 0.749, 0.000);Rejected_BelowThreshold
13:14:58;1089;RGBA(0.969, 0.619, 0.143, 0.000);-500000,00;1;0,00;RGBA(0.862, 0.583, 0.749, 0.000);Rejected_BelowThreshold
13:14:58;1090;RGBA(0.969, 0.619, 0.143, 0.000);-500000,00;1;0,00;RGBA(0.862, 0.583, 0.749, 0.000);Rejected_BelowThreshold
13:14:58;1091;RGBA(0.969, 0.619, 0.143, 0.000);-500000,00;1;0,00;RGBA(0.862, 0.583, 0.749, 0.000);Rejected_BelowThreshold
13:14:58;1092;RGBA(0.969, 0.619, 0.143, 0.000);-500000,00;1;0,00;RGBA(0.862, 0.583, 0.749, 0.000);Rejected_BelowThreshold
13:14:58;1093;RGBA(0.969, 0.619, 0.143, 0.000);-500000,00;1;0,00;RGBA(0.862, 0.583, 0.749, 0.000);Rejected_BelowThreshold
13:14:58;1094;RGBA(0.969, 0.619, 0.143, 0.000);-500000,00;1;0,00;RGBA(0.862, 0.583, 0.749, 0.000);Rejected_BelowThreshold
13:14:58;1095;RGBA(0.969, 0.619, 0.143, 0.000);-500000,00;1;0,00;RGBA(0.862, 0.583, 0.749, 0.000);Rejected_BelowThreshold
13:14:58;1096;RGBA(0.969, 0.619, 0.143, 0.000);-500000,00;1;0,00;RGBA(0.862, 0.583, 0.749, 0.000);Rejected_BelowThreshold
13:14:58;1097;RGBA(0.969, 0.619, 0.143, 0.000);-500000,00;1;0,00;RGBA(0.862, 0.583, 0.749, 0.000);Rejected_BelowThreshold
13:14:58;1098;RGBA(0.969, 0.619, 0.143, 0.000);-500000,00;1;0,00;RGBA(0.862, 0.583, 0.749, 0.000);Rejected_BelowThreshold
13:14:58;1099;RGBA(0.969, 0.619, 0.143, 0.000);-500000,00;1;0,00;RGBA(0.862, 0.583, 0.749, 0.000);Rejected_BelowThreshold
13:14:58;1100;RGBA(0.969, 0.619, 0.143, 0.000);-500000,00;1;0,00;RGBA(0.862, 0.583, 0.749, 0.000);Rejected_BelowThreshold
13:14:58;1101;RGBA(0.969, 0.619, 0.143, 0.000);-500000,00;1;0,00;RGBA(0.862, 0.583, 0.749, 0.000);Rejected_BelowThreshold
13:14:58;1102;RGBA(0.969, 0.619, 0.143, 0.000);-500000,00;1;0,00;RGBA(0.862, 0.583, 0.749, 0.000);Rejected_BelowThreshold
13:14:58;1103;RGBA(0.969, 0.619, 0.143, 0.000);-500000,00;1;0,00;RGBA(0.862, 0.583, 0.749, 0.000);Rejected_BelowThreshold
13:14:58;1104;RGBA(0.969, 0.619, 0.143, 0.000);-500000,00;1;0,00;RGBA(0.862, 0.583, 0.749, 0.000);Rejected_BelowThreshold
13:14:58;1105;RGBA(0.969, 0.619, 0.143, 0.000);-500000,00;1;0,00;RGBA(0.862, 0.583, 0.749, 0.000);Rejected_BelowThreshold
13:14:58;1106;RGBA(0.969, 0.619, 0.143, 0.000);-500000,00;1;0,00;RGBA(0.862, 0.583, 0.749, 0.000);Rejected_BelowThreshold
13:14:58;1107;RGBA(0.969, 0.619, 0.143, 0.000);-500000,00;1;0,00;RGBA(0.862, 0.583, 0.749, 0.000);Rejected_BelowThreshold
13:14:58;1108;RGBA(0.969, 0.619, 0.143, 0.000);-500000,00;1;0,00;RGBA(0.862, 0.583, 0.749, 0.000);Rejected_BelowThreshold
13:14:58;1109;RGBA(0.969, 0.619, 0.143, 0.000);-500000,00;1;0,00;RGBA(0.862, 0.583, 0.749, 0.000);Rejected_BelowThreshold
13:14:58;1110;RGBA(0.969, 0.619, 0.143, 0.000);-500000,00;1;0,00;RGBA(0.862, 0.583, 0.749, 0.000);Rejected_BelowThreshold
13:14:58;1111;RGBA(0.969, 0.619, 0.143, 0.000);-500000,00;1;0,00;RGBA(0.862, 0.583, 0.749, 0.000);Rejected_BelowThreshold
13:14:58;1112;RGBA(0.969, 0.619, 0.143, 0.000);-500000,00;1;0,00;RGBA(0.862, 0.583, 0.749, 0.000);Rejected_BelowThreshold
13:14:58;1113;RGBA(0.969, 0.619, 0.143, 0.000);-500000,00;1;0,00;RGBA(0.862, 0.583, 0.749, 0.000);Rejected_BelowThreshold
13:14:58;1114;RGBA(0.969, 0.619, 0.143, 0.000);-500000,00;1;0,00;RGBA(0.862, 0.583, 0.749, 0.000);Rejected_BelowThreshold
13:14:58;1115;RGBA(0.969, 0.619, 0.143, 0.000);-500000,00;1;0,00;RGBA(0.862, 0.583, 0.749, 0.000);Rejected_BelowThreshold
13:14:58;1116;RGBA(0.969, 0.619, 0.143, 0.000);-500000,00;1;0,00;RGBA(0.862, 0.583, 0.749, 0.000);Rejected_BelowThreshold
13:14:58;1117;RGBA(0.969, 0.619, 0.143, 0.000);-500000,00;1;0,00;RGBA(0.862, 0.583, 0.749, 0.000);Rejected_BelowThreshold
13:14:58;1118;RGBA(0.969, 0.619, 0.143, 0.000);-500000,00;1;0,00;RGBA(0.862, 0.583, 0.749, 0.000);Rejected_BelowThreshold
13:14:58;1119;RGBA(0.969, 0.619, 0.143, 0.000);-500000,00;1;0,00;RGBA(0.862, 0.583, 0.749, 0.000);Rejected_BelowThreshold
13:14:58;1120;RGBA(0.969, 0.619, 0.143, 0.000);-500000,00;1;0,00;RGBA(0.862, 0.583, 0.749, 0.000);Rejected_BelowThreshold
13:14:58;1121;RGBA(0.969, 0.619, 0.143, 0.000);-500000,00;1;0,00;RGBA(0.862, 0.583, 0.749, 0.000);Rejected_BelowThreshold
13:14:58;1122;RGBA(0.969, 0.619, 0.143, 0.000);-500000,00;1;0,00;RGBA(0.862, 0.583, 0.749, 0.000);Rejected_BelowThreshold
13:14:58;1123;RGBA(0.969, 0.619, 0.143, 0.000);-500000,00;1;0,00;RGBA(0.862, 0.583, 0.749, 0.000);Rejected_BelowThreshold
13:14:58;1124;RGBA(0.969, 0.619, 0.143, 0.000);-500000,00;1;0,00;RGBA(0.862, 0.583, 0.749, 0.000);Rejected_BelowThreshold
13:14:58;1125;RGBA(0.969, 0.619, 0.143, 0.000);-500000,00;1;0,00;RGBA(0.862, 0.583, 0.749, 0.000);Rejected_BelowThreshold
13:14:58;1126;RGBA(0.969, 0.619, 0.143, 0.000);-500000,00;1;0,00;RGBA(0.862, 0.583, 0.749, 0.000);Rejected_BelowThreshold
13:14:58;1127;RGBA(0.969, 0.619, 0.143, 0.000);-500000,00;1;0,00;RGBA(0.862, 0.583, 0.749, 0.000);Rejected_BelowThreshold
13:14:58;1128;RGBA(0.969, 0.619, 0.143, 0.000);-500000,00;1;0,00;RGBA(0.862, 0.583, 0.749, 0.000);Rejected_BelowThreshold
13:14:58;1129;RGBA(0.969, 0.619, 0.143, 0.000);-500000,00;1;0,00;RGBA(0.862, 0.583, 0.749, 0.000);Rejected_BelowThreshold
13:14:58;1130;RGBA(0.969, 0.619, 0.143, 0.000);-500000,00;1;0,00;RGBA(0.862, 0.583, 0.749, 0.000);Rejected_BelowThreshold
13:14:58;1131;RGBA(0.969, 0.619, 0.143, 0.000);-500000,00;1;0,00;RGBA(0.862, 0.583, 0.749, 0.000);Rejected_BelowThreshold
13:14:58;1132;RGBA(0.969, 0.619, 0.143, 0.000);-500000,00;1;0,00;RGBA(0.862, 0.583, 0.749, 0.000);Rejected_BelowThreshold
13:14:58;1133;RGBA(0.969, 0.619, 0.143, 0.000);-500000,00;1;0,00;RGBA(0.862, 0.583, 0.749, 0.000);Rejected_BelowThreshold
13:14:58;1134;RGBA(0.969, 0.619, 0.143, 0.000);-500000,00;1;0,00;RGBA(0.862, 0.583, 0.749, 0.000);Rejected_BelowThreshold
13:14:58;1135;RGBA(0.969, 0.619, 0.143, 0.000);-500000,00;1;0,00;RGBA(0.862, 0.583, 0.749, 0.000);Rejected_BelowThreshold
13:14:58;1136;RGBA(0.969, 0.619, 0.143, 0.000);-500000,00;1;0,00;RGBA(0.862, 0.583, 0.749, 0.000);Rejected_BelowThreshold
13:14:58;1137;RGBA(0.969, 0.619, 0.143, 0.000);-500000,00;1;0,00;RGBA(0.862, 0.583, 0.749, 0.000);Rejected_BelowThreshold
13:14:58;1138;RGBA(0.969, 0.619, 0.143, 0.000);-500000,00;1;0,00;RGBA(0.862, 0.583, 0.749, 0.000);Rejected_BelowThreshold
13:14:58;1139;RGBA(0.969, 0.619, 0.143, 0.000);-500000,00;1;0,00;RGBA(0.862, 0.583, 0.749, 0.000);Rejected_BelowThreshold
13:14:58;1140;RGBA(0.969, 0.619, 0.143, 0.000);-500000,00;1;0,00;RGBA(0.862, 0.583, 0.749, 0.000);Rejected_BelowThreshold
13:14:58;1141;RGBA(0.969, 0.619, 0.143, 0.000);-500000,00;1;0,00;RGBA(0.862, 0.583, 0.749, 0.000);Rejected_BelowThreshold
13:14:58;1142;RGBA(0.969, 0.619, 0.143, 0.000);-500000,00;1;0,00;RGBA(0.862, 0.583, 0.749, 0.000);Rejected_BelowThreshold
13:14:58;1143;RGBA(0.969, 0.619, 0.143, 0.000);-500000,00;1;0,00;RGBA(0.862, 0.583, 0.749, 0.000);Rejected_BelowThreshold
13:14:58;1144;RGBA(0.969, 0.619, 0.143, 0.000);-500000,00;1;0,00;RGBA(0.862, 0.583, 0.749, 0.000);Rejected_BelowThreshold
13:14:58;1145;RGBA(0.969, 0.619, 0.143, 0.000);-500000,00;1;0,00;RGBA(0.862, 0.583, 0.749, 0.000);Rejected_BelowThreshold
13:14:58;1146;RGBA(0.969, 0.619, 0.143, 0.000);-500000,00;1;0,00;RGBA(0.862, 0.583, 0.749, 0.000);Rejected_BelowThreshold
13:14:58;1147;RGBA(0.969, 0.619, 0.143, 0.000);-500000,00;1;0,00;RGBA(0.862, 0.583, 0.749, 0.000);Rejected_BelowThreshold
13:14:58;1148;RGBA(0.969, 0.619, 0.143, 0.000);-500000,00;1;0,00;RGBA(0.862, 0.583, 0.749, 0.000);Rejected_BelowThreshold
13:14:58;1149;RGBA(0.969, 0.619, 0.143, 0.000);-500000,00;1;0,00;RGBA(0.862, 0.583, 0.749, 0.000);Rejected_BelowThreshold
13:14:59;1150;RGBA(0.969, 0.619, 0.143, 0.000);-500000,00;1;0,00;RGBA(0.862, 0.583, 0.749, 0.000);Rejected_BelowThreshold
13:14:59;1151;RGBA(0.969, 0.619, 0.143, 0.000);-500000,00;1;0,00;RGBA(0.862, 0.583, 0.749, 0.000);Rejected_BelowThreshold
13:14:59;1152;RGBA(0.969, 0.619, 0.143, 0.000);-500000,00;1;0,00;RGBA(0.862, 0.583, 0.749, 0.000);Rejected_BelowThreshold
13:14:59;1153;RGBA(0.969, 0.619, 0.143, 0.000);-500000,00;1;0,00;RGBA(0.862, 0.583, 0.749, 0.000);Rejected_BelowThreshold
13:14:59;1154;RGBA(0.969, 0.619, 0.143, 0.000);-500000,00;1;0,00;RGBA(0.862, 0.583, 0.749, 0.000);Rejected_BelowThreshold
13:14:59;1155;RGBA(0.969, 0.619, 0.143, 0.000);-500000,00;1;0,00;RGBA(0.862, 0.583, 0.749, 0.000);Rejected_BelowThreshold
13:14:59;1156;RGBA(0.969, 0.619, 0.143, 0.000);-500000,00;1;0,00;RGBA(0.862, 0.583, 0.749, 0.000);Rejected_BelowThreshold
13:14:59;1157;RGBA(0.969, 0.619, 0.143, 0.000);-500000,00;1;0,00;RGBA(0.862, 0.583, 0.749, 0.000);Rejected_BelowThreshold
13:14:59;1158;RGBA(0.969, 0.619, 0.143, 0.000);-500000,00;1;0,00;RGBA(0.862, 0.583, 0.749, 0.000);Rejected_BelowThreshold
13:14:59;1159;RGBA(0.969, 0.619, 0.143, 0.000);-500000,00;1;0,00;RGBA(0.862, 0.583, 0.749, 0.000);Rejected_BelowThreshold
13:14:59;1160;RGBA(0.969, 0.619, 0.143, 0.000);-500000,00;1;0,00;RGBA(0.862, 0.583, 0.749, 0.000);Rejected_BelowThreshold
13:14:59;1161;RGBA(0.969, 0.619, 0.143, 0.000);-500000,00;1;0,00;RGBA(0.862, 0.583, 0.749, 0.000);Rejected_BelowThreshold
13:14:59;1162;RGBA(0.969, 0.619, 0.143, 0.000);-500000,00;1;0,00;RGBA(0.862, 0.583, 0.749, 0.000);Rejected_BelowThreshold
13:14:59;1163;RGBA(0.969, 0.619, 0.143, 0.000);-500000,00;1;0,00;RGBA(0.862, 0.583, 0.749, 0.000);Rejected_BelowThreshold
13:14:59;1164;RGBA(0.969, 0.619, 0.143, 0.000);-500000,00;1;0,00;RGBA(0.862, 0.583, 0.749, 0.000);Rejected_BelowThreshold
13:14:59;1165;RGBA(0.969, 0.619, 0.143, 0.000);-500000,00;1;0,00;RGBA(0.862, 0.583, 0.749, 0.000);Rejected_BelowThreshold
13:14:59;1166;RGBA(0.969, 0.619, 0.143, 0.000);-500000,00;1;0,00;RGBA(0.862, 0.583, 0.749, 0.000);Rejected_BelowThreshold
13:14:59;1167;RGBA(0.969, 0.619, 0.143, 0.000);-500000,00;1;0,00;RGBA(0.862, 0.583, 0.749, 0.000);Rejected_BelowThreshold
13:14:59;1168;RGBA(0.969, 0.619, 0.143, 0.000);-500000,00;1;0,00;RGBA(0.862, 0.583, 0.749, 0.000);Rejected_BelowThreshold
13:14:59;1169;RGBA(0.969, 0.619, 0.143, 0.000);-500000,00;1;0,00;RGBA(0.862, 0.583, 0.749, 0.000);Rejected_BelowThreshold
13:14:59;1170;RGBA(0.969, 0.619, 0.143, 0.000);-500000,00;1;0,00;RGBA(0.862, 0.583, 0.749, 0.000);Rejected_BelowThreshold
13:14:59;1171;RGBA(0.969, 0.619, 0.143, 0.000);-500000,00;1;0,00;RGBA(0.862, 0.583, 0.749, 0.000);Rejected_BelowThreshold
13:14:59;1172;RGBA(0.969, 0.619, 0.143, 0.000);-500000,00;1;0,00;RGBA(0.862, 0.583, 0.749, 0.000);Rejected_BelowThreshold
13:14:59;1173;RGBA(0.969, 0.619, 0.143, 0.000);-500000,00;1;0,00;RGBA(0.862, 0.583, 0.749, 0.000);Rejected_BelowThreshold
13:14:59;1174;RGBA(0.969, 0.619, 0.143, 0.000);-500000,00;1;0,00;RGBA(0.862, 0.583, 0.749, 0.000);Rejected_BelowThreshold
13:14:59;1175;RGBA(0.969, 0.619, 0.143, 0.000);-500000,00;1;0,00;RGBA(0.862, 0.583, 0.749, 0.000);Rejected_BelowThreshold
13:14:59;1176;RGBA(0.969, 0.619, 0.143, 0.000);-500000,00;1;0,00;RGBA(0.862, 0.583, 0.749, 0.000);Rejected_BelowThreshold
13:14:59;1177;RGBA(0.969, 0.619, 0.143, 0.000);-500000,00;1;0,00;RGBA(0.862, 0.583, 0.749, 0.000);Rejected_BelowThreshold
13:14:59;1178;RGBA(0.969, 0.619, 0.143, 0.000);-500000,00;1;0,00;RGBA(0.862, 0.583, 0.749, 0.000);Rejected_BelowThreshold
13:14:59;1179;RGBA(0.969, 0.619, 0.143, 0.000);-500000,00;1;0,00;RGBA(0.862, 0.583, 0.749, 0.000);Rejected_BelowThreshold
13:14:59;1180;RGBA(0.969, 0.619, 0.143, 0.000);-500000,00;1;0,00;RGBA(0.862, 0.583, 0.749, 0.000);Rejected_BelowThreshold
13:14:59;1181;RGBA(0.969, 0.619, 0.143, 0.000);-500000,00;1;0,00;RGBA(0.862, 0.583, 0.749, 0.000);Rejected_BelowThreshold
13:14:59;1182;RGBA(0.969, 0.619, 0.143, 0.000);-500000,00;1;0,00;RGBA(0.862, 0.583, 0.749, 0.000);Rejected_BelowThreshold
13:14:59;1183;RGBA(0.969, 0.619, 0.143, 0.000);-500000,00;1;0,00;RGBA(0.862, 0.583, 0.749, 0.000);Rejected_BelowThreshold
13:14:59;1184;RGBA(0.969, 0.619, 0.143, 0.000);-500000,00;1;0,00;RGBA(0.862, 0.583, 0.749, 0.000);Rejected_BelowThreshold
13:14:59;1185;RGBA(0.969, 0.619, 0.143, 0.000);-500000,00;1;0,00;RGBA(0.862, 0.583, 0.749, 0.000);Rejected_BelowThreshold
13:14:59;1186;RGBA(0.969, 0.619, 0.143, 0.000);-500000,00;1;0,00;RGBA(0.862, 0.583, 0.749, 0.000);Rejected_BelowThreshold
13:14:59;1187;RGBA(0.969, 0.619, 0.143, 0.000);-500000,00;1;0,00;RGBA(0.862, 0.583, 0.749, 0.000);Rejected_BelowThreshold
13:14:59;1188;RGBA(0.969, 0.619, 0.143, 0.000);-500000,00;1;0,00;RGBA(0.862, 0.583, 0.749, 0.000);Rejected_BelowThreshold
13:14:59;1189;RGBA(0.969, 0.619, 0.143, 0.000);-500000,00;1;0,00;RGBA(0.862, 0.583, 0.749, 0.000);Rejected_BelowThreshold
13:14:59;1190;RGBA(0.969, 0.619, 0.143, 0.000);-500000,00;1;0,00;RGBA(0.862, 0.583, 0.749, 0.000);Rejected_BelowThreshold
13:14:59;1191;RGBA(0.969, 0.619, 0.143, 0.000);-500000,00;1;0,00;RGBA(0.862, 0.583, 0.749, 0.000);Rejected_BelowThreshold
13:14:59;1192;RGBA(0.969, 0.619, 0.143, 0.000);-500000,00;1;0,00;RGBA(0.862, 0.583, 0.749, 0.000);Rejected_BelowThreshold
13:14:59;1193;RGBA(0.969, 0.619, 0.143, 0.000);-500000,00;1;0,00;RGBA(0.862, 0.583, 0.749, 0.000);Rejected_BelowThreshold
13:14:59;1194;RGBA(0.969, 0.619, 0.143, 0.000);-500000,00;1;0,00;RGBA(0.862, 0.583, 0.749, 0.000);Rejected_BelowThreshold
13:14:59;1195;RGBA(0.969, 0.619, 0.143, 0.000);-500000,00;1;0,00;RGBA(0.862, 0.583, 0.749, 0.000);Rejected_BelowThreshold
13:14:59;1196;RGBA(0.969, 0.619, 0.143, 0.000);-500000,00;1;0,00;RGBA(0.862, 0.583, 0.749, 0.000);Rejected_BelowThreshold
13:14:59;1197;RGBA(0.969, 0.619, 0.143, 0.000);-500000,00;1;0,00;RGBA(0.862, 0.583, 0.749, 0.000);Rejected_BelowThreshold
13:14:59;1198;RGBA(0.969, 0.619, 0.143, 0.000);-500000,00;1;0,00;RGBA(0.862, 0.583, 0.749, 0.000);Rejected_BelowThreshold
13:14:59;1199;RGBA(0.969, 0.619, 0.143, 0.000);-500000,00;1;0,00;RGBA(0.862, 0.583, 0.749, 0.000);Rejected_BelowThreshold
13:14:59;1200;RGBA(0.969, 0.619, 0.143, 0.000);-500000,00;1;0,00;RGBA(0.862, 0.583, 0.749, 0.000);Rejected_BelowThreshold
13:14:59;1201;RGBA(0.969, 0.619, 0.143, 0.000);-500000,00;1;0,00;RGBA(0.862, 0.583, 0.749, 0.000);Rejected_BelowThreshold
13:14:59;1202;RGBA(0.969, 0.619, 0.143, 0.000);-500000,00;1;0,00;RGBA(0.862, 0.583, 0.749, 0.000);Rejected_BelowThreshold
13:14:59;1203;RGBA(0.969, 0.619, 0.143, 0.000);-500000,00;1;0,00;RGBA(0.862, 0.583, 0.749, 0.000);Rejected_BelowThreshold
13:14:59;1204;RGBA(0.969, 0.619, 0.143, 0.000);-500000,00;1;0,00;RGBA(0.862, 0.583, 0.749, 0.000);Rejected_BelowThreshold
13:14:59;1205;RGBA(0.969, 0.619, 0.143, 0.000);-500000,00;1;0,00;RGBA(0.862, 0.583, 0.749, 0.000);Rejected_BelowThreshold
13:14:59;1206;RGBA(0.969, 0.619, 0.143, 0.000);-500000,00;1;0,00;RGBA(0.862, 0.583, 0.749, 0.000);Rejected_BelowThreshold
13:14:59;1207;RGBA(0.969, 0.619, 0.143, 0.000);-500000,00;1;0,00;RGBA(0.862, 0.583, 0.749, 0.000);Rejected_BelowThreshold
13:14:59;1208;RGBA(0.969, 0.619, 0.143, 0.000);-500000,00;1;0,00;RGBA(0.862, 0.583, 0.749, 0.000);Rejected_BelowThreshold
13:14:59;1209;RGBA(0.969, 0.619, 0.143, 0.000);-500000,00;1;0,00;RGBA(0.862, 0.583, 0.749, 0.000);Rejected_BelowThreshold
13:14:59;1210;RGBA(0.969, 0.619, 0.143, 0.000);-500000,00;1;0,00;RGBA(0.862, 0.583, 0.749, 0.000);Rejected_BelowThreshold
13:14:59;1211;RGBA(0.969, 0.619, 0.143, 0.000);-500000,00;1;0,00;RGBA(0.862, 0.583, 0.749, 0.000);Rejected_BelowThreshold
13:14:59;1212;RGBA(0.969, 0.619, 0.143, 0.000);-500000,00;1;0,00;RGBA(0.862, 0.583, 0.749, 0.000);Rejected_BelowThreshold
13:14:59;1213;RGBA(0.969, 0.619, 0.143, 0.000);-500000,00;1;0,00;RGBA(0.862, 0.583, 0.749, 0.000);Rejected_BelowThreshold
13:14:59;1214;RGBA(0.969, 0.619, 0.143, 0.000);-500000,00;1;0,00;RGBA(0.862, 0.583, 0.749, 0.000);Rejected_BelowThreshold
13:14:59;1215;RGBA(0.969, 0.619, 0.143, 0.000);-500000,00;1;0,00;RGBA(0.862, 0.583, 0.749, 0.000);Rejected_BelowThreshold
13:14:59;1216;RGBA(0.969, 0.619, 0.143, 0.000);-500000,00;1;0,00;RGBA(0.862, 0.583, 0.749, 0.000);Rejected_BelowThreshold
13:14:59;1217;RGBA(0.969, 0.619, 0.143, 0.000);-500000,00;1;0,00;RGBA(0.862, 0.583, 0.749, 0.000);Rejected_BelowThreshold
13:14:59;1218;RGBA(0.969, 0.619, 0.143, 0.000);-500000,00;1;0,00;RGBA(0.862, 0.583, 0.749, 0.000);Rejected_BelowThreshold
13:14:59;1219;RGBA(0.969, 0.619, 0.143, 0.000);-500000,00;1;0,00;RGBA(0.862, 0.583, 0.749, 0.000);Rejected_BelowThreshold
13:14:59;1220;RGBA(0.969, 0.619, 0.143, 0.000);-500000,00;1;0,00;RGBA(0.862, 0.583, 0.749, 0.000);Rejected_BelowThreshold
13:14:59;1221;RGBA(0.969, 0.619, 0.143, 0.000);-500000,00;1;0,00;RGBA(0.862, 0.583, 0.749, 0.000);Rejected_BelowThreshold
13:14:59;1222;RGBA(0.969, 0.619, 0.143, 0.000);-500000,00;1;0,00;RGBA(0.862, 0.583, 0.749, 0.000);Rejected_BelowThreshold
13:14:59;1223;RGBA(0.969, 0.619, 0.143, 0.000);-500000,00;1;0,00;RGBA(0.862, 0.583, 0.749, 0.000);Rejected_BelowThreshold
13:14:59;1224;RGBA(0.969, 0.619, 0.143, 0.000);-500000,00;1;0,00;RGBA(0.862, 0.583, 0.749, 0.000);Rejected_BelowThreshold
13:14:59;1225;RGBA(0.969, 0.619, 0.143, 0.000);-500000,00;1;0,00;RGBA(0.862, 0.583, 0.749, 0.000);Rejected_BelowThreshold
13:14:59;1226;RGBA(0.969, 0.619, 0.143, 0.000);-500000,00;1;0,00;RGBA(0.862, 0.583, 0.749, 0.000);Rejected_BelowThreshold
13:14:59;1227;RGBA(0.969, 0.619, 0.143, 0.000);-500000,00;1;0,00;RGBA(0.862, 0.583, 0.749, 0.000);Rejected_BelowThreshold
13:14:59;1228;RGBA(0.969, 0.619, 0.143, 0.000);-500000,00;1;0,00;RGBA(0.862, 0.583, 0.749, 0.000);Rejected_BelowThreshold
13:15:00;1229;RGBA(0.969, 0.619, 0.143, 0.000);-500000,00;1;0,00;RGBA(0.862, 0.583, 0.749, 0.000);Rejected_BelowThreshold
13:15:00;1230;RGBA(0.969, 0.619, 0.143, 0.000);-500000,00;1;0,00;RGBA(0.862, 0.583, 0.749, 0.000);Rejected_BelowThreshold
13:15:00;1231;RGBA(0.969, 0.619, 0.143, 0.000);-500000,00;1;0,00;RGBA(0.862, 0.583, 0.749, 0.000);Rejected_BelowThreshold
13:15:00;1232;RGBA(0.969, 0.619, 0.143, 0.000);-500000,00;1;0,00;RGBA(0.862, 0.583, 0.749, 0.000);Rejected_BelowThreshold
13:15:00;1233;RGBA(0.969, 0.619, 0.143, 0.000);-500000,00;1;0,00;RGBA(0.862, 0.583, 0.749, 0.000);Rejected_BelowThreshold
13:15:00;1234;RGBA(0.969, 0.619, 0.143, 0.000);-500000,00;1;0,00;RGBA(0.862, 0.583, 0.749, 0.000);Rejected_BelowThreshold
13:15:00;1235;RGBA(0.969, 0.619, 0.143, 0.000);-500000,00;1;0,00;RGBA(0.862, 0.583, 0.749, 0.000);Rejected_BelowThreshold
13:15:00;1236;RGBA(0.969, 0.619, 0.143, 0.000);-500000,00;1;0,00;RGBA(0.862, 0.583, 0.749, 0.000);Rejected_BelowThreshold
13:15:00;1237;RGBA(0.969, 0.619, 0.143, 0.000);-500000,00;1;0,00;RGBA(0.862, 0.583, 0.749, 0.000);Rejected_BelowThreshold
13:15:00;1238;RGBA(0.969, 0.619, 0.143, 0.000);-500000,00;1;0,00;RGBA(0.862, 0.583, 0.749, 0.000);Rejected_BelowThreshold
13:15:00;1239;RGBA(0.969, 0.619, 0.143, 0.000);-500000,00;1;0,00;RGBA(0.862, 0.583, 0.749, 0.000);Rejected_BelowThreshold
13:15:00;1240;RGBA(0.969, 0.619, 0.143, 0.000);-500000,00;1;0,00;RGBA(0.862, 0.583, 0.749, 0.000);Rejected_BelowThreshold
13:15:00;1241;RGBA(0.969, 0.619, 0.143, 0.000);-500000,00;1;0,00;RGBA(0.862, 0.583, 0.749, 0.000);Rejected_BelowThreshold
13:15:00;1242;RGBA(0.969, 0.619, 0.143, 0.000);-500000,00;1;0,00;RGBA(0.862, 0.583, 0.749, 0.000);Rejected_BelowThreshold
13:15:00;1243;RGBA(0.969, 0.619, 0.143, 0.000);-500000,00;1;0,00;RGBA(0.862, 0.583, 0.749, 0.000);Rejected_BelowThreshold
13:15:00;1244;RGBA(0.969, 0.619, 0.143, 0.000);-500000,00;1;0,00;RGBA(0.862, 0.583, 0.749, 0.000);Rejected_BelowThreshold
13:15:00;1245;RGBA(0.969, 0.619, 0.143, 0.000);-500000,00;1;0,00;RGBA(0.862, 0.583, 0.749, 0.000);Rejected_BelowThreshold
13:15:00;1246;RGBA(0.969, 0.619, 0.143, 0.000);-500000,00;1;0,00;RGBA(0.862, 0.583, 0.749, 0.000);Rejected_BelowThreshold
13:15:00;1247;RGBA(0.969, 0.619, 0.143, 0.000);-500000,00;1;0,00;RGBA(0.862, 0.583, 0.749, 0.000);Rejected_BelowThreshold
13:15:00;1248;RGBA(0.969, 0.619, 0.143, 0.000);-500000,00;1;0,00;RGBA(0.862, 0.583, 0.749, 0.000);Rejected_BelowThreshold
13:15:00;1249;RGBA(0.969, 0.619, 0.143, 0.000);-500000,00;1;0,00;RGBA(0.862, 0.583, 0.749, 0.000);Rejected_BelowThreshold
13:15:00;1250;RGBA(0.969, 0.619, 0.143, 0.000);-500000,00;1;0,00;RGBA(0.862, 0.583, 0.749, 0.000);Rejected_BelowThreshold
13:15:00;1251;RGBA(0.969, 0.619, 0.143, 0.000);-500000,00;1;0,00;RGBA(0.862, 0.583, 0.749, 0.000);Rejected_BelowThreshold
13:15:00;1252;RGBA(0.969, 0.619, 0.143, 0.000);-500000,00;1;0,00;RGBA(0.862, 0.583, 0.749, 0.000);Rejected_BelowThreshold
13:15:00;1253;RGBA(0.969, 0.619, 0.143, 0.000);-500000,00;1;0,00;RGBA(0.862, 0.583, 0.749, 0.000);Rejected_BelowThreshold
13:15:00;1254;RGBA(0.969, 0.619, 0.143, 0.000);-500000,00;1;0,00;RGBA(0.862, 0.583, 0.749, 0.000);Rejected_BelowThreshold
13:15:00;1255;RGBA(0.969, 0.619, 0.143, 0.000);-500000,00;1;0,00;RGBA(0.862, 0.583, 0.749, 0.000);Rejected_BelowThreshold
13:15:00;1256;RGBA(0.969, 0.619, 0.143, 0.000);-500000,00;1;0,00;RGBA(0.862, 0.583, 0.749, 0.000);Rejected_BelowThreshold
13:15:00;1257;RGBA(0.969, 0.619, 0.143, 0.000);-500000,00;1;0,00;RGBA(0.862, 0.583, 0.749, 0.000);Rejected_BelowThreshold
13:15:00;1258;RGBA(0.969, 0.619, 0.143, 0.000);-500000,00;1;0,00;RGBA(0.862, 0.583, 0.749, 0.000);Rejected_BelowThreshold
13:15:00;1259;RGBA(0.969, 0.619, 0.143, 0.000);-500000,00;1;0,00;RGBA(0.862, 0.583, 0.749, 0.000);Rejected_BelowThreshold
13:15:00;1260;RGBA(0.969, 0.619, 0.143, 0.000);-500000,00;1;0,00;RGBA(0.862, 0.583, 0.749, 0.000);Rejected_BelowThreshold
13:15:00;1261;RGBA(0.969, 0.619, 0.143, 0.000);-500000,00;1;0,00;RGBA(0.862, 0.583, 0.749, 0.000);Rejected_BelowThreshold
13:15:00;1262;RGBA(0.969, 0.619, 0.143, 0.000);-500000,00;1;0,00;RGBA(0.862, 0.583, 0.749, 0.000);Rejected_BelowThreshold
13:15:00;1263;RGBA(0.969, 0.619, 0.143, 0.000);-500000,00;1;0,00;RGBA(0.862, 0.583, 0.749, 0.000);Rejected_BelowThreshold
13:15:00;1264;RGBA(0.969, 0.619, 0.143, 0.000);-500000,00;1;0,00;RGBA(0.862, 0.583, 0.749, 0.000);Rejected_BelowThreshold
13:15:00;1265;RGBA(0.969, 0.619, 0.143, 0.000);-500000,00;1;0,00;RGBA(0.862, 0.583, 0.749, 0.000);Rejected_BelowThreshold
13:15:00;1266;RGBA(0.969, 0.619, 0.143, 0.000);-500000,00;1;0,00;RGBA(0.862, 0.583, 0.749, 0.000);Rejected_BelowThreshold
13:15:00;1267;RGBA(0.969, 0.619, 0.143, 0.000);-500000,00;1;0,00;RGBA(0.862, 0.583, 0.749, 0.000);Rejected_BelowThreshold
13:15:00;1268;RGBA(0.969, 0.619, 0.143, 0.000);-500000,00;1;0,00;RGBA(0.862, 0.583, 0.749, 0.000);Rejected_BelowThreshold
13:15:00;1269;RGBA(0.969, 0.619, 0.143, 0.000);-500000,00;1;0,00;RGBA(0.862, 0.583, 0.749, 0.000);Rejected_BelowThreshold
13:15:00;1270;RGBA(0.969, 0.619, 0.143, 0.000);-500000,00;1;0,00;RGBA(0.862, 0.583, 0.749, 0.000);Rejected_BelowThreshold
13:15:00;1271;RGBA(0.969, 0.619, 0.143, 0.000);-500000,00;1;0,00;RGBA(0.862, 0.583, 0.749, 0.000);Rejected_BelowThreshold
13:15:00;1272;RGBA(0.969, 0.619, 0.143, 0.000);-500000,00;1;0,00;RGBA(0.862, 0.583, 0.749, 0.000);Rejected_BelowThreshold
13:15:00;1273;RGBA(0.969, 0.619, 0.143, 0.000);-500000,00;1;0,00;RGBA(0.862, 0.583, 0.749, 0.000);Rejected_BelowThreshold
13:15:00;1274;RGBA(0.969, 0.619, 0.143, 0.000);-500000,00;1;0,00;RGBA(0.862, 0.583, 0.749, 0.000);Rejected_BelowThreshold
13:15:00;1275;RGBA(0.969, 0.619, 0.143, 0.000);-500000,00;1;0,00;RGBA(0.862, 0.583, 0.749, 0.000);Rejected_BelowThreshold
13:15:00;1276;RGBA(0.969, 0.619, 0.143, 0.000);-500000,00;1;0,00;RGBA(0.862, 0.583, 0.749, 0.000);Rejected_BelowThreshold
13:15:00;1277;RGBA(0.969, 0.619, 0.143, 0.000);-500000,00;1;0,00;RGBA(0.862, 0.583, 0.749, 0.000);Rejected_BelowThreshold
13:15:00;1278;RGBA(0.969, 0.619, 0.143, 0.000);-500000,00;1;0,00;RGBA(0.862, 0.583, 0.749, 0.000);Rejected_BelowThreshold
13:15:00;1279;RGBA(0.969, 0.619, 0.143, 0.000);-500000,00;1;0,00;RGBA(0.862, 0.583, 0.749, 0.000);Rejected_BelowThreshold
13:15:00;1280;RGBA(0.969, 0.619, 0.143, 0.000);-500000,00;1;0,00;RGBA(0.862, 0.583, 0.749, 0.000);Rejected_BelowThreshold
13:15:00;1281;RGBA(0.969, 0.619, 0.143, 0.000);-500000,00;1;0,00;RGBA(0.862, 0.583, 0.749, 0.000);Rejected_BelowThreshold
13:15:00;1282;RGBA(0.969, 0.619, 0.143, 0.000);-500000,00;1;0,00;RGBA(0.862, 0.583, 0.749, 0.000);Rejected_BelowThreshold
13:15:00;1283;RGBA(0.969, 0.619, 0.143, 0.000);-500000,00;1;0,00;RGBA(0.862, 0.583, 0.749, 0.000);Rejected_BelowThreshold
13:15:00;1284;RGBA(0.969, 0.619, 0.143, 0.000);-500000,00;1;0,00;RGBA(0.862, 0.583, 0.749, 0.000);Rejected_BelowThreshold
13:15:00;1285;RGBA(0.969, 0.619, 0.143, 0.000);-500000,00;1;0,00;RGBA(0.862, 0.583, 0.749, 0.000);Rejected_BelowThreshold
13:15:00;1286;RGBA(0.969, 0.619, 0.143, 0.000);-500000,00;1;0,00;RGBA(0.862, 0.583, 0.749, 0.000);Rejected_BelowThreshold
13:15:00;1287;RGBA(0.969, 0.619, 0.143, 0.000);-500000,00;1;0,00;RGBA(0.862, 0.583, 0.749, 0.000);Rejected_BelowThreshold
13:15:00;1288;RGBA(0.969, 0.619, 0.143, 0.000);-500000,00;1;0,00;RGBA(0.862, 0.583, 0.749, 0.000);Rejected_BelowThreshold
13:15:00;1289;RGBA(0.969, 0.619, 0.143, 0.000);-500000,00;1;0,00;RGBA(0.862, 0.583, 0.749, 0.000);Rejected_BelowThreshold
13:15:00;1290;RGBA(0.969, 0.619, 0.143, 0.000);-500000,00;1;0,00;RGBA(0.862, 0.583, 0.749, 0.000);Rejected_BelowThreshold
13:15:00;1291;RGBA(0.969, 0.619, 0.143, 0.000);-500000,00;1;0,00;RGBA(0.862, 0.583, 0.749, 0.000);Rejected_BelowThreshold
13:15:00;1292;RGBA(0.969, 0.619, 0.143, 0.000);-500000,00;1;0,00;RGBA(0.862, 0.583, 0.749, 0.000);Rejected_BelowThreshold
13:15:00;1293;RGBA(0.969, 0.619, 0.143, 0.000);-500000,00;1;0,00;RGBA(0.862, 0.583, 0.749, 0.000);Rejected_BelowThreshold
13:15:00;1294;RGBA(0.969, 0.619, 0.143, 0.000);-500000,00;1;0,00;RGBA(0.862, 0.583, 0.749, 0.000);Rejected_BelowThreshold
13:15:00;1295;RGBA(0.969, 0.619, 0.143, 0.000);-500000,00;1;0,00;RGBA(0.862, 0.583, 0.749, 0.000);Rejected_BelowThreshold
13:15:00;1296;RGBA(0.969, 0.619, 0.143, 0.000);-500000,00;1;0,00;RGBA(0.862, 0.583, 0.749, 0.000);Rejected_BelowThreshold
13:15:00;1297;RGBA(0.969, 0.619, 0.143, 0.000);-500000,00;1;0,00;RGBA(0.862, 0.583, 0.749, 0.000);Rejected_BelowThreshold
13:15:00;1298;RGBA(0.969, 0.619, 0.143, 0.000);-500000,00;1;0,00;RGBA(0.862, 0.583, 0.749, 0.000);Rejected_BelowThreshold
13:15:00;1299;RGBA(0.969, 0.619, 0.143, 0.000);-500000,00;1;0,00;RGBA(0.862, 0.583, 0.749, 0.000);Rejected_BelowThreshold
13:15:00;1300;RGBA(0.969, 0.619, 0.143, 0.000);-500000,00;1;0,00;RGBA(0.862, 0.583, 0.749, 0.000);Rejected_BelowThreshold
13:15:00;1301;RGBA(0.969, 0.619, 0.143, 0.000);-500000,00;1;0,00;RGBA(0.862, 0.583, 0.749, 0.000);Rejected_BelowThreshold
13:15:00;1302;RGBA(0.969, 0.619, 0.143, 0.000);-500000,00;1;0,00;RGBA(0.862, 0.583, 0.749, 0.000);Rejected_BelowThreshold
13:15:00;1303;RGBA(0.969, 0.619, 0.143, 0.000);-500000,00;1;0,00;RGBA(0.862, 0.583, 0.749, 0.000);Rejected_BelowThreshold
13:15:00;1304;RGBA(0.969, 0.619, 0.143, 0.000);-500000,00;1;0,00;RGBA(0.862, 0.583, 0.749, 0.000);Rejected_BelowThreshold
13:15:00;1305;RGBA(0.969, 0.619, 0.143, 0.000);-500000,00;1;0,00;RGBA(0.862, 0.583, 0.749, 0.000);Rejected_BelowThreshold
13:15:00;1306;RGBA(0.969, 0.619, 0.143, 0.000);-500000,00;1;0,00;RGBA(0.862, 0.583, 0.749, 0.000);Rejected_BelowThreshold
13:15:00;1307;RGBA(0.969, 0.619, 0.143, 0.000);-500000,00;1;0,00;RGBA(0.862, 0.583, 0.749, 0.000);Rejected_BelowThreshold
13:15:01;1308;RGBA(0.969, 0.619, 0.143, 0.000);-500000,00;1;0,00;RGBA(0.862, 0.583, 0.749, 0.000);Rejected_BelowThreshold
13:15:01;1309;RGBA(0.969, 0.619, 0.143, 0.000);-500000,00;1;0,00;RGBA(0.862, 0.583, 0.749, 0.000);Rejected_BelowThreshold
13:15:01;1310;RGBA(0.969, 0.619, 0.143, 0.000);-500000,00;1;0,00;RGBA(0.862, 0.583, 0.749, 0.000);Rejected_BelowThreshold
13:15:01;1311;RGBA(0.969, 0.619, 0.143, 0.000);-500000,00;1;0,00;RGBA(0.862, 0.583, 0.749, 0.000);Rejected_BelowThreshold
13:15:01;1312;RGBA(0.969, 0.619, 0.143, 0.000);-500000,00;1;0,00;RGBA(0.862, 0.583, 0.749, 0.000);Rejected_BelowThreshold
13:15:01;1313;RGBA(0.969, 0.619, 0.143, 0.000);-500000,00;1;0,00;RGBA(0.862, 0.583, 0.749, 0.000);Rejected_BelowThreshold
13:15:01;1314;RGBA(0.969, 0.619, 0.143, 0.000);-500000,00;1;0,00;RGBA(0.862, 0.583, 0.749, 0.000);Rejected_BelowThreshold
13:15:01;1315;RGBA(0.969, 0.619, 0.143, 0.000);-500000,00;1;0,00;RGBA(0.862, 0.583, 0.749, 0.000);Rejected_BelowThreshold
13:15:01;1316;RGBA(0.969, 0.619, 0.143, 0.000);-500000,00;1;0,00;RGBA(0.862, 0.583, 0.749, 0.000);Rejected_BelowThreshold
13:15:01;1317;RGBA(0.969, 0.619, 0.143, 0.000);-500000,00;1;0,00;RGBA(0.862, 0.583, 0.749, 0.000);Rejected_BelowThreshold
13:15:01;1318;RGBA(0.969, 0.619, 0.143, 0.000);-500000,00;1;0,00;RGBA(0.862, 0.583, 0.749, 0.000);Rejected_BelowThreshold
13:15:01;1319;RGBA(0.969, 0.619, 0.143, 0.000);-500000,00;1;0,00;RGBA(0.862, 0.583, 0.749, 0.000);Rejected_BelowThreshold
13:15:01;1320;RGBA(0.969, 0.619, 0.143, 0.000);-500000,00;1;0,00;RGBA(0.862, 0.583, 0.749, 0.000);Rejected_BelowThreshold
13:15:01;1321;RGBA(0.969, 0.619, 0.143, 0.000);-500000,00;1;0,00;RGBA(0.862, 0.583, 0.749, 0.000);Rejected_BelowThreshold
13:15:01;1322;RGBA(0.969, 0.619, 0.143, 0.000);-500000,00;1;0,00;RGBA(0.862, 0.583, 0.749, 0.000);Rejected_BelowThreshold
13:15:01;1323;RGBA(0.969, 0.619, 0.143, 0.000);-500000,00;1;0,00;RGBA(0.862, 0.583, 0.749, 0.000);Rejected_BelowThreshold
13:15:01;1324;RGBA(0.969, 0.619, 0.143, 0.000);-500000,00;1;0,00;RGBA(0.862, 0.583, 0.749, 0.000);Rejected_BelowThreshold
13:15:01;1325;RGBA(0.969, 0.619, 0.143, 0.000);-500000,00;1;0,00;RGBA(0.862, 0.583, 0.749, 0.000);Rejected_BelowThreshold
13:15:01;1326;RGBA(0.969, 0.619, 0.143, 0.000);-500000,00;1;0,00;RGBA(0.862, 0.583, 0.749, 0.000);Rejected_BelowThreshold
13:15:01;1327;RGBA(0.969, 0.619, 0.143, 0.000);-500000,00;1;0,00;RGBA(0.862, 0.583, 0.749, 0.000);Rejected_BelowThreshold
13:15:01;1328;RGBA(0.969, 0.619, 0.143, 0.000);-500000,00;1;0,00;RGBA(0.862, 0.583, 0.749, 0.000);Rejected_BelowThreshold
13:15:01;1329;RGBA(0.969, 0.619, 0.143, 0.000);-500000,00;1;0,00;RGBA(0.862, 0.583, 0.749, 0.000);Rejected_BelowThreshold
13:15:01;1330;RGBA(0.969, 0.619, 0.143, 0.000);-500000,00;1;0,00;RGBA(0.862, 0.583, 0.749, 0.000);Rejected_BelowThreshold
13:15:01;1331;RGBA(0.969, 0.619, 0.143, 0.000);-500000,00;1;0,00;RGBA(0.862, 0.583, 0.749, 0.000);Rejected_BelowThreshold
13:15:01;1332;RGBA(0.969, 0.619, 0.143, 0.000);-500000,00;1;0,00;RGBA(0.862, 0.583, 0.749, 0.000);Rejected_BelowThreshold
13:15:01;1333;RGBA(0.969, 0.619, 0.143, 0.000);-500000,00;1;0,00;RGBA(0.862, 0.583, 0.749, 0.000);Rejected_BelowThreshold
13:15:01;1334;RGBA(0.969, 0.619, 0.143, 0.000);-500000,00;1;0,00;RGBA(0.862, 0.583, 0.749, 0.000);Rejected_BelowThreshold
13:15:01;1335;RGBA(0.969, 0.619, 0.143, 0.000);-500000,00;1;0,00;RGBA(0.862, 0.583, 0.749, 0.000);Rejected_BelowThreshold
13:15:01;1336;RGBA(0.969, 0.619, 0.143, 0.000);-500000,00;1;0,00;RGBA(0.862, 0.583, 0.749, 0.000);Rejected_BelowThreshold
13:15:01;1337;RGBA(0.969, 0.619, 0.143, 0.000);-500000,00;1;0,00;RGBA(0.862, 0.583, 0.749, 0.000);Rejected_BelowThreshold
13:15:01;1338;RGBA(0.969, 0.619, 0.143, 0.000);-500000,00;1;0,00;RGBA(0.862, 0.583, 0.749, 0.000);Rejected_BelowThreshold
13:15:01;1339;RGBA(0.969, 0.619, 0.143, 0.000);-500000,00;1;0,00;RGBA(0.862, 0.583, 0.749, 0.000);Rejected_BelowThreshold
13:15:01;1340;RGBA(0.969, 0.619, 0.143, 0.000);-500000,00;1;0,00;RGBA(0.862, 0.583, 0.749, 0.000);Rejected_BelowThreshold
13:15:01;1341;RGBA(0.969, 0.619, 0.143, 0.000);-500000,00;1;0,00;RGBA(0.862, 0.583, 0.749, 0.000);Rejected_BelowThreshold
13:15:01;1342;RGBA(0.969, 0.619, 0.143, 0.000);-500000,00;1;0,00;RGBA(0.862, 0.583, 0.749, 0.000);Rejected_BelowThreshold
13:15:01;1343;RGBA(0.969, 0.619, 0.143, 0.000);-500000,00;1;0,00;RGBA(0.862, 0.583, 0.749, 0.000);Rejected_BelowThreshold
13:15:01;1344;RGBA(0.969, 0.619, 0.143, 0.000);-500000,00;1;0,00;RGBA(0.862, 0.583, 0.749, 0.000);Rejected_BelowThreshold
13:15:01;1345;RGBA(0.969, 0.619, 0.143, 0.000);-500000,00;1;0,00;RGBA(0.862, 0.583, 0.749, 0.000);Rejected_BelowThreshold
13:15:01;1346;RGBA(0.969, 0.619, 0.143, 0.000);-500000,00;1;0,00;RGBA(0.862, 0.583, 0.749, 0.000);Rejected_BelowThreshold
13:15:01;1347;RGBA(0.969, 0.619, 0.143, 0.000);-500000,00;1;0,00;RGBA(0.862, 0.583, 0.749, 0.000);Rejected_BelowThreshold
13:15:01;1348;RGBA(0.969, 0.619, 0.143, 0.000);-500000,00;1;0,00;RGBA(0.862, 0.583, 0.749, 0.000);Rejected_BelowThreshold
13:15:01;1349;RGBA(0.969, 0.619, 0.143, 0.000);-500000,00;1;0,00;RGBA(0.862, 0.583, 0.749, 0.000);Rejected_BelowThreshold
13:15:01;1350;RGBA(0.969, 0.619, 0.143, 0.000);-500000,00;1;0,00;RGBA(0.862, 0.583, 0.749, 0.000);Rejected_BelowThreshold
13:15:01;1351;RGBA(0.969, 0.619, 0.143, 0.000);-500000,00;1;0,00;RGBA(0.862, 0.583, 0.749, 0.000);Rejected_BelowThreshold
13:15:01;1352;RGBA(0.969, 0.619, 0.143, 0.000);-500000,00;1;0,00;RGBA(0.862, 0.583, 0.749, 0.000);Rejected_BelowThreshold
13:15:01;1353;RGBA(0.969, 0.619, 0.143, 0.000);-500000,00;1;0,00;RGBA(0.862, 0.583, 0.749, 0.000);Rejected_BelowThreshold
13:15:01;1354;RGBA(0.969, 0.619, 0.143, 0.000);-500000,00;1;0,00;RGBA(0.862, 0.583, 0.749, 0.000);Rejected_BelowThreshold
13:15:01;1355;RGBA(0.969, 0.619, 0.143, 0.000);-500000,00;1;0,00;RGBA(0.862, 0.583, 0.749, 0.000);Rejected_BelowThreshold
13:15:01;1356;RGBA(0.969, 0.619, 0.143, 0.000);-500000,00;1;0,00;RGBA(0.862, 0.583, 0.749, 0.000);Rejected_BelowThreshold
13:15:01;1357;RGBA(0.969, 0.619, 0.143, 0.000);-500000,00;1;0,00;RGBA(0.862, 0.583, 0.749, 0.000);Rejected_BelowThreshold
13:15:01;1358;RGBA(0.969, 0.619, 0.143, 0.000);-500000,00;1;0,00;RGBA(0.862, 0.583, 0.749, 0.000);Rejected_BelowThreshold
13:15:01;1359;RGBA(0.969, 0.619, 0.143, 0.000);-500000,00;1;0,00;RGBA(0.862, 0.583, 0.749, 0.000);Rejected_BelowThreshold
13:15:01;1360;RGBA(0.969, 0.619, 0.143, 0.000);-500000,00;1;0,00;RGBA(0.862, 0.583, 0.749, 0.000);Rejected_BelowThreshold
13:15:01;1361;RGBA(0.969, 0.619, 0.143, 0.000);-500000,00;1;0,00;RGBA(0.862, 0.583, 0.749, 0.000);Rejected_BelowThreshold
13:15:01;1362;RGBA(0.969, 0.619, 0.143, 0.000);-500000,00;1;0,00;RGBA(0.862, 0.583, 0.749, 0.000);Rejected_BelowThreshold
13:15:01;1363;RGBA(0.969, 0.619, 0.143, 0.000);-500000,00;1;0,00;RGBA(0.862, 0.583, 0.749, 0.000);Rejected_BelowThreshold
13:15:01;1364;RGBA(0.969, 0.619, 0.143, 0.000);-500000,00;1;0,00;RGBA(0.862, 0.583, 0.749, 0.000);Rejected_BelowThreshold
13:15:01;1365;RGBA(0.969, 0.619, 0.143, 0.000);-500000,00;1;0,00;RGBA(0.862, 0.583, 0.749, 0.000);Rejected_BelowThreshold
13:15:01;1366;RGBA(0.969, 0.619, 0.143, 0.000);-500000,00;1;0,00;RGBA(0.862, 0.583, 0.749, 0.000);Rejected_BelowThreshold
13:15:01;1367;RGBA(0.969, 0.619, 0.143, 0.000);-500000,00;1;0,00;RGBA(0.862, 0.583, 0.749, 0.000);Rejected_BelowThreshold
13:15:01;1368;RGBA(0.969, 0.619, 0.143, 0.000);-500000,00;1;0,00;RGBA(0.862, 0.583, 0.749, 0.000);Rejected_BelowThreshold
13:15:01;1369;RGBA(0.969, 0.619, 0.143, 0.000);-500000,00;1;0,00;RGBA(0.862, 0.583, 0.749, 0.000);Rejected_BelowThreshold
13:15:01;1370;RGBA(0.969, 0.619, 0.143, 0.000);-500000,00;1;0,00;RGBA(0.862, 0.583, 0.749, 0.000);Rejected_BelowThreshold
13:15:01;1371;RGBA(0.969, 0.619, 0.143, 0.000);-500000,00;1;0,00;RGBA(0.862, 0.583, 0.749, 0.000);Rejected_BelowThreshold
13:15:01;1372;RGBA(0.969, 0.619, 0.143, 0.000);-500000,00;1;0,00;RGBA(0.862, 0.583, 0.749, 0.000);Rejected_BelowThreshold
13:15:01;1373;RGBA(0.969, 0.619, 0.143, 0.000);-500000,00;1;0,00;RGBA(0.862, 0.583, 0.749, 0.000);Rejected_BelowThreshold
13:15:01;1374;RGBA(0.969, 0.619, 0.143, 0.000);-500000,00;1;0,00;RGBA(0.862, 0.583, 0.749, 0.000);Rejected_BelowThreshold
13:15:01;1375;RGBA(0.969, 0.619, 0.143, 0.000);-500000,00;1;0,00;RGBA(0.862, 0.583, 0.749, 0.000);Rejected_BelowThreshold
13:15:01;1376;RGBA(0.969, 0.619, 0.143, 0.000);-500000,00;1;0,00;RGBA(0.862, 0.583, 0.749, 0.000);Rejected_BelowThreshold
13:15:01;1377;RGBA(0.969, 0.619, 0.143, 0.000);-500000,00;1;0,00;RGBA(0.862, 0.583, 0.749, 0.000);Rejected_BelowThreshold
13:15:01;1378;RGBA(0.969, 0.619, 0.143, 0.000);-500000,00;1;0,00;RGBA(0.862, 0.583, 0.749, 0.000);Rejected_BelowThreshold
13:15:01;1379;RGBA(0.969, 0.619, 0.143, 0.000);-500000,00;1;0,00;RGBA(0.862, 0.583, 0.749, 0.000);Rejected_BelowThreshold
13:15:01;1380;RGBA(0.969, 0.619, 0.143, 0.000);-500000,00;1;0,00;RGBA(0.862, 0.583, 0.749, 0.000);Rejected_BelowThreshold
13:15:01;1381;RGBA(0.969, 0.619, 0.143, 0.000);-500000,00;1;0,00;RGBA(0.862, 0.583, 0.749, 0.000);Rejected_BelowThreshold
13:15:01;1382;RGBA(0.969, 0.619, 0.143, 0.000);-500000,00;1;0,00;RGBA(0.862, 0.583, 0.749, 0.000);Rejected_BelowThreshold
13:15:01;1383;RGBA(0.969, 0.619, 0.143, 0.000);-500000,00;1;0,00;RGBA(0.862, 0.583, 0.749, 0.000);Rejected_BelowThreshold
13:15:01;1384;RGBA(0.969, 0.619, 0.143, 0.000);-500000,00;1;0,00;RGBA(0.862, 0.583, 0.749, 0.000);Rejected_BelowThreshold
13:15:01;1385;RGBA(0.969, 0.619, 0.143, 0.000);-500000,00;1;0,00;RGBA(0.862, 0.583, 0.749, 0.000);Rejected_BelowThreshold
13:15:01;1386;RGBA(0.969, 0.619, 0.143, 0.000);-500000,00;1;0,00;RGBA(0.862, 0.583, 0.749, 0.000);Rejected_BelowThreshold
13:15:02;1387;RGBA(0.969, 0.619, 0.143, 0.000);-500000,00;1;0,00;RGBA(0.862, 0.583, 0.749, 0.000);Rejected_BelowThreshold
13:15:02;1388;RGBA(0.969, 0.619, 0.143, 0.000);-500000,00;1;0,00;RGBA(0.862, 0.583, 0.749, 0.000);Rejected_BelowThreshold
13:15:02;1389;RGBA(0.969, 0.619, 0.143, 0.000);-500000,00;1;0,00;RGBA(0.862, 0.583, 0.749, 0.000);Rejected_BelowThreshold
13:15:02;1390;RGBA(0.969, 0.619, 0.143, 0.000);-500000,00;1;0,00;RGBA(0.862, 0.583, 0.749, 0.000);Rejected_BelowThreshold
13:15:02;1391;RGBA(0.969, 0.619, 0.143, 0.000);-500000,00;1;0,00;RGBA(0.862, 0.583, 0.749, 0.000);Rejected_BelowThreshold
13:15:02;1392;RGBA(0.969, 0.619, 0.143, 0.000);-500000,00;1;0,00;RGBA(0.862, 0.583, 0.749, 0.000);Rejected_BelowThreshold
13:15:02;1393;RGBA(0.969, 0.619, 0.143, 0.000);-500000,00;1;0,00;RGBA(0.862, 0.583, 0.749, 0.000);Rejected_BelowThreshold
13:15:02;1394;RGBA(0.969, 0.619, 0.143, 0.000);-500000,00;1;0,00;RGBA(0.862, 0.583, 0.749, 0.000);Rejected_BelowThreshold
13:15:02;1395;RGBA(0.969, 0.619, 0.143, 0.000);-500000,00;1;0,00;RGBA(0.862, 0.583, 0.749, 0.000);Rejected_BelowThreshold
13:15:02;1396;RGBA(0.969, 0.619, 0.143, 0.000);-500000,00;1;0,00;RGBA(0.862, 0.583, 0.749, 0.000);Rejected_BelowThreshold
13:15:02;1397;RGBA(0.969, 0.619, 0.143, 0.000);-500000,00;1;0,00;RGBA(0.862, 0.583, 0.749, 0.000);Rejected_BelowThreshold
13:15:02;1398;RGBA(0.969, 0.619, 0.143, 0.000);-500000,00;1;0,00;RGBA(0.862, 0.583, 0.749, 0.000);Rejected_BelowThreshold
13:15:02;1399;RGBA(0.969, 0.619, 0.143, 0.000);-500000,00;1;0,00;RGBA(0.862, 0.583, 0.749, 0.000);Rejected_BelowThreshold
13:15:02;1400;RGBA(0.969, 0.619, 0.143, 0.000);-500000,00;1;0,00;RGBA(0.862, 0.583, 0.749, 0.000);Rejected_BelowThreshold
13:15:02;1401;RGBA(0.969, 0.619, 0.143, 0.000);-500000,00;1;0,00;RGBA(0.862, 0.583, 0.749, 0.000);Rejected_BelowThreshold
13:15:02;1402;RGBA(0.969, 0.619, 0.143, 0.000);-500000,00;1;0,00;RGBA(0.862, 0.583, 0.749, 0.000);Rejected_BelowThreshold
13:15:02;1403;RGBA(0.969, 0.619, 0.143, 0.000);-500000,00;1;0,00;RGBA(0.862, 0.583, 0.749, 0.000);Rejected_BelowThreshold
13:15:02;1404;RGBA(0.969, 0.619, 0.143, 0.000);-500000,00;1;0,00;RGBA(0.862, 0.583, 0.749, 0.000);Rejected_BelowThreshold
13:15:02;1405;RGBA(0.969, 0.619, 0.143, 0.000);-500000,00;1;0,00;RGBA(0.862, 0.583, 0.749, 0.000);Rejected_BelowThreshold
13:15:02;1406;RGBA(0.969, 0.619, 0.143, 0.000);-500000,00;1;0,00;RGBA(0.862, 0.583, 0.749, 0.000);Rejected_BelowThreshold
13:15:02;1407;RGBA(0.969, 0.619, 0.143, 0.000);-500000,00;1;0,00;RGBA(0.862, 0.583, 0.749, 0.000);Rejected_BelowThreshold
13:15:02;1408;RGBA(0.969, 0.619, 0.143, 0.000);-500000,00;1;0,00;RGBA(0.862, 0.583, 0.749, 0.000);Rejected_BelowThreshold
13:15:02;1409;RGBA(0.969, 0.619, 0.143, 0.000);-500000,00;1;0,00;RGBA(0.862, 0.583, 0.749, 0.000);Rejected_BelowThreshold
13:15:02;1410;RGBA(0.969, 0.619, 0.143, 0.000);-500000,00;1;0,00;RGBA(0.862, 0.583, 0.749, 0.000);Rejected_BelowThreshold
13:15:02;1411;RGBA(0.969, 0.619, 0.143, 0.000);-500000,00;1;0,00;RGBA(0.862, 0.583, 0.749, 0.000);Rejected_BelowThreshold
13:15:02;1412;RGBA(0.969, 0.619, 0.143, 0.000);-500000,00;1;0,00;RGBA(0.862, 0.583, 0.749, 0.000);Rejected_BelowThreshold
13:15:02;1413;RGBA(0.969, 0.619, 0.143, 0.000);-500000,00;1;0,00;RGBA(0.862, 0.583, 0.749, 0.000);Rejected_BelowThreshold
13:15:02;1414;RGBA(0.969, 0.619, 0.143, 0.000);-500000,00;1;0,00;RGBA(0.862, 0.583, 0.749, 0.000);Rejected_BelowThreshold
13:15:02;1415;RGBA(0.969, 0.619, 0.143, 0.000);-500000,00;1;0,00;RGBA(0.862, 0.583, 0.749, 0.000);Rejected_BelowThreshold
13:15:02;1416;RGBA(0.969, 0.619, 0.143, 0.000);-500000,00;1;0,00;RGBA(0.862, 0.583, 0.749, 0.000);Rejected_BelowThreshold
13:15:02;1417;RGBA(0.969, 0.619, 0.143, 0.000);-500000,00;1;0,00;RGBA(0.862, 0.583, 0.749, 0.000);Rejected_BelowThreshold
13:15:02;1418;RGBA(0.969, 0.619, 0.143, 0.000);-500000,00;1;0,00;RGBA(0.862, 0.583, 0.749, 0.000);Rejected_BelowThreshold
13:15:02;1419;RGBA(0.969, 0.619, 0.143, 0.000);-500000,00;1;0,00;RGBA(0.862, 0.583, 0.749, 0.000);Rejected_BelowThreshold
13:15:02;1420;RGBA(0.969, 0.619, 0.143, 0.000);-500000,00;1;0,00;RGBA(0.862, 0.583, 0.749, 0.000);Rejected_BelowThreshold
13:15:02;1421;RGBA(0.969, 0.619, 0.143, 0.000);-500000,00;1;0,00;RGBA(0.862, 0.583, 0.749, 0.000);Rejected_BelowThreshold
13:15:02;1422;RGBA(0.969, 0.619, 0.143, 0.000);-500000,00;1;0,00;RGBA(0.862, 0.583, 0.749, 0.000);Rejected_BelowThreshold
13:15:02;1423;RGBA(0.969, 0.619, 0.143, 0.000);-500000,00;1;0,00;RGBA(0.862, 0.583, 0.749, 0.000);Rejected_BelowThreshold
13:15:02;1424;RGBA(0.969, 0.619, 0.143, 0.000);-500000,00;1;0,00;RGBA(0.862, 0.583, 0.749, 0.000);Rejected_BelowThreshold
13:15:02;1425;RGBA(0.969, 0.619, 0.143, 0.000);-500000,00;1;0,00;RGBA(0.862, 0.583, 0.749, 0.000);Rejected_BelowThreshold
13:15:02;1426;RGBA(0.969, 0.619, 0.143, 0.000);-500000,00;1;0,00;RGBA(0.862, 0.583, 0.749, 0.000);Rejected_BelowThreshold
13:15:02;1427;RGBA(0.969, 0.619, 0.143, 0.000);-500000,00;1;0,00;RGBA(0.862, 0.583, 0.749, 0.000);Rejected_BelowThreshold
13:15:02;1428;RGBA(0.969, 0.619, 0.143, 0.000);-500000,00;1;0,00;RGBA(0.862, 0.583, 0.749, 0.000);Rejected_BelowThreshold
13:15:02;1429;RGBA(0.969, 0.619, 0.143, 0.000);-500000,00;1;0,00;RGBA(0.862, 0.583, 0.749, 0.000);Rejected_BelowThreshold
13:15:02;1430;RGBA(0.969, 0.619, 0.143, 0.000);-500000,00;1;0,00;RGBA(0.862, 0.583, 0.749, 0.000);Rejected_BelowThreshold
13:15:02;1431;RGBA(0.969, 0.619, 0.143, 0.000);-500000,00;1;0,00;RGBA(0.862, 0.583, 0.749, 0.000);Rejected_BelowThreshold
13:15:02;1432;RGBA(0.969, 0.619, 0.143, 0.000);-500000,00;1;0,00;RGBA(0.862, 0.583, 0.749, 0.000);Rejected_BelowThreshold
13:15:02;1433;RGBA(0.969, 0.619, 0.143, 0.000);-500000,00;1;0,00;RGBA(0.862, 0.583, 0.749, 0.000);Rejected_BelowThreshold
13:15:02;1434;RGBA(0.969, 0.619, 0.143, 0.000);-500000,00;1;0,00;RGBA(0.862, 0.583, 0.749, 0.000);Rejected_BelowThreshold
13:15:02;1435;RGBA(0.969, 0.619, 0.143, 0.000);-500000,00;1;0,00;RGBA(0.862, 0.583, 0.749, 0.000);Rejected_BelowThreshold
13:15:02;1436;RGBA(0.969, 0.619, 0.143, 0.000);-500000,00;1;0,00;RGBA(0.862, 0.583, 0.749, 0.000);Rejected_BelowThreshold
13:15:02;1437;RGBA(0.969, 0.619, 0.143, 0.000);-500000,00;1;0,00;RGBA(0.862, 0.583, 0.749, 0.000);Rejected_BelowThreshold
13:15:02;1438;RGBA(0.969, 0.619, 0.143, 0.000);-500000,00;1;0,00;RGBA(0.862, 0.583, 0.749, 0.000);Rejected_BelowThreshold
13:15:02;1439;RGBA(0.969, 0.619, 0.143, 0.000);-500000,00;1;0,00;RGBA(0.862, 0.583, 0.749, 0.000);Rejected_BelowThreshold
13:15:02;1440;RGBA(0.969, 0.619, 0.143, 0.000);-500000,00;1;0,00;RGBA(0.862, 0.583, 0.749, 0.000);Rejected_BelowThreshold
13:15:02;1441;RGBA(0.969, 0.619, 0.143, 0.000);-500000,00;1;0,00;RGBA(0.862, 0.583, 0.749, 0.000);Rejected_BelowThreshold
13:15:02;1442;RGBA(0.969, 0.619, 0.143, 0.000);-500000,00;1;0,00;RGBA(0.862, 0.583, 0.749, 0.000);Rejected_BelowThreshold
13:15:02;1443;RGBA(0.969, 0.619, 0.143, 0.000);-500000,00;1;0,00;RGBA(0.862, 0.583, 0.749, 0.000);Rejected_BelowThreshold
13:15:02;1444;RGBA(0.969, 0.619, 0.143, 0.000);-500000,00;1;0,00;RGBA(0.862, 0.583, 0.749, 0.000);Rejected_BelowThreshold
13:15:02;1445;RGBA(0.969, 0.619, 0.143, 0.000);-500000,00;1;0,00;RGBA(0.862, 0.583, 0.749, 0.000);Rejected_BelowThreshold
13:15:02;1446;RGBA(0.969, 0.619, 0.143, 0.000);-500000,00;1;0,00;RGBA(0.862, 0.583, 0.749, 0.000);Rejected_BelowThreshold
13:15:02;1447;RGBA(0.969, 0.619, 0.143, 0.000);-500000,00;1;0,00;RGBA(0.862, 0.583, 0.749, 0.000);Rejected_BelowThreshold
13:15:02;1448;RGBA(0.969, 0.619, 0.143, 0.000);-500000,00;1;0,00;RGBA(0.862, 0.583, 0.749, 0.000);Rejected_BelowThreshold
13:15:02;1449;RGBA(0.969, 0.619, 0.143, 0.000);-500000,00;1;0,00;RGBA(0.862, 0.583, 0.749, 0.000);Rejected_BelowThreshold
13:15:02;1450;RGBA(0.969, 0.619, 0.143, 0.000);-500000,00;1;0,00;RGBA(0.862, 0.583, 0.749, 0.000);Rejected_BelowThreshold
13:15:02;1451;RGBA(0.969, 0.619, 0.143, 0.000);-500000,00;1;0,00;RGBA(0.862, 0.583, 0.749, 0.000);Rejected_BelowThreshold
13:15:02;1452;RGBA(0.969, 0.619, 0.143, 0.000);-500000,00;1;0,00;RGBA(0.862, 0.583, 0.749, 0.000);Rejected_BelowThreshold
13:15:02;1453;RGBA(0.969, 0.619, 0.143, 0.000);-500000,00;1;0,00;RGBA(0.862, 0.583, 0.749, 0.000);Rejected_BelowThreshold
13:15:02;1454;RGBA(0.969, 0.619, 0.143, 0.000);-500000,00;1;0,00;RGBA(0.862, 0.583, 0.749, 0.000);Rejected_BelowThreshold
13:15:02;1455;RGBA(0.969, 0.619, 0.143, 0.000);-500000,00;1;0,00;RGBA(0.862, 0.583, 0.749, 0.000);Rejected_BelowThreshold
13:15:02;1456;RGBA(0.969, 0.619, 0.143, 0.000);-500000,00;1;0,00;RGBA(0.862, 0.583, 0.749, 0.000);Rejected_BelowThreshold
13:15:02;1457;RGBA(0.969, 0.619, 0.143, 0.000);-500000,00;1;0,00;RGBA(0.862, 0.583, 0.749, 0.000);Rejected_BelowThreshold
13:15:02;1458;RGBA(0.969, 0.619, 0.143, 0.000);-500000,00;1;0,00;RGBA(0.862, 0.583, 0.749, 0.000);Rejected_BelowThreshold
13:15:02;1459;RGBA(0.969, 0.619, 0.143, 0.000);-500000,00;1;0,00;RGBA(0.862, 0.583, 0.749, 0.000);Rejected_BelowThreshold
13:15:02;1460;RGBA(0.969, 0.619, 0.143, 0.000);-500000,00;1;0,00;RGBA(0.862, 0.583, 0.749, 0.000);Rejected_BelowThreshold
13:15:02;1461;RGBA(0.969, 0.619, 0.143, 0.000);-500000,00;1;0,00;RGBA(0.862, 0.583, 0.749, 0.000);Rejected_BelowThreshold
13:15:02;1462;RGBA(0.969, 0.619, 0.143, 0.000);-500000,00;1;0,00;RGBA(0.862, 0.583, 0.749, 0.000);Rejected_BelowThreshold
13:15:02;1463;RGBA(0.969, 0.619, 0.143, 0.000);-500000,00;1;0,00;RGBA(0.862, 0.583, 0.749, 0.000);Rejected_BelowThreshold
13:15:02;1464;RGBA(0.969, 0.619, 0.143, 0.000);-500000,00;1;0,00;RGBA(0.862, 0.583, 0.749, 0.000);Rejected_BelowThreshold
13:15:02;1465;RGBA(0.969, 0.619, 0.143, 0.000);-500000,00;1;0,00;RGBA(0.862, 0.583, 0.749, 0.000);Rejected_BelowThreshold
13:15:03;1466;RGBA(0.969, 0.619, 0.143, 0.000);-500000,00;1;0,00;RGBA(0.862, 0.583, 0.749, 0.000);Rejected_BelowThreshold
13:15:03;1467;RGBA(0.969, 0.619, 0.143, 0.000);-500000,00;1;0,00;RGBA(0.862, 0.583, 0.749, 0.000);Rejected_BelowThreshold
13:15:03;1468;RGBA(0.969, 0.619, 0.143, 0.000);-500000,00;1;0,00;RGBA(0.862, 0.583, 0.749, 0.000);Rejected_BelowThreshold
13:15:03;1469;RGBA(0.969, 0.619, 0.143, 0.000);-500000,00;1;0,00;RGBA(0.862, 0.583, 0.749, 0.000);Rejected_BelowThreshold
13:15:03;1470;RGBA(0.969, 0.619, 0.143, 0.000);-500000,00;1;0,00;RGBA(0.862, 0.583, 0.749, 0.000);Rejected_BelowThreshold
13:15:03;1471;RGBA(0.969, 0.619, 0.143, 0.000);-500000,00;1;0,00;RGBA(0.862, 0.583, 0.749, 0.000);Rejected_BelowThreshold
13:15:03;1472;RGBA(0.969, 0.619, 0.143, 0.000);-500000,00;1;0,00;RGBA(0.862, 0.583, 0.749, 0.000);Rejected_BelowThreshold
13:15:03;1473;RGBA(0.969, 0.619, 0.143, 0.000);-500000,00;1;0,00;RGBA(0.862, 0.583, 0.749, 0.000);Rejected_BelowThreshold
13:15:03;1474;RGBA(0.969, 0.619, 0.143, 0.000);-500000,00;1;0,00;RGBA(0.862, 0.583, 0.749, 0.000);Rejected_BelowThreshold
13:15:03;1475;RGBA(0.969, 0.619, 0.143, 0.000);-500000,00;1;0,00;RGBA(0.862, 0.583, 0.749, 0.000);Rejected_BelowThreshold
13:15:03;1476;RGBA(0.969, 0.619, 0.143, 0.000);-500000,00;1;0,00;RGBA(0.862, 0.583, 0.749, 0.000);Rejected_BelowThreshold
13:15:03;1477;RGBA(0.969, 0.619, 0.143, 0.000);-500000,00;1;0,00;RGBA(0.862, 0.583, 0.749, 0.000);Rejected_BelowThreshold
13:15:03;1478;RGBA(0.969, 0.619, 0.143, 0.000);-500000,00;1;0,00;RGBA(0.862, 0.583, 0.749, 0.000);Rejected_BelowThreshold
13:15:03;1479;RGBA(0.969, 0.619, 0.143, 0.000);-500000,00;1;0,00;RGBA(0.862, 0.583, 0.749, 0.000);Rejected_BelowThreshold
13:15:03;1480;RGBA(0.969, 0.619, 0.143, 0.000);-500000,00;1;0,00;RGBA(0.862, 0.583, 0.749, 0.000);Rejected_BelowThreshold
13:15:03;1481;RGBA(0.969, 0.619, 0.143, 0.000);-500000,00;1;0,00;RGBA(0.862, 0.583, 0.749, 0.000);Rejected_BelowThreshold
13:15:03;1482;RGBA(0.969, 0.619, 0.143, 0.000);-500000,00;1;0,00;RGBA(0.862, 0.583, 0.749, 0.000);Rejected_BelowThreshold
13:15:03;1483;RGBA(0.969, 0.619, 0.143, 0.000);-500000,00;1;0,00;RGBA(0.862, 0.583, 0.749, 0.000);Rejected_BelowThreshold
13:15:03;1484;RGBA(0.969, 0.619, 0.143, 0.000);-500000,00;1;0,00;RGBA(0.862, 0.583, 0.749, 0.000);Rejected_BelowThreshold
13:15:03;1485;RGBA(0.969, 0.619, 0.143, 0.000);-500000,00;1;0,00;RGBA(0.862, 0.583, 0.749, 0.000);Rejected_BelowThreshold
13:15:03;1486;RGBA(0.969, 0.619, 0.143, 0.000);-500000,00;1;0,00;RGBA(0.862, 0.583, 0.749, 0.000);Rejected_BelowThreshold
13:15:03;1487;RGBA(0.969, 0.619, 0.143, 0.000);-500000,00;1;0,00;RGBA(0.862, 0.583, 0.749, 0.000);Rejected_BelowThreshold
13:15:03;1488;RGBA(0.969, 0.619, 0.143, 0.000);-500000,00;1;0,00;RGBA(0.862, 0.583, 0.749, 0.000);Rejected_BelowThreshold
13:15:03;1489;RGBA(0.969, 0.619, 0.143, 0.000);-500000,00;1;0,00;RGBA(0.862, 0.583, 0.749, 0.000);Rejected_BelowThreshold
13:15:03;1490;RGBA(0.969, 0.619, 0.143, 0.000);-500000,00;1;0,00;RGBA(0.862, 0.583, 0.749, 0.000);Rejected_BelowThreshold
13:15:03;1491;RGBA(0.969, 0.619, 0.143, 0.000);-500000,00;1;0,00;RGBA(0.862, 0.583, 0.749, 0.000);Rejected_BelowThreshold
13:15:03;1492;RGBA(0.969, 0.619, 0.143, 0.000);-500000,00;1;0,00;RGBA(0.862, 0.583, 0.749, 0.000);Rejected_BelowThreshold
13:15:03;1493;RGBA(0.969, 0.619, 0.143, 0.000);-500000,00;1;0,00;RGBA(0.862, 0.583, 0.749, 0.000);Rejected_BelowThreshold
13:15:03;1494;RGBA(0.969, 0.619, 0.143, 0.000);-500000,00;1;0,00;RGBA(0.862, 0.583, 0.749, 0.000);Rejected_BelowThreshold
13:15:03;1495;RGBA(0.969, 0.619, 0.143, 0.000);-500000,00;1;0,00;RGBA(0.862, 0.583, 0.749, 0.000);Rejected_BelowThreshold
13:15:03;1496;RGBA(0.969, 0.619, 0.143, 0.000);-500000,00;1;0,00;RGBA(0.862, 0.583, 0.749, 0.000);Rejected_BelowThreshold
13:15:03;1497;RGBA(0.969, 0.619, 0.143, 0.000);-500000,00;1;0,00;RGBA(0.862, 0.583, 0.749, 0.000);Rejected_BelowThreshold
13:15:03;1498;RGBA(0.969, 0.619, 0.143, 0.000);-500000,00;1;0,00;RGBA(0.862, 0.583, 0.749, 0.000);Rejected_BelowThreshold
13:15:03;1499;RGBA(0.969, 0.619, 0.143, 0.000);-500000,00;1;0,00;RGBA(0.862, 0.583, 0.749, 0.000);Rejected_BelowThreshold
13:15:03;1500;RGBA(0.969, 0.619, 0.143, 0.000);-500000,00;1;0,00;RGBA(0.862, 0.583, 0.749, 0.000);Rejected_BelowThreshold
13:15:03;1501;RGBA(0.969, 0.619, 0.143, 0.000);-500000,00;1;0,00;RGBA(0.862, 0.583, 0.749, 0.000);Rejected_BelowThreshold
13:15:03;1502;RGBA(0.969, 0.619, 0.143, 0.000);-500000,00;1;0,00;RGBA(0.862, 0.583, 0.749, 0.000);Rejected_BelowThreshold
13:15:03;1503;RGBA(0.969, 0.619, 0.143, 0.000);-500000,00;1;0,00;RGBA(0.862, 0.583, 0.749, 0.000);Rejected_BelowThreshold
13:15:03;1504;RGBA(0.969, 0.619, 0.143, 0.000);-500000,00;1;0,00;RGBA(0.862, 0.583, 0.749, 0.000);Rejected_BelowThreshold
13:15:03;1505;RGBA(0.969, 0.619, 0.143, 0.000);-500000,00;1;0,00;RGBA(0.862, 0.583, 0.749, 0.000);Rejected_BelowThreshold
13:15:03;1506;RGBA(0.969, 0.619, 0.143, 0.000);-500000,00;1;0,00;RGBA(0.862, 0.583, 0.749, 0.000);Rejected_BelowThreshold
13:15:03;1507;RGBA(0.969, 0.619, 0.143, 0.000);-500000,00;1;0,00;RGBA(0.862, 0.583, 0.749, 0.000);Rejected_BelowThreshold
13:15:03;1508;RGBA(0.969, 0.619, 0.143, 0.000);-500000,00;1;0,00;RGBA(0.862, 0.583, 0.749, 0.000);Rejected_BelowThreshold
13:15:03;1509;RGBA(0.969, 0.619, 0.143, 0.000);-500000,00;1;0,00;RGBA(0.862, 0.583, 0.749, 0.000);Rejected_BelowThreshold
13:15:03;1510;RGBA(0.969, 0.619, 0.143, 0.000);-500000,00;1;0,00;RGBA(0.862, 0.583, 0.749, 0.000);Rejected_BelowThreshold
13:15:03;1511;RGBA(0.969, 0.619, 0.143, 0.000);-500000,00;1;0,00;RGBA(0.862, 0.583, 0.749, 0.000);Rejected_BelowThreshold
13:15:03;1512;RGBA(0.969, 0.619, 0.143, 0.000);-500000,00;1;0,00;RGBA(0.862, 0.583, 0.749, 0.000);Rejected_BelowThreshold
13:15:03;1513;RGBA(0.969, 0.619, 0.143, 0.000);-500000,00;1;0,00;RGBA(0.862, 0.583, 0.749, 0.000);Rejected_BelowThreshold
13:15:03;1514;RGBA(0.969, 0.619, 0.143, 0.000);-500000,00;1;0,00;RGBA(0.862, 0.583, 0.749, 0.000);Rejected_BelowThreshold
13:15:03;1515;RGBA(0.969, 0.619, 0.143, 0.000);-500000,00;1;0,00;RGBA(0.862, 0.583, 0.749, 0.000);Rejected_BelowThreshold
13:15:03;1516;RGBA(0.969, 0.619, 0.143, 0.000);-500000,00;1;0,00;RGBA(0.862, 0.583, 0.749, 0.000);Rejected_BelowThreshold
13:15:03;1517;RGBA(0.969, 0.619, 0.143, 0.000);-500000,00;1;0,00;RGBA(0.862, 0.583, 0.749, 0.000);Rejected_BelowThreshold
13:15:03;1518;RGBA(0.969, 0.619, 0.143, 0.000);-500000,00;1;0,00;RGBA(0.862, 0.583, 0.749, 0.000);Rejected_BelowThreshold
13:15:03;1519;RGBA(0.969, 0.619, 0.143, 0.000);-500000,00;1;0,00;RGBA(0.862, 0.583, 0.749, 0.000);Rejected_BelowThreshold
13:15:03;1520;RGBA(0.969, 0.619, 0.143, 0.000);-500000,00;1;0,00;RGBA(0.862, 0.583, 0.749, 0.000);Rejected_BelowThreshold
13:15:03;1521;RGBA(0.969, 0.619, 0.143, 0.000);-500000,00;1;0,00;RGBA(0.862, 0.583, 0.749, 0.000);Rejected_BelowThreshold
13:15:03;1522;RGBA(0.969, 0.619, 0.143, 0.000);-500000,00;1;0,00;RGBA(0.862, 0.583, 0.749, 0.000);Rejected_BelowThreshold
13:15:03;1523;RGBA(0.969, 0.619, 0.143, 0.000);-500000,00;1;0,00;RGBA(0.862, 0.583, 0.749, 0.000);Rejected_BelowThreshold
13:15:03;1524;RGBA(0.969, 0.619, 0.143, 0.000);-500000,00;1;0,00;RGBA(0.862, 0.583, 0.749, 0.000);Rejected_BelowThreshold
13:15:03;1525;RGBA(0.969, 0.619, 0.143, 0.000);-500000,00;1;0,00;RGBA(0.862, 0.583, 0.749, 0.000);Rejected_BelowThreshold
13:15:03;1526;RGBA(0.969, 0.619, 0.143, 0.000);-500000,00;1;0,00;RGBA(0.862, 0.583, 0.749, 0.000);Rejected_BelowThreshold
13:15:03;1527;RGBA(0.969, 0.619, 0.143, 0.000);-500000,00;1;0,00;RGBA(0.862, 0.583, 0.749, 0.000);Rejected_BelowThreshold
13:15:03;1528;RGBA(0.969, 0.619, 0.143, 0.000);-500000,00;1;0,00;RGBA(0.862, 0.583, 0.749, 0.000);Rejected_BelowThreshold
13:15:03;1529;RGBA(0.969, 0.619, 0.143, 0.000);-500000,00;1;0,00;RGBA(0.862, 0.583, 0.749, 0.000);Rejected_BelowThreshold
13:15:03;1530;RGBA(0.969, 0.619, 0.143, 0.000);-500000,00;1;0,00;RGBA(0.862, 0.583, 0.749, 0.000);Rejected_BelowThreshold
13:15:03;1531;RGBA(0.969, 0.619, 0.143, 0.000);-500000,00;1;0,00;RGBA(0.862, 0.583, 0.749, 0.000);Rejected_BelowThreshold
13:15:03;1532;RGBA(0.969, 0.619, 0.143, 0.000);-500000,00;1;0,00;RGBA(0.862, 0.583, 0.749, 0.000);Rejected_BelowThreshold
13:15:03;1533;RGBA(0.969, 0.619, 0.143, 0.000);-500000,00;1;0,00;RGBA(0.862, 0.583, 0.749, 0.000);Rejected_BelowThreshold
13:15:03;1534;RGBA(0.969, 0.619, 0.143, 0.000);-500000,00;1;0,00;RGBA(0.862, 0.583, 0.749, 0.000);Rejected_BelowThreshold
13:15:03;1535;RGBA(0.969, 0.619, 0.143, 0.000);-500000,00;1;0,00;RGBA(0.862, 0.583, 0.749, 0.000);Rejected_BelowThreshold
13:15:03;1536;RGBA(0.969, 0.619, 0.143, 0.000);-500000,00;1;0,00;RGBA(0.862, 0.583, 0.749, 0.000);Rejected_BelowThreshold
13:15:03;1537;RGBA(0.969, 0.619, 0.143, 0.000);-500000,00;1;0,00;RGBA(0.862, 0.583, 0.749, 0.000);Rejected_BelowThreshold
13:15:03;1538;RGBA(0.969, 0.619, 0.143, 0.000);-500000,00;1;0,00;RGBA(0.862, 0.583, 0.749, 0.000);Rejected_BelowThreshold
13:15:03;1539;RGBA(0.969, 0.619, 0.143, 0.000);-500000,00;1;0,00;RGBA(0.862, 0.583, 0.749, 0.000);Rejected_BelowThreshold
13:15:03;1540;RGBA(0.969, 0.619, 0.143, 0.000);-500000,00;1;0,00;RGBA(0.862, 0.583, 0.749, 0.000);Rejected_BelowThreshold
13:15:03;1541;RGBA(0.969, 0.619, 0.143, 0.000);-500000,00;1;0,00;RGBA(0.862, 0.583, 0.749, 0.000);Rejected_BelowThreshold
13:15:03;1542;RGBA(0.969, 0.619, 0.143, 0.000);-500000,00;1;0,00;RGBA(0.862, 0.583, 0.749, 0.000);Rejected_BelowThreshold
13:15:03;1543;RGBA(0.969, 0.619, 0.143, 0.000);-500000,00;1;0,00;RGBA(0.862, 0.583, 0.749, 0.000);Rejected_BelowThreshold
13:15:03;1544;RGBA(0.969, 0.619, 0.143, 0.000);-500000,00;1;0,00;RGBA(0.862, 0.583, 0.749, 0.000);Rejected_BelowThreshold
13:15:03;1545;RGBA(0.969, 0.619, 0.143, 0.000);-500000,00;1;0,00;RGBA(0.862, 0.583, 0.749, 0.000);Rejected_BelowThreshold
13:15:04;1546;RGBA(0.969, 0.619, 0.143, 0.000);-500000,00;1;0,00;RGBA(0.862, 0.583, 0.749, 0.000);Rejected_BelowThreshold
13:15:04;1547;RGBA(0.969, 0.619, 0.143, 0.000);-500000,00;1;0,00;RGBA(0.862, 0.583, 0.749, 0.000);Rejected_BelowThreshold
13:15:04;1548;RGBA(0.969, 0.619, 0.143, 0.000);-500000,00;1;0,00;RGBA(0.862, 0.583, 0.749, 0.000);Rejected_BelowThreshold
13:15:04;1549;RGBA(0.969, 0.619, 0.143, 0.000);-500000,00;1;0,00;RGBA(0.862, 0.583, 0.749, 0.000);Rejected_BelowThreshold
13:15:04;1550;RGBA(0.969, 0.619, 0.143, 0.000);-500000,00;1;0,00;RGBA(0.862, 0.583, 0.749, 0.000);Rejected_BelowThreshold
13:15:04;1551;RGBA(0.969, 0.619, 0.143, 0.000);-500000,00;1;0,00;RGBA(0.862, 0.583, 0.749, 0.000);Rejected_BelowThreshold
13:15:04;1552;RGBA(0.969, 0.619, 0.143, 0.000);-500000,00;1;0,00;RGBA(0.862, 0.583, 0.749, 0.000);Rejected_BelowThreshold
13:15:04;1553;RGBA(0.969, 0.619, 0.143, 0.000);-500000,00;1;0,00;RGBA(0.862, 0.583, 0.749, 0.000);Rejected_BelowThreshold
13:15:04;1554;RGBA(0.969, 0.619, 0.143, 0.000);-500000,00;1;0,00;RGBA(0.862, 0.583, 0.749, 0.000);Rejected_BelowThreshold
13:15:04;1555;RGBA(0.969, 0.619, 0.143, 0.000);-500000,00;1;0,00;RGBA(0.862, 0.583, 0.749, 0.000);Rejected_BelowThreshold
13:15:04;1556;RGBA(0.969, 0.619, 0.143, 0.000);-500000,00;1;0,00;RGBA(0.862, 0.583, 0.749, 0.000);Rejected_BelowThreshold
13:15:04;1557;RGBA(0.969, 0.619, 0.143, 0.000);-500000,00;1;0,00;RGBA(0.862, 0.583, 0.749, 0.000);Rejected_BelowThreshold
13:15:04;1558;RGBA(0.969, 0.619, 0.143, 0.000);-500000,00;1;0,00;RGBA(0.862, 0.583, 0.749, 0.000);Rejected_BelowThreshold
13:15:04;1559;RGBA(0.969, 0.619, 0.143, 0.000);-500000,00;1;0,00;RGBA(0.862, 0.583, 0.749, 0.000);Rejected_BelowThreshold
13:15:04;1560;RGBA(0.969, 0.619, 0.143, 0.000);-500000,00;1;0,00;RGBA(0.862, 0.583, 0.749, 0.000);Rejected_BelowThreshold
13:15:04;1561;RGBA(0.969, 0.619, 0.143, 0.000);-500000,00;1;0,00;RGBA(0.862, 0.583, 0.749, 0.000);Rejected_BelowThreshold
13:15:04;1562;RGBA(0.969, 0.619, 0.143, 0.000);-500000,00;1;0,00;RGBA(0.862, 0.583, 0.749, 0.000);Rejected_BelowThreshold
13:15:04;1563;RGBA(0.969, 0.619, 0.143, 0.000);-500000,00;1;0,00;RGBA(0.862, 0.583, 0.749, 0.000);Rejected_BelowThreshold
13:15:04;1564;RGBA(0.969, 0.619, 0.143, 0.000);-500000,00;1;0,00;RGBA(0.862, 0.583, 0.749, 0.000);Rejected_BelowThreshold
13:15:04;1565;RGBA(0.969, 0.619, 0.143, 0.000);-500000,00;1;0,00;RGBA(0.862, 0.583, 0.749, 0.000);Rejected_BelowThreshold
13:15:04;1566;RGBA(0.969, 0.619, 0.143, 0.000);-500000,00;1;0,00;RGBA(0.862, 0.583, 0.749, 0.000);Rejected_BelowThreshold
13:15:04;1567;RGBA(0.969, 0.619, 0.143, 0.000);-500000,00;1;0,00;RGBA(0.862, 0.583, 0.749, 0.000);Rejected_BelowThreshold
13:15:04;1568;RGBA(0.969, 0.619, 0.143, 0.000);-500000,00;1;0,00;RGBA(0.862, 0.583, 0.749, 0.000);Rejected_BelowThreshold
13:15:04;1569;RGBA(0.969, 0.619, 0.143, 0.000);-500000,00;1;0,00;RGBA(0.862, 0.583, 0.749, 0.000);Rejected_BelowThreshold
13:15:04;1570;RGBA(0.969, 0.619, 0.143, 0.000);-500000,00;1;0,00;RGBA(0.862, 0.583, 0.749, 0.000);Rejected_BelowThreshold
13:15:04;1571;RGBA(0.969, 0.619, 0.143, 0.000);-500000,00;1;0,00;RGBA(0.862, 0.583, 0.749, 0.000);Rejected_BelowThreshold
13:15:04;1572;RGBA(0.969, 0.619, 0.143, 0.000);-500000,00;1;0,00;RGBA(0.862, 0.583, 0.749, 0.000);Rejected_BelowThreshold
13:15:04;1573;RGBA(0.969, 0.619, 0.143, 0.000);-500000,00;1;0,00;RGBA(0.862, 0.583, 0.749, 0.000);Rejected_BelowThreshold
13:15:04;1574;RGBA(0.969, 0.619, 0.143, 0.000);-500000,00;1;0,00;RGBA(0.862, 0.583, 0.749, 0.000);Rejected_BelowThreshold
13:15:04;1575;RGBA(0.969, 0.619, 0.143, 0.000);-500000,00;1;0,00;RGBA(0.862, 0.583, 0.749, 0.000);Rejected_BelowThreshold
13:15:04;1576;RGBA(0.969, 0.619, 0.143, 0.000);-500000,00;1;0,00;RGBA(0.862, 0.583, 0.749, 0.000);Rejected_BelowThreshold
13:15:04;1577;RGBA(0.969, 0.619, 0.143, 0.000);-500000,00;1;0,00;RGBA(0.862, 0.583, 0.749, 0.000);Rejected_BelowThreshold
13:15:04;1578;RGBA(0.969, 0.619, 0.143, 0.000);-500000,00;1;0,00;RGBA(0.862, 0.583, 0.749, 0.000);Rejected_BelowThreshold
13:15:04;1579;RGBA(0.969, 0.619, 0.143, 0.000);-500000,00;1;0,00;RGBA(0.862, 0.583, 0.749, 0.000);Rejected_BelowThreshold
13:15:04;1580;RGBA(0.969, 0.619, 0.143, 0.000);-500000,00;1;0,00;RGBA(0.862, 0.583, 0.749, 0.000);Rejected_BelowThreshold
13:15:04;1581;RGBA(0.969, 0.619, 0.143, 0.000);-500000,00;1;0,00;RGBA(0.862, 0.583, 0.749, 0.000);Rejected_BelowThreshold
13:15:04;1582;RGBA(0.969, 0.619, 0.143, 0.000);-500000,00;1;0,00;RGBA(0.862, 0.583, 0.749, 0.000);Rejected_BelowThreshold
13:15:04;1583;RGBA(0.969, 0.619, 0.143, 0.000);-500000,00;1;0,00;RGBA(0.862, 0.583, 0.749, 0.000);Rejected_BelowThreshold
13:15:04;1584;RGBA(0.969, 0.619, 0.143, 0.000);-500000,00;1;0,00;RGBA(0.862, 0.583, 0.749, 0.000);Rejected_BelowThreshold
13:15:04;1585;RGBA(0.969, 0.619, 0.143, 0.000);-500000,00;1;0,00;RGBA(0.862, 0.583, 0.749, 0.000);Rejected_BelowThreshold
13:15:04;1586;RGBA(0.969, 0.619, 0.143, 0.000);-500000,00;1;0,00;RGBA(0.862, 0.583, 0.749, 0.000);Rejected_BelowThreshold
13:15:04;1587;RGBA(0.969, 0.619, 0.143, 0.000);-500000,00;1;0,00;RGBA(0.862, 0.583, 0.749, 0.000);Rejected_BelowThreshold
13:15:04;1588;RGBA(0.969, 0.619, 0.143, 0.000);-500000,00;1;0,00;RGBA(0.862, 0.583, 0.749, 0.000);Rejected_BelowThreshold
13:15:04;1589;RGBA(0.969, 0.619, 0.143, 0.000);-500000,00;1;0,00;RGBA(0.862, 0.583, 0.749, 0.000);Rejected_BelowThreshold
13:15:04;1590;RGBA(0.969, 0.619, 0.143, 0.000);-500000,00;1;0,00;RGBA(0.862, 0.583, 0.749, 0.000);Rejected_BelowThreshold
13:15:04;1591;RGBA(0.969, 0.619, 0.143, 0.000);-500000,00;1;0,00;RGBA(0.862, 0.583, 0.749, 0.000);Rejected_BelowThreshold
13:15:04;1592;RGBA(0.969, 0.619, 0.143, 0.000);-500000,00;1;0,00;RGBA(0.862, 0.583, 0.749, 0.000);Rejected_BelowThreshold
13:15:04;1593;RGBA(0.969, 0.619, 0.143, 0.000);-500000,00;1;0,00;RGBA(0.862, 0.583, 0.749, 0.000);Rejected_BelowThreshold
13:15:04;1594;RGBA(0.969, 0.619, 0.143, 0.000);-500000,00;1;0,00;RGBA(0.862, 0.583, 0.749, 0.000);Rejected_BelowThreshold
13:15:04;1595;RGBA(0.969, 0.619, 0.143, 0.000);-500000,00;1;0,00;RGBA(0.862, 0.583, 0.749, 0.000);Rejected_BelowThreshold
13:15:04;1596;RGBA(0.969, 0.619, 0.143, 0.000);-500000,00;1;0,00;RGBA(0.862, 0.583, 0.749, 0.000);Rejected_BelowThreshold
13:15:04;1597;RGBA(0.969, 0.619, 0.143, 0.000);-500000,00;1;0,00;RGBA(0.862, 0.583, 0.749, 0.000);Rejected_BelowThreshold
13:15:04;1598;RGBA(0.969, 0.619, 0.143, 0.000);-500000,00;1;0,00;RGBA(0.862, 0.583, 0.749, 0.000);Rejected_BelowThreshold
13:15:04;1599;RGBA(0.969, 0.619, 0.143, 0.000);-500000,00;1;0,00;RGBA(0.862, 0.583, 0.749, 0.000);Rejected_BelowThreshold
13:15:04;1600;RGBA(0.969, 0.619, 0.143, 0.000);-500000,00;1;0,00;RGBA(0.862, 0.583, 0.749, 0.000);Rejected_BelowThreshold
13:15:04;1601;RGBA(0.969, 0.619, 0.143, 0.000);-500000,00;1;0,00;RGBA(0.862, 0.583, 0.749, 0.000);Rejected_BelowThreshold
13:15:04;1602;RGBA(0.969, 0.619, 0.143, 0.000);-500000,00;1;0,00;RGBA(0.862, 0.583, 0.749, 0.000);Rejected_BelowThreshold
13:15:04;1603;RGBA(0.969, 0.619, 0.143, 0.000);-500000,00;1;0,00;RGBA(0.862, 0.583, 0.749, 0.000);Rejected_BelowThreshold
13:15:04;1604;RGBA(0.969, 0.619, 0.143, 0.000);-500000,00;1;0,00;RGBA(0.862, 0.583, 0.749, 0.000);Rejected_BelowThreshold
13:15:04;1605;RGBA(0.969, 0.619, 0.143, 0.000);-500000,00;1;0,00;RGBA(0.862, 0.583, 0.749, 0.000);Rejected_BelowThreshold
13:15:04;1606;RGBA(0.969, 0.619, 0.143, 0.000);-500000,00;1;0,00;RGBA(0.862, 0.583, 0.749, 0.000);Rejected_BelowThreshold
13:15:04;1607;RGBA(0.969, 0.619, 0.143, 0.000);-500000,00;1;0,00;RGBA(0.862, 0.583, 0.749, 0.000);Rejected_BelowThreshold
13:15:04;1608;RGBA(0.969, 0.619, 0.143, 0.000);-500000,00;1;0,00;RGBA(0.862, 0.583, 0.749, 0.000);Rejected_BelowThreshold
13:15:04;1609;RGBA(0.969, 0.619, 0.143, 0.000);-500000,00;1;0,00;RGBA(0.862, 0.583, 0.749, 0.000);Rejected_BelowThreshold
13:15:04;1610;RGBA(0.969, 0.619, 0.143, 0.000);-500000,00;1;0,00;RGBA(0.862, 0.583, 0.749, 0.000);Rejected_BelowThreshold
13:15:04;1611;RGBA(0.969, 0.619, 0.143, 0.000);-500000,00;1;0,00;RGBA(0.862, 0.583, 0.749, 0.000);Rejected_BelowThreshold
13:15:04;1612;RGBA(0.969, 0.619, 0.143, 0.000);-500000,00;1;0,00;RGBA(0.862, 0.583, 0.749, 0.000);Rejected_BelowThreshold
13:15:04;1613;RGBA(0.969, 0.619, 0.143, 0.000);-500000,00;1;0,00;RGBA(0.862, 0.583, 0.749, 0.000);Rejected_BelowThreshold
13:15:04;1614;RGBA(0.969, 0.619, 0.143, 0.000);-500000,00;1;0,00;RGBA(0.862, 0.583, 0.749, 0.000);Rejected_BelowThreshold
13:15:04;1615;RGBA(0.969, 0.619, 0.143, 0.000);-500000,00;1;0,00;RGBA(0.862, 0.583, 0.749, 0.000);Rejected_BelowThreshold
13:15:04;1616;RGBA(0.969, 0.619, 0.143, 0.000);-500000,00;1;0,00;RGBA(0.862, 0.583, 0.749, 0.000);Rejected_BelowThreshold
13:15:04;1617;RGBA(0.969, 0.619, 0.143, 0.000);-500000,00;1;0,00;RGBA(0.862, 0.583, 0.749, 0.000);Rejected_BelowThreshold
13:15:04;1618;RGBA(0.969, 0.619, 0.143, 0.000);-500000,00;1;0,00;RGBA(0.862, 0.583, 0.749, 0.000);Rejected_BelowThreshold
13:15:04;1619;RGBA(0.969, 0.619, 0.143, 0.000);-500000,00;1;0,00;RGBA(0.862, 0.583, 0.749, 0.000);Rejected_BelowThreshold
13:15:04;1620;RGBA(0.969, 0.619, 0.143, 0.000);-500000,00;1;0,00;RGBA(0.862, 0.583, 0.749, 0.000);Rejected_BelowThreshold
13:15:04;1621;RGBA(0.969, 0.619, 0.143, 0.000);-500000,00;1;0,00;RGBA(0.862, 0.583, 0.749, 0.000);Rejected_BelowThreshold
13:15:04;1622;RGBA(0.969, 0.619, 0.143, 0.000);-500000,00;1;0,00;RGBA(0.862, 0.583, 0.749, 0.000);Rejected_BelowThreshold
13:15:04;1623;RGBA(0.969, 0.619, 0.143, 0.000);-500000,00;1;0,00;RGBA(0.862, 0.583, 0.749, 0.000);Rejected_BelowThreshold
13:15:04;1624;RGBA(0.969, 0.619, 0.143, 0.000);-500000,00;1;0,00;RGBA(0.862, 0.583, 0.749, 0.000);Rejected_BelowThreshold
13:15:05;1625;RGBA(0.969, 0.619, 0.143, 0.000);-500000,00;1;0,00;RGBA(0.862, 0.583, 0.749, 0.000);Rejected_BelowThreshold
13:15:05;1626;RGBA(0.969, 0.619, 0.143, 0.000);-500000,00;1;0,00;RGBA(0.862, 0.583, 0.749, 0.000);Rejected_BelowThreshold
13:15:05;1627;RGBA(0.969, 0.619, 0.143, 0.000);-500000,00;1;0,00;RGBA(0.862, 0.583, 0.749, 0.000);Rejected_BelowThreshold
13:15:05;1628;RGBA(0.969, 0.619, 0.143, 0.000);-500000,00;1;0,00;RGBA(0.862, 0.583, 0.749, 0.000);Rejected_BelowThreshold
13:15:05;1629;RGBA(0.969, 0.619, 0.143, 0.000);-500000,00;1;0,00;RGBA(0.862, 0.583, 0.749, 0.000);Rejected_BelowThreshold
13:15:05;1630;RGBA(0.969, 0.619, 0.143, 0.000);-500000,00;1;0,00;RGBA(0.862, 0.583, 0.749, 0.000);Rejected_BelowThreshold
13:15:05;1631;RGBA(0.969, 0.619, 0.143, 0.000);-500000,00;1;0,00;RGBA(0.862, 0.583, 0.749, 0.000);Rejected_BelowThreshold
13:15:05;1632;RGBA(0.969, 0.619, 0.143, 0.000);-500000,00;1;0,00;RGBA(0.862, 0.583, 0.749, 0.000);Rejected_BelowThreshold
13:15:05;1633;RGBA(0.969, 0.619, 0.143, 0.000);-500000,00;1;0,00;RGBA(0.862, 0.583, 0.749, 0.000);Rejected_BelowThreshold
13:15:05;1634;RGBA(0.969, 0.619, 0.143, 0.000);-500000,00;1;0,00;RGBA(0.862, 0.583, 0.749, 0.000);Rejected_BelowThreshold
13:15:05;1635;RGBA(0.969, 0.619, 0.143, 0.000);-500000,00;1;0,00;RGBA(0.862, 0.583, 0.749, 0.000);Rejected_BelowThreshold
13:15:05;1636;RGBA(0.969, 0.619, 0.143, 0.000);-500000,00;1;0,00;RGBA(0.862, 0.583, 0.749, 0.000);Rejected_BelowThreshold
13:15:05;1637;RGBA(0.969, 0.619, 0.143, 0.000);-500000,00;1;0,00;RGBA(0.862, 0.583, 0.749, 0.000);Rejected_BelowThreshold
13:15:05;1638;RGBA(0.969, 0.619, 0.143, 0.000);-500000,00;1;0,00;RGBA(0.862, 0.583, 0.749, 0.000);Rejected_BelowThreshold
13:15:05;1639;RGBA(0.969, 0.619, 0.143, 0.000);-500000,00;1;0,00;RGBA(0.862, 0.583, 0.749, 0.000);Rejected_BelowThreshold
13:15:05;1640;RGBA(0.969, 0.619, 0.143, 0.000);-500000,00;1;0,00;RGBA(0.862, 0.583, 0.749, 0.000);Rejected_BelowThreshold
13:15:05;1641;RGBA(0.969, 0.619, 0.143, 0.000);-500000,00;1;0,00;RGBA(0.862, 0.583, 0.749, 0.000);Rejected_BelowThreshold
13:15:05;1642;RGBA(0.969, 0.619, 0.143, 0.000);-500000,00;1;0,00;RGBA(0.862, 0.583, 0.749, 0.000);Rejected_BelowThreshold
13:15:05;1643;RGBA(0.969, 0.619, 0.143, 0.000);-500000,00;1;0,00;RGBA(0.862, 0.583, 0.749, 0.000);Rejected_BelowThreshold
13:15:05;1644;RGBA(0.969, 0.619, 0.143, 0.000);-500000,00;1;0,00;RGBA(0.862, 0.583, 0.749, 0.000);Rejected_BelowThreshold
13:15:05;1645;RGBA(0.969, 0.619, 0.143, 0.000);-500000,00;1;0,00;RGBA(0.862, 0.583, 0.749, 0.000);Rejected_BelowThreshold
13:15:05;1646;RGBA(0.969, 0.619, 0.143, 0.000);-500000,00;1;0,00;RGBA(0.862, 0.583, 0.749, 0.000);Rejected_BelowThreshold
13:15:05;1647;RGBA(0.969, 0.619, 0.143, 0.000);-500000,00;1;0,00;RGBA(0.862, 0.583, 0.749, 0.000);Rejected_BelowThreshold
13:15:05;1648;RGBA(0.969, 0.619, 0.143, 0.000);-500000,00;1;0,00;RGBA(0.862, 0.583, 0.749, 0.000);Rejected_BelowThreshold
13:15:05;1649;RGBA(0.969, 0.619, 0.143, 0.000);-500000,00;1;0,00;RGBA(0.862, 0.583, 0.749, 0.000);Rejected_BelowThreshold
13:15:05;1650;RGBA(0.969, 0.619, 0.143, 0.000);-500000,00;1;0,00;RGBA(0.862, 0.583, 0.749, 0.000);Rejected_BelowThreshold
13:15:05;1651;RGBA(0.969, 0.619, 0.143, 0.000);-500000,00;1;0,00;RGBA(0.862, 0.583, 0.749, 0.000);Rejected_BelowThreshold
13:15:05;1652;RGBA(0.969, 0.619, 0.143, 0.000);-500000,00;1;0,00;RGBA(0.862, 0.583, 0.749, 0.000);Rejected_BelowThreshold
13:15:05;1653;RGBA(0.969, 0.619, 0.143, 0.000);-500000,00;1;0,00;RGBA(0.862, 0.583, 0.749, 0.000);Rejected_BelowThreshold
13:15:05;1654;RGBA(0.969, 0.619, 0.143, 0.000);-500000,00;1;0,00;RGBA(0.862, 0.583, 0.749, 0.000);Rejected_BelowThreshold
13:15:05;1655;RGBA(0.969, 0.619, 0.143, 0.000);-500000,00;1;0,00;RGBA(0.862, 0.583, 0.749, 0.000);Rejected_BelowThreshold
13:15:05;1656;RGBA(0.969, 0.619, 0.143, 0.000);-500000,00;1;0,00;RGBA(0.862, 0.583, 0.749, 0.000);Rejected_BelowThreshold
13:15:05;1657;RGBA(0.969, 0.619, 0.143, 0.000);-500000,00;1;0,00;RGBA(0.862, 0.583, 0.749, 0.000);Rejected_BelowThreshold
13:15:05;1658;RGBA(0.969, 0.619, 0.143, 0.000);-500000,00;1;0,00;RGBA(0.862, 0.583, 0.749, 0.000);Rejected_BelowThreshold
13:15:05;1659;RGBA(0.969, 0.619, 0.143, 0.000);-500000,00;1;0,00;RGBA(0.862, 0.583, 0.749, 0.000);Rejected_BelowThreshold
13:15:05;1660;RGBA(0.969, 0.619, 0.143, 0.000);-500000,00;1;0,00;RGBA(0.862, 0.583, 0.749, 0.000);Rejected_BelowThreshold
13:15:05;1661;RGBA(0.969, 0.619, 0.143, 0.000);-500000,00;1;0,00;RGBA(0.862, 0.583, 0.749, 0.000);Rejected_BelowThreshold
13:15:05;1662;RGBA(0.969, 0.619, 0.143, 0.000);-500000,00;1;0,00;RGBA(0.862, 0.583, 0.749, 0.000);Rejected_BelowThreshold
13:15:05;1663;RGBA(0.969, 0.619, 0.143, 0.000);-500000,00;1;0,00;RGBA(0.862, 0.583, 0.749, 0.000);Rejected_BelowThreshold
13:15:05;1664;RGBA(0.969, 0.619, 0.143, 0.000);-500000,00;1;0,00;RGBA(0.862, 0.583, 0.749, 0.000);Rejected_BelowThreshold
13:15:05;1665;RGBA(0.969, 0.619, 0.143, 0.000);-500000,00;1;0,00;RGBA(0.862, 0.583, 0.749, 0.000);Rejected_BelowThreshold
13:15:05;1666;RGBA(0.969, 0.619, 0.143, 0.000);-500000,00;1;0,00;RGBA(0.862, 0.583, 0.749, 0.000);Rejected_BelowThreshold
13:15:05;1667;RGBA(0.969, 0.619, 0.143, 0.000);-500000,00;1;0,00;RGBA(0.862, 0.583, 0.749, 0.000);Rejected_BelowThreshold
13:15:05;1668;RGBA(0.969, 0.619, 0.143, 0.000);-500000,00;1;0,00;RGBA(0.862, 0.583, 0.749, 0.000);Rejected_BelowThreshold
13:15:05;1669;RGBA(0.969, 0.619, 0.143, 0.000);-500000,00;1;0,00;RGBA(0.862, 0.583, 0.749, 0.000);Rejected_BelowThreshold
13:15:05;1670;RGBA(0.969, 0.619, 0.143, 0.000);-500000,00;1;0,00;RGBA(0.862, 0.583, 0.749, 0.000);Rejected_BelowThreshold
13:15:05;1671;RGBA(0.969, 0.619, 0.143, 0.000);-500000,00;1;0,00;RGBA(0.862, 0.583, 0.749, 0.000);Rejected_BelowThreshold
13:15:05;1672;RGBA(0.969, 0.619, 0.143, 0.000);-500000,00;1;0,00;RGBA(0.862, 0.583, 0.749, 0.000);Rejected_BelowThreshold
13:15:05;1673;RGBA(0.969, 0.619, 0.143, 0.000);-500000,00;1;0,00;RGBA(0.862, 0.583, 0.749, 0.000);Rejected_BelowThreshold
13:15:05;1674;RGBA(0.969, 0.619, 0.143, 0.000);-500000,00;1;0,00;RGBA(0.862, 0.583, 0.749, 0.000);Rejected_BelowThreshold
13:15:05;1675;RGBA(0.969, 0.619, 0.143, 0.000);-500000,00;1;0,00;RGBA(0.862, 0.583, 0.749, 0.000);Rejected_BelowThreshold
13:15:05;1676;RGBA(0.969, 0.619, 0.143, 0.000);-500000,00;1;0,00;RGBA(0.862, 0.583, 0.749, 0.000);Rejected_BelowThreshold
13:15:05;1677;RGBA(0.969, 0.619, 0.143, 0.000);-500000,00;1;0,00;RGBA(0.862, 0.583, 0.749, 0.000);Rejected_BelowThreshold
13:15:05;1678;RGBA(0.969, 0.619, 0.143, 0.000);-500000,00;1;0,00;RGBA(0.862, 0.583, 0.749, 0.000);Rejected_BelowThreshold
13:15:05;1679;RGBA(0.969, 0.619, 0.143, 0.000);-500000,00;1;0,00;RGBA(0.862, 0.583, 0.749, 0.000);Rejected_BelowThreshold
13:15:05;1680;RGBA(0.969, 0.619, 0.143, 0.000);-500000,00;1;0,00;RGBA(0.862, 0.583, 0.749, 0.000);Rejected_BelowThreshold
13:15:05;1681;RGBA(0.969, 0.619, 0.143, 0.000);-500000,00;1;0,00;RGBA(0.862, 0.583, 0.749, 0.000);Rejected_BelowThreshold
13:15:05;1682;RGBA(0.969, 0.619, 0.143, 0.000);-500000,00;1;0,00;RGBA(0.862, 0.583, 0.749, 0.000);Rejected_BelowThreshold
13:15:05;1683;RGBA(0.969, 0.619, 0.143, 0.000);-500000,00;1;0,00;RGBA(0.862, 0.583, 0.749, 0.000);Rejected_BelowThreshold
13:15:05;1684;RGBA(0.969, 0.619, 0.143, 0.000);-500000,00;1;0,00;RGBA(0.862, 0.583, 0.749, 0.000);Rejected_BelowThreshold
13:15:05;1685;RGBA(0.969, 0.619, 0.143, 0.000);-500000,00;1;0,00;RGBA(0.862, 0.583, 0.749, 0.000);Rejected_BelowThreshold
13:15:05;1686;RGBA(0.969, 0.619, 0.143, 0.000);-500000,00;1;0,00;RGBA(0.862, 0.583, 0.749, 0.000);Rejected_BelowThreshold
13:15:05;1687;RGBA(0.969, 0.619, 0.143, 0.000);-500000,00;1;0,00;RGBA(0.862, 0.583, 0.749, 0.000);Rejected_BelowThreshold
13:15:05;1688;RGBA(0.969, 0.619, 0.143, 0.000);-500000,00;1;0,00;RGBA(0.862, 0.583, 0.749, 0.000);Rejected_BelowThreshold
13:15:05;1689;RGBA(0.969, 0.619, 0.143, 0.000);-500000,00;1;0,00;RGBA(0.862, 0.583, 0.749, 0.000);Rejected_BelowThreshold
13:15:05;1690;RGBA(0.969, 0.619, 0.143, 0.000);-500000,00;1;0,00;RGBA(0.862, 0.583, 0.749, 0.000);Rejected_BelowThreshold
13:15:05;1691;RGBA(0.969, 0.619, 0.143, 0.000);-500000,00;1;0,00;RGBA(0.862, 0.583, 0.749, 0.000);Rejected_BelowThreshold
13:15:05;1692;RGBA(0.969, 0.619, 0.143, 0.000);-500000,00;1;0,00;RGBA(0.862, 0.583, 0.749, 0.000);Rejected_BelowThreshold
13:15:05;1693;RGBA(0.969, 0.619, 0.143, 0.000);-500000,00;1;0,00;RGBA(0.862, 0.583, 0.749, 0.000);Rejected_BelowThreshold
13:15:05;1694;RGBA(0.969, 0.619, 0.143, 0.000);-500000,00;1;0,00;RGBA(0.862, 0.583, 0.749, 0.000);Rejected_BelowThreshold
13:15:05;1695;RGBA(0.969, 0.619, 0.143, 0.000);-500000,00;1;0,00;RGBA(0.862, 0.583, 0.749, 0.000);Rejected_BelowThreshold
13:15:05;1696;RGBA(0.969, 0.619, 0.143, 0.000);-500000,00;1;0,00;RGBA(0.862, 0.583, 0.749, 0.000);Rejected_BelowThreshold
13:15:05;1697;RGBA(0.969, 0.619, 0.143, 0.000);-500000,00;1;0,00;RGBA(0.862, 0.583, 0.749, 0.000);Rejected_BelowThreshold
13:15:05;1698;RGBA(0.969, 0.619, 0.143, 0.000);-500000,00;1;0,00;RGBA(0.862, 0.583, 0.749, 0.000);Rejected_BelowThreshold
13:15:05;1699;RGBA(0.969, 0.619, 0.143, 0.000);-500000,00;1;0,00;RGBA(0.862, 0.583, 0.749, 0.000);Rejected_BelowThreshold
13:15:05;1700;RGBA(0.969, 0.619, 0.143, 0.000);-500000,00;1;0,00;RGBA(0.862, 0.583, 0.749, 0.000);Rejected_BelowThreshold
13:15:05;1701;RGBA(0.969, 0.619, 0.143, 0.000);-500000,00;1;0,00;RGBA(0.862, 0.583, 0.749, 0.000);Rejected_BelowThreshold
13:15:05;1702;RGBA(0.969, 0.619, 0.143, 0.000);-500000,00;1;0,00;RGBA(0.862, 0.583, 0.749, 0.000);Rejected_BelowThreshold
13:15:05;1703;RGBA(0.969, 0.619, 0.143, 0.000);-500000,00;1;0,00;RGBA(0.862, 0.583, 0.749, 0.000);Rejected_BelowThreshold
13:15:06;1704;RGBA(0.969, 0.619, 0.143, 0.000);-500000,00;1;0,00;RGBA(0.862, 0.583, 0.749, 0.000);Rejected_BelowThreshold
13:15:06;1705;RGBA(0.969, 0.619, 0.143, 0.000);-500000,00;1;0,00;RGBA(0.862, 0.583, 0.749, 0.000);Rejected_BelowThreshold
13:15:06;1706;RGBA(0.969, 0.619, 0.143, 0.000);-500000,00;1;0,00;RGBA(0.862, 0.583, 0.749, 0.000);Rejected_BelowThreshold
13:15:06;1707;RGBA(0.969, 0.619, 0.143, 0.000);-500000,00;1;0,00;RGBA(0.862, 0.583, 0.749, 0.000);Rejected_BelowThreshold
13:15:06;1708;RGBA(0.969, 0.619, 0.143, 0.000);-500000,00;1;0,00;RGBA(0.862, 0.583, 0.749, 0.000);Rejected_BelowThreshold
13:15:06;1709;RGBA(0.969, 0.619, 0.143, 0.000);-500000,00;1;0,00;RGBA(0.862, 0.583, 0.749, 0.000);Rejected_BelowThreshold
13:15:06;1710;RGBA(0.969, 0.619, 0.143, 0.000);-500000,00;1;0,00;RGBA(0.862, 0.583, 0.749, 0.000);Rejected_BelowThreshold
13:15:06;1711;RGBA(0.969, 0.619, 0.143, 0.000);-500000,00;1;0,00;RGBA(0.862, 0.583, 0.749, 0.000);Rejected_BelowThreshold
13:15:06;1712;RGBA(0.969, 0.619, 0.143, 0.000);-500000,00;1;0,00;RGBA(0.862, 0.583, 0.749, 0.000);Rejected_BelowThreshold
13:15:06;1713;RGBA(0.969, 0.619, 0.143, 0.000);-500000,00;1;0,00;RGBA(0.862, 0.583, 0.749, 0.000);Rejected_BelowThreshold
13:15:06;1714;RGBA(0.969, 0.619, 0.143, 0.000);-500000,00;1;0,00;RGBA(0.862, 0.583, 0.749, 0.000);Rejected_BelowThreshold
13:15:06;1715;RGBA(0.969, 0.619, 0.143, 0.000);-500000,00;1;0,00;RGBA(0.862, 0.583, 0.749, 0.000);Rejected_BelowThreshold
13:15:06;1716;RGBA(0.969, 0.619, 0.143, 0.000);-500000,00;1;0,00;RGBA(0.862, 0.583, 0.749, 0.000);Rejected_BelowThreshold
13:15:06;1717;RGBA(0.969, 0.619, 0.143, 0.000);-500000,00;1;0,00;RGBA(0.862, 0.583, 0.749, 0.000);Rejected_BelowThreshold
13:15:06;1718;RGBA(0.969, 0.619, 0.143, 0.000);-500000,00;1;0,00;RGBA(0.862, 0.583, 0.749, 0.000);Rejected_BelowThreshold
13:15:06;1719;RGBA(0.969, 0.619, 0.143, 0.000);-500000,00;1;0,00;RGBA(0.862, 0.583, 0.749, 0.000);Rejected_BelowThreshold
13:15:06;1720;RGBA(0.969, 0.619, 0.143, 0.000);-500000,00;1;0,00;RGBA(0.862, 0.583, 0.749, 0.000);Rejected_BelowThreshold
13:15:06;1721;RGBA(0.969, 0.619, 0.143, 0.000);-500000,00;1;0,00;RGBA(0.862, 0.583, 0.749, 0.000);Rejected_BelowThreshold
13:15:06;1722;RGBA(0.969, 0.619, 0.143, 0.000);-500000,00;1;0,00;RGBA(0.862, 0.583, 0.749, 0.000);Rejected_BelowThreshold
13:15:06;1723;RGBA(0.969, 0.619, 0.143, 0.000);-500000,00;1;0,00;RGBA(0.862, 0.583, 0.749, 0.000);Rejected_BelowThreshold
13:15:06;1724;RGBA(0.969, 0.619, 0.143, 0.000);-500000,00;1;0,00;RGBA(0.862, 0.583, 0.749, 0.000);Rejected_BelowThreshold
13:15:06;1725;RGBA(0.969, 0.619, 0.143, 0.000);-500000,00;1;0,00;RGBA(0.862, 0.583, 0.749, 0.000);Rejected_BelowThreshold
13:15:06;1726;RGBA(0.969, 0.619, 0.143, 0.000);-500000,00;1;0,00;RGBA(0.862, 0.583, 0.749, 0.000);Rejected_BelowThreshold
13:15:06;1727;RGBA(0.969, 0.619, 0.143, 0.000);-500000,00;1;0,00;RGBA(0.862, 0.583, 0.749, 0.000);Rejected_BelowThreshold
13:15:06;1728;RGBA(0.969, 0.619, 0.143, 0.000);-500000,00;1;0,00;RGBA(0.862, 0.583, 0.749, 0.000);Rejected_BelowThreshold
13:15:06;1729;RGBA(0.969, 0.619, 0.143, 0.000);-500000,00;1;0,00;RGBA(0.862, 0.583, 0.749, 0.000);Rejected_BelowThreshold
13:15:06;1730;RGBA(0.969, 0.619, 0.143, 0.000);-500000,00;1;0,00;RGBA(0.862, 0.583, 0.749, 0.000);Rejected_BelowThreshold
13:15:06;1731;RGBA(0.969, 0.619, 0.143, 0.000);-500000,00;1;0,00;RGBA(0.862, 0.583, 0.749, 0.000);Rejected_BelowThreshold
13:15:06;1732;RGBA(0.969, 0.619, 0.143, 0.000);-500000,00;1;0,00;RGBA(0.862, 0.583, 0.749, 0.000);Rejected_BelowThreshold
13:15:06;1733;RGBA(0.969, 0.619, 0.143, 0.000);-500000,00;1;0,00;RGBA(0.862, 0.583, 0.749, 0.000);Rejected_BelowThreshold
13:15:06;1734;RGBA(0.969, 0.619, 0.143, 0.000);-500000,00;1;0,00;RGBA(0.862, 0.583, 0.749, 0.000);Rejected_BelowThreshold
13:15:06;1735;RGBA(0.969, 0.619, 0.143, 0.000);-500000,00;1;0,00;RGBA(0.862, 0.583, 0.749, 0.000);Rejected_BelowThreshold
13:15:06;1736;RGBA(0.969, 0.619, 0.143, 0.000);-500000,00;1;0,00;RGBA(0.862, 0.583, 0.749, 0.000);Rejected_BelowThreshold
13:15:06;1737;RGBA(0.969, 0.619, 0.143, 0.000);-500000,00;1;0,00;RGBA(0.862, 0.583, 0.749, 0.000);Rejected_BelowThreshold
13:15:06;1738;RGBA(0.969, 0.619, 0.143, 0.000);-500000,00;1;0,00;RGBA(0.862, 0.583, 0.749, 0.000);Rejected_BelowThreshold
13:15:06;1739;RGBA(0.969, 0.619, 0.143, 0.000);-500000,00;1;0,00;RGBA(0.862, 0.583, 0.749, 0.000);Rejected_BelowThreshold
13:15:06;1740;RGBA(0.969, 0.619, 0.143, 0.000);-500000,00;1;0,00;RGBA(0.862, 0.583, 0.749, 0.000);Rejected_BelowThreshold
13:15:06;1741;RGBA(0.969, 0.619, 0.143, 0.000);-500000,00;1;0,00;RGBA(0.862, 0.583, 0.749, 0.000);Rejected_BelowThreshold
13:15:06;1742;RGBA(0.969, 0.619, 0.143, 0.000);-500000,00;1;0,00;RGBA(0.862, 0.583, 0.749, 0.000);Rejected_BelowThreshold
13:15:06;1743;RGBA(0.969, 0.619, 0.143, 0.000);-500000,00;1;0,00;RGBA(0.862, 0.583, 0.749, 0.000);Rejected_BelowThreshold
13:15:06;1744;RGBA(0.969, 0.619, 0.143, 0.000);-500000,00;1;0,00;RGBA(0.862, 0.583, 0.749, 0.000);Rejected_BelowThreshold
13:15:06;1745;RGBA(0.969, 0.619, 0.143, 0.000);-500000,00;1;0,00;RGBA(0.862, 0.583, 0.749, 0.000);Rejected_BelowThreshold
13:15:06;1746;RGBA(0.969, 0.619, 0.143, 0.000);-500000,00;1;0,00;RGBA(0.862, 0.583, 0.749, 0.000);Rejected_BelowThreshold
13:15:06;1747;RGBA(0.969, 0.619, 0.143, 0.000);-500000,00;1;0,00;RGBA(0.862, 0.583, 0.749, 0.000);Rejected_BelowThreshold
13:15:06;1748;RGBA(0.969, 0.619, 0.143, 0.000);-500000,00;1;0,00;RGBA(0.862, 0.583, 0.749, 0.000);Rejected_BelowThreshold
13:15:06;1749;RGBA(0.969, 0.619, 0.143, 0.000);-500000,00;1;0,00;RGBA(0.862, 0.583, 0.749, 0.000);Rejected_BelowThreshold
13:15:06;1750;RGBA(0.969, 0.619, 0.143, 0.000);-500000,00;1;0,00;RGBA(0.862, 0.583, 0.749, 0.000);Rejected_BelowThreshold
13:15:06;1751;RGBA(0.969, 0.619, 0.143, 0.000);-500000,00;1;0,00;RGBA(0.862, 0.583, 0.749, 0.000);Rejected_BelowThreshold
13:15:06;1752;RGBA(0.969, 0.619, 0.143, 0.000);-500000,00;1;0,00;RGBA(0.862, 0.583, 0.749, 0.000);Rejected_BelowThreshold
13:15:06;1753;RGBA(0.969, 0.619, 0.143, 0.000);-500000,00;1;0,00;RGBA(0.862, 0.583, 0.749, 0.000);Rejected_BelowThreshold
13:15:06;1754;RGBA(0.969, 0.619, 0.143, 0.000);-500000,00;1;0,00;RGBA(0.862, 0.583, 0.749, 0.000);Rejected_BelowThreshold
13:15:06;1755;RGBA(0.969, 0.619, 0.143, 0.000);-500000,00;1;0,00;RGBA(0.862, 0.583, 0.749, 0.000);Rejected_BelowThreshold
13:15:06;1756;RGBA(0.969, 0.619, 0.143, 0.000);-500000,00;1;0,00;RGBA(0.862, 0.583, 0.749, 0.000);Rejected_BelowThreshold
13:15:06;1757;RGBA(0.969, 0.619, 0.143, 0.000);-500000,00;1;0,00;RGBA(0.862, 0.583, 0.749, 0.000);Rejected_BelowThreshold
13:15:06;1758;RGBA(0.969, 0.619, 0.143, 0.000);-500000,00;1;0,00;RGBA(0.862, 0.583, 0.749, 0.000);Rejected_BelowThreshold
13:15:06;1759;RGBA(0.969, 0.619, 0.143, 0.000);-500000,00;1;0,00;RGBA(0.862, 0.583, 0.749, 0.000);Rejected_BelowThreshold
13:15:06;1760;RGBA(0.969, 0.619, 0.143, 0.000);-500000,00;1;0,00;RGBA(0.862, 0.583, 0.749, 0.000);Rejected_BelowThreshold
13:15:06;1761;RGBA(0.969, 0.619, 0.143, 0.000);-500000,00;1;0,00;RGBA(0.862, 0.583, 0.749, 0.000);Rejected_BelowThreshold
13:15:06;1762;RGBA(0.969, 0.619, 0.143, 0.000);-500000,00;1;0,00;RGBA(0.862, 0.583, 0.749, 0.000);Rejected_BelowThreshold
13:15:06;1763;RGBA(0.969, 0.619, 0.143, 0.000);-500000,00;1;0,00;RGBA(0.862, 0.583, 0.749, 0.000);Rejected_BelowThreshold
13:15:06;1764;RGBA(0.969, 0.619, 0.143, 0.000);-500000,00;1;0,00;RGBA(0.862, 0.583, 0.749, 0.000);Rejected_BelowThreshold
13:15:06;1765;RGBA(0.969, 0.619, 0.143, 0.000);-500000,00;1;0,00;RGBA(0.862, 0.583, 0.749, 0.000);Rejected_BelowThreshold
13:15:06;1766;RGBA(0.969, 0.619, 0.143, 0.000);-500000,00;1;0,00;RGBA(0.862, 0.583, 0.749, 0.000);Rejected_BelowThreshold
13:15:06;1767;RGBA(0.969, 0.619, 0.143, 0.000);-500000,00;1;0,00;RGBA(0.862, 0.583, 0.749, 0.000);Rejected_BelowThreshold
13:15:06;1768;RGBA(0.969, 0.619, 0.143, 0.000);-500000,00;1;0,00;RGBA(0.862, 0.583, 0.749, 0.000);Rejected_BelowThreshold
13:15:06;1769;RGBA(0.969, 0.619, 0.143, 0.000);-500000,00;1;0,00;RGBA(0.862, 0.583, 0.749, 0.000);Rejected_BelowThreshold
13:15:06;1770;RGBA(0.969, 0.619, 0.143, 0.000);-500000,00;1;0,00;RGBA(0.862, 0.583, 0.749, 0.000);Rejected_BelowThreshold
13:15:06;1771;RGBA(0.969, 0.619, 0.143, 0.000);-500000,00;1;0,00;RGBA(0.862, 0.583, 0.749, 0.000);Rejected_BelowThreshold
13:15:06;1772;RGBA(0.969, 0.619, 0.143, 0.000);-500000,00;1;0,00;RGBA(0.862, 0.583, 0.749, 0.000);Rejected_BelowThreshold
13:15:06;1773;RGBA(0.969, 0.619, 0.143, 0.000);-500000,00;1;0,00;RGBA(0.862, 0.583, 0.749, 0.000);Rejected_BelowThreshold
13:15:06;1774;RGBA(0.969, 0.619, 0.143, 0.000);-500000,00;1;0,00;RGBA(0.862, 0.583, 0.749, 0.000);Rejected_BelowThreshold
13:15:06;1775;RGBA(0.969, 0.619, 0.143, 0.000);-500000,00;1;0,00;RGBA(0.862, 0.583, 0.749, 0.000);Rejected_BelowThreshold
13:15:06;1776;RGBA(0.969, 0.619, 0.143, 0.000);-500000,00;1;0,00;RGBA(0.862, 0.583, 0.749, 0.000);Rejected_BelowThreshold
13:15:06;1777;RGBA(0.969, 0.619, 0.143, 0.000);-500000,00;1;0,00;RGBA(0.862, 0.583, 0.749, 0.000);Rejected_BelowThreshold
13:15:06;1778;RGBA(0.969, 0.619, 0.143, 0.000);-500000,00;1;0,00;RGBA(0.862, 0.583, 0.749, 0.000);Rejected_BelowThreshold
13:15:06;1779;RGBA(0.969, 0.619, 0.143, 0.000);-500000,00;1;0,00;RGBA(0.862, 0.583, 0.749, 0.000);Rejected_BelowThreshold
13:15:06;1780;RGBA(0.969, 0.619, 0.143, 0.000);-500000,00;1;0,00;RGBA(0.862, 0.583, 0.749, 0.000);Rejected_BelowThreshold
13:15:06;1781;RGBA(0.969, 0.619, 0.143, 0.000);-500000,00;1;0,00;RGBA(0.862, 0.583, 0.749, 0.000);Rejected_BelowThreshold
13:15:06;1782;RGBA(0.969, 0.619, 0.143, 0.000);-500000,00;1;0,00;RGBA(0.862, 0.583, 0.749, 0.000);Rejected_BelowThreshold
13:15:06;1783;RGBA(0.969, 0.619, 0.143, 0.000);-500000,00;1;0,00;RGBA(0.862, 0.583, 0.749, 0.000);Rejected_BelowThreshold
13:15:07;1784;RGBA(0.969, 0.619, 0.143, 0.000);-500000,00;1;0,00;RGBA(0.862, 0.583, 0.749, 0.000);Rejected_BelowThreshold
13:15:07;1785;RGBA(0.969, 0.619, 0.143, 0.000);-500000,00;1;0,00;RGBA(0.862, 0.583, 0.749, 0.000);Rejected_BelowThreshold
13:15:07;1786;RGBA(0.969, 0.619, 0.143, 0.000);-500000,00;1;0,00;RGBA(0.862, 0.583, 0.749, 0.000);Rejected_BelowThreshold
13:15:07;1787;RGBA(0.969, 0.619, 0.143, 0.000);-500000,00;1;0,00;RGBA(0.862, 0.583, 0.749, 0.000);Rejected_BelowThreshold
13:15:07;1788;RGBA(0.969, 0.619, 0.143, 0.000);-500000,00;1;0,00;RGBA(0.862, 0.583, 0.749, 0.000);Rejected_BelowThreshold
13:15:07;1789;RGBA(0.969, 0.619, 0.143, 0.000);-500000,00;1;0,00;RGBA(0.862, 0.583, 0.749, 0.000);Rejected_BelowThreshold
13:15:07;1790;RGBA(0.969, 0.619, 0.143, 0.000);-500000,00;1;0,00;RGBA(0.862, 0.583, 0.749, 0.000);Rejected_BelowThreshold
13:15:07;1791;RGBA(0.969, 0.619, 0.143, 0.000);-500000,00;1;0,00;RGBA(0.862, 0.583, 0.749, 0.000);Rejected_BelowThreshold
13:15:07;1792;RGBA(0.969, 0.619, 0.143, 0.000);-500000,00;1;0,00;RGBA(0.862, 0.583, 0.749, 0.000);Rejected_BelowThreshold
13:15:07;1793;RGBA(0.969, 0.619, 0.143, 0.000);-500000,00;1;0,00;RGBA(0.862, 0.583, 0.749, 0.000);Rejected_BelowThreshold
13:15:07;1794;RGBA(0.969, 0.619, 0.143, 0.000);-500000,00;1;0,00;RGBA(0.862, 0.583, 0.749, 0.000);Rejected_BelowThreshold
13:15:07;1795;RGBA(0.969, 0.619, 0.143, 0.000);-500000,00;1;0,00;RGBA(0.862, 0.583, 0.749, 0.000);Rejected_BelowThreshold
13:15:07;1796;RGBA(0.969, 0.619, 0.143, 0.000);-500000,00;1;0,00;RGBA(0.862, 0.583, 0.749, 0.000);Rejected_BelowThreshold
13:15:07;1797;RGBA(0.969, 0.619, 0.143, 0.000);-500000,00;1;0,00;RGBA(0.862, 0.583, 0.749, 0.000);Rejected_BelowThreshold
13:15:07;1798;RGBA(0.969, 0.619, 0.143, 0.000);-500000,00;1;0,00;RGBA(0.862, 0.583, 0.749, 0.000);Rejected_BelowThreshold
13:15:07;1799;RGBA(0.969, 0.619, 0.143, 0.000);-500000,00;1;0,00;RGBA(0.862, 0.583, 0.749, 0.000);Rejected_BelowThreshold
13:15:07;1800;RGBA(0.969, 0.619, 0.143, 0.000);-500000,00;1;0,00;RGBA(0.862, 0.583, 0.749, 0.000);Rejected_BelowThreshold
13:15:07;1801;RGBA(0.969, 0.619, 0.143, 0.000);-500000,00;1;0,00;RGBA(0.862, 0.583, 0.749, 0.000);Rejected_BelowThreshold
13:15:07;1802;RGBA(0.969, 0.619, 0.143, 0.000);-500000,00;1;0,00;RGBA(0.862, 0.583, 0.749, 0.000);Rejected_BelowThreshold
13:15:07;1803;RGBA(0.969, 0.619, 0.143, 0.000);-500000,00;1;0,00;RGBA(0.862, 0.583, 0.749, 0.000);Rejected_BelowThreshold
13:15:07;1804;RGBA(0.969, 0.619, 0.143, 0.000);-500000,00;1;0,00;RGBA(0.862, 0.583, 0.749, 0.000);Rejected_BelowThreshold
13:15:07;1805;RGBA(0.969, 0.619, 0.143, 0.000);-500000,00;1;0,00;RGBA(0.862, 0.583, 0.749, 0.000);Rejected_BelowThreshold
13:15:07;1806;RGBA(0.969, 0.619, 0.143, 0.000);-500000,00;1;0,00;RGBA(0.862, 0.583, 0.749, 0.000);Rejected_BelowThreshold
13:15:07;1807;RGBA(0.969, 0.619, 0.143, 0.000);-500000,00;1;0,00;RGBA(0.862, 0.583, 0.749, 0.000);Rejected_BelowThreshold
13:15:07;1808;RGBA(0.969, 0.619, 0.143, 0.000);-500000,00;1;0,00;RGBA(0.862, 0.583, 0.749, 0.000);Rejected_BelowThreshold
13:15:07;1809;RGBA(0.969, 0.619, 0.143, 0.000);-500000,00;1;0,00;RGBA(0.862, 0.583, 0.749, 0.000);Rejected_BelowThreshold
13:15:07;1810;RGBA(0.969, 0.619, 0.143, 0.000);-500000,00;1;0,00;RGBA(0.862, 0.583, 0.749, 0.000);Rejected_BelowThreshold
13:15:07;1811;RGBA(0.969, 0.619, 0.143, 0.000);-500000,00;1;0,00;RGBA(0.862, 0.583, 0.749, 0.000);Rejected_BelowThreshold
13:15:07;1812;RGBA(0.969, 0.619, 0.143, 0.000);-500000,00;1;0,00;RGBA(0.862, 0.583, 0.749, 0.000);Rejected_BelowThreshold
13:15:07;1813;RGBA(0.969, 0.619, 0.143, 0.000);-500000,00;1;0,00;RGBA(0.862, 0.583, 0.749, 0.000);Rejected_BelowThreshold
13:15:07;1814;RGBA(0.969, 0.619, 0.143, 0.000);-500000,00;1;0,00;RGBA(0.862, 0.583, 0.749, 0.000);Rejected_BelowThreshold
13:15:07;1815;RGBA(0.969, 0.619, 0.143, 0.000);-500000,00;1;0,00;RGBA(0.862, 0.583, 0.749, 0.000);Rejected_BelowThreshold
13:15:07;1816;RGBA(0.969, 0.619, 0.143, 0.000);-500000,00;1;0,00;RGBA(0.862, 0.583, 0.749, 0.000);Rejected_BelowThreshold
13:15:07;1817;RGBA(0.969, 0.619, 0.143, 0.000);-500000,00;1;0,00;RGBA(0.862, 0.583, 0.749, 0.000);Rejected_BelowThreshold
13:15:07;1818;RGBA(0.969, 0.619, 0.143, 0.000);-500000,00;1;0,00;RGBA(0.862, 0.583, 0.749, 0.000);Rejected_BelowThreshold
13:15:07;1819;RGBA(0.969, 0.619, 0.143, 0.000);-500000,00;1;0,00;RGBA(0.862, 0.583, 0.749, 0.000);Rejected_BelowThreshold
13:15:07;1820;RGBA(0.969, 0.619, 0.143, 0.000);-500000,00;1;0,00;RGBA(0.862, 0.583, 0.749, 0.000);Rejected_BelowThreshold
13:15:07;1821;RGBA(0.969, 0.619, 0.143, 0.000);-500000,00;1;0,00;RGBA(0.862, 0.583, 0.749, 0.000);Rejected_BelowThreshold
13:15:07;1822;RGBA(0.969, 0.619, 0.143, 0.000);-500000,00;1;0,00;RGBA(0.862, 0.583, 0.749, 0.000);Rejected_BelowThreshold
13:15:07;1823;RGBA(0.969, 0.619, 0.143, 0.000);-500000,00;1;0,00;RGBA(0.862, 0.583, 0.749, 0.000);Rejected_BelowThreshold
13:15:07;1824;RGBA(0.969, 0.619, 0.143, 0.000);-500000,00;1;0,00;RGBA(0.862, 0.583, 0.749, 0.000);Rejected_BelowThreshold
13:15:07;1825;RGBA(0.969, 0.619, 0.143, 0.000);-500000,00;1;0,00;RGBA(0.862, 0.583, 0.749, 0.000);Rejected_BelowThreshold
13:15:07;1826;RGBA(0.969, 0.619, 0.143, 0.000);-500000,00;1;0,00;RGBA(0.862, 0.583, 0.749, 0.000);Rejected_BelowThreshold
13:15:07;1827;RGBA(0.969, 0.619, 0.143, 0.000);-500000,00;1;0,00;RGBA(0.862, 0.583, 0.749, 0.000);Rejected_BelowThreshold
13:15:07;1828;RGBA(0.969, 0.619, 0.143, 0.000);-500000,00;1;0,00;RGBA(0.862, 0.583, 0.749, 0.000);Rejected_BelowThreshold
13:15:07;1829;RGBA(0.969, 0.619, 0.143, 0.000);-500000,00;1;0,00;RGBA(0.862, 0.583, 0.749, 0.000);Rejected_BelowThreshold
13:15:07;1830;RGBA(0.969, 0.619, 0.143, 0.000);-500000,00;1;0,00;RGBA(0.862, 0.583, 0.749, 0.000);Rejected_BelowThreshold
13:15:07;1831;RGBA(0.969, 0.619, 0.143, 0.000);-500000,00;1;0,00;RGBA(0.862, 0.583, 0.749, 0.000);Rejected_BelowThreshold
13:15:07;1832;RGBA(0.969, 0.619, 0.143, 0.000);-500000,00;1;0,00;RGBA(0.862, 0.583, 0.749, 0.000);Rejected_BelowThreshold
13:15:07;1833;RGBA(0.969, 0.619, 0.143, 0.000);-500000,00;1;0,00;RGBA(0.862, 0.583, 0.749, 0.000);Rejected_BelowThreshold
13:15:07;1834;RGBA(0.969, 0.619, 0.143, 0.000);-500000,00;1;0,00;RGBA(0.862, 0.583, 0.749, 0.000);Rejected_BelowThreshold
13:15:07;1835;RGBA(0.969, 0.619, 0.143, 0.000);-500000,00;1;0,00;RGBA(0.862, 0.583, 0.749, 0.000);Rejected_BelowThreshold
13:15:07;1836;RGBA(0.969, 0.619, 0.143, 0.000);-500000,00;1;0,00;RGBA(0.862, 0.583, 0.749, 0.000);Rejected_BelowThreshold
13:15:07;1837;RGBA(0.969, 0.619, 0.143, 0.000);-500000,00;1;0,00;RGBA(0.862, 0.583, 0.749, 0.000);Rejected_BelowThreshold
13:15:07;1838;RGBA(0.969, 0.619, 0.143, 0.000);-500000,00;1;0,00;RGBA(0.862, 0.583, 0.749, 0.000);Rejected_BelowThreshold
13:15:07;1839;RGBA(0.969, 0.619, 0.143, 0.000);-500000,00;1;0,00;RGBA(0.862, 0.583, 0.749, 0.000);Rejected_BelowThreshold
13:15:07;1840;RGBA(0.969, 0.619, 0.143, 0.000);-500000,00;1;0,00;RGBA(0.862, 0.583, 0.749, 0.000);Rejected_BelowThreshold
13:15:07;1841;RGBA(0.969, 0.619, 0.143, 0.000);-500000,00;1;0,00;RGBA(0.862, 0.583, 0.749, 0.000);Rejected_BelowThreshold
13:15:07;1842;RGBA(0.969, 0.619, 0.143, 0.000);-500000,00;1;0,00;RGBA(0.862, 0.583, 0.749, 0.000);Rejected_BelowThreshold
13:15:07;1843;RGBA(0.969, 0.619, 0.143, 0.000);-500000,00;1;0,00;RGBA(0.862, 0.583, 0.749, 0.000);Rejected_BelowThreshold
13:15:07;1844;RGBA(0.969, 0.619, 0.143, 0.000);-500000,00;1;0,00;RGBA(0.862, 0.583, 0.749, 0.000);Rejected_BelowThreshold
13:15:07;1845;RGBA(0.969, 0.619, 0.143, 0.000);-500000,00;1;0,00;RGBA(0.862, 0.583, 0.749, 0.000);Rejected_BelowThreshold
13:15:07;1846;RGBA(0.969, 0.619, 0.143, 0.000);-500000,00;1;0,00;RGBA(0.862, 0.583, 0.749, 0.000);Rejected_BelowThreshold
13:15:07;1847;RGBA(0.969, 0.619, 0.143, 0.000);-500000,00;1;0,00;RGBA(0.862, 0.583, 0.749, 0.000);Rejected_BelowThreshold
13:15:07;1848;RGBA(0.969, 0.619, 0.143, 0.000);-500000,00;1;0,00;RGBA(0.862, 0.583, 0.749, 0.000);Rejected_BelowThreshold
13:15:07;1849;RGBA(0.969, 0.619, 0.143, 0.000);-500000,00;1;0,00;RGBA(0.862, 0.583, 0.749, 0.000);Rejected_BelowThreshold
13:15:07;1850;RGBA(0.969, 0.619, 0.143, 0.000);-500000,00;1;0,00;RGBA(0.862, 0.583, 0.749, 0.000);Rejected_BelowThreshold
13:15:07;1851;RGBA(0.969, 0.619, 0.143, 0.000);-500000,00;1;0,00;RGBA(0.862, 0.583, 0.749, 0.000);Rejected_BelowThreshold
13:15:07;1852;RGBA(0.969, 0.619, 0.143, 0.000);-500000,00;1;0,00;RGBA(0.862, 0.583, 0.749, 0.000);Rejected_BelowThreshold
13:15:07;1853;RGBA(0.969, 0.619, 0.143, 0.000);-500000,00;1;0,00;RGBA(0.862, 0.583, 0.749, 0.000);Rejected_BelowThreshold
13:15:07;1854;RGBA(0.969, 0.619, 0.143, 0.000);-500000,00;1;0,00;RGBA(0.862, 0.583, 0.749, 0.000);Rejected_BelowThreshold
13:15:07;1855;RGBA(0.969, 0.619, 0.143, 0.000);-500000,00;1;0,00;RGBA(0.862, 0.583, 0.749, 0.000);Rejected_BelowThreshold
13:15:07;1856;RGBA(0.969, 0.619, 0.143, 0.000);-500000,00;1;0,00;RGBA(0.862, 0.583, 0.749, 0.000);Rejected_BelowThreshold
13:15:07;1857;RGBA(0.969, 0.619, 0.143, 0.000);-500000,00;1;0,00;RGBA(0.862, 0.583, 0.749, 0.000);Rejected_BelowThreshold
13:15:07;1858;RGBA(0.969, 0.619, 0.143, 0.000);-500000,00;1;0,00;RGBA(0.862, 0.583, 0.749, 0.000);Rejected_BelowThreshold
13:15:07;1859;RGBA(0.969, 0.619, 0.143, 0.000);-500000,00;1;0,00;RGBA(0.862, 0.583, 0.749, 0.000);Rejected_BelowThreshold
13:15:07;1860;RGBA(0.969, 0.619, 0.143, 0.000);-500000,00;1;0,00;RGBA(0.862, 0.583, 0.749, 0.000);Rejected_BelowThreshold
13:15:07;1861;RGBA(0.969, 0.619, 0.143, 0.000);-500000,00;1;0,00;RGBA(0.862, 0.583, 0.749, 0.000);Rejected_BelowThreshold
13:15:07;1862;RGBA(0.969, 0.619, 0.143, 0.000);-500000,00;1;0,00;RGBA(0.862, 0.583, 0.749, 0.000);Rejected_BelowThreshold
13:15:08;1863;RGBA(0.969, 0.619, 0.143, 0.000);-500000,00;1;0,00;RGBA(0.862, 0.583, 0.749, 0.000);Rejected_BelowThreshold
13:15:08;1864;RGBA(0.969, 0.619, 0.143, 0.000);-500000,00;1;0,00;RGBA(0.862, 0.583, 0.749, 0.000);Rejected_BelowThreshold
13:15:08;1865;RGBA(0.969, 0.619, 0.143, 0.000);-500000,00;1;0,00;RGBA(0.862, 0.583, 0.749, 0.000);Rejected_BelowThreshold
13:15:08;1866;RGBA(0.969, 0.619, 0.143, 0.000);-500000,00;1;0,00;RGBA(0.862, 0.583, 0.749, 0.000);Rejected_BelowThreshold
13:15:08;1867;RGBA(0.969, 0.619, 0.143, 0.000);-500000,00;1;0,00;RGBA(0.862, 0.583, 0.749, 0.000);Rejected_BelowThreshold
13:15:08;1868;RGBA(0.969, 0.619, 0.143, 0.000);-500000,00;1;0,00;RGBA(0.862, 0.583, 0.749, 0.000);Rejected_BelowThreshold
13:15:08;1869;RGBA(0.969, 0.619, 0.143, 0.000);-500000,00;1;0,00;RGBA(0.862, 0.583, 0.749, 0.000);Rejected_BelowThreshold
13:15:08;1870;RGBA(0.969, 0.619, 0.143, 0.000);-500000,00;1;0,00;RGBA(0.862, 0.583, 0.749, 0.000);Rejected_BelowThreshold
13:15:08;1871;RGBA(0.969, 0.619, 0.143, 0.000);-500000,00;1;0,00;RGBA(0.862, 0.583, 0.749, 0.000);Rejected_BelowThreshold
13:15:08;1872;RGBA(0.969, 0.619, 0.143, 0.000);-500000,00;1;0,00;RGBA(0.862, 0.583, 0.749, 0.000);Rejected_BelowThreshold
13:15:08;1873;RGBA(0.969, 0.619, 0.143, 0.000);-500000,00;1;0,00;RGBA(0.862, 0.583, 0.749, 0.000);Rejected_BelowThreshold
13:15:08;1874;RGBA(0.969, 0.619, 0.143, 0.000);-500000,00;1;0,00;RGBA(0.862, 0.583, 0.749, 0.000);Rejected_BelowThreshold
13:15:08;1875;RGBA(0.969, 0.619, 0.143, 0.000);-500000,00;1;0,00;RGBA(0.862, 0.583, 0.749, 0.000);Rejected_BelowThreshold
13:15:08;1876;RGBA(0.969, 0.619, 0.143, 0.000);-500000,00;1;0,00;RGBA(0.862, 0.583, 0.749, 0.000);Rejected_BelowThreshold
13:15:08;1877;RGBA(0.969, 0.619, 0.143, 0.000);-500000,00;1;0,00;RGBA(0.862, 0.583, 0.749, 0.000);Rejected_BelowThreshold
13:15:08;1878;RGBA(0.969, 0.619, 0.143, 0.000);-500000,00;1;0,00;RGBA(0.862, 0.583, 0.749, 0.000);Rejected_BelowThreshold
13:15:08;1879;RGBA(0.969, 0.619, 0.143, 0.000);-500000,00;1;0,00;RGBA(0.862, 0.583, 0.749, 0.000);Rejected_BelowThreshold
13:15:08;1880;RGBA(0.969, 0.619, 0.143, 0.000);-500000,00;1;0,00;RGBA(0.862, 0.583, 0.749, 0.000);Rejected_BelowThreshold
13:15:08;1881;RGBA(0.969, 0.619, 0.143, 0.000);-500000,00;1;0,00;RGBA(0.862, 0.583, 0.749, 0.000);Rejected_BelowThreshold
13:15:08;1882;RGBA(0.969, 0.619, 0.143, 0.000);-500000,00;1;0,00;RGBA(0.862, 0.583, 0.749, 0.000);Rejected_BelowThreshold
13:15:08;1883;RGBA(0.969, 0.619, 0.143, 0.000);-500000,00;1;0,00;RGBA(0.862, 0.583, 0.749, 0.000);Rejected_BelowThreshold
13:15:08;1884;RGBA(0.969, 0.619, 0.143, 0.000);-500000,00;1;0,00;RGBA(0.862, 0.583, 0.749, 0.000);Rejected_BelowThreshold
13:15:08;1885;RGBA(0.969, 0.619, 0.143, 0.000);-500000,00;1;0,00;RGBA(0.862, 0.583, 0.749, 0.000);Rejected_BelowThreshold
13:15:08;1886;RGBA(0.969, 0.619, 0.143, 0.000);-500000,00;1;0,00;RGBA(0.862, 0.583, 0.749, 0.000);Rejected_BelowThreshold
13:15:08;1887;RGBA(0.969, 0.619, 0.143, 0.000);-500000,00;1;0,00;RGBA(0.862, 0.583, 0.749, 0.000);Rejected_BelowThreshold
13:15:08;1888;RGBA(0.969, 0.619, 0.143, 0.000);-500000,00;1;0,00;RGBA(0.862, 0.583, 0.749, 0.000);Rejected_BelowThreshold
13:15:08;1889;RGBA(0.969, 0.619, 0.143, 0.000);-500000,00;1;0,00;RGBA(0.862, 0.583, 0.749, 0.000);Rejected_BelowThreshold
13:15:08;1890;RGBA(0.969, 0.619, 0.143, 0.000);-500000,00;1;0,00;RGBA(0.862, 0.583, 0.749, 0.000);Rejected_BelowThreshold
13:15:08;1891;RGBA(0.969, 0.619, 0.143, 0.000);-500000,00;1;0,00;RGBA(0.862, 0.583, 0.749, 0.000);Rejected_BelowThreshold
13:15:08;1892;RGBA(0.969, 0.619, 0.143, 0.000);-500000,00;1;0,00;RGBA(0.862, 0.583, 0.749, 0.000);Rejected_BelowThreshold
13:15:08;1893;RGBA(0.969, 0.619, 0.143, 0.000);-500000,00;1;0,00;RGBA(0.862, 0.583, 0.749, 0.000);Rejected_BelowThreshold
13:15:08;1894;RGBA(0.969, 0.619, 0.143, 0.000);-500000,00;1;0,00;RGBA(0.862, 0.583, 0.749, 0.000);Rejected_BelowThreshold
13:15:08;1895;RGBA(0.969, 0.619, 0.143, 0.000);-500000,00;1;0,00;RGBA(0.862, 0.583, 0.749, 0.000);Rejected_BelowThreshold
13:15:08;1896;RGBA(0.969, 0.619, 0.143, 0.000);-500000,00;1;0,00;RGBA(0.862, 0.583, 0.749, 0.000);Rejected_BelowThreshold
13:15:08;1897;RGBA(0.969, 0.619, 0.143, 0.000);-500000,00;1;0,00;RGBA(0.862, 0.583, 0.749, 0.000);Rejected_BelowThreshold
13:15:08;1898;RGBA(0.969, 0.619, 0.143, 0.000);-500000,00;1;0,00;RGBA(0.862, 0.583, 0.749, 0.000);Rejected_BelowThreshold
13:15:08;1899;RGBA(0.969, 0.619, 0.143, 0.000);-500000,00;1;0,00;RGBA(0.862, 0.583, 0.749, 0.000);Rejected_BelowThreshold
13:15:08;1900;RGBA(0.969, 0.619, 0.143, 0.000);-500000,00;1;0,00;RGBA(0.862, 0.583, 0.749, 0.000);Rejected_BelowThreshold
13:15:08;1901;RGBA(0.969, 0.619, 0.143, 0.000);-500000,00;1;0,00;RGBA(0.862, 0.583, 0.749, 0.000);Rejected_BelowThreshold
13:15:08;1902;RGBA(0.969, 0.619, 0.143, 0.000);-500000,00;1;0,00;RGBA(0.862, 0.583, 0.749, 0.000);Rejected_BelowThreshold
13:15:08;1903;RGBA(0.969, 0.619, 0.143, 0.000);-500000,00;1;0,00;RGBA(0.862, 0.583, 0.749, 0.000);Rejected_BelowThreshold
13:15:08;1904;RGBA(0.969, 0.619, 0.143, 0.000);-500000,00;1;0,00;RGBA(0.862, 0.583, 0.749, 0.000);Rejected_BelowThreshold
13:15:08;1905;RGBA(0.969, 0.619, 0.143, 0.000);-500000,00;1;0,00;RGBA(0.862, 0.583, 0.749, 0.000);Rejected_BelowThreshold
13:15:08;1906;RGBA(0.969, 0.619, 0.143, 0.000);-500000,00;1;0,00;RGBA(0.862, 0.583, 0.749, 0.000);Rejected_BelowThreshold
13:15:08;1907;RGBA(0.969, 0.619, 0.143, 0.000);-500000,00;1;0,00;RGBA(0.862, 0.583, 0.749, 0.000);Rejected_BelowThreshold
13:15:08;1908;RGBA(0.969, 0.619, 0.143, 0.000);-500000,00;1;0,00;RGBA(0.862, 0.583, 0.749, 0.000);Rejected_BelowThreshold
13:15:08;1909;RGBA(0.969, 0.619, 0.143, 0.000);-500000,00;1;0,00;RGBA(0.862, 0.583, 0.749, 0.000);Rejected_BelowThreshold
13:15:08;1910;RGBA(0.969, 0.619, 0.143, 0.000);-500000,00;1;0,00;RGBA(0.862, 0.583, 0.749, 0.000);Rejected_BelowThreshold
13:15:08;1911;RGBA(0.969, 0.619, 0.143, 0.000);-500000,00;1;0,00;RGBA(0.862, 0.583, 0.749, 0.000);Rejected_BelowThreshold
13:15:08;1912;RGBA(0.969, 0.619, 0.143, 0.000);-500000,00;1;0,00;RGBA(0.862, 0.583, 0.749, 0.000);Rejected_BelowThreshold
13:15:08;1913;RGBA(0.969, 0.619, 0.143, 0.000);-500000,00;1;0,00;RGBA(0.862, 0.583, 0.749, 0.000);Rejected_BelowThreshold
13:15:08;1914;RGBA(0.969, 0.619, 0.143, 0.000);-500000,00;1;0,00;RGBA(0.862, 0.583, 0.749, 0.000);Rejected_BelowThreshold
13:15:08;1915;RGBA(0.969, 0.619, 0.143, 0.000);-500000,00;1;0,00;RGBA(0.862, 0.583, 0.749, 0.000);Rejected_BelowThreshold
13:15:08;1916;RGBA(0.969, 0.619, 0.143, 0.000);-500000,00;1;0,00;RGBA(0.862, 0.583, 0.749, 0.000);Rejected_BelowThreshold
13:15:08;1917;RGBA(0.969, 0.619, 0.143, 0.000);-500000,00;1;0,00;RGBA(0.862, 0.583, 0.749, 0.000);Rejected_BelowThreshold
13:15:08;1918;RGBA(0.969, 0.619, 0.143, 0.000);-500000,00;1;0,00;RGBA(0.862, 0.583, 0.749, 0.000);Rejected_BelowThreshold
13:15:08;1919;RGBA(0.969, 0.619, 0.143, 0.000);-500000,00;1;0,00;RGBA(0.862, 0.583, 0.749, 0.000);Rejected_BelowThreshold
13:15:08;1920;RGBA(0.969, 0.619, 0.143, 0.000);-500000,00;1;0,00;RGBA(0.862, 0.583, 0.749, 0.000);Rejected_BelowThreshold
13:15:08;1921;RGBA(0.969, 0.619, 0.143, 0.000);-500000,00;1;0,00;RGBA(0.862, 0.583, 0.749, 0.000);Rejected_BelowThreshold
13:15:08;1922;RGBA(0.969, 0.619, 0.143, 0.000);-500000,00;1;0,00;RGBA(0.862, 0.583, 0.749, 0.000);Rejected_BelowThreshold
13:15:08;1923;RGBA(0.969, 0.619, 0.143, 0.000);-500000,00;1;0,00;RGBA(0.862, 0.583, 0.749, 0.000);Rejected_BelowThreshold
13:15:08;1924;RGBA(0.969, 0.619, 0.143, 0.000);-500000,00;1;0,00;RGBA(0.862, 0.583, 0.749, 0.000);Rejected_BelowThreshold
13:15:08;1925;RGBA(0.969, 0.619, 0.143, 0.000);-500000,00;1;0,00;RGBA(0.862, 0.583, 0.749, 0.000);Rejected_BelowThreshold
13:15:08;1926;RGBA(0.969, 0.619, 0.143, 0.000);-500000,00;1;0,00;RGBA(0.862, 0.583, 0.749, 0.000);Rejected_BelowThreshold
13:15:08;1927;RGBA(0.969, 0.619, 0.143, 0.000);-500000,00;1;0,00;RGBA(0.862, 0.583, 0.749, 0.000);Rejected_BelowThreshold
13:15:08;1928;RGBA(0.969, 0.619, 0.143, 0.000);-500000,00;1;0,00;RGBA(0.862, 0.583, 0.749, 0.000);Rejected_BelowThreshold
13:15:08;1929;RGBA(0.969, 0.619, 0.143, 0.000);-500000,00;1;0,00;RGBA(0.862, 0.583, 0.749, 0.000);Rejected_BelowThreshold
13:15:08;1930;RGBA(0.969, 0.619, 0.143, 0.000);-500000,00;1;0,00;RGBA(0.862, 0.583, 0.749, 0.000);Rejected_BelowThreshold
13:15:08;1931;RGBA(0.969, 0.619, 0.143, 0.000);-500000,00;1;0,00;RGBA(0.862, 0.583, 0.749, 0.000);Rejected_BelowThreshold
13:15:08;1932;RGBA(0.969, 0.619, 0.143, 0.000);-500000,00;1;0,00;RGBA(0.862, 0.583, 0.749, 0.000);Rejected_BelowThreshold
13:15:08;1933;RGBA(0.969, 0.619, 0.143, 0.000);-500000,00;1;0,00;RGBA(0.862, 0.583, 0.749, 0.000);Rejected_BelowThreshold
13:15:08;1934;RGBA(0.969, 0.619, 0.143, 0.000);-500000,00;1;0,00;RGBA(0.862, 0.583, 0.749, 0.000);Rejected_BelowThreshold
13:15:08;1935;RGBA(0.969, 0.619, 0.143, 0.000);-500000,00;1;0,00;RGBA(0.862, 0.583, 0.749, 0.000);Rejected_BelowThreshold
13:15:08;1936;RGBA(0.969, 0.619, 0.143, 0.000);-500000,00;1;0,00;RGBA(0.862, 0.583, 0.749, 0.000);Rejected_BelowThreshold
13:15:08;1937;RGBA(0.969, 0.619, 0.143, 0.000);-500000,00;1;0,00;RGBA(0.862, 0.583, 0.749, 0.000);Rejected_BelowThreshold
13:15:08;1938;RGBA(0.969, 0.619, 0.143, 0.000);-500000,00;1;0,00;RGBA(0.862, 0.583, 0.749, 0.000);Rejected_BelowThreshold
13:15:08;1939;RGBA(0.969, 0.619, 0.143, 0.000);-500000,00;1;0,00;RGBA(0.862, 0.583, 0.749, 0.000);Rejected_BelowThreshold
13:15:08;1940;RGBA(0.969, 0.619, 0.143, 0.000);-500000,00;1;0,00;RGBA(0.862, 0.583, 0.749, 0.000);Rejected_BelowThreshold
13:15:08;1941;RGBA(0.969, 0.619, 0.143, 0.000);-500000,00;1;0,00;RGBA(0.862, 0.583, 0.749, 0.000);Rejected_BelowThreshold
13:15:09;1942;RGBA(0.969, 0.619, 0.143, 0.000);-500000,00;1;0,00;RGBA(0.862, 0.583, 0.749, 0.000);Rejected_BelowThreshold
13:15:09;1943;RGBA(0.969, 0.619, 0.143, 0.000);-500000,00;1;0,00;RGBA(0.862, 0.583, 0.749, 0.000);Rejected_BelowThreshold
13:15:09;1944;RGBA(0.969, 0.619, 0.143, 0.000);-500000,00;1;0,00;RGBA(0.862, 0.583, 0.749, 0.000);Rejected_BelowThreshold
13:15:09;1945;RGBA(0.969, 0.619, 0.143, 0.000);-500000,00;1;0,00;RGBA(0.862, 0.583, 0.749, 0.000);Rejected_BelowThreshold
13:15:09;1946;RGBA(0.969, 0.619, 0.143, 0.000);-500000,00;1;0,00;RGBA(0.862, 0.583, 0.749, 0.000);Rejected_BelowThreshold
13:15:09;1947;RGBA(0.969, 0.619, 0.143, 0.000);-500000,00;1;0,00;RGBA(0.862, 0.583, 0.749, 0.000);Rejected_BelowThreshold
13:15:09;1948;RGBA(0.969, 0.619, 0.143, 0.000);-500000,00;1;0,00;RGBA(0.862, 0.583, 0.749, 0.000);Rejected_BelowThreshold
13:15:09;1949;RGBA(0.969, 0.619, 0.143, 0.000);-500000,00;1;0,00;RGBA(0.862, 0.583, 0.749, 0.000);Rejected_BelowThreshold
13:15:09;1950;RGBA(0.969, 0.619, 0.143, 0.000);-500000,00;1;0,00;RGBA(0.862, 0.583, 0.749, 0.000);Rejected_BelowThreshold
13:15:09;1951;RGBA(0.969, 0.619, 0.143, 0.000);-500000,00;1;0,00;RGBA(0.862, 0.583, 0.749, 0.000);Rejected_BelowThreshold
13:15:09;1952;RGBA(0.969, 0.619, 0.143, 0.000);-500000,00;1;0,00;RGBA(0.862, 0.583, 0.749, 0.000);Rejected_BelowThreshold
13:15:09;1953;RGBA(0.969, 0.619, 0.143, 0.000);-500000,00;1;0,00;RGBA(0.862, 0.583, 0.749, 0.000);Rejected_BelowThreshold
13:15:09;1954;RGBA(0.969, 0.619, 0.143, 0.000);-500000,00;1;0,00;RGBA(0.862, 0.583, 0.749, 0.000);Rejected_BelowThreshold
13:15:09;1955;RGBA(0.969, 0.619, 0.143, 0.000);-500000,00;1;0,00;RGBA(0.862, 0.583, 0.749, 0.000);Rejected_BelowThreshold
13:15:09;1956;RGBA(0.969, 0.619, 0.143, 0.000);-500000,00;1;0,00;RGBA(0.862, 0.583, 0.749, 0.000);Rejected_BelowThreshold
13:15:09;1957;RGBA(0.969, 0.619, 0.143, 0.000);-500000,00;1;0,00;RGBA(0.862, 0.583, 0.749, 0.000);Rejected_BelowThreshold
13:15:09;1958;RGBA(0.969, 0.619, 0.143, 0.000);-500000,00;1;0,00;RGBA(0.862, 0.583, 0.749, 0.000);Rejected_BelowThreshold
13:15:09;1959;RGBA(0.969, 0.619, 0.143, 0.000);-500000,00;1;0,00;RGBA(0.862, 0.583, 0.749, 0.000);Rejected_BelowThreshold
13:15:09;1960;RGBA(0.969, 0.619, 0.143, 0.000);-500000,00;1;0,00;RGBA(0.862, 0.583, 0.749, 0.000);Rejected_BelowThreshold
13:15:09;1961;RGBA(0.969, 0.619, 0.143, 0.000);-500000,00;1;0,00;RGBA(0.862, 0.583, 0.749, 0.000);Rejected_BelowThreshold
13:15:09;1962;RGBA(0.969, 0.619, 0.143, 0.000);-500000,00;1;0,00;RGBA(0.862, 0.583, 0.749, 0.000);Rejected_BelowThreshold
13:15:09;1963;RGBA(0.969, 0.619, 0.143, 0.000);-500000,00;1;0,00;RGBA(0.862, 0.583, 0.749, 0.000);Rejected_BelowThreshold
13:15:09;1964;RGBA(0.969, 0.619, 0.143, 0.000);-500000,00;1;0,00;RGBA(0.862, 0.583, 0.749, 0.000);Rejected_BelowThreshold
13:15:09;1965;RGBA(0.969, 0.619, 0.143, 0.000);-500000,00;1;0,00;RGBA(0.862, 0.583, 0.749, 0.000);Rejected_BelowThreshold
13:15:09;1966;RGBA(0.969, 0.619, 0.143, 0.000);-500000,00;1;0,00;RGBA(0.862, 0.583, 0.749, 0.000);Rejected_BelowThreshold
13:15:09;1967;RGBA(0.969, 0.619, 0.143, 0.000);-500000,00;1;0,00;RGBA(0.862, 0.583, 0.749, 0.000);Rejected_BelowThreshold
13:15:09;1968;RGBA(0.969, 0.619, 0.143, 0.000);-500000,00;1;0,00;RGBA(0.862, 0.583, 0.749, 0.000);Rejected_BelowThreshold
13:15:09;1969;RGBA(0.969, 0.619, 0.143, 0.000);-500000,00;1;0,00;RGBA(0.862, 0.583, 0.749, 0.000);Rejected_BelowThreshold
13:15:09;1970;RGBA(0.969, 0.619, 0.143, 0.000);-500000,00;1;0,00;RGBA(0.862, 0.583, 0.749, 0.000);Rejected_BelowThreshold
13:15:09;1971;RGBA(0.969, 0.619, 0.143, 0.000);-500000,00;1;0,00;RGBA(0.862, 0.583, 0.749, 0.000);Rejected_BelowThreshold
13:15:09;1972;RGBA(0.969, 0.619, 0.143, 0.000);-500000,00;1;0,00;RGBA(0.862, 0.583, 0.749, 0.000);Rejected_BelowThreshold
13:15:09;1973;RGBA(0.969, 0.619, 0.143, 0.000);-500000,00;1;0,00;RGBA(0.862, 0.583, 0.749, 0.000);Rejected_BelowThreshold
13:15:09;1974;RGBA(0.969, 0.619, 0.143, 0.000);-500000,00;1;0,00;RGBA(0.862, 0.583, 0.749, 0.000);Rejected_BelowThreshold
13:15:09;1975;RGBA(0.969, 0.619, 0.143, 0.000);-500000,00;1;0,00;RGBA(0.862, 0.583, 0.749, 0.000);Rejected_BelowThreshold
13:15:09;1976;RGBA(0.969, 0.619, 0.143, 0.000);-500000,00;1;0,00;RGBA(0.862, 0.583, 0.749, 0.000);Rejected_BelowThreshold
13:15:09;1977;RGBA(0.969, 0.619, 0.143, 0.000);-500000,00;1;0,00;RGBA(0.862, 0.583, 0.749, 0.000);Rejected_BelowThreshold
13:15:09;1978;RGBA(0.969, 0.619, 0.143, 0.000);-500000,00;1;0,00;RGBA(0.862, 0.583, 0.749, 0.000);Rejected_BelowThreshold
13:15:09;1979;RGBA(0.969, 0.619, 0.143, 0.000);-500000,00;1;0,00;RGBA(0.862, 0.583, 0.749, 0.000);Rejected_BelowThreshold
13:15:09;1980;RGBA(0.969, 0.619, 0.143, 0.000);-500000,00;1;0,00;RGBA(0.862, 0.583, 0.749, 0.000);Rejected_BelowThreshold
13:15:09;1981;RGBA(0.969, 0.619, 0.143, 0.000);-500000,00;1;0,00;RGBA(0.862, 0.583, 0.749, 0.000);Rejected_BelowThreshold
13:15:09;1982;RGBA(0.969, 0.619, 0.143, 0.000);-500000,00;1;0,00;RGBA(0.862, 0.583, 0.749, 0.000);Rejected_BelowThreshold
13:15:09;1983;RGBA(0.969, 0.619, 0.143, 0.000);-500000,00;1;0,00;RGBA(0.862, 0.583, 0.749, 0.000);Rejected_BelowThreshold
13:15:09;1984;RGBA(0.969, 0.619, 0.143, 0.000);-500000,00;1;0,00;RGBA(0.862, 0.583, 0.749, 0.000);Rejected_BelowThreshold
13:15:09;1985;RGBA(0.969, 0.619, 0.143, 0.000);-500000,00;1;0,00;RGBA(0.862, 0.583, 0.749, 0.000);Rejected_BelowThreshold
13:15:09;1986;RGBA(0.969, 0.619, 0.143, 0.000);-500000,00;1;0,00;RGBA(0.862, 0.583, 0.749, 0.000);Rejected_BelowThreshold
13:15:09;1987;RGBA(0.969, 0.619, 0.143, 0.000);-500000,00;1;0,00;RGBA(0.862, 0.583, 0.749, 0.000);Rejected_BelowThreshold
13:15:09;1988;RGBA(0.969, 0.619, 0.143, 0.000);-500000,00;1;0,00;RGBA(0.862, 0.583, 0.749, 0.000);Rejected_BelowThreshold
13:15:09;1989;RGBA(0.969, 0.619, 0.143, 0.000);-500000,00;1;0,00;RGBA(0.862, 0.583, 0.749, 0.000);Rejected_BelowThreshold
13:15:09;1990;RGBA(0.969, 0.619, 0.143, 0.000);-500000,00;1;0,00;RGBA(0.862, 0.583, 0.749, 0.000);Rejected_BelowThreshold
13:15:09;1991;RGBA(0.969, 0.619, 0.143, 0.000);-500000,00;1;0,00;RGBA(0.862, 0.583, 0.749, 0.000);Rejected_BelowThreshold
13:15:09;1992;RGBA(0.969, 0.619, 0.143, 0.000);-500000,00;1;0,00;RGBA(0.862, 0.583, 0.749, 0.000);Rejected_BelowThreshold
13:15:09;1993;RGBA(0.969, 0.619, 0.143, 0.000);-500000,00;1;0,00;RGBA(0.862, 0.583, 0.749, 0.000);Rejected_BelowThreshold
13:15:09;1994;RGBA(0.969, 0.619, 0.143, 0.000);-500000,00;1;0,00;RGBA(0.862, 0.583, 0.749, 0.000);Rejected_BelowThreshold
13:15:09;1995;RGBA(0.969, 0.619, 0.143, 0.000);-500000,00;1;0,00;RGBA(0.862, 0.583, 0.749, 0.000);Rejected_BelowThreshold
13:15:09;1996;RGBA(0.969, 0.619, 0.143, 0.000);-500000,00;1;0,00;RGBA(0.862, 0.583, 0.749, 0.000);Rejected_BelowThreshold
13:15:09;1997;RGBA(0.969, 0.619, 0.143, 0.000);-500000,00;1;0,00;RGBA(0.862, 0.583, 0.749, 0.000);Rejected_BelowThreshold
13:15:09;1998;RGBA(0.969, 0.619, 0.143, 0.000);-500000,00;1;0,00;RGBA(0.862, 0.583, 0.749, 0.000);Rejected_BelowThreshold
13:15:09;1999;RGBA(0.969, 0.619, 0.143, 0.000);-500000,00;1;0,00;RGBA(0.862, 0.583, 0.749, 0.000);Rejected_BelowThreshold
13:15:09;2000;RGBA(0.969, 0.619, 0.143, 0.000);-500000,00;1;0,00;RGBA(0.862, 0.583, 0.749, 0.000);Rejected_BelowThreshold
13:15:09;2001;RGBA(0.969, 0.619, 0.143, 0.000);-500000,00;1;0,00;RGBA(0.862, 0.583, 0.749, 0.000);Rejected_BelowThreshold
13:15:09;2002;RGBA(0.969, 0.619, 0.143, 0.000);-500000,00;1;0,00;RGBA(0.862, 0.583, 0.749, 0.000);Rejected_BelowThreshold
13:15:09;2003;RGBA(0.969, 0.619, 0.143, 0.000);-500000,00;1;0,00;RGBA(0.862, 0.583, 0.749, 0.000);Rejected_BelowThreshold
13:15:09;2004;RGBA(0.969, 0.619, 0.143, 0.000);-500000,00;1;0,00;RGBA(0.862, 0.583, 0.749, 0.000);Rejected_BelowThreshold
13:15:09;2005;RGBA(0.969, 0.619, 0.143, 0.000);-500000,00;1;0,00;RGBA(0.862, 0.583, 0.749, 0.000);Rejected_BelowThreshold
13:15:09;2006;RGBA(0.969, 0.619, 0.143, 0.000);-500000,00;1;0,00;RGBA(0.862, 0.583, 0.749, 0.000);Rejected_BelowThreshold
13:15:09;2007;RGBA(0.969, 0.619, 0.143, 0.000);-500000,00;1;0,00;RGBA(0.862, 0.583, 0.749, 0.000);Rejected_BelowThreshold
13:15:09;2008;RGBA(0.969, 0.619, 0.143, 0.000);-500000,00;1;0,00;RGBA(0.862, 0.583, 0.749, 0.000);Rejected_BelowThreshold
13:15:09;2009;RGBA(0.969, 0.619, 0.143, 0.000);-500000,00;1;0,00;RGBA(0.862, 0.583, 0.749, 0.000);Rejected_BelowThreshold
13:15:09;2010;RGBA(0.969, 0.619, 0.143, 0.000);-500000,00;1;0,00;RGBA(0.862, 0.583, 0.749, 0.000);Rejected_BelowThreshold
13:15:09;2011;RGBA(0.969, 0.619, 0.143, 0.000);-500000,00;1;0,00;RGBA(0.862, 0.583, 0.749, 0.000);Rejected_BelowThreshold
13:15:09;2012;RGBA(0.969, 0.619, 0.143, 0.000);-500000,00;1;0,00;RGBA(0.862, 0.583, 0.749, 0.000);Rejected_BelowThreshold
13:15:09;2013;RGBA(0.969, 0.619, 0.143, 0.000);-500000,00;1;0,00;RGBA(0.862, 0.583, 0.749, 0.000);Rejected_BelowThreshold
13:15:09;2014;RGBA(0.969, 0.619, 0.143, 0.000);-500000,00;1;0,00;RGBA(0.862, 0.583, 0.749, 0.000);Rejected_BelowThreshold
13:15:09;2015;RGBA(0.969, 0.619, 0.143, 0.000);-500000,00;1;0,00;RGBA(0.862, 0.583, 0.749, 0.000);Rejected_BelowThreshold
13:15:09;2016;RGBA(0.969, 0.619, 0.143, 0.000);-500000,00;1;0,00;RGBA(0.862, 0.583, 0.749, 0.000);Rejected_BelowThreshold
13:15:09;2017;RGBA(0.969, 0.619, 0.143, 0.000);-500000,00;1;0,00;RGBA(0.862, 0.583, 0.749, 0.000);Rejected_BelowThreshold
13:15:09;2018;RGBA(0.969, 0.619, 0.143, 0.000);-500000,00;1;0,00;RGBA(0.862, 0.583, 0.749, 0.000);Rejected_BelowThreshold
13:15:09;2019;RGBA(0.969, 0.619, 0.143, 0.000);-500000,00;1;0,00;RGBA(0.862, 0.583, 0.749, 0.000);Rejected_BelowThreshold
13:15:09;2020;RGBA(0.969, 0.619, 0.143, 0.000);-500000,00;1;0,00;RGBA(0.862, 0.583, 0.749, 0.000);Rejected_BelowThreshold
13:15:09;2021;RGBA(0.969, 0.619, 0.143, 0.000);-500000,00;1;0,00;RGBA(0.862, 0.583, 0.749, 0.000);Rejected_BelowThreshold
13:15:10;2022;RGBA(0.969, 0.619, 0.143, 0.000);-500000,00;1;0,00;RGBA(0.862, 0.583, 0.749, 0.000);Rejected_BelowThreshold
13:15:10;2023;RGBA(0.969, 0.619, 0.143, 0.000);-500000,00;1;0,00;RGBA(0.862, 0.583, 0.749, 0.000);Rejected_BelowThreshold
13:15:10;2024;RGBA(0.969, 0.619, 0.143, 0.000);-500000,00;1;0,00;RGBA(0.862, 0.583, 0.749, 0.000);Rejected_BelowThreshold
13:15:10;2025;RGBA(0.969, 0.619, 0.143, 0.000);-500000,00;1;0,00;RGBA(0.862, 0.583, 0.749, 0.000);Rejected_BelowThreshold
13:15:10;2026;RGBA(0.969, 0.619, 0.143, 0.000);-500000,00;1;0,00;RGBA(0.862, 0.583, 0.749, 0.000);Rejected_BelowThreshold
13:15:10;2027;RGBA(0.969, 0.619, 0.143, 0.000);-500000,00;1;0,00;RGBA(0.862, 0.583, 0.749, 0.000);Rejected_BelowThreshold
13:15:10;2028;RGBA(0.969, 0.619, 0.143, 0.000);-500000,00;1;0,00;RGBA(0.862, 0.583, 0.749, 0.000);Rejected_BelowThreshold
13:15:10;2029;RGBA(0.969, 0.619, 0.143, 0.000);-500000,00;1;0,00;RGBA(0.862, 0.583, 0.749, 0.000);Rejected_BelowThreshold
13:15:10;2030;RGBA(0.969, 0.619, 0.143, 0.000);-500000,00;1;0,00;RGBA(0.862, 0.583, 0.749, 0.000);Rejected_BelowThreshold
13:15:10;2031;RGBA(0.969, 0.619, 0.143, 0.000);-500000,00;1;0,00;RGBA(0.862, 0.583, 0.749, 0.000);Rejected_BelowThreshold
13:15:10;2032;RGBA(0.969, 0.619, 0.143, 0.000);-500000,00;1;0,00;RGBA(0.862, 0.583, 0.749, 0.000);Rejected_BelowThreshold
13:15:10;2033;RGBA(0.969, 0.619, 0.143, 0.000);-500000,00;1;0,00;RGBA(0.862, 0.583, 0.749, 0.000);Rejected_BelowThreshold
13:15:10;2034;RGBA(0.969, 0.619, 0.143, 0.000);-500000,00;1;0,00;RGBA(0.862, 0.583, 0.749, 0.000);Rejected_BelowThreshold
13:15:10;2035;RGBA(0.969, 0.619, 0.143, 0.000);-500000,00;1;0,00;RGBA(0.862, 0.583, 0.749, 0.000);Rejected_BelowThreshold
13:15:10;2036;RGBA(0.969, 0.619, 0.143, 0.000);-500000,00;1;0,00;RGBA(0.862, 0.583, 0.749, 0.000);Rejected_BelowThreshold
13:15:10;2037;RGBA(0.969, 0.619, 0.143, 0.000);-500000,00;1;0,00;RGBA(0.862, 0.583, 0.749, 0.000);Rejected_BelowThreshold
13:15:10;2038;RGBA(0.969, 0.619, 0.143, 0.000);-500000,00;1;0,00;RGBA(0.862, 0.583, 0.749, 0.000);Rejected_BelowThreshold
13:15:10;2039;RGBA(0.969, 0.619, 0.143, 0.000);-500000,00;1;0,00;RGBA(0.862, 0.583, 0.749, 0.000);Rejected_BelowThreshold
13:15:10;2040;RGBA(0.969, 0.619, 0.143, 0.000);-500000,00;1;0,00;RGBA(0.862, 0.583, 0.749, 0.000);Rejected_BelowThreshold
13:15:10;2041;RGBA(0.969, 0.619, 0.143, 0.000);-500000,00;1;0,00;RGBA(0.862, 0.583, 0.749, 0.000);Rejected_BelowThreshold
13:15:10;2042;RGBA(0.969, 0.619, 0.143, 0.000);-500000,00;1;0,00;RGBA(0.862, 0.583, 0.749, 0.000);Rejected_BelowThreshold
13:15:10;2043;RGBA(0.969, 0.619, 0.143, 0.000);-500000,00;1;0,00;RGBA(0.862, 0.583, 0.749, 0.000);Rejected_BelowThreshold
13:15:10;2044;RGBA(0.969, 0.619, 0.143, 0.000);-500000,00;1;0,00;RGBA(0.862, 0.583, 0.749, 0.000);Rejected_BelowThreshold
13:15:10;2045;RGBA(0.969, 0.619, 0.143, 0.000);-500000,00;1;0,00;RGBA(0.862, 0.583, 0.749, 0.000);Rejected_BelowThreshold
13:15:10;2046;RGBA(0.969, 0.619, 0.143, 0.000);-500000,00;1;0,00;RGBA(0.862, 0.583, 0.749, 0.000);Rejected_BelowThreshold
13:15:10;2047;RGBA(0.969, 0.619, 0.143, 0.000);-500000,00;1;0,00;RGBA(0.862, 0.583, 0.749, 0.000);Rejected_BelowThreshold
13:15:10;2048;RGBA(0.969, 0.619, 0.143, 0.000);-500000,00;1;0,00;RGBA(0.862, 0.583, 0.749, 0.000);Rejected_BelowThreshold
13:15:10;2049;RGBA(0.969, 0.619, 0.143, 0.000);-500000,00;1;0,00;RGBA(0.862, 0.583, 0.749, 0.000);Rejected_BelowThreshold
13:15:10;2050;RGBA(0.969, 0.619, 0.143, 0.000);-500000,00;1;0,00;RGBA(0.862, 0.583, 0.749, 0.000);Rejected_BelowThreshold
13:15:10;2051;RGBA(0.969, 0.619, 0.143, 0.000);-500000,00;1;0,00;RGBA(0.862, 0.583, 0.749, 0.000);Rejected_BelowThreshold
13:15:10;2052;RGBA(0.969, 0.619, 0.143, 0.000);-500000,00;1;0,00;RGBA(0.862, 0.583, 0.749, 0.000);Rejected_BelowThreshold
13:15:10;2053;RGBA(0.969, 0.619, 0.143, 0.000);-500000,00;1;0,00;RGBA(0.862, 0.583, 0.749, 0.000);Rejected_BelowThreshold
13:15:10;2054;RGBA(0.969, 0.619, 0.143, 0.000);-500000,00;1;0,00;RGBA(0.862, 0.583, 0.749, 0.000);Rejected_BelowThreshold
13:15:10;2055;RGBA(0.969, 0.619, 0.143, 0.000);-500000,00;1;0,00;RGBA(0.862, 0.583, 0.749, 0.000);Rejected_BelowThreshold
13:15:10;2056;RGBA(0.969, 0.619, 0.143, 0.000);-500000,00;1;0,00;RGBA(0.862, 0.583, 0.749, 0.000);Rejected_BelowThreshold
13:15:10;2057;RGBA(0.969, 0.619, 0.143, 0.000);-500000,00;1;0,00;RGBA(0.862, 0.583, 0.749, 0.000);Rejected_BelowThreshold
13:15:10;2058;RGBA(0.969, 0.619, 0.143, 0.000);-500000,00;1;0,00;RGBA(0.862, 0.583, 0.749, 0.000);Rejected_BelowThreshold
13:15:10;2059;RGBA(0.969, 0.619, 0.143, 0.000);-500000,00;1;0,00;RGBA(0.862, 0.583, 0.749, 0.000);Rejected_BelowThreshold
13:15:10;2060;RGBA(0.969, 0.619, 0.143, 0.000);-500000,00;1;0,00;RGBA(0.862, 0.583, 0.749, 0.000);Rejected_BelowThreshold
13:15:10;2061;RGBA(0.969, 0.619, 0.143, 0.000);-500000,00;1;0,00;RGBA(0.862, 0.583, 0.749, 0.000);Rejected_BelowThreshold
13:15:10;2062;RGBA(0.969, 0.619, 0.143, 0.000);-500000,00;1;0,00;RGBA(0.862, 0.583, 0.749, 0.000);Rejected_BelowThreshold
13:15:10;2063;RGBA(0.969, 0.619, 0.143, 0.000);-500000,00;1;0,00;RGBA(0.862, 0.583, 0.749, 0.000);Rejected_BelowThreshold
13:15:10;2064;RGBA(0.969, 0.619, 0.143, 0.000);-500000,00;1;0,00;RGBA(0.862, 0.583, 0.749, 0.000);Rejected_BelowThreshold
13:15:10;2065;RGBA(0.969, 0.619, 0.143, 0.000);-500000,00;1;0,00;RGBA(0.862, 0.583, 0.749, 0.000);Rejected_BelowThreshold
13:15:10;2066;RGBA(0.969, 0.619, 0.143, 0.000);-500000,00;1;0,00;RGBA(0.862, 0.583, 0.749, 0.000);Rejected_BelowThreshold
13:15:10;2067;RGBA(0.969, 0.619, 0.143, 0.000);-500000,00;1;0,00;RGBA(0.862, 0.583, 0.749, 0.000);Rejected_BelowThreshold
13:15:10;2068;RGBA(0.969, 0.619, 0.143, 0.000);-500000,00;1;0,00;RGBA(0.862, 0.583, 0.749, 0.000);Rejected_BelowThreshold
13:15:10;2069;RGBA(0.969, 0.619, 0.143, 0.000);-500000,00;1;0,00;RGBA(0.862, 0.583, 0.749, 0.000);Rejected_BelowThreshold
13:15:10;2070;RGBA(0.969, 0.619, 0.143, 0.000);-500000,00;1;0,00;RGBA(0.862, 0.583, 0.749, 0.000);Rejected_BelowThreshold
13:15:10;2071;RGBA(0.969, 0.619, 0.143, 0.000);-500000,00;1;0,00;RGBA(0.862, 0.583, 0.749, 0.000);Rejected_BelowThreshold
13:15:10;2072;RGBA(0.969, 0.619, 0.143, 0.000);-500000,00;1;0,00;RGBA(0.862, 0.583, 0.749, 0.000);Rejected_BelowThreshold
13:15:10;2073;RGBA(0.969, 0.619, 0.143, 0.000);-500000,00;1;0,00;RGBA(0.862, 0.583, 0.749, 0.000);Rejected_BelowThreshold
13:15:10;2074;RGBA(0.969, 0.619, 0.143, 0.000);-500000,00;1;0,00;RGBA(0.862, 0.583, 0.749, 0.000);Rejected_BelowThreshold
13:15:10;2075;RGBA(0.969, 0.619, 0.143, 0.000);-500000,00;1;0,00;RGBA(0.862, 0.583, 0.749, 0.000);Rejected_BelowThreshold
13:15:10;2076;RGBA(0.969, 0.619, 0.143, 0.000);-500000,00;1;0,00;RGBA(0.862, 0.583, 0.749, 0.000);Rejected_BelowThreshold
13:15:10;2077;RGBA(0.969, 0.619, 0.143, 0.000);-500000,00;1;0,00;RGBA(0.862, 0.583, 0.749, 0.000);Rejected_BelowThreshold
13:15:10;2078;RGBA(0.969, 0.619, 0.143, 0.000);-500000,00;1;0,00;RGBA(0.862, 0.583, 0.749, 0.000);Rejected_BelowThreshold
13:15:10;2079;RGBA(0.969, 0.619, 0.143, 0.000);-500000,00;1;0,00;RGBA(0.862, 0.583, 0.749, 0.000);Rejected_BelowThreshold
13:15:10;2080;RGBA(0.969, 0.619, 0.143, 0.000);-500000,00;1;0,00;RGBA(0.862, 0.583, 0.749, 0.000);Rejected_BelowThreshold
13:15:10;2081;RGBA(0.969, 0.619, 0.143, 0.000);-500000,00;1;0,00;RGBA(0.862, 0.583, 0.749, 0.000);Rejected_BelowThreshold
13:15:10;2082;RGBA(0.969, 0.619, 0.143, 0.000);-500000,00;1;0,00;RGBA(0.862, 0.583, 0.749, 0.000);Rejected_BelowThreshold
13:15:10;2083;RGBA(0.969, 0.619, 0.143, 0.000);-500000,00;1;0,00;RGBA(0.862, 0.583, 0.749, 0.000);Rejected_BelowThreshold
13:15:10;2084;RGBA(0.969, 0.619, 0.143, 0.000);-500000,00;1;0,00;RGBA(0.862, 0.583, 0.749, 0.000);Rejected_BelowThreshold
13:15:10;2085;RGBA(0.969, 0.619, 0.143, 0.000);-500000,00;1;0,00;RGBA(0.862, 0.583, 0.749, 0.000);Rejected_BelowThreshold
13:15:10;2086;RGBA(0.969, 0.619, 0.143, 0.000);-500000,00;1;0,00;RGBA(0.862, 0.583, 0.749, 0.000);Rejected_BelowThreshold
13:15:10;2087;RGBA(0.969, 0.619, 0.143, 0.000);-500000,00;1;0,00;RGBA(0.862, 0.583, 0.749, 0.000);Rejected_BelowThreshold
13:15:10;2088;RGBA(0.969, 0.619, 0.143, 0.000);-500000,00;1;0,00;RGBA(0.862, 0.583, 0.749, 0.000);Rejected_BelowThreshold
13:15:10;2089;RGBA(0.969, 0.619, 0.143, 0.000);-500000,00;1;0,00;RGBA(0.862, 0.583, 0.749, 0.000);Rejected_BelowThreshold
13:15:10;2090;RGBA(0.969, 0.619, 0.143, 0.000);-500000,00;1;0,00;RGBA(0.862, 0.583, 0.749, 0.000);Rejected_BelowThreshold
13:15:10;2091;RGBA(0.969, 0.619, 0.143, 0.000);-500000,00;1;0,00;RGBA(0.862, 0.583, 0.749, 0.000);Rejected_BelowThreshold
13:15:10;2092;RGBA(0.969, 0.619, 0.143, 0.000);-500000,00;1;0,00;RGBA(0.862, 0.583, 0.749, 0.000);Rejected_BelowThreshold
13:15:10;2093;RGBA(0.969, 0.619, 0.143, 0.000);-500000,00;1;0,00;RGBA(0.862, 0.583, 0.749, 0.000);Rejected_BelowThreshold
13:15:10;2094;RGBA(0.969, 0.619, 0.143, 0.000);-500000,00;1;0,00;RGBA(0.862, 0.583, 0.749, 0.000);Rejected_BelowThreshold
13:15:10;2095;RGBA(0.969, 0.619, 0.143, 0.000);-500000,00;1;0,00;RGBA(0.862, 0.583, 0.749, 0.000);Rejected_BelowThreshold
13:15:10;2096;RGBA(0.969, 0.619, 0.143, 0.000);-500000,00;1;0,00;RGBA(0.862, 0.583, 0.749, 0.000);Rejected_BelowThreshold
13:15:10;2097;RGBA(0.969, 0.619, 0.143, 0.000);-500000,00;1;0,00;RGBA(0.862, 0.583, 0.749, 0.000);Rejected_BelowThreshold
13:15:10;2098;RGBA(0.969, 0.619, 0.143, 0.000);-500000,00;1;0,00;RGBA(0.862, 0.583, 0.749, 0.000);Rejected_BelowThreshold
13:15:10;2099;RGBA(0.969, 0.619, 0.143, 0.000);-500000,00;1;0,00;RGBA(0.862, 0.583, 0.749, 0.000);Rejected_BelowThreshold
13:15:10;2100;RGBA(0.969, 0.619, 0.143, 0.000);-500000,00;1;0,00;RGBA(0.862, 0.583, 0.749, 0.000);Rejected_BelowThreshold
13:15:11;2101;RGBA(0.969, 0.619, 0.143, 0.000);-500000,00;1;0,00;RGBA(0.862, 0.583, 0.749, 0.000);Rejected_BelowThreshold
13:15:11;2102;RGBA(0.969, 0.619, 0.143, 0.000);-500000,00;1;0,00;RGBA(0.862, 0.583, 0.749, 0.000);Rejected_BelowThreshold
13:15:11;2103;RGBA(0.969, 0.619, 0.143, 0.000);-500000,00;1;0,00;RGBA(0.862, 0.583, 0.749, 0.000);Rejected_BelowThreshold
13:15:11;2104;RGBA(0.969, 0.619, 0.143, 0.000);-500000,00;1;0,00;RGBA(0.862, 0.583, 0.749, 0.000);Rejected_BelowThreshold
13:15:11;2105;RGBA(0.969, 0.619, 0.143, 0.000);-500000,00;1;0,00;RGBA(0.862, 0.583, 0.749, 0.000);Rejected_BelowThreshold
13:15:11;2106;RGBA(0.969, 0.619, 0.143, 0.000);-500000,00;1;0,00;RGBA(0.862, 0.583, 0.749, 0.000);Rejected_BelowThreshold
13:15:11;2107;RGBA(0.969, 0.619, 0.143, 0.000);-500000,00;1;0,00;RGBA(0.862, 0.583, 0.749, 0.000);Rejected_BelowThreshold
13:15:11;2108;RGBA(0.969, 0.619, 0.143, 0.000);-500000,00;1;0,00;RGBA(0.862, 0.583, 0.749, 0.000);Rejected_BelowThreshold
13:15:11;2109;RGBA(0.969, 0.619, 0.143, 0.000);-500000,00;1;0,00;RGBA(0.862, 0.583, 0.749, 0.000);Rejected_BelowThreshold
13:15:11;2110;RGBA(0.969, 0.619, 0.143, 0.000);-500000,00;1;0,00;RGBA(0.862, 0.583, 0.749, 0.000);Rejected_BelowThreshold
13:15:11;2111;RGBA(0.969, 0.619, 0.143, 0.000);-500000,00;1;0,00;RGBA(0.862, 0.583, 0.749, 0.000);Rejected_BelowThreshold
13:15:11;2112;RGBA(0.969, 0.619, 0.143, 0.000);-500000,00;1;0,00;RGBA(0.862, 0.583, 0.749, 0.000);Rejected_BelowThreshold
13:15:11;2113;RGBA(0.969, 0.619, 0.143, 0.000);-500000,00;1;0,00;RGBA(0.862, 0.583, 0.749, 0.000);Rejected_BelowThreshold
13:15:11;2114;RGBA(0.969, 0.619, 0.143, 0.000);-500000,00;1;0,00;RGBA(0.862, 0.583, 0.749, 0.000);Rejected_BelowThreshold
13:15:11;2115;RGBA(0.969, 0.619, 0.143, 0.000);-500000,00;1;0,00;RGBA(0.862, 0.583, 0.749, 0.000);Rejected_BelowThreshold
13:15:11;2116;RGBA(0.969, 0.619, 0.143, 0.000);-500000,00;1;0,00;RGBA(0.862, 0.583, 0.749, 0.000);Rejected_BelowThreshold
13:15:11;2117;RGBA(0.969, 0.619, 0.143, 0.000);-500000,00;1;0,00;RGBA(0.862, 0.583, 0.749, 0.000);Rejected_BelowThreshold
13:15:11;2118;RGBA(0.969, 0.619, 0.143, 0.000);-500000,00;1;0,00;RGBA(0.862, 0.583, 0.749, 0.000);Rejected_BelowThreshold
13:15:11;2119;RGBA(0.969, 0.619, 0.143, 0.000);-500000,00;1;0,00;RGBA(0.862, 0.583, 0.749, 0.000);Rejected_BelowThreshold
13:15:11;2120;RGBA(0.969, 0.619, 0.143, 0.000);-500000,00;1;0,00;RGBA(0.862, 0.583, 0.749, 0.000);Rejected_BelowThreshold
13:15:11;2121;RGBA(0.969, 0.619, 0.143, 0.000);-500000,00;1;0,00;RGBA(0.862, 0.583, 0.749, 0.000);Rejected_BelowThreshold
13:15:11;2122;RGBA(0.969, 0.619, 0.143, 0.000);-500000,00;1;0,00;RGBA(0.862, 0.583, 0.749, 0.000);Rejected_BelowThreshold
13:15:11;2123;RGBA(0.969, 0.619, 0.143, 0.000);-500000,00;1;0,00;RGBA(0.862, 0.583, 0.749, 0.000);Rejected_BelowThreshold
13:15:11;2124;RGBA(0.969, 0.619, 0.143, 0.000);-500000,00;1;0,00;RGBA(0.862, 0.583, 0.749, 0.000);Rejected_BelowThreshold
13:15:11;2125;RGBA(0.969, 0.619, 0.143, 0.000);-500000,00;1;0,00;RGBA(0.862, 0.583, 0.749, 0.000);Rejected_BelowThreshold
13:15:11;2126;RGBA(0.969, 0.619, 0.143, 0.000);-500000,00;1;0,00;RGBA(0.862, 0.583, 0.749, 0.000);Rejected_BelowThreshold
13:15:11;2127;RGBA(0.969, 0.619, 0.143, 0.000);-500000,00;1;0,00;RGBA(0.862, 0.583, 0.749, 0.000);Rejected_BelowThreshold
13:15:11;2128;RGBA(0.969, 0.619, 0.143, 0.000);-500000,00;1;0,00;RGBA(0.862, 0.583, 0.749, 0.000);Rejected_BelowThreshold
13:15:11;2129;RGBA(0.969, 0.619, 0.143, 0.000);-500000,00;1;0,00;RGBA(0.862, 0.583, 0.749, 0.000);Rejected_BelowThreshold
13:15:11;2130;RGBA(0.969, 0.619, 0.143, 0.000);-500000,00;1;0,00;RGBA(0.862, 0.583, 0.749, 0.000);Rejected_BelowThreshold
13:15:11;2131;RGBA(0.969, 0.619, 0.143, 0.000);-500000,00;1;0,00;RGBA(0.862, 0.583, 0.749, 0.000);Rejected_BelowThreshold
13:15:11;2132;RGBA(0.969, 0.619, 0.143, 0.000);-500000,00;1;0,00;RGBA(0.862, 0.583, 0.749, 0.000);Rejected_BelowThreshold
13:15:11;2133;RGBA(0.969, 0.619, 0.143, 0.000);-500000,00;1;0,00;RGBA(0.862, 0.583, 0.749, 0.000);Rejected_BelowThreshold
13:15:11;2134;RGBA(0.969, 0.619, 0.143, 0.000);-500000,00;1;0,00;RGBA(0.862, 0.583, 0.749, 0.000);Rejected_BelowThreshold
13:15:11;2135;RGBA(0.969, 0.619, 0.143, 0.000);-500000,00;1;0,00;RGBA(0.862, 0.583, 0.749, 0.000);Rejected_BelowThreshold
13:15:11;2136;RGBA(0.969, 0.619, 0.143, 0.000);-500000,00;1;0,00;RGBA(0.862, 0.583, 0.749, 0.000);Rejected_BelowThreshold
13:15:11;2137;RGBA(0.969, 0.619, 0.143, 0.000);-500000,00;1;0,00;RGBA(0.862, 0.583, 0.749, 0.000);Rejected_BelowThreshold
13:15:11;2138;RGBA(0.969, 0.619, 0.143, 0.000);-500000,00;1;0,00;RGBA(0.862, 0.583, 0.749, 0.000);Rejected_BelowThreshold
13:15:11;2139;RGBA(0.969, 0.619, 0.143, 0.000);-500000,00;1;0,00;RGBA(0.862, 0.583, 0.749, 0.000);Rejected_BelowThreshold
13:15:11;2140;RGBA(0.969, 0.619, 0.143, 0.000);-500000,00;1;0,00;RGBA(0.862, 0.583, 0.749, 0.000);Rejected_BelowThreshold
13:15:11;2141;RGBA(0.969, 0.619, 0.143, 0.000);-500000,00;1;0,00;RGBA(0.862, 0.583, 0.749, 0.000);Rejected_BelowThreshold
13:15:11;2142;RGBA(0.969, 0.619, 0.143, 0.000);-500000,00;1;0,00;RGBA(0.862, 0.583, 0.749, 0.000);Rejected_BelowThreshold
13:15:11;2143;RGBA(0.969, 0.619, 0.143, 0.000);-500000,00;1;0,00;RGBA(0.862, 0.583, 0.749, 0.000);Rejected_BelowThreshold
13:15:11;2144;RGBA(0.969, 0.619, 0.143, 0.000);-500000,00;1;0,00;RGBA(0.862, 0.583, 0.749, 0.000);Rejected_BelowThreshold
13:15:11;2145;RGBA(0.969, 0.619, 0.143, 0.000);-500000,00;1;0,00;RGBA(0.862, 0.583, 0.749, 0.000);Rejected_BelowThreshold
13:15:11;2146;RGBA(0.969, 0.619, 0.143, 0.000);-500000,00;1;0,00;RGBA(0.862, 0.583, 0.749, 0.000);Rejected_BelowThreshold
13:15:11;2147;RGBA(0.969, 0.619, 0.143, 0.000);-500000,00;1;0,00;RGBA(0.862, 0.583, 0.749, 0.000);Rejected_BelowThreshold
13:15:11;2148;RGBA(0.969, 0.619, 0.143, 0.000);-500000,00;1;0,00;RGBA(0.862, 0.583, 0.749, 0.000);Rejected_BelowThreshold
13:15:11;2149;RGBA(0.969, 0.619, 0.143, 0.000);-500000,00;1;0,00;RGBA(0.862, 0.583, 0.749, 0.000);Rejected_BelowThreshold
13:15:11;2150;RGBA(0.969, 0.619, 0.143, 0.000);-500000,00;1;0,00;RGBA(0.862, 0.583, 0.749, 0.000);Rejected_BelowThreshold
13:15:11;2151;RGBA(0.969, 0.619, 0.143, 0.000);-500000,00;1;0,00;RGBA(0.862, 0.583, 0.749, 0.000);Rejected_BelowThreshold
13:15:11;2152;RGBA(0.969, 0.619, 0.143, 0.000);-500000,00;1;0,00;RGBA(0.862, 0.583, 0.749, 0.000);Rejected_BelowThreshold
13:15:11;2153;RGBA(0.969, 0.619, 0.143, 0.000);-500000,00;1;0,00;RGBA(0.862, 0.583, 0.749, 0.000);Rejected_BelowThreshold
13:15:11;2154;RGBA(0.969, 0.619, 0.143, 0.000);-500000,00;1;0,00;RGBA(0.862, 0.583, 0.749, 0.000);Rejected_BelowThreshold
13:15:11;2155;RGBA(0.969, 0.619, 0.143, 0.000);-500000,00;1;0,00;RGBA(0.862, 0.583, 0.749, 0.000);Rejected_BelowThreshold
13:15:11;2156;RGBA(0.969, 0.619, 0.143, 0.000);-500000,00;1;0,00;RGBA(0.862, 0.583, 0.749, 0.000);Rejected_BelowThreshold
13:15:11;2157;RGBA(0.969, 0.619, 0.143, 0.000);-500000,00;1;0,00;RGBA(0.862, 0.583, 0.749, 0.000);Rejected_BelowThreshold
13:15:11;2158;RGBA(0.969, 0.619, 0.143, 0.000);-500000,00;1;0,00;RGBA(0.862, 0.583, 0.749, 0.000);Rejected_BelowThreshold
13:15:11;2159;RGBA(0.969, 0.619, 0.143, 0.000);-500000,00;1;0,00;RGBA(0.862, 0.583, 0.749, 0.000);Rejected_BelowThreshold
13:15:11;2160;RGBA(0.969, 0.619, 0.143, 0.000);-500000,00;1;0,00;RGBA(0.862, 0.583, 0.749, 0.000);Rejected_BelowThreshold
13:15:11;2161;RGBA(0.969, 0.619, 0.143, 0.000);-500000,00;1;0,00;RGBA(0.862, 0.583, 0.749, 0.000);Rejected_BelowThreshold
13:15:11;2162;RGBA(0.969, 0.619, 0.143, 0.000);-500000,00;1;0,00;RGBA(0.862, 0.583, 0.749, 0.000);Rejected_BelowThreshold
13:15:11;2163;RGBA(0.969, 0.619, 0.143, 0.000);-500000,00;1;0,00;RGBA(0.862, 0.583, 0.749, 0.000);Rejected_BelowThreshold
13:15:11;2164;RGBA(0.969, 0.619, 0.143, 0.000);-500000,00;1;0,00;RGBA(0.862, 0.583, 0.749, 0.000);Rejected_BelowThreshold
13:15:11;2165;RGBA(0.969, 0.619, 0.143, 0.000);-500000,00;1;0,00;RGBA(0.862, 0.583, 0.749, 0.000);Rejected_BelowThreshold
13:15:11;2166;RGBA(0.969, 0.619, 0.143, 0.000);-500000,00;1;0,00;RGBA(0.862, 0.583, 0.749, 0.000);Rejected_BelowThreshold
13:15:11;2167;RGBA(0.969, 0.619, 0.143, 0.000);-500000,00;1;0,00;RGBA(0.862, 0.583, 0.749, 0.000);Rejected_BelowThreshold
13:15:11;2168;RGBA(0.969, 0.619, 0.143, 0.000);-500000,00;1;0,00;RGBA(0.862, 0.583, 0.749, 0.000);Rejected_BelowThreshold
13:15:11;2169;RGBA(0.969, 0.619, 0.143, 0.000);-500000,00;1;0,00;RGBA(0.862, 0.583, 0.749, 0.000);Rejected_BelowThreshold
13:15:11;2170;RGBA(0.969, 0.619, 0.143, 0.000);-500000,00;1;0,00;RGBA(0.862, 0.583, 0.749, 0.000);Rejected_BelowThreshold
13:15:11;2171;RGBA(0.969, 0.619, 0.143, 0.000);-500000,00;1;0,00;RGBA(0.862, 0.583, 0.749, 0.000);Rejected_BelowThreshold
13:15:11;2172;RGBA(0.969, 0.619, 0.143, 0.000);-500000,00;1;0,00;RGBA(0.862, 0.583, 0.749, 0.000);Rejected_BelowThreshold
13:15:11;2173;RGBA(0.969, 0.619, 0.143, 0.000);-500000,00;1;0,00;RGBA(0.862, 0.583, 0.749, 0.000);Rejected_BelowThreshold
13:15:11;2174;RGBA(0.969, 0.619, 0.143, 0.000);-500000,00;1;0,00;RGBA(0.862, 0.583, 0.749, 0.000);Rejected_BelowThreshold
13:15:11;2175;RGBA(0.969, 0.619, 0.143, 0.000);-500000,00;1;0,00;RGBA(0.862, 0.583, 0.749, 0.000);Rejected_BelowThreshold
13:15:11;2176;RGBA(0.969, 0.619, 0.143, 0.000);-500000,00;1;0,00;RGBA(0.862, 0.583, 0.749, 0.000);Rejected_BelowThreshold
13:15:11;2177;RGBA(0.969, 0.619, 0.143, 0.000);-500000,00;1;0,00;RGBA(0.862, 0.583, 0.749, 0.000);Rejected_BelowThreshold
13:15:11;2178;RGBA(0.969, 0.619, 0.143, 0.000);-500000,00;1;0,00;RGBA(0.862, 0.583, 0.749, 0.000);Rejected_BelowThreshold
13:15:11;2179;RGBA(0.969, 0.619, 0.143, 0.000);-500000,00;1;0,00;RGBA(0.862, 0.583, 0.749, 0.000);Rejected_BelowThreshold
13:15:12;2180;RGBA(0.969, 0.619, 0.143, 0.000);-500000,00;1;0,00;RGBA(0.862, 0.583, 0.749, 0.000);Rejected_BelowThreshold
13:15:12;2181;RGBA(0.969, 0.619, 0.143, 0.000);-500000,00;1;0,00;RGBA(0.862, 0.583, 0.749, 0.000);Rejected_BelowThreshold
13:15:12;2182;RGBA(0.969, 0.619, 0.143, 0.000);-500000,00;1;0,00;RGBA(0.862, 0.583, 0.749, 0.000);Rejected_BelowThreshold
13:15:12;2183;RGBA(0.969, 0.619, 0.143, 0.000);-500000,00;1;0,00;RGBA(0.862, 0.583, 0.749, 0.000);Rejected_BelowThreshold
13:15:12;2184;RGBA(0.969, 0.619, 0.143, 0.000);-500000,00;1;0,00;RGBA(0.862, 0.583, 0.749, 0.000);Rejected_BelowThreshold
13:15:12;2185;RGBA(0.969, 0.619, 0.143, 0.000);-500000,00;1;0,00;RGBA(0.862, 0.583, 0.749, 0.000);Rejected_BelowThreshold
13:15:12;2186;RGBA(0.969, 0.619, 0.143, 0.000);-500000,00;1;0,00;RGBA(0.862, 0.583, 0.749, 0.000);Rejected_BelowThreshold
13:15:12;2187;RGBA(0.969, 0.619, 0.143, 0.000);-500000,00;1;0,00;RGBA(0.862, 0.583, 0.749, 0.000);Rejected_BelowThreshold
13:15:12;2188;RGBA(0.969, 0.619, 0.143, 0.000);-500000,00;1;0,00;RGBA(0.862, 0.583, 0.749, 0.000);Rejected_BelowThreshold
13:15:12;2189;RGBA(0.969, 0.619, 0.143, 0.000);-500000,00;1;0,00;RGBA(0.862, 0.583, 0.749, 0.000);Rejected_BelowThreshold
13:15:12;2190;RGBA(0.969, 0.619, 0.143, 0.000);-500000,00;1;0,00;RGBA(0.862, 0.583, 0.749, 0.000);Rejected_BelowThreshold
13:15:12;2191;RGBA(0.969, 0.619, 0.143, 0.000);-500000,00;1;0,00;RGBA(0.862, 0.583, 0.749, 0.000);Rejected_BelowThreshold
13:15:12;2192;RGBA(0.969, 0.619, 0.143, 0.000);-500000,00;1;0,00;RGBA(0.862, 0.583, 0.749, 0.000);Rejected_BelowThreshold
13:15:12;2193;RGBA(0.969, 0.619, 0.143, 0.000);-500000,00;1;0,00;RGBA(0.862, 0.583, 0.749, 0.000);Rejected_BelowThreshold
13:15:12;2194;RGBA(0.969, 0.619, 0.143, 0.000);-500000,00;1;0,00;RGBA(0.862, 0.583, 0.749, 0.000);Rejected_BelowThreshold
13:15:12;2195;RGBA(0.969, 0.619, 0.143, 0.000);-500000,00;1;0,00;RGBA(0.862, 0.583, 0.749, 0.000);Rejected_BelowThreshold
13:15:12;2196;RGBA(0.969, 0.619, 0.143, 0.000);-500000,00;1;0,00;RGBA(0.862, 0.583, 0.749, 0.000);Rejected_BelowThreshold
13:15:12;2197;RGBA(0.969, 0.619, 0.143, 0.000);-500000,00;1;0,00;RGBA(0.862, 0.583, 0.749, 0.000);Rejected_BelowThreshold
13:15:12;2198;RGBA(0.969, 0.619, 0.143, 0.000);-500000,00;1;0,00;RGBA(0.862, 0.583, 0.749, 0.000);Rejected_BelowThreshold
13:15:12;2199;RGBA(0.969, 0.619, 0.143, 0.000);-500000,00;1;0,00;RGBA(0.862, 0.583, 0.749, 0.000);Rejected_BelowThreshold
13:15:12;2200;RGBA(0.969, 0.619, 0.143, 0.000);-500000,00;1;0,00;RGBA(0.862, 0.583, 0.749, 0.000);Rejected_BelowThreshold
13:15:12;2201;RGBA(0.969, 0.619, 0.143, 0.000);-500000,00;1;0,00;RGBA(0.862, 0.583, 0.749, 0.000);Rejected_BelowThreshold
13:15:12;2202;RGBA(0.969, 0.619, 0.143, 0.000);-500000,00;1;0,00;RGBA(0.862, 0.583, 0.749, 0.000);Rejected_BelowThreshold
13:15:12;2203;RGBA(0.969, 0.619, 0.143, 0.000);-500000,00;1;0,00;RGBA(0.862, 0.583, 0.749, 0.000);Rejected_BelowThreshold
13:15:12;2204;RGBA(0.969, 0.619, 0.143, 0.000);-500000,00;1;0,00;RGBA(0.862, 0.583, 0.749, 0.000);Rejected_BelowThreshold
13:15:12;2205;RGBA(0.969, 0.619, 0.143, 0.000);-500000,00;1;0,00;RGBA(0.862, 0.583, 0.749, 0.000);Rejected_BelowThreshold
13:15:12;2206;RGBA(0.969, 0.619, 0.143, 0.000);-500000,00;1;0,00;RGBA(0.862, 0.583, 0.749, 0.000);Rejected_BelowThreshold
13:15:12;2207;RGBA(0.969, 0.619, 0.143, 0.000);-500000,00;1;0,00;RGBA(0.862, 0.583, 0.749, 0.000);Rejected_BelowThreshold
13:15:12;2208;RGBA(0.969, 0.619, 0.143, 0.000);-500000,00;1;0,00;RGBA(0.862, 0.583, 0.749, 0.000);Rejected_BelowThreshold
13:15:12;2209;RGBA(0.969, 0.619, 0.143, 0.000);-500000,00;1;0,00;RGBA(0.862, 0.583, 0.749, 0.000);Rejected_BelowThreshold
13:15:12;2210;RGBA(0.969, 0.619, 0.143, 0.000);-500000,00;1;0,00;RGBA(0.862, 0.583, 0.749, 0.000);Rejected_BelowThreshold
13:15:12;2211;RGBA(0.969, 0.619, 0.143, 0.000);-500000,00;1;0,00;RGBA(0.862, 0.583, 0.749, 0.000);Rejected_BelowThreshold
13:15:12;2212;RGBA(0.969, 0.619, 0.143, 0.000);-500000,00;1;0,00;RGBA(0.862, 0.583, 0.749, 0.000);Rejected_BelowThreshold
13:15:12;2213;RGBA(0.969, 0.619, 0.143, 0.000);-500000,00;1;0,00;RGBA(0.862, 0.583, 0.749, 0.000);Rejected_BelowThreshold
13:15:12;2214;RGBA(0.969, 0.619, 0.143, 0.000);-500000,00;1;0,00;RGBA(0.862, 0.583, 0.749, 0.000);Rejected_BelowThreshold
13:15:12;2215;RGBA(0.969, 0.619, 0.143, 0.000);-500000,00;1;0,00;RGBA(0.862, 0.583, 0.749, 0.000);Rejected_BelowThreshold
13:15:12;2216;RGBA(0.969, 0.619, 0.143, 0.000);-500000,00;1;0,00;RGBA(0.862, 0.583, 0.749, 0.000);Rejected_BelowThreshold
13:15:12;2217;RGBA(0.969, 0.619, 0.143, 0.000);-500000,00;1;0,00;RGBA(0.862, 0.583, 0.749, 0.000);Rejected_BelowThreshold
13:15:12;2218;RGBA(0.969, 0.619, 0.143, 0.000);-500000,00;1;0,00;RGBA(0.862, 0.583, 0.749, 0.000);Rejected_BelowThreshold
13:15:12;2219;RGBA(0.969, 0.619, 0.143, 0.000);-500000,00;1;0,00;RGBA(0.862, 0.583, 0.749, 0.000);Rejected_BelowThreshold
13:15:12;2220;RGBA(0.969, 0.619, 0.143, 0.000);-500000,00;1;0,00;RGBA(0.862, 0.583, 0.749, 0.000);Rejected_BelowThreshold
13:15:12;2221;RGBA(0.969, 0.619, 0.143, 0.000);-500000,00;1;0,00;RGBA(0.862, 0.583, 0.749, 0.000);Rejected_BelowThreshold
13:15:12;2222;RGBA(0.969, 0.619, 0.143, 0.000);-500000,00;1;0,00;RGBA(0.862, 0.583, 0.749, 0.000);Rejected_BelowThreshold
13:15:12;2223;RGBA(0.969, 0.619, 0.143, 0.000);-500000,00;1;0,00;RGBA(0.862, 0.583, 0.749, 0.000);Rejected_BelowThreshold
13:15:12;2224;RGBA(0.969, 0.619, 0.143, 0.000);-500000,00;1;0,00;RGBA(0.862, 0.583, 0.749, 0.000);Rejected_BelowThreshold
13:15:12;2225;RGBA(0.969, 0.619, 0.143, 0.000);-500000,00;1;0,00;RGBA(0.862, 0.583, 0.749, 0.000);Rejected_BelowThreshold
13:15:12;2226;RGBA(0.969, 0.619, 0.143, 0.000);-500000,00;1;0,00;RGBA(0.862, 0.583, 0.749, 0.000);Rejected_BelowThreshold
13:15:12;2227;RGBA(0.969, 0.619, 0.143, 0.000);-500000,00;1;0,00;RGBA(0.862, 0.583, 0.749, 0.000);Rejected_BelowThreshold
13:15:12;2228;RGBA(0.969, 0.619, 0.143, 0.000);-500000,00;1;0,00;RGBA(0.862, 0.583, 0.749, 0.000);Rejected_BelowThreshold
13:15:12;2229;RGBA(0.969, 0.619, 0.143, 0.000);-500000,00;1;0,00;RGBA(0.862, 0.583, 0.749, 0.000);Rejected_BelowThreshold
13:15:12;2230;RGBA(0.969, 0.619, 0.143, 0.000);-500000,00;1;0,00;RGBA(0.862, 0.583, 0.749, 0.000);Rejected_BelowThreshold
13:15:12;2231;RGBA(0.969, 0.619, 0.143, 0.000);-500000,00;1;0,00;RGBA(0.862, 0.583, 0.749, 0.000);Rejected_BelowThreshold
13:15:12;2232;RGBA(0.969, 0.619, 0.143, 0.000);-500000,00;1;0,00;RGBA(0.862, 0.583, 0.749, 0.000);Rejected_BelowThreshold
13:15:12;2233;RGBA(0.969, 0.619, 0.143, 0.000);-500000,00;1;0,00;RGBA(0.862, 0.583, 0.749, 0.000);Rejected_BelowThreshold
13:15:12;2234;RGBA(0.969, 0.619, 0.143, 0.000);-500000,00;1;0,00;RGBA(0.862, 0.583, 0.749, 0.000);Rejected_BelowThreshold
13:15:12;2235;RGBA(0.969, 0.619, 0.143, 0.000);-500000,00;1;0,00;RGBA(0.862, 0.583, 0.749, 0.000);Rejected_BelowThreshold
13:15:12;2236;RGBA(0.969, 0.619, 0.143, 0.000);-500000,00;1;0,00;RGBA(0.862, 0.583, 0.749, 0.000);Rejected_BelowThreshold
13:15:12;2237;RGBA(0.969, 0.619, 0.143, 0.000);-500000,00;1;0,00;RGBA(0.862, 0.583, 0.749, 0.000);Rejected_BelowThreshold
13:15:12;2238;RGBA(0.969, 0.619, 0.143, 0.000);-500000,00;1;0,00;RGBA(0.862, 0.583, 0.749, 0.000);Rejected_BelowThreshold
13:15:12;2239;RGBA(0.969, 0.619, 0.143, 0.000);-500000,00;1;0,00;RGBA(0.862, 0.583, 0.749, 0.000);Rejected_BelowThreshold
13:15:12;2240;RGBA(0.969, 0.619, 0.143, 0.000);-500000,00;1;0,00;RGBA(0.862, 0.583, 0.749, 0.000);Rejected_BelowThreshold
13:15:12;2241;RGBA(0.969, 0.619, 0.143, 0.000);-500000,00;1;0,00;RGBA(0.862, 0.583, 0.749, 0.000);Rejected_BelowThreshold
13:15:12;2242;RGBA(0.969, 0.619, 0.143, 0.000);-500000,00;1;0,00;RGBA(0.862, 0.583, 0.749, 0.000);Rejected_BelowThreshold
13:15:12;2243;RGBA(0.969, 0.619, 0.143, 0.000);-500000,00;1;0,00;RGBA(0.862, 0.583, 0.749, 0.000);Rejected_BelowThreshold
13:15:12;2244;RGBA(0.969, 0.619, 0.143, 0.000);-500000,00;1;0,00;RGBA(0.862, 0.583, 0.749, 0.000);Rejected_BelowThreshold
13:15:12;2245;RGBA(0.969, 0.619, 0.143, 0.000);-500000,00;1;0,00;RGBA(0.862, 0.583, 0.749, 0.000);Rejected_BelowThreshold
13:15:12;2246;RGBA(0.969, 0.619, 0.143, 0.000);-500000,00;1;0,00;RGBA(0.862, 0.583, 0.749, 0.000);Rejected_BelowThreshold
13:15:12;2247;RGBA(0.969, 0.619, 0.143, 0.000);-500000,00;1;0,00;RGBA(0.862, 0.583, 0.749, 0.000);Rejected_BelowThreshold
13:15:12;2248;RGBA(0.969, 0.619, 0.143, 0.000);-500000,00;1;0,00;RGBA(0.862, 0.583, 0.749, 0.000);Rejected_BelowThreshold
13:15:12;2249;RGBA(0.969, 0.619, 0.143, 0.000);-500000,00;1;0,00;RGBA(0.862, 0.583, 0.749, 0.000);Rejected_BelowThreshold
13:15:12;2250;RGBA(0.969, 0.619, 0.143, 0.000);-500000,00;1;0,00;RGBA(0.862, 0.583, 0.749, 0.000);Rejected_BelowThreshold
13:15:12;2251;RGBA(0.969, 0.619, 0.143, 0.000);-500000,00;1;0,00;RGBA(0.862, 0.583, 0.749, 0.000);Rejected_BelowThreshold
13:15:12;2252;RGBA(0.969, 0.619, 0.143, 0.000);-500000,00;1;0,00;RGBA(0.862, 0.583, 0.749, 0.000);Rejected_BelowThreshold
13:15:12;2253;RGBA(0.969, 0.619, 0.143, 0.000);-500000,00;1;0,00;RGBA(0.862, 0.583, 0.749, 0.000);Rejected_BelowThreshold
13:15:12;2254;RGBA(0.969, 0.619, 0.143, 0.000);-500000,00;1;0,00;RGBA(0.862, 0.583, 0.749, 0.000);Rejected_BelowThreshold
13:15:12;2255;RGBA(0.969, 0.619, 0.143, 0.000);-500000,00;1;0,00;RGBA(0.862, 0.583, 0.749, 0.000);Rejected_BelowThreshold
13:15:12;2256;RGBA(0.969, 0.619, 0.143, 0.000);-500000,00;1;0,00;RGBA(0.862, 0.583, 0.749, 0.000);Rejected_BelowThreshold
13:15:12;2257;RGBA(0.969, 0.619, 0.143, 0.000);-500000,00;1;0,00;RGBA(0.862, 0.583, 0.749, 0.000);Rejected_BelowThreshold
13:15:12;2258;RGBA(0.969, 0.619, 0.143, 0.000);-500000,00;1;0,00;RGBA(0.862, 0.583, 0.749, 0.000);Rejected_BelowThreshold
13:15:12;2259;RGBA(0.969, 0.619, 0.143, 0.000);-500000,00;1;0,00;RGBA(0.862, 0.583, 0.749, 0.000);Rejected_BelowThreshold
13:15:13;2260;RGBA(0.969, 0.619, 0.143, 0.000);-500000,00;1;0,00;RGBA(0.862, 0.583, 0.749, 0.000);Rejected_BelowThreshold
13:15:13;2261;RGBA(0.969, 0.619, 0.143, 0.000);-500000,00;1;0,00;RGBA(0.862, 0.583, 0.749, 0.000);Rejected_BelowThreshold
13:15:13;2262;RGBA(0.969, 0.619, 0.143, 0.000);-500000,00;1;0,00;RGBA(0.862, 0.583, 0.749, 0.000);Rejected_BelowThreshold
13:15:13;2263;RGBA(0.969, 0.619, 0.143, 0.000);-500000,00;1;0,00;RGBA(0.862, 0.583, 0.749, 0.000);Rejected_BelowThreshold
13:15:13;2264;RGBA(0.969, 0.619, 0.143, 0.000);-500000,00;1;0,00;RGBA(0.862, 0.583, 0.749, 0.000);Rejected_BelowThreshold
13:15:13;2265;RGBA(0.969, 0.619, 0.143, 0.000);-500000,00;1;0,00;RGBA(0.862, 0.583, 0.749, 0.000);Rejected_BelowThreshold
13:15:13;2266;RGBA(0.969, 0.619, 0.143, 0.000);-500000,00;1;0,00;RGBA(0.862, 0.583, 0.749, 0.000);Rejected_BelowThreshold
13:15:13;2267;RGBA(0.969, 0.619, 0.143, 0.000);-500000,00;1;0,00;RGBA(0.862, 0.583, 0.749, 0.000);Rejected_BelowThreshold
13:15:13;2268;RGBA(0.969, 0.619, 0.143, 0.000);-500000,00;1;0,00;RGBA(0.862, 0.583, 0.749, 0.000);Rejected_BelowThreshold
13:15:13;2269;RGBA(0.969, 0.619, 0.143, 0.000);-500000,00;1;0,00;RGBA(0.862, 0.583, 0.749, 0.000);Rejected_BelowThreshold
13:15:13;2270;RGBA(0.969, 0.619, 0.143, 0.000);-500000,00;1;0,00;RGBA(0.862, 0.583, 0.749, 0.000);Rejected_BelowThreshold
13:15:13;2271;RGBA(0.969, 0.619, 0.143, 0.000);-500000,00;1;0,00;RGBA(0.862, 0.583, 0.749, 0.000);Rejected_BelowThreshold
13:15:13;2272;RGBA(0.969, 0.619, 0.143, 0.000);-500000,00;1;0,00;RGBA(0.862, 0.583, 0.749, 0.000);Rejected_BelowThreshold
13:15:13;2273;RGBA(0.969, 0.619, 0.143, 0.000);-500000,00;1;0,00;RGBA(0.862, 0.583, 0.749, 0.000);Rejected_BelowThreshold
13:15:13;2274;RGBA(0.969, 0.619, 0.143, 0.000);-500000,00;1;0,00;RGBA(0.862, 0.583, 0.749, 0.000);Rejected_BelowThreshold
13:15:13;2275;RGBA(0.969, 0.619, 0.143, 0.000);-500000,00;1;0,00;RGBA(0.862, 0.583, 0.749, 0.000);Rejected_BelowThreshold
13:15:13;2276;RGBA(0.969, 0.619, 0.143, 0.000);-500000,00;1;0,00;RGBA(0.862, 0.583, 0.749, 0.000);Rejected_BelowThreshold
13:15:13;2277;RGBA(0.969, 0.619, 0.143, 0.000);-500000,00;1;0,00;RGBA(0.862, 0.583, 0.749, 0.000);Rejected_BelowThreshold
13:15:13;2278;RGBA(0.969, 0.619, 0.143, 0.000);-500000,00;1;0,00;RGBA(0.862, 0.583, 0.749, 0.000);Rejected_BelowThreshold
13:15:13;2279;RGBA(0.969, 0.619, 0.143, 0.000);-500000,00;1;0,00;RGBA(0.862, 0.583, 0.749, 0.000);Rejected_BelowThreshold
13:15:13;2280;RGBA(0.969, 0.619, 0.143, 0.000);-500000,00;1;0,00;RGBA(0.862, 0.583, 0.749, 0.000);Rejected_BelowThreshold
13:15:13;2281;RGBA(0.969, 0.619, 0.143, 0.000);-500000,00;1;0,00;RGBA(0.862, 0.583, 0.749, 0.000);Rejected_BelowThreshold
13:15:13;2282;RGBA(0.969, 0.619, 0.143, 0.000);-500000,00;1;0,00;RGBA(0.862, 0.583, 0.749, 0.000);Rejected_BelowThreshold
13:15:13;2283;RGBA(0.969, 0.619, 0.143, 0.000);-500000,00;1;0,00;RGBA(0.862, 0.583, 0.749, 0.000);Rejected_BelowThreshold
13:15:13;2284;RGBA(0.969, 0.619, 0.143, 0.000);-500000,00;1;0,00;RGBA(0.862, 0.583, 0.749, 0.000);Rejected_BelowThreshold
13:15:13;2285;RGBA(0.969, 0.619, 0.143, 0.000);-500000,00;1;0,00;RGBA(0.862, 0.583, 0.749, 0.000);Rejected_BelowThreshold
13:15:13;2286;RGBA(0.969, 0.619, 0.143, 0.000);-500000,00;1;0,00;RGBA(0.862, 0.583, 0.749, 0.000);Rejected_BelowThreshold
13:15:13;2287;RGBA(0.969, 0.619, 0.143, 0.000);-500000,00;1;0,00;RGBA(0.862, 0.583, 0.749, 0.000);Rejected_BelowThreshold
13:15:13;2288;RGBA(0.969, 0.619, 0.143, 0.000);-500000,00;1;0,00;RGBA(0.862, 0.583, 0.749, 0.000);Rejected_BelowThreshold
13:15:13;2289;RGBA(0.969, 0.619, 0.143, 0.000);-500000,00;1;0,00;RGBA(0.862, 0.583, 0.749, 0.000);Rejected_BelowThreshold
13:15:13;2290;RGBA(0.969, 0.619, 0.143, 0.000);-500000,00;1;0,00;RGBA(0.862, 0.583, 0.749, 0.000);Rejected_BelowThreshold
13:15:13;2291;RGBA(0.969, 0.619, 0.143, 0.000);-500000,00;1;0,00;RGBA(0.862, 0.583, 0.749, 0.000);Rejected_BelowThreshold
13:15:13;2292;RGBA(0.969, 0.619, 0.143, 0.000);-500000,00;1;0,00;RGBA(0.862, 0.583, 0.749, 0.000);Rejected_BelowThreshold
13:15:13;2293;RGBA(0.969, 0.619, 0.143, 0.000);-500000,00;1;0,00;RGBA(0.862, 0.583, 0.749, 0.000);Rejected_BelowThreshold
13:15:13;2294;RGBA(0.969, 0.619, 0.143, 0.000);-500000,00;1;0,00;RGBA(0.862, 0.583, 0.749, 0.000);Rejected_BelowThreshold
13:15:13;2295;RGBA(0.969, 0.619, 0.143, 0.000);-500000,00;1;0,00;RGBA(0.862, 0.583, 0.749, 0.000);Rejected_BelowThreshold
13:15:13;2296;RGBA(0.969, 0.619, 0.143, 0.000);-500000,00;1;0,00;RGBA(0.862, 0.583, 0.749, 0.000);Rejected_BelowThreshold
13:15:13;2297;RGBA(0.969, 0.619, 0.143, 0.000);-500000,00;1;0,00;RGBA(0.862, 0.583, 0.749, 0.000);Rejected_BelowThreshold
13:15:13;2298;RGBA(0.969, 0.619, 0.143, 0.000);-500000,00;1;0,00;RGBA(0.862, 0.583, 0.749, 0.000);Rejected_BelowThreshold
13:15:13;2299;RGBA(0.969, 0.619, 0.143, 0.000);-500000,00;1;0,00;RGBA(0.862, 0.583, 0.749, 0.000);Rejected_BelowThreshold
13:15:13;2300;RGBA(0.969, 0.619, 0.143, 0.000);-500000,00;1;0,00;RGBA(0.862, 0.583, 0.749, 0.000);Rejected_BelowThreshold
13:15:13;2301;RGBA(0.969, 0.619, 0.143, 0.000);-500000,00;1;0,00;RGBA(0.862, 0.583, 0.749, 0.000);Rejected_BelowThreshold
13:15:13;2302;RGBA(0.969, 0.619, 0.143, 0.000);-500000,00;1;0,00;RGBA(0.862, 0.583, 0.749, 0.000);Rejected_BelowThreshold
13:15:13;2303;RGBA(0.969, 0.619, 0.143, 0.000);-500000,00;1;0,00;RGBA(0.862, 0.583, 0.749, 0.000);Rejected_BelowThreshold
13:15:13;2304;RGBA(0.969, 0.619, 0.143, 0.000);-500000,00;1;0,00;RGBA(0.862, 0.583, 0.749, 0.000);Rejected_BelowThreshold
13:15:13;2305;RGBA(0.969, 0.619, 0.143, 0.000);-500000,00;1;0,00;RGBA(0.862, 0.583, 0.749, 0.000);Rejected_BelowThreshold
13:15:13;2306;RGBA(0.969, 0.619, 0.143, 0.000);-500000,00;1;0,00;RGBA(0.862, 0.583, 0.749, 0.000);Rejected_BelowThreshold
13:15:13;2307;RGBA(0.969, 0.619, 0.143, 0.000);-500000,00;1;0,00;RGBA(0.862, 0.583, 0.749, 0.000);Rejected_BelowThreshold
13:15:13;2308;RGBA(0.969, 0.619, 0.143, 0.000);-500000,00;1;0,00;RGBA(0.862, 0.583, 0.749, 0.000);Rejected_BelowThreshold
13:15:13;2309;RGBA(0.969, 0.619, 0.143, 0.000);-500000,00;1;0,00;RGBA(0.862, 0.583, 0.749, 0.000);Rejected_BelowThreshold
13:15:13;2310;RGBA(0.969, 0.619, 0.143, 0.000);-500000,00;1;0,00;RGBA(0.862, 0.583, 0.749, 0.000);Rejected_BelowThreshold
13:15:13;2311;RGBA(0.969, 0.619, 0.143, 0.000);-500000,00;1;0,00;RGBA(0.862, 0.583, 0.749, 0.000);Rejected_BelowThreshold
13:15:13;2312;RGBA(0.969, 0.619, 0.143, 0.000);-500000,00;1;0,00;RGBA(0.862, 0.583, 0.749, 0.000);Rejected_BelowThreshold
13:15:13;2313;RGBA(0.969, 0.619, 0.143, 0.000);-500000,00;1;0,00;RGBA(0.862, 0.583, 0.749, 0.000);Rejected_BelowThreshold
13:15:13;2314;RGBA(0.969, 0.619, 0.143, 0.000);-500000,00;1;0,00;RGBA(0.862, 0.583, 0.749, 0.000);Rejected_BelowThreshold
13:15:13;2315;RGBA(0.969, 0.619, 0.143, 0.000);-500000,00;1;0,00;RGBA(0.862, 0.583, 0.749, 0.000);Rejected_BelowThreshold
13:15:13;2316;RGBA(0.969, 0.619, 0.143, 0.000);-500000,00;1;0,00;RGBA(0.862, 0.583, 0.749, 0.000);Rejected_BelowThreshold
13:15:13;2317;RGBA(0.969, 0.619, 0.143, 0.000);-500000,00;1;0,00;RGBA(0.862, 0.583, 0.749, 0.000);Rejected_BelowThreshold
13:15:13;2318;RGBA(0.969, 0.619, 0.143, 0.000);-500000,00;1;0,00;RGBA(0.862, 0.583, 0.749, 0.000);Rejected_BelowThreshold
13:15:13;2319;RGBA(0.969, 0.619, 0.143, 0.000);-500000,00;1;0,00;RGBA(0.862, 0.583, 0.749, 0.000);Rejected_BelowThreshold
13:15:13;2320;RGBA(0.969, 0.619, 0.143, 0.000);-500000,00;1;0,00;RGBA(0.862, 0.583, 0.749, 0.000);Rejected_BelowThreshold
13:15:13;2321;RGBA(0.969, 0.619, 0.143, 0.000);-500000,00;1;0,00;RGBA(0.862, 0.583, 0.749, 0.000);Rejected_BelowThreshold
13:15:13;2322;RGBA(0.969, 0.619, 0.143, 0.000);-500000,00;1;0,00;RGBA(0.862, 0.583, 0.749, 0.000);Rejected_BelowThreshold
13:15:13;2323;RGBA(0.969, 0.619, 0.143, 0.000);-500000,00;1;0,00;RGBA(0.862, 0.583, 0.749, 0.000);Rejected_BelowThreshold
13:15:13;2324;RGBA(0.969, 0.619, 0.143, 0.000);-500000,00;1;0,00;RGBA(0.862, 0.583, 0.749, 0.000);Rejected_BelowThreshold
13:15:13;2325;RGBA(0.969, 0.619, 0.143, 0.000);-500000,00;1;0,00;RGBA(0.862, 0.583, 0.749, 0.000);Rejected_BelowThreshold
13:15:13;2326;RGBA(0.969, 0.619, 0.143, 0.000);-500000,00;1;0,00;RGBA(0.862, 0.583, 0.749, 0.000);Rejected_BelowThreshold
13:15:13;2327;RGBA(0.969, 0.619, 0.143, 0.000);-500000,00;1;0,00;RGBA(0.862, 0.583, 0.749, 0.000);Rejected_BelowThreshold
13:15:13;2328;RGBA(0.969, 0.619, 0.143, 0.000);-500000,00;1;0,00;RGBA(0.862, 0.583, 0.749, 0.000);Rejected_BelowThreshold
13:15:13;2329;RGBA(0.969, 0.619, 0.143, 0.000);-500000,00;1;0,00;RGBA(0.862, 0.583, 0.749, 0.000);Rejected_BelowThreshold
13:15:13;2330;RGBA(0.969, 0.619, 0.143, 0.000);-500000,00;1;0,00;RGBA(0.862, 0.583, 0.749, 0.000);Rejected_BelowThreshold
13:15:13;2331;RGBA(0.969, 0.619, 0.143, 0.000);-500000,00;1;0,00;RGBA(0.862, 0.583, 0.749, 0.000);Rejected_BelowThreshold
13:15:13;2332;RGBA(0.969, 0.619, 0.143, 0.000);-500000,00;1;0,00;RGBA(0.862, 0.583, 0.749, 0.000);Rejected_BelowThreshold
13:15:13;2333;RGBA(0.969, 0.619, 0.143, 0.000);-500000,00;1;0,00;RGBA(0.862, 0.583, 0.749, 0.000);Rejected_BelowThreshold
13:15:13;2334;RGBA(0.969, 0.619, 0.143, 0.000);-500000,00;1;0,00;RGBA(0.862, 0.583, 0.749, 0.000);Rejected_BelowThreshold
13:15:13;2335;RGBA(0.969, 0.619, 0.143, 0.000);-500000,00;1;0,00;RGBA(0.862, 0.583, 0.749, 0.000);Rejected_BelowThreshold
13:15:13;2336;RGBA(0.969, 0.619, 0.143, 0.000);-500000,00;1;0,00;RGBA(0.862, 0.583, 0.749, 0.000);Rejected_BelowThreshold
13:15:13;2337;RGBA(0.969, 0.619, 0.143, 0.000);-500000,00;1;0,00;RGBA(0.862, 0.583, 0.749, 0.000);Rejected_BelowThreshold
13:15:13;2338;RGBA(0.969, 0.619, 0.143, 0.000);-500000,00;1;0,00;RGBA(0.862, 0.583, 0.749, 0.000);Rejected_BelowThreshold
13:15:14;2339;RGBA(0.969, 0.619, 0.143, 0.000);-500000,00;1;0,00;RGBA(0.862, 0.583, 0.749, 0.000);Rejected_BelowThreshold
13:15:14;2340;RGBA(0.969, 0.619, 0.143, 0.000);-500000,00;1;0,00;RGBA(0.862, 0.583, 0.749, 0.000);Rejected_BelowThreshold
13:15:14;2341;RGBA(0.969, 0.619, 0.143, 0.000);-500000,00;1;0,00;RGBA(0.862, 0.583, 0.749, 0.000);Rejected_BelowThreshold
13:15:14;2342;RGBA(0.969, 0.619, 0.143, 0.000);-500000,00;1;0,00;RGBA(0.862, 0.583, 0.749, 0.000);Rejected_BelowThreshold
13:15:14;2343;RGBA(0.969, 0.619, 0.143, 0.000);-500000,00;1;0,00;RGBA(0.862, 0.583, 0.749, 0.000);Rejected_BelowThreshold
13:15:14;2344;RGBA(0.969, 0.619, 0.143, 0.000);-500000,00;1;0,00;RGBA(0.862, 0.583, 0.749, 0.000);Rejected_BelowThreshold
13:15:14;2345;RGBA(0.969, 0.619, 0.143, 0.000);-500000,00;1;0,00;RGBA(0.862, 0.583, 0.749, 0.000);Rejected_BelowThreshold
13:15:14;2346;RGBA(0.969, 0.619, 0.143, 0.000);-500000,00;1;0,00;RGBA(0.862, 0.583, 0.749, 0.000);Rejected_BelowThreshold
13:15:14;2347;RGBA(0.969, 0.619, 0.143, 0.000);-500000,00;1;0,00;RGBA(0.862, 0.583, 0.749, 0.000);Rejected_BelowThreshold
13:15:14;2348;RGBA(0.969, 0.619, 0.143, 0.000);-500000,00;1;0,00;RGBA(0.862, 0.583, 0.749, 0.000);Rejected_BelowThreshold
13:15:14;2349;RGBA(0.969, 0.619, 0.143, 0.000);-500000,00;1;0,00;RGBA(0.862, 0.583, 0.749, 0.000);Rejected_BelowThreshold
13:15:14;2350;RGBA(0.969, 0.619, 0.143, 0.000);-500000,00;1;0,00;RGBA(0.862, 0.583, 0.749, 0.000);Rejected_BelowThreshold
13:15:14;2351;RGBA(0.969, 0.619, 0.143, 0.000);-500000,00;1;0,00;RGBA(0.862, 0.583, 0.749, 0.000);Rejected_BelowThreshold
13:15:14;2352;RGBA(0.969, 0.619, 0.143, 0.000);-500000,00;1;0,00;RGBA(0.862, 0.583, 0.749, 0.000);Rejected_BelowThreshold
13:15:14;2353;RGBA(0.969, 0.619, 0.143, 0.000);-500000,00;1;0,00;RGBA(0.862, 0.583, 0.749, 0.000);Rejected_BelowThreshold
13:15:14;2354;RGBA(0.969, 0.619, 0.143, 0.000);-500000,00;1;0,00;RGBA(0.862, 0.583, 0.749, 0.000);Rejected_BelowThreshold
13:15:14;2355;RGBA(0.969, 0.619, 0.143, 0.000);-500000,00;1;0,00;RGBA(0.862, 0.583, 0.749, 0.000);Rejected_BelowThreshold
13:15:14;2356;RGBA(0.969, 0.619, 0.143, 0.000);-500000,00;1;0,00;RGBA(0.862, 0.583, 0.749, 0.000);Rejected_BelowThreshold
13:15:14;2357;RGBA(0.969, 0.619, 0.143, 0.000);-500000,00;1;0,00;RGBA(0.862, 0.583, 0.749, 0.000);Rejected_BelowThreshold
13:15:14;2358;RGBA(0.969, 0.619, 0.143, 0.000);-500000,00;1;0,00;RGBA(0.862, 0.583, 0.749, 0.000);Rejected_BelowThreshold
13:15:14;2359;RGBA(0.969, 0.619, 0.143, 0.000);-500000,00;1;0,00;RGBA(0.862, 0.583, 0.749, 0.000);Rejected_BelowThreshold
13:15:14;2360;RGBA(0.969, 0.619, 0.143, 0.000);-500000,00;1;0,00;RGBA(0.862, 0.583, 0.749, 0.000);Rejected_BelowThreshold
13:15:14;2361;RGBA(0.969, 0.619, 0.143, 0.000);-500000,00;1;0,00;RGBA(0.862, 0.583, 0.749, 0.000);Rejected_BelowThreshold
13:15:14;2362;RGBA(0.969, 0.619, 0.143, 0.000);-500000,00;1;0,00;RGBA(0.862, 0.583, 0.749, 0.000);Rejected_BelowThreshold
13:15:14;2363;RGBA(0.969, 0.619, 0.143, 0.000);-500000,00;1;0,00;RGBA(0.862, 0.583, 0.749, 0.000);Rejected_BelowThreshold
13:15:14;2364;RGBA(0.969, 0.619, 0.143, 0.000);-500000,00;1;0,00;RGBA(0.862, 0.583, 0.749, 0.000);Rejected_BelowThreshold
13:15:14;2365;RGBA(0.969, 0.619, 0.143, 0.000);-500000,00;1;0,00;RGBA(0.862, 0.583, 0.749, 0.000);Rejected_BelowThreshold
13:15:14;2366;RGBA(0.969, 0.619, 0.143, 0.000);-500000,00;1;0,00;RGBA(0.862, 0.583, 0.749, 0.000);Rejected_BelowThreshold
13:15:14;2367;RGBA(0.969, 0.619, 0.143, 0.000);-500000,00;1;0,00;RGBA(0.862, 0.583, 0.749, 0.000);Rejected_BelowThreshold
13:15:14;2368;RGBA(0.969, 0.619, 0.143, 0.000);-500000,00;1;0,00;RGBA(0.862, 0.583, 0.749, 0.000);Rejected_BelowThreshold
13:15:14;2369;RGBA(0.969, 0.619, 0.143, 0.000);-500000,00;1;0,00;RGBA(0.862, 0.583, 0.749, 0.000);Rejected_BelowThreshold
13:15:14;2370;RGBA(0.969, 0.619, 0.143, 0.000);-500000,00;1;0,00;RGBA(0.862, 0.583, 0.749, 0.000);Rejected_BelowThreshold
13:15:14;2371;RGBA(0.969, 0.619, 0.143, 0.000);-500000,00;1;0,00;RGBA(0.862, 0.583, 0.749, 0.000);Rejected_BelowThreshold
13:15:14;2372;RGBA(0.969, 0.619, 0.143, 0.000);-500000,00;1;0,00;RGBA(0.862, 0.583, 0.749, 0.000);Rejected_BelowThreshold
13:15:14;2373;RGBA(0.969, 0.619, 0.143, 0.000);-500000,00;1;0,00;RGBA(0.862, 0.583, 0.749, 0.000);Rejected_BelowThreshold
13:15:14;2374;RGBA(0.969, 0.619, 0.143, 0.000);-500000,00;1;0,00;RGBA(0.862, 0.583, 0.749, 0.000);Rejected_BelowThreshold
13:15:14;2375;RGBA(0.969, 0.619, 0.143, 0.000);-500000,00;1;0,00;RGBA(0.862, 0.583, 0.749, 0.000);Rejected_BelowThreshold
13:15:14;2376;RGBA(0.969, 0.619, 0.143, 0.000);-500000,00;1;0,00;RGBA(0.862, 0.583, 0.749, 0.000);Rejected_BelowThreshold
13:15:14;2377;RGBA(0.969, 0.619, 0.143, 0.000);-500000,00;1;0,00;RGBA(0.862, 0.583, 0.749, 0.000);Rejected_BelowThreshold
13:15:14;2378;RGBA(0.969, 0.619, 0.143, 0.000);-500000,00;1;0,00;RGBA(0.862, 0.583, 0.749, 0.000);Rejected_BelowThreshold
13:15:14;2379;RGBA(0.969, 0.619, 0.143, 0.000);-500000,00;1;0,00;RGBA(0.862, 0.583, 0.749, 0.000);Rejected_BelowThreshold
13:15:14;2380;RGBA(0.969, 0.619, 0.143, 0.000);-500000,00;1;0,00;RGBA(0.862, 0.583, 0.749, 0.000);Rejected_BelowThreshold
13:15:14;2381;RGBA(0.969, 0.619, 0.143, 0.000);-500000,00;1;0,00;RGBA(0.862, 0.583, 0.749, 0.000);Rejected_BelowThreshold
13:15:14;2382;RGBA(0.969, 0.619, 0.143, 0.000);-500000,00;1;0,00;RGBA(0.862, 0.583, 0.749, 0.000);Rejected_BelowThreshold
13:15:14;2383;RGBA(0.969, 0.619, 0.143, 0.000);-500000,00;1;0,00;RGBA(0.862, 0.583, 0.749, 0.000);Rejected_BelowThreshold
13:15:14;2384;RGBA(0.969, 0.619, 0.143, 0.000);-500000,00;1;0,00;RGBA(0.862, 0.583, 0.749, 0.000);Rejected_BelowThreshold
13:15:14;2385;RGBA(0.969, 0.619, 0.143, 0.000);-500000,00;1;0,00;RGBA(0.862, 0.583, 0.749, 0.000);Rejected_BelowThreshold
13:15:14;2386;RGBA(0.969, 0.619, 0.143, 0.000);-500000,00;1;0,00;RGBA(0.862, 0.583, 0.749, 0.000);Rejected_BelowThreshold
13:15:14;2387;RGBA(0.969, 0.619, 0.143, 0.000);-500000,00;1;0,00;RGBA(0.862, 0.583, 0.749, 0.000);Rejected_BelowThreshold
13:15:14;2388;RGBA(0.969, 0.619, 0.143, 0.000);-500000,00;1;0,00;RGBA(0.862, 0.583, 0.749, 0.000);Rejected_BelowThreshold
13:15:14;2389;RGBA(0.969, 0.619, 0.143, 0.000);-500000,00;1;0,00;RGBA(0.862, 0.583, 0.749, 0.000);Rejected_BelowThreshold
13:15:14;2390;RGBA(0.969, 0.619, 0.143, 0.000);-500000,00;1;0,00;RGBA(0.862, 0.583, 0.749, 0.000);Rejected_BelowThreshold
13:15:14;2391;RGBA(0.969, 0.619, 0.143, 0.000);-500000,00;1;0,00;RGBA(0.862, 0.583, 0.749, 0.000);Rejected_BelowThreshold
13:15:14;2392;RGBA(0.969, 0.619, 0.143, 0.000);-500000,00;1;0,00;RGBA(0.862, 0.583, 0.749, 0.000);Rejected_BelowThreshold
13:15:14;2393;RGBA(0.969, 0.619, 0.143, 0.000);-500000,00;1;0,00;RGBA(0.862, 0.583, 0.749, 0.000);Rejected_BelowThreshold
13:15:14;2394;RGBA(0.969, 0.619, 0.143, 0.000);-500000,00;1;0,00;RGBA(0.862, 0.583, 0.749, 0.000);Rejected_BelowThreshold
13:15:14;2395;RGBA(0.969, 0.619, 0.143, 0.000);-500000,00;1;0,00;RGBA(0.862, 0.583, 0.749, 0.000);Rejected_BelowThreshold
13:15:14;2396;RGBA(0.969, 0.619, 0.143, 0.000);-500000,00;1;0,00;RGBA(0.862, 0.583, 0.749, 0.000);Rejected_BelowThreshold
13:15:14;2397;RGBA(0.969, 0.619, 0.143, 0.000);-500000,00;1;0,00;RGBA(0.862, 0.583, 0.749, 0.000);Rejected_BelowThreshold
13:15:14;2398;RGBA(0.969, 0.619, 0.143, 0.000);-500000,00;1;0,00;RGBA(0.862, 0.583, 0.749, 0.000);Rejected_BelowThreshold
13:15:14;2399;RGBA(0.969, 0.619, 0.143, 0.000);-500000,00;1;0,00;RGBA(0.862, 0.583, 0.749, 0.000);Rejected_BelowThreshold
13:15:14;2400;RGBA(0.969, 0.619, 0.143, 0.000);-500000,00;1;0,00;RGBA(0.862, 0.583, 0.749, 0.000);Rejected_BelowThreshold
13:15:14;2401;RGBA(0.969, 0.619, 0.143, 0.000);-500000,00;1;0,00;RGBA(0.862, 0.583, 0.749, 0.000);Rejected_BelowThreshold
13:15:14;2402;RGBA(0.969, 0.619, 0.143, 0.000);-500000,00;1;0,00;RGBA(0.862, 0.583, 0.749, 0.000);Rejected_BelowThreshold
13:15:14;2403;RGBA(0.969, 0.619, 0.143, 0.000);-500000,00;1;0,00;RGBA(0.862, 0.583, 0.749, 0.000);Rejected_BelowThreshold
13:15:14;2404;RGBA(0.969, 0.619, 0.143, 0.000);-500000,00;1;0,00;RGBA(0.862, 0.583, 0.749, 0.000);Rejected_BelowThreshold
13:15:14;2405;RGBA(0.969, 0.619, 0.143, 0.000);-500000,00;1;0,00;RGBA(0.862, 0.583, 0.749, 0.000);Rejected_BelowThreshold
13:15:14;2406;RGBA(0.969, 0.619, 0.143, 0.000);-500000,00;1;0,00;RGBA(0.862, 0.583, 0.749, 0.000);Rejected_BelowThreshold
13:15:14;2407;RGBA(0.969, 0.619, 0.143, 0.000);-500000,00;1;0,00;RGBA(0.862, 0.583, 0.749, 0.000);Rejected_BelowThreshold
13:15:14;2408;RGBA(0.969, 0.619, 0.143, 0.000);-500000,00;1;0,00;RGBA(0.862, 0.583, 0.749, 0.000);Rejected_BelowThreshold
13:15:14;2409;RGBA(0.969, 0.619, 0.143, 0.000);-500000,00;1;0,00;RGBA(0.862, 0.583, 0.749, 0.000);Rejected_BelowThreshold
13:15:14;2410;RGBA(0.969, 0.619, 0.143, 0.000);-500000,00;1;0,00;RGBA(0.862, 0.583, 0.749, 0.000);Rejected_BelowThreshold
13:15:14;2411;RGBA(0.969, 0.619, 0.143, 0.000);-500000,00;1;0,00;RGBA(0.862, 0.583, 0.749, 0.000);Rejected_BelowThreshold
13:15:14;2412;RGBA(0.969, 0.619, 0.143, 0.000);-500000,00;1;0,00;RGBA(0.862, 0.583, 0.749, 0.000);Rejected_BelowThreshold
13:15:14;2413;RGBA(0.969, 0.619, 0.143, 0.000);-500000,00;1;0,00;RGBA(0.862, 0.583, 0.749, 0.000);Rejected_BelowThreshold
13:15:14;2414;RGBA(0.969, 0.619, 0.143, 0.000);-500000,00;1;0,00;RGBA(0.862, 0.583, 0.749, 0.000);Rejected_BelowThreshold
13:15:14;2415;RGBA(0.969, 0.619, 0.143, 0.000);-500000,00;1;0,00;RGBA(0.862, 0.583, 0.749, 0.000);Rejected_BelowThreshold
13:15:14;2416;RGBA(0.969, 0.619, 0.143, 0.000);-500000,00;1;0,00;RGBA(0.862, 0.583, 0.749, 0.000);Rejected_BelowThreshold
13:15:14;2417;RGBA(0.969, 0.619, 0.143, 0.000);-500000,00;1;0,00;RGBA(0.862, 0.583, 0.749, 0.000);Rejected_BelowThreshold
13:15:14;2418;RGBA(0.969, 0.619, 0.143, 0.000);-500000,00;1;0,00;RGBA(0.862, 0.583, 0.749, 0.000);Rejected_BelowThreshold
13:15:15;2419;RGBA(0.969, 0.619, 0.143, 0.000);-500000,00;1;0,00;RGBA(0.862, 0.583, 0.749, 0.000);Rejected_BelowThreshold
13:15:15;2420;RGBA(0.969, 0.619, 0.143, 0.000);-500000,00;1;0,00;RGBA(0.862, 0.583, 0.749, 0.000);Rejected_BelowThreshold
13:15:15;2421;RGBA(0.969, 0.619, 0.143, 0.000);-500000,00;1;0,00;RGBA(0.862, 0.583, 0.749, 0.000);Rejected_BelowThreshold
13:15:15;2422;RGBA(0.969, 0.619, 0.143, 0.000);-500000,00;1;0,00;RGBA(0.862, 0.583, 0.749, 0.000);Rejected_BelowThreshold
13:15:15;2423;RGBA(0.969, 0.619, 0.143, 0.000);-500000,00;1;0,00;RGBA(0.862, 0.583, 0.749, 0.000);Rejected_BelowThreshold
13:15:15;2424;RGBA(0.969, 0.619, 0.143, 0.000);-500000,00;1;0,00;RGBA(0.862, 0.583, 0.749, 0.000);Rejected_BelowThreshold
13:15:15;2425;RGBA(0.969, 0.619, 0.143, 0.000);-500000,00;1;0,00;RGBA(0.862, 0.583, 0.749, 0.000);Rejected_BelowThreshold
13:15:15;2426;RGBA(0.969, 0.619, 0.143, 0.000);-500000,00;1;0,00;RGBA(0.862, 0.583, 0.749, 0.000);Rejected_BelowThreshold
13:15:15;2427;RGBA(0.969, 0.619, 0.143, 0.000);-500000,00;1;0,00;RGBA(0.862, 0.583, 0.749, 0.000);Rejected_BelowThreshold
13:15:15;2428;RGBA(0.969, 0.619, 0.143, 0.000);-500000,00;1;0,00;RGBA(0.862, 0.583, 0.749, 0.000);Rejected_BelowThreshold
13:15:15;2429;RGBA(0.969, 0.619, 0.143, 0.000);-500000,00;1;0,00;RGBA(0.862, 0.583, 0.749, 0.000);Rejected_BelowThreshold
13:15:15;2430;RGBA(0.969, 0.619, 0.143, 0.000);-500000,00;1;0,00;RGBA(0.862, 0.583, 0.749, 0.000);Rejected_BelowThreshold
13:15:15;2431;RGBA(0.969, 0.619, 0.143, 0.000);-500000,00;1;0,00;RGBA(0.862, 0.583, 0.749, 0.000);Rejected_BelowThreshold
13:15:15;2432;RGBA(0.969, 0.619, 0.143, 0.000);-500000,00;1;0,00;RGBA(0.862, 0.583, 0.749, 0.000);Rejected_BelowThreshold
13:15:15;2433;RGBA(0.969, 0.619, 0.143, 0.000);-500000,00;1;0,00;RGBA(0.862, 0.583, 0.749, 0.000);Rejected_BelowThreshold
13:15:15;2434;RGBA(0.969, 0.619, 0.143, 0.000);-500000,00;1;0,00;RGBA(0.862, 0.583, 0.749, 0.000);Rejected_BelowThreshold
13:15:15;2435;RGBA(0.969, 0.619, 0.143, 0.000);-500000,00;1;0,00;RGBA(0.862, 0.583, 0.749, 0.000);Rejected_BelowThreshold
13:15:15;2436;RGBA(0.969, 0.619, 0.143, 0.000);-500000,00;1;0,00;RGBA(0.862, 0.583, 0.749, 0.000);Rejected_BelowThreshold
13:15:15;2437;RGBA(0.969, 0.619, 0.143, 0.000);-500000,00;1;0,00;RGBA(0.862, 0.583, 0.749, 0.000);Rejected_BelowThreshold
13:15:15;2438;RGBA(0.969, 0.619, 0.143, 0.000);-500000,00;1;0,00;RGBA(0.862, 0.583, 0.749, 0.000);Rejected_BelowThreshold
13:15:15;2439;RGBA(0.969, 0.619, 0.143, 0.000);-500000,00;1;0,00;RGBA(0.862, 0.583, 0.749, 0.000);Rejected_BelowThreshold
13:15:15;2440;RGBA(0.969, 0.619, 0.143, 0.000);-500000,00;1;0,00;RGBA(0.862, 0.583, 0.749, 0.000);Rejected_BelowThreshold
13:15:15;2441;RGBA(0.969, 0.619, 0.143, 0.000);-500000,00;1;0,00;RGBA(0.862, 0.583, 0.749, 0.000);Rejected_BelowThreshold
13:15:15;2442;RGBA(0.969, 0.619, 0.143, 0.000);-500000,00;1;0,00;RGBA(0.862, 0.583, 0.749, 0.000);Rejected_BelowThreshold
13:15:15;2443;RGBA(0.969, 0.619, 0.143, 0.000);-500000,00;1;0,00;RGBA(0.862, 0.583, 0.749, 0.000);Rejected_BelowThreshold
13:15:15;2444;RGBA(0.969, 0.619, 0.143, 0.000);-500000,00;1;0,00;RGBA(0.862, 0.583, 0.749, 0.000);Rejected_BelowThreshold
13:15:15;2445;RGBA(0.969, 0.619, 0.143, 0.000);-500000,00;1;0,00;RGBA(0.862, 0.583, 0.749, 0.000);Rejected_BelowThreshold
13:15:15;2446;RGBA(0.969, 0.619, 0.143, 0.000);-500000,00;1;0,00;RGBA(0.862, 0.583, 0.749, 0.000);Rejected_BelowThreshold
13:15:15;2447;RGBA(0.969, 0.619, 0.143, 0.000);-500000,00;1;0,00;RGBA(0.862, 0.583, 0.749, 0.000);Rejected_BelowThreshold
13:15:15;2448;RGBA(0.969, 0.619, 0.143, 0.000);-500000,00;1;0,00;RGBA(0.862, 0.583, 0.749, 0.000);Rejected_BelowThreshold
13:15:15;2449;RGBA(0.969, 0.619, 0.143, 0.000);-500000,00;1;0,00;RGBA(0.862, 0.583, 0.749, 0.000);Rejected_BelowThreshold
13:15:15;2450;RGBA(0.969, 0.619, 0.143, 0.000);-500000,00;1;0,00;RGBA(0.862, 0.583, 0.749, 0.000);Rejected_BelowThreshold
13:15:15;2451;RGBA(0.969, 0.619, 0.143, 0.000);-500000,00;1;0,00;RGBA(0.862, 0.583, 0.749, 0.000);Rejected_BelowThreshold
13:15:15;2452;RGBA(0.969, 0.619, 0.143, 0.000);-500000,00;1;0,00;RGBA(0.862, 0.583, 0.749, 0.000);Rejected_BelowThreshold
13:15:15;2453;RGBA(0.969, 0.619, 0.143, 0.000);-500000,00;1;0,00;RGBA(0.862, 0.583, 0.749, 0.000);Rejected_BelowThreshold
13:15:15;2454;RGBA(0.969, 0.619, 0.143, 0.000);-500000,00;1;0,00;RGBA(0.862, 0.583, 0.749, 0.000);Rejected_BelowThreshold
13:15:15;2455;RGBA(0.969, 0.619, 0.143, 0.000);-500000,00;1;0,00;RGBA(0.862, 0.583, 0.749, 0.000);Rejected_BelowThreshold
13:15:15;2456;RGBA(0.969, 0.619, 0.143, 0.000);-500000,00;1;0,00;RGBA(0.862, 0.583, 0.749, 0.000);Rejected_BelowThreshold
13:15:15;2457;RGBA(0.969, 0.619, 0.143, 0.000);-500000,00;1;0,00;RGBA(0.862, 0.583, 0.749, 0.000);Rejected_BelowThreshold
13:15:15;2458;RGBA(0.969, 0.619, 0.143, 0.000);-500000,00;1;0,00;RGBA(0.862, 0.583, 0.749, 0.000);Rejected_BelowThreshold
13:15:15;2459;RGBA(0.969, 0.619, 0.143, 0.000);-500000,00;1;0,00;RGBA(0.862, 0.583, 0.749, 0.000);Rejected_BelowThreshold
13:15:15;2460;RGBA(0.969, 0.619, 0.143, 0.000);-500000,00;1;0,00;RGBA(0.862, 0.583, 0.749, 0.000);Rejected_BelowThreshold
13:15:15;2461;RGBA(0.969, 0.619, 0.143, 0.000);-500000,00;1;0,00;RGBA(0.862, 0.583, 0.749, 0.000);Rejected_BelowThreshold
13:15:15;2462;RGBA(0.969, 0.619, 0.143, 0.000);-500000,00;1;0,00;RGBA(0.862, 0.583, 0.749, 0.000);Rejected_BelowThreshold
13:15:15;2463;RGBA(0.969, 0.619, 0.143, 0.000);-500000,00;1;0,00;RGBA(0.862, 0.583, 0.749, 0.000);Rejected_BelowThreshold
13:15:15;2464;RGBA(0.969, 0.619, 0.143, 0.000);-500000,00;1;0,00;RGBA(0.862, 0.583, 0.749, 0.000);Rejected_BelowThreshold
13:15:15;2465;RGBA(0.969, 0.619, 0.143, 0.000);-500000,00;1;0,00;RGBA(0.862, 0.583, 0.749, 0.000);Rejected_BelowThreshold
13:15:15;2466;RGBA(0.969, 0.619, 0.143, 0.000);-500000,00;1;0,00;RGBA(0.862, 0.583, 0.749, 0.000);Rejected_BelowThreshold
13:15:15;2467;RGBA(0.969, 0.619, 0.143, 0.000);-500000,00;1;0,00;RGBA(0.862, 0.583, 0.749, 0.000);Rejected_BelowThreshold
13:15:15;2468;RGBA(0.969, 0.619, 0.143, 0.000);-500000,00;1;0,00;RGBA(0.862, 0.583, 0.749, 0.000);Rejected_BelowThreshold
13:15:15;2469;RGBA(0.969, 0.619, 0.143, 0.000);-500000,00;1;0,00;RGBA(0.862, 0.583, 0.749, 0.000);Rejected_BelowThreshold
13:15:15;2470;RGBA(0.969, 0.619, 0.143, 0.000);-500000,00;1;0,00;RGBA(0.862, 0.583, 0.749, 0.000);Rejected_BelowThreshold
13:15:15;2471;RGBA(0.969, 0.619, 0.143, 0.000);-500000,00;1;0,00;RGBA(0.862, 0.583, 0.749, 0.000);Rejected_BelowThreshold
13:15:15;2472;RGBA(0.969, 0.619, 0.143, 0.000);-500000,00;1;0,00;RGBA(0.862, 0.583, 0.749, 0.000);Rejected_BelowThreshold
13:15:15;2473;RGBA(0.969, 0.619, 0.143, 0.000);-500000,00;1;0,00;RGBA(0.862, 0.583, 0.749, 0.000);Rejected_BelowThreshold
13:15:15;2474;RGBA(0.969, 0.619, 0.143, 0.000);-500000,00;1;0,00;RGBA(0.862, 0.583, 0.749, 0.000);Rejected_BelowThreshold
13:15:15;2475;RGBA(0.969, 0.619, 0.143, 0.000);-500000,00;1;0,00;RGBA(0.862, 0.583, 0.749, 0.000);Rejected_BelowThreshold
13:15:15;2476;RGBA(0.969, 0.619, 0.143, 0.000);-500000,00;1;0,00;RGBA(0.862, 0.583, 0.749, 0.000);Rejected_BelowThreshold
13:15:15;2477;RGBA(0.969, 0.619, 0.143, 0.000);-500000,00;1;0,00;RGBA(0.862, 0.583, 0.749, 0.000);Rejected_BelowThreshold
13:15:15;2478;RGBA(0.969, 0.619, 0.143, 0.000);-500000,00;1;0,00;RGBA(0.862, 0.583, 0.749, 0.000);Rejected_BelowThreshold
13:15:15;2479;RGBA(0.969, 0.619, 0.143, 0.000);-500000,00;1;0,00;RGBA(0.862, 0.583, 0.749, 0.000);Rejected_BelowThreshold
13:15:15;2480;RGBA(0.969, 0.619, 0.143, 0.000);-500000,00;1;0,00;RGBA(0.862, 0.583, 0.749, 0.000);Rejected_BelowThreshold
13:15:15;2481;RGBA(0.969, 0.619, 0.143, 0.000);-500000,00;1;0,00;RGBA(0.862, 0.583, 0.749, 0.000);Rejected_BelowThreshold
13:15:15;2482;RGBA(0.969, 0.619, 0.143, 0.000);-500000,00;1;0,00;RGBA(0.862, 0.583, 0.749, 0.000);Rejected_BelowThreshold
13:15:15;2483;RGBA(0.969, 0.619, 0.143, 0.000);-500000,00;1;0,00;RGBA(0.862, 0.583, 0.749, 0.000);Rejected_BelowThreshold
13:15:15;2484;RGBA(0.969, 0.619, 0.143, 0.000);-500000,00;1;0,00;RGBA(0.862, 0.583, 0.749, 0.000);Rejected_BelowThreshold
13:15:15;2485;RGBA(0.969, 0.619, 0.143, 0.000);-500000,00;1;0,00;RGBA(0.862, 0.583, 0.749, 0.000);Rejected_BelowThreshold
13:15:15;2486;RGBA(0.969, 0.619, 0.143, 0.000);-500000,00;1;0,00;RGBA(0.862, 0.583, 0.749, 0.000);Rejected_BelowThreshold
13:15:15;2487;RGBA(0.969, 0.619, 0.143, 0.000);-500000,00;1;0,00;RGBA(0.862, 0.583, 0.749, 0.000);Rejected_BelowThreshold
13:15:15;2488;RGBA(0.969, 0.619, 0.143, 0.000);-500000,00;1;0,00;RGBA(0.862, 0.583, 0.749, 0.000);Rejected_BelowThreshold
13:15:15;2489;RGBA(0.969, 0.619, 0.143, 0.000);-500000,00;1;0,00;RGBA(0.862, 0.583, 0.749, 0.000);Rejected_BelowThreshold
13:15:15;2490;RGBA(0.969, 0.619, 0.143, 0.000);-500000,00;1;0,00;RGBA(0.862, 0.583, 0.749, 0.000);Rejected_BelowThreshold
13:15:15;2491;RGBA(0.969, 0.619, 0.143, 0.000);-500000,00;1;0,00;RGBA(0.862, 0.583, 0.749, 0.000);Rejected_BelowThreshold
13:15:15;2492;RGBA(0.969, 0.619, 0.143, 0.000);-500000,00;1;0,00;RGBA(0.862, 0.583, 0.749, 0.000);Rejected_BelowThreshold
13:15:15;2493;RGBA(0.969, 0.619, 0.143, 0.000);-500000,00;1;0,00;RGBA(0.862, 0.583, 0.749, 0.000);Rejected_BelowThreshold
13:15:15;2494;RGBA(0.969, 0.619, 0.143, 0.000);-500000,00;1;0,00;RGBA(0.862, 0.583, 0.749, 0.000);Rejected_BelowThreshold
13:15:15;2495;RGBA(0.969, 0.619, 0.143, 0.000);-500000,00;1;0,00;RGBA(0.862, 0.583, 0.749, 0.000);Rejected_BelowThreshold
13:15:15;2496;RGBA(0.969, 0.619, 0.143, 0.000);-500000,00;1;0,00;RGBA(0.862, 0.583, 0.749, 0.000);Rejected_BelowThreshold
13:15:15;2497;RGBA(0.969, 0.619, 0.143, 0.000);-500000,00;1;0,00;RGBA(0.862, 0.583, 0.749, 0.000);Rejected_BelowThreshold
13:15:16;2498;RGBA(0.969, 0.619, 0.143, 0.000);-500000,00;1;0,00;RGBA(0.862, 0.583, 0.749, 0.000);Rejected_BelowThreshold
13:15:16;2499;RGBA(0.969, 0.619, 0.143, 0.000);-500000,00;1;0,00;RGBA(0.862, 0.583, 0.749, 0.000);Rejected_BelowThreshold
13:15:16;2500;RGBA(0.969, 0.619, 0.143, 0.000);-500000,00;1;0,00;RGBA(0.862, 0.583, 0.749, 0.000);Rejected_BelowThreshold
13:15:16;2501;RGBA(0.969, 0.619, 0.143, 0.000);-500000,00;1;0,00;RGBA(0.862, 0.583, 0.749, 0.000);Rejected_BelowThreshold
13:15:16;2502;RGBA(0.969, 0.619, 0.143, 0.000);-500000,00;1;0,00;RGBA(0.862, 0.583, 0.749, 0.000);Rejected_BelowThreshold
13:15:16;2503;RGBA(0.969, 0.619, 0.143, 0.000);-500000,00;1;0,00;RGBA(0.862, 0.583, 0.749, 0.000);Rejected_BelowThreshold
13:15:16;2504;RGBA(0.969, 0.619, 0.143, 0.000);-500000,00;1;0,00;RGBA(0.862, 0.583, 0.749, 0.000);Rejected_BelowThreshold
13:15:16;2505;RGBA(0.969, 0.619, 0.143, 0.000);-500000,00;1;0,00;RGBA(0.862, 0.583, 0.749, 0.000);Rejected_BelowThreshold
13:15:16;2506;RGBA(0.969, 0.619, 0.143, 0.000);-500000,00;1;0,00;RGBA(0.862, 0.583, 0.749, 0.000);Rejected_BelowThreshold
13:15:16;2507;RGBA(0.969, 0.619, 0.143, 0.000);-500000,00;1;0,00;RGBA(0.862, 0.583, 0.749, 0.000);Rejected_BelowThreshold
13:15:16;2508;RGBA(0.969, 0.619, 0.143, 0.000);-500000,00;1;0,00;RGBA(0.862, 0.583, 0.749, 0.000);Rejected_BelowThreshold
13:15:16;2509;RGBA(0.969, 0.619, 0.143, 0.000);-500000,00;1;0,00;RGBA(0.862, 0.583, 0.749, 0.000);Rejected_BelowThreshold
13:15:16;2510;RGBA(0.969, 0.619, 0.143, 0.000);-500000,00;1;0,00;RGBA(0.862, 0.583, 0.749, 0.000);Rejected_BelowThreshold
13:15:16;2511;RGBA(0.969, 0.619, 0.143, 0.000);-500000,00;1;0,00;RGBA(0.862, 0.583, 0.749, 0.000);Rejected_BelowThreshold
13:15:16;2512;RGBA(0.969, 0.619, 0.143, 0.000);-500000,00;1;0,00;RGBA(0.862, 0.583, 0.749, 0.000);Rejected_BelowThreshold
13:15:16;2513;RGBA(0.969, 0.619, 0.143, 0.000);-500000,00;1;0,00;RGBA(0.862, 0.583, 0.749, 0.000);Rejected_BelowThreshold
13:15:16;2514;RGBA(0.969, 0.619, 0.143, 0.000);-500000,00;1;0,00;RGBA(0.862, 0.583, 0.749, 0.000);Rejected_BelowThreshold
13:15:16;2515;RGBA(0.969, 0.619, 0.143, 0.000);-500000,00;1;0,00;RGBA(0.862, 0.583, 0.749, 0.000);Rejected_BelowThreshold
13:15:16;2516;RGBA(0.969, 0.619, 0.143, 0.000);-500000,00;1;0,00;RGBA(0.862, 0.583, 0.749, 0.000);Rejected_BelowThreshold
13:15:16;2517;RGBA(0.969, 0.619, 0.143, 0.000);-500000,00;1;0,00;RGBA(0.862, 0.583, 0.749, 0.000);Rejected_BelowThreshold
13:15:16;2518;RGBA(0.969, 0.619, 0.143, 0.000);-500000,00;1;0,00;RGBA(0.862, 0.583, 0.749, 0.000);Rejected_BelowThreshold
13:15:16;2519;RGBA(0.969, 0.619, 0.143, 0.000);-500000,00;1;0,00;RGBA(0.862, 0.583, 0.749, 0.000);Rejected_BelowThreshold
13:15:16;2520;RGBA(0.969, 0.619, 0.143, 0.000);-500000,00;1;0,00;RGBA(0.862, 0.583, 0.749, 0.000);Rejected_BelowThreshold
13:15:16;2521;RGBA(0.969, 0.619, 0.143, 0.000);-500000,00;1;0,00;RGBA(0.862, 0.583, 0.749, 0.000);Rejected_BelowThreshold
13:15:16;2522;RGBA(0.969, 0.619, 0.143, 0.000);-500000,00;1;0,00;RGBA(0.862, 0.583, 0.749, 0.000);Rejected_BelowThreshold
13:15:16;2523;RGBA(0.969, 0.619, 0.143, 0.000);-500000,00;1;0,00;RGBA(0.862, 0.583, 0.749, 0.000);Rejected_BelowThreshold
13:15:16;2524;RGBA(0.969, 0.619, 0.143, 0.000);-500000,00;1;0,00;RGBA(0.862, 0.583, 0.749, 0.000);Rejected_BelowThreshold
13:15:16;2525;RGBA(0.969, 0.619, 0.143, 0.000);-500000,00;1;0,00;RGBA(0.862, 0.583, 0.749, 0.000);Rejected_BelowThreshold
13:15:16;2526;RGBA(0.969, 0.619, 0.143, 0.000);-500000,00;1;0,00;RGBA(0.862, 0.583, 0.749, 0.000);Rejected_BelowThreshold
13:15:16;2527;RGBA(0.969, 0.619, 0.143, 0.000);-500000,00;1;0,00;RGBA(0.862, 0.583, 0.749, 0.000);Rejected_BelowThreshold
13:15:16;2528;RGBA(0.969, 0.619, 0.143, 0.000);-500000,00;1;0,00;RGBA(0.862, 0.583, 0.749, 0.000);Rejected_BelowThreshold
13:15:16;2529;RGBA(0.969, 0.619, 0.143, 0.000);-500000,00;1;0,00;RGBA(0.862, 0.583, 0.749, 0.000);Rejected_BelowThreshold
13:15:16;2530;RGBA(0.969, 0.619, 0.143, 0.000);-500000,00;1;0,00;RGBA(0.862, 0.583, 0.749, 0.000);Rejected_BelowThreshold
13:15:16;2531;RGBA(0.969, 0.619, 0.143, 0.000);-500000,00;1;0,00;RGBA(0.862, 0.583, 0.749, 0.000);Rejected_BelowThreshold
13:15:16;2532;RGBA(0.969, 0.619, 0.143, 0.000);-500000,00;1;0,00;RGBA(0.862, 0.583, 0.749, 0.000);Rejected_BelowThreshold
13:15:16;2533;RGBA(0.969, 0.619, 0.143, 0.000);-500000,00;1;0,00;RGBA(0.862, 0.583, 0.749, 0.000);Rejected_BelowThreshold
13:15:16;2534;RGBA(0.969, 0.619, 0.143, 0.000);-500000,00;1;0,00;RGBA(0.862, 0.583, 0.749, 0.000);Rejected_BelowThreshold
13:15:16;2535;RGBA(0.969, 0.619, 0.143, 0.000);-500000,00;1;0,00;RGBA(0.862, 0.583, 0.749, 0.000);Rejected_BelowThreshold
13:15:16;2536;RGBA(0.969, 0.619, 0.143, 0.000);-500000,00;1;0,00;RGBA(0.862, 0.583, 0.749, 0.000);Rejected_BelowThreshold
13:15:16;2537;RGBA(0.969, 0.619, 0.143, 0.000);-500000,00;1;0,00;RGBA(0.862, 0.583, 0.749, 0.000);Rejected_BelowThreshold
13:15:16;2538;RGBA(0.969, 0.619, 0.143, 0.000);-500000,00;1;0,00;RGBA(0.862, 0.583, 0.749, 0.000);Rejected_BelowThreshold
13:15:16;2539;RGBA(0.969, 0.619, 0.143, 0.000);-500000,00;1;0,00;RGBA(0.862, 0.583, 0.749, 0.000);Rejected_BelowThreshold
13:15:16;2540;RGBA(0.969, 0.619, 0.143, 0.000);-500000,00;1;0,00;RGBA(0.862, 0.583, 0.749, 0.000);Rejected_BelowThreshold
13:15:16;2541;RGBA(0.969, 0.619, 0.143, 0.000);-500000,00;1;0,00;RGBA(0.862, 0.583, 0.749, 0.000);Rejected_BelowThreshold
13:15:16;2542;RGBA(0.969, 0.619, 0.143, 0.000);-500000,00;1;0,00;RGBA(0.862, 0.583, 0.749, 0.000);Rejected_BelowThreshold
13:15:16;2543;RGBA(0.969, 0.619, 0.143, 0.000);-500000,00;1;0,00;RGBA(0.862, 0.583, 0.749, 0.000);Rejected_BelowThreshold
13:15:16;2544;RGBA(0.969, 0.619, 0.143, 0.000);-500000,00;1;0,00;RGBA(0.862, 0.583, 0.749, 0.000);Rejected_BelowThreshold
13:15:16;2545;RGBA(0.969, 0.619, 0.143, 0.000);-500000,00;1;0,00;RGBA(0.862, 0.583, 0.749, 0.000);Rejected_BelowThreshold
13:15:16;2546;RGBA(0.969, 0.619, 0.143, 0.000);-500000,00;1;0,00;RGBA(0.862, 0.583, 0.749, 0.000);Rejected_BelowThreshold
13:15:16;2547;RGBA(0.969, 0.619, 0.143, 0.000);-500000,00;1;0,00;RGBA(0.862, 0.583, 0.749, 0.000);Rejected_BelowThreshold
13:15:16;2548;RGBA(0.969, 0.619, 0.143, 0.000);-500000,00;1;0,00;RGBA(0.862, 0.583, 0.749, 0.000);Rejected_BelowThreshold
13:15:16;2549;RGBA(0.969, 0.619, 0.143, 0.000);-500000,00;1;0,00;RGBA(0.862, 0.583, 0.749, 0.000);Rejected_BelowThreshold
13:15:16;2550;RGBA(0.969, 0.619, 0.143, 0.000);-500000,00;1;0,00;RGBA(0.862, 0.583, 0.749, 0.000);Rejected_BelowThreshold
13:15:16;2551;RGBA(0.969, 0.619, 0.143, 0.000);-500000,00;1;0,00;RGBA(0.862, 0.583, 0.749, 0.000);Rejected_BelowThreshold
13:15:16;2552;RGBA(0.969, 0.619, 0.143, 0.000);-500000,00;1;0,00;RGBA(0.862, 0.583, 0.749, 0.000);Rejected_BelowThreshold
13:15:16;2553;RGBA(0.969, 0.619, 0.143, 0.000);-500000,00;1;0,00;RGBA(0.862, 0.583, 0.749, 0.000);Rejected_BelowThreshold
13:15:16;2554;RGBA(0.969, 0.619, 0.143, 0.000);-500000,00;1;0,00;RGBA(0.862, 0.583, 0.749, 0.000);Rejected_BelowThreshold
13:15:16;2555;RGBA(0.969, 0.619, 0.143, 0.000);-500000,00;1;0,00;RGBA(0.862, 0.583, 0.749, 0.000);Rejected_BelowThreshold
13:15:16;2556;RGBA(0.969, 0.619, 0.143, 0.000);-500000,00;1;0,00;RGBA(0.862, 0.583, 0.749, 0.000);Rejected_BelowThreshold
13:15:16;2557;RGBA(0.969, 0.619, 0.143, 0.000);-500000,00;1;0,00;RGBA(0.862, 0.583, 0.749, 0.000);Rejected_BelowThreshold
13:15:16;2558;RGBA(0.969, 0.619, 0.143, 0.000);-500000,00;1;0,00;RGBA(0.862, 0.583, 0.749, 0.000);Rejected_BelowThreshold
13:15:16;2559;RGBA(0.969, 0.619, 0.143, 0.000);-500000,00;1;0,00;RGBA(0.862, 0.583, 0.749, 0.000);Rejected_BelowThreshold
13:15:16;2560;RGBA(0.969, 0.619, 0.143, 0.000);-500000,00;1;0,00;RGBA(0.862, 0.583, 0.749, 0.000);Rejected_BelowThreshold
13:15:16;2561;RGBA(0.969, 0.619, 0.143, 0.000);-500000,00;1;0,00;RGBA(0.862, 0.583, 0.749, 0.000);Rejected_BelowThreshold
13:15:16;2562;RGBA(0.969, 0.619, 0.143, 0.000);-500000,00;1;0,00;RGBA(0.862, 0.583, 0.749, 0.000);Rejected_BelowThreshold
13:15:16;2563;RGBA(0.969, 0.619, 0.143, 0.000);-500000,00;1;0,00;RGBA(0.862, 0.583, 0.749, 0.000);Rejected_BelowThreshold
13:15:16;2564;RGBA(0.969, 0.619, 0.143, 0.000);-500000,00;1;0,00;RGBA(0.862, 0.583, 0.749, 0.000);Rejected_BelowThreshold
13:15:16;2565;RGBA(0.969, 0.619, 0.143, 0.000);-500000,00;1;0,00;RGBA(0.862, 0.583, 0.749, 0.000);Rejected_BelowThreshold
13:15:16;2566;RGBA(0.969, 0.619, 0.143, 0.000);-500000,00;1;0,00;RGBA(0.862, 0.583, 0.749, 0.000);Rejected_BelowThreshold
13:15:16;2567;RGBA(0.969, 0.619, 0.143, 0.000);-500000,00;1;0,00;RGBA(0.862, 0.583, 0.749, 0.000);Rejected_BelowThreshold
13:15:16;2568;RGBA(0.969, 0.619, 0.143, 0.000);-500000,00;1;0,00;RGBA(0.862, 0.583, 0.749, 0.000);Rejected_BelowThreshold
13:15:16;2569;RGBA(0.969, 0.619, 0.143, 0.000);-500000,00;1;0,00;RGBA(0.862, 0.583, 0.749, 0.000);Rejected_BelowThreshold
13:15:16;2570;RGBA(0.969, 0.619, 0.143, 0.000);-500000,00;1;0,00;RGBA(0.862, 0.583, 0.749, 0.000);Rejected_BelowThreshold
13:15:16;2571;RGBA(0.969, 0.619, 0.143, 0.000);-500000,00;1;0,00;RGBA(0.862, 0.583, 0.749, 0.000);Rejected_BelowThreshold
13:15:16;2572;RGBA(0.969, 0.619, 0.143, 0.000);-500000,00;1;0,00;RGBA(0.862, 0.583, 0.749, 0.000);Rejected_BelowThreshold
13:15:16;2573;RGBA(0.969, 0.619, 0.143, 0.000);-500000,00;1;0,00;RGBA(0.862, 0.583, 0.749, 0.000);Rejected_BelowThreshold
13:15:16;2574;RGBA(0.969, 0.619, 0.143, 0.000);-500000,00;1;0,00;RGBA(0.862, 0.583, 0.749, 0.000);Rejected_BelowThreshold
13:15:16;2575;RGBA(0.969, 0.619, 0.143, 0.000);-500000,00;1;0,00;RGBA(0.862, 0.583, 0.749, 0.000);Rejected_BelowThreshold
13:15:16;2576;RGBA(0.969, 0.619, 0.143, 0.000);-500000,00;1;0,00;RGBA(0.862, 0.583, 0.749, 0.000);Rejected_BelowThreshold
13:15:16;2577;RGBA(0.969, 0.619, 0.143, 0.000);-500000,00;1;0,00;RGBA(0.862, 0.583, 0.749, 0.000);Rejected_BelowThreshold
13:15:17;2578;RGBA(0.969, 0.619, 0.143, 0.000);-500000,00;1;0,00;RGBA(0.862, 0.583, 0.749, 0.000);Rejected_BelowThreshold
13:15:17;2579;RGBA(0.969, 0.619, 0.143, 0.000);-500000,00;1;0,00;RGBA(0.862, 0.583, 0.749, 0.000);Rejected_BelowThreshold
13:15:17;2580;RGBA(0.969, 0.619, 0.143, 0.000);-500000,00;1;0,00;RGBA(0.862, 0.583, 0.749, 0.000);Rejected_BelowThreshold
13:15:17;2581;RGBA(0.969, 0.619, 0.143, 0.000);-500000,00;1;0,00;RGBA(0.862, 0.583, 0.749, 0.000);Rejected_BelowThreshold
13:15:17;2582;RGBA(0.969, 0.619, 0.143, 0.000);-500000,00;1;0,00;RGBA(0.862, 0.583, 0.749, 0.000);Rejected_BelowThreshold
13:15:17;2583;RGBA(0.969, 0.619, 0.143, 0.000);-500000,00;1;0,00;RGBA(0.862, 0.583, 0.749, 0.000);Rejected_BelowThreshold
13:15:17;2584;RGBA(0.969, 0.619, 0.143, 0.000);-500000,00;1;0,00;RGBA(0.862, 0.583, 0.749, 0.000);Rejected_BelowThreshold
13:15:17;2585;RGBA(0.969, 0.619, 0.143, 0.000);-500000,00;1;0,00;RGBA(0.862, 0.583, 0.749, 0.000);Rejected_BelowThreshold
13:15:17;2586;RGBA(0.969, 0.619, 0.143, 0.000);-500000,00;1;0,00;RGBA(0.862, 0.583, 0.749, 0.000);Rejected_BelowThreshold
13:15:17;2587;RGBA(0.969, 0.619, 0.143, 0.000);-500000,00;1;0,00;RGBA(0.862, 0.583, 0.749, 0.000);Rejected_BelowThreshold
13:15:17;2588;RGBA(0.969, 0.619, 0.143, 0.000);-500000,00;1;0,00;RGBA(0.862, 0.583, 0.749, 0.000);Rejected_BelowThreshold
13:15:17;2589;RGBA(0.969, 0.619, 0.143, 0.000);-500000,00;1;0,00;RGBA(0.862, 0.583, 0.749, 0.000);Rejected_BelowThreshold
13:15:17;2590;RGBA(0.969, 0.619, 0.143, 0.000);-500000,00;1;0,00;RGBA(0.862, 0.583, 0.749, 0.000);Rejected_BelowThreshold
13:15:17;2591;RGBA(0.969, 0.619, 0.143, 0.000);-500000,00;1;0,00;RGBA(0.862, 0.583, 0.749, 0.000);Rejected_BelowThreshold
13:15:17;2592;RGBA(0.969, 0.619, 0.143, 0.000);-500000,00;1;0,00;RGBA(0.862, 0.583, 0.749, 0.000);Rejected_BelowThreshold
13:15:17;2593;RGBA(0.969, 0.619, 0.143, 0.000);-500000,00;1;0,00;RGBA(0.862, 0.583, 0.749, 0.000);Rejected_BelowThreshold
13:15:17;2594;RGBA(0.969, 0.619, 0.143, 0.000);-500000,00;1;0,00;RGBA(0.862, 0.583, 0.749, 0.000);Rejected_BelowThreshold
13:15:17;2595;RGBA(0.969, 0.619, 0.143, 0.000);-500000,00;1;0,00;RGBA(0.862, 0.583, 0.749, 0.000);Rejected_BelowThreshold
13:15:17;2596;RGBA(0.969, 0.619, 0.143, 0.000);-500000,00;1;0,00;RGBA(0.862, 0.583, 0.749, 0.000);Rejected_BelowThreshold
13:15:17;2597;RGBA(0.969, 0.619, 0.143, 0.000);-500000,00;1;0,00;RGBA(0.862, 0.583, 0.749, 0.000);Rejected_BelowThreshold
13:15:17;2598;RGBA(0.969, 0.619, 0.143, 0.000);-500000,00;1;0,00;RGBA(0.862, 0.583, 0.749, 0.000);Rejected_BelowThreshold
13:15:17;2599;RGBA(0.969, 0.619, 0.143, 0.000);-500000,00;1;0,00;RGBA(0.862, 0.583, 0.749, 0.000);Rejected_BelowThreshold
13:15:17;2600;RGBA(0.969, 0.619, 0.143, 0.000);-500000,00;1;0,00;RGBA(0.862, 0.583, 0.749, 0.000);Rejected_BelowThreshold
13:15:17;2601;RGBA(0.969, 0.619, 0.143, 0.000);-500000,00;1;0,00;RGBA(0.862, 0.583, 0.749, 0.000);Rejected_BelowThreshold
13:15:17;2602;RGBA(0.969, 0.619, 0.143, 0.000);-500000,00;1;0,00;RGBA(0.862, 0.583, 0.749, 0.000);Rejected_BelowThreshold
13:15:17;2603;RGBA(0.969, 0.619, 0.143, 0.000);-500000,00;1;0,00;RGBA(0.862, 0.583, 0.749, 0.000);Rejected_BelowThreshold
13:15:17;2604;RGBA(0.969, 0.619, 0.143, 0.000);-500000,00;1;0,00;RGBA(0.862, 0.583, 0.749, 0.000);Rejected_BelowThreshold
13:15:17;2605;RGBA(0.969, 0.619, 0.143, 0.000);-500000,00;1;0,00;RGBA(0.862, 0.583, 0.749, 0.000);Rejected_BelowThreshold
13:15:17;2606;RGBA(0.969, 0.619, 0.143, 0.000);-500000,00;1;0,00;RGBA(0.862, 0.583, 0.749, 0.000);Rejected_BelowThreshold
13:15:17;2607;RGBA(0.969, 0.619, 0.143, 0.000);-500000,00;1;0,00;RGBA(0.862, 0.583, 0.749, 0.000);Rejected_BelowThreshold
13:15:17;2608;RGBA(0.969, 0.619, 0.143, 0.000);-500000,00;1;0,00;RGBA(0.862, 0.583, 0.749, 0.000);Rejected_BelowThreshold
13:15:17;2609;RGBA(0.969, 0.619, 0.143, 0.000);-500000,00;1;0,00;RGBA(0.862, 0.583, 0.749, 0.000);Rejected_BelowThreshold
13:15:17;2610;RGBA(0.969, 0.619, 0.143, 0.000);-500000,00;1;0,00;RGBA(0.862, 0.583, 0.749, 0.000);Rejected_BelowThreshold
13:15:17;2611;RGBA(0.969, 0.619, 0.143, 0.000);-500000,00;1;0,00;RGBA(0.862, 0.583, 0.749, 0.000);Rejected_BelowThreshold
13:15:17;2612;RGBA(0.969, 0.619, 0.143, 0.000);-500000,00;1;0,00;RGBA(0.862, 0.583, 0.749, 0.000);Rejected_BelowThreshold
13:15:17;2613;RGBA(0.969, 0.619, 0.143, 0.000);-500000,00;1;0,00;RGBA(0.862, 0.583, 0.749, 0.000);Rejected_BelowThreshold
13:15:17;2614;RGBA(0.969, 0.619, 0.143, 0.000);-500000,00;1;0,00;RGBA(0.862, 0.583, 0.749, 0.000);Rejected_BelowThreshold
13:15:17;2615;RGBA(0.969, 0.619, 0.143, 0.000);-500000,00;1;0,00;RGBA(0.862, 0.583, 0.749, 0.000);Rejected_BelowThreshold
13:15:17;2616;RGBA(0.969, 0.619, 0.143, 0.000);-500000,00;1;0,00;RGBA(0.862, 0.583, 0.749, 0.000);Rejected_BelowThreshold
13:15:17;2617;RGBA(0.969, 0.619, 0.143, 0.000);-500000,00;1;0,00;RGBA(0.862, 0.583, 0.749, 0.000);Rejected_BelowThreshold
13:15:17;2618;RGBA(0.969, 0.619, 0.143, 0.000);-500000,00;1;0,00;RGBA(0.862, 0.583, 0.749, 0.000);Rejected_BelowThreshold
13:15:17;2619;RGBA(0.969, 0.619, 0.143, 0.000);-500000,00;1;0,00;RGBA(0.862, 0.583, 0.749, 0.000);Rejected_BelowThreshold
13:15:17;2620;RGBA(0.969, 0.619, 0.143, 0.000);-500000,00;1;0,00;RGBA(0.862, 0.583, 0.749, 0.000);Rejected_BelowThreshold
13:15:17;2621;RGBA(0.969, 0.619, 0.143, 0.000);-500000,00;1;0,00;RGBA(0.862, 0.583, 0.749, 0.000);Rejected_BelowThreshold
13:15:17;2622;RGBA(0.969, 0.619, 0.143, 0.000);-500000,00;1;0,00;RGBA(0.862, 0.583, 0.749, 0.000);Rejected_BelowThreshold
13:15:17;2623;RGBA(0.969, 0.619, 0.143, 0.000);-500000,00;1;0,00;RGBA(0.862, 0.583, 0.749, 0.000);Rejected_BelowThreshold
13:15:17;2624;RGBA(0.969, 0.619, 0.143, 0.000);-500000,00;1;0,00;RGBA(0.862, 0.583, 0.749, 0.000);Rejected_BelowThreshold
13:15:17;2625;RGBA(0.969, 0.619, 0.143, 0.000);-500000,00;1;0,00;RGBA(0.862, 0.583, 0.749, 0.000);Rejected_BelowThreshold
13:15:17;2626;RGBA(0.969, 0.619, 0.143, 0.000);-500000,00;1;0,00;RGBA(0.862, 0.583, 0.749, 0.000);Rejected_BelowThreshold
13:15:17;2627;RGBA(0.969, 0.619, 0.143, 0.000);-500000,00;1;0,00;RGBA(0.862, 0.583, 0.749, 0.000);Rejected_BelowThreshold
13:15:17;2628;RGBA(0.969, 0.619, 0.143, 0.000);-500000,00;1;0,00;RGBA(0.862, 0.583, 0.749, 0.000);Rejected_BelowThreshold
13:15:17;2629;RGBA(0.969, 0.619, 0.143, 0.000);-500000,00;1;0,00;RGBA(0.862, 0.583, 0.749, 0.000);Rejected_BelowThreshold
13:15:17;2630;RGBA(0.969, 0.619, 0.143, 0.000);-500000,00;1;0,00;RGBA(0.862, 0.583, 0.749, 0.000);Rejected_BelowThreshold
13:15:17;2631;RGBA(0.969, 0.619, 0.143, 0.000);-500000,00;1;0,00;RGBA(0.862, 0.583, 0.749, 0.000);Rejected_BelowThreshold
13:15:17;2632;RGBA(0.969, 0.619, 0.143, 0.000);-500000,00;1;0,00;RGBA(0.862, 0.583, 0.749, 0.000);Rejected_BelowThreshold
13:15:17;2633;RGBA(0.969, 0.619, 0.143, 0.000);-500000,00;1;0,00;RGBA(0.862, 0.583, 0.749, 0.000);Rejected_BelowThreshold
13:15:17;2634;RGBA(0.969, 0.619, 0.143, 0.000);-500000,00;1;0,00;RGBA(0.862, 0.583, 0.749, 0.000);Rejected_BelowThreshold
13:15:17;2635;RGBA(0.969, 0.619, 0.143, 0.000);-500000,00;1;0,00;RGBA(0.862, 0.583, 0.749, 0.000);Rejected_BelowThreshold
13:15:17;2636;RGBA(0.969, 0.619, 0.143, 0.000);-500000,00;1;0,00;RGBA(0.862, 0.583, 0.749, 0.000);Rejected_BelowThreshold
13:15:17;2637;RGBA(0.969, 0.619, 0.143, 0.000);-500000,00;1;0,00;RGBA(0.862, 0.583, 0.749, 0.000);Rejected_BelowThreshold
13:15:17;2638;RGBA(0.969, 0.619, 0.143, 0.000);-500000,00;1;0,00;RGBA(0.862, 0.583, 0.749, 0.000);Rejected_BelowThreshold
13:15:17;2639;RGBA(0.969, 0.619, 0.143, 0.000);-500000,00;1;0,00;RGBA(0.862, 0.583, 0.749, 0.000);Rejected_BelowThreshold
13:15:17;2640;RGBA(0.969, 0.619, 0.143, 0.000);-500000,00;1;0,00;RGBA(0.862, 0.583, 0.749, 0.000);Rejected_BelowThreshold
13:15:17;2641;RGBA(0.969, 0.619, 0.143, 0.000);-500000,00;1;0,00;RGBA(0.862, 0.583, 0.749, 0.000);Rejected_BelowThreshold
13:15:17;2642;RGBA(0.969, 0.619, 0.143, 0.000);-500000,00;1;0,00;RGBA(0.862, 0.583, 0.749, 0.000);Rejected_BelowThreshold
13:15:17;2643;RGBA(0.969, 0.619, 0.143, 0.000);-500000,00;1;0,00;RGBA(0.862, 0.583, 0.749, 0.000);Rejected_BelowThreshold
13:15:17;2644;RGBA(0.969, 0.619, 0.143, 0.000);-500000,00;1;0,00;RGBA(0.862, 0.583, 0.749, 0.000);Rejected_BelowThreshold
13:15:17;2645;RGBA(0.969, 0.619, 0.143, 0.000);-500000,00;1;0,00;RGBA(0.862, 0.583, 0.749, 0.000);Rejected_BelowThreshold
13:15:17;2646;RGBA(0.969, 0.619, 0.143, 0.000);-500000,00;1;0,00;RGBA(0.862, 0.583, 0.749, 0.000);Rejected_BelowThreshold
13:15:17;2647;RGBA(0.969, 0.619, 0.143, 0.000);-500000,00;1;0,00;RGBA(0.862, 0.583, 0.749, 0.000);Rejected_BelowThreshold
13:15:17;2648;RGBA(0.969, 0.619, 0.143, 0.000);-500000,00;1;0,00;RGBA(0.862, 0.583, 0.749, 0.000);Rejected_BelowThreshold
13:15:17;2649;RGBA(0.969, 0.619, 0.143, 0.000);-500000,00;1;0,00;RGBA(0.862, 0.583, 0.749, 0.000);Rejected_BelowThreshold
13:15:17;2650;RGBA(0.969, 0.619, 0.143, 0.000);-500000,00;1;0,00;RGBA(0.862, 0.583, 0.749, 0.000);Rejected_BelowThreshold
13:15:17;2651;RGBA(0.969, 0.619, 0.143, 0.000);-500000,00;1;0,00;RGBA(0.862, 0.583, 0.749, 0.000);Rejected_BelowThreshold
13:15:17;2652;RGBA(0.969, 0.619, 0.143, 0.000);-500000,00;1;0,00;RGBA(0.862, 0.583, 0.749, 0.000);Rejected_BelowThreshold
13:15:17;2653;RGBA(0.969, 0.619, 0.143, 0.000);-500000,00;1;0,00;RGBA(0.862, 0.583, 0.749, 0.000);Rejected_BelowThreshold
13:15:17;2654;RGBA(0.969, 0.619, 0.143, 0.000);-500000,00;1;0,00;RGBA(0.862, 0.583, 0.749, 0.000);Rejected_BelowThreshold
13:15:17;2655;RGBA(0.969, 0.619, 0.143, 0.000);-500000,00;1;0,00;RGBA(0.862, 0.583, 0.749, 0.000);Rejected_BelowThreshold
13:15:17;2656;RGBA(0.969, 0.619, 0.143, 0.000);-500000,00;1;0,00;RGBA(0.862, 0.583, 0.749, 0.000);Rejected_BelowThreshold
13:15:18;2657;RGBA(0.969, 0.619, 0.143, 0.000);-500000,00;1;0,00;RGBA(0.862, 0.583, 0.749, 0.000);Rejected_BelowThreshold
13:15:18;2658;RGBA(0.969, 0.619, 0.143, 0.000);-500000,00;1;0,00;RGBA(0.862, 0.583, 0.749, 0.000);Rejected_BelowThreshold
13:15:18;2659;RGBA(0.969, 0.619, 0.143, 0.000);-500000,00;1;0,00;RGBA(0.862, 0.583, 0.749, 0.000);Rejected_BelowThreshold
13:15:18;2660;RGBA(0.969, 0.619, 0.143, 0.000);-500000,00;1;0,00;RGBA(0.862, 0.583, 0.749, 0.000);Rejected_BelowThreshold
13:15:18;2661;RGBA(0.969, 0.619, 0.143, 0.000);-500000,00;1;0,00;RGBA(0.862, 0.583, 0.749, 0.000);Rejected_BelowThreshold
13:15:18;2662;RGBA(0.969, 0.619, 0.143, 0.000);-500000,00;1;0,00;RGBA(0.862, 0.583, 0.749, 0.000);Rejected_BelowThreshold
13:15:18;2663;RGBA(0.969, 0.619, 0.143, 0.000);-500000,00;1;0,00;RGBA(0.862, 0.583, 0.749, 0.000);Rejected_BelowThreshold
13:15:18;2664;RGBA(0.969, 0.619, 0.143, 0.000);-500000,00;1;0,00;RGBA(0.862, 0.583, 0.749, 0.000);Rejected_BelowThreshold
13:15:18;2665;RGBA(0.969, 0.619, 0.143, 0.000);-500000,00;1;0,00;RGBA(0.862, 0.583, 0.749, 0.000);Rejected_BelowThreshold
13:15:18;2666;RGBA(0.969, 0.619, 0.143, 0.000);-500000,00;1;0,00;RGBA(0.862, 0.583, 0.749, 0.000);Rejected_BelowThreshold
13:15:18;2667;RGBA(0.969, 0.619, 0.143, 0.000);-500000,00;1;0,00;RGBA(0.862, 0.583, 0.749, 0.000);Rejected_BelowThreshold
13:15:18;2668;RGBA(0.969, 0.619, 0.143, 0.000);-500000,00;1;0,00;RGBA(0.862, 0.583, 0.749, 0.000);Rejected_BelowThreshold
13:15:18;2669;RGBA(0.969, 0.619, 0.143, 0.000);-500000,00;1;0,00;RGBA(0.862, 0.583, 0.749, 0.000);Rejected_BelowThreshold
13:15:18;2670;RGBA(0.969, 0.619, 0.143, 0.000);-500000,00;1;0,00;RGBA(0.862, 0.583, 0.749, 0.000);Rejected_BelowThreshold
13:15:18;2671;RGBA(0.969, 0.619, 0.143, 0.000);-500000,00;1;0,00;RGBA(0.862, 0.583, 0.749, 0.000);Rejected_BelowThreshold
13:15:18;2672;RGBA(0.969, 0.619, 0.143, 0.000);-500000,00;1;0,00;RGBA(0.862, 0.583, 0.749, 0.000);Rejected_BelowThreshold
13:15:18;2673;RGBA(0.969, 0.619, 0.143, 0.000);-500000,00;1;0,00;RGBA(0.862, 0.583, 0.749, 0.000);Rejected_BelowThreshold
13:15:18;2674;RGBA(0.969, 0.619, 0.143, 0.000);-500000,00;1;0,00;RGBA(0.862, 0.583, 0.749, 0.000);Rejected_BelowThreshold
13:15:18;2675;RGBA(0.969, 0.619, 0.143, 0.000);-500000,00;1;0,00;RGBA(0.862, 0.583, 0.749, 0.000);Rejected_BelowThreshold
13:15:18;2676;RGBA(0.969, 0.619, 0.143, 0.000);-500000,00;1;0,00;RGBA(0.862, 0.583, 0.749, 0.000);Rejected_BelowThreshold
13:15:18;2677;RGBA(0.969, 0.619, 0.143, 0.000);-500000,00;1;0,00;RGBA(0.862, 0.583, 0.749, 0.000);Rejected_BelowThreshold
13:15:18;2678;RGBA(0.969, 0.619, 0.143, 0.000);-500000,00;1;0,00;RGBA(0.862, 0.583, 0.749, 0.000);Rejected_BelowThreshold
13:15:18;2679;RGBA(0.969, 0.619, 0.143, 0.000);-500000,00;1;0,00;RGBA(0.862, 0.583, 0.749, 0.000);Rejected_BelowThreshold
13:15:18;2680;RGBA(0.969, 0.619, 0.143, 0.000);-500000,00;1;0,00;RGBA(0.862, 0.583, 0.749, 0.000);Rejected_BelowThreshold
13:15:18;2681;RGBA(0.969, 0.619, 0.143, 0.000);-500000,00;1;0,00;RGBA(0.862, 0.583, 0.749, 0.000);Rejected_BelowThreshold
13:15:18;2682;RGBA(0.969, 0.619, 0.143, 0.000);-500000,00;1;0,00;RGBA(0.862, 0.583, 0.749, 0.000);Rejected_BelowThreshold
13:15:18;2683;RGBA(0.969, 0.619, 0.143, 0.000);-500000,00;1;0,00;RGBA(0.862, 0.583, 0.749, 0.000);Rejected_BelowThreshold
13:15:18;2684;RGBA(0.969, 0.619, 0.143, 0.000);-500000,00;1;0,00;RGBA(0.862, 0.583, 0.749, 0.000);Rejected_BelowThreshold
13:15:18;2685;RGBA(0.969, 0.619, 0.143, 0.000);-500000,00;1;0,00;RGBA(0.862, 0.583, 0.749, 0.000);Rejected_BelowThreshold
13:15:18;2686;RGBA(0.969, 0.619, 0.143, 0.000);-500000,00;1;0,00;RGBA(0.862, 0.583, 0.749, 0.000);Rejected_BelowThreshold
13:15:18;2687;RGBA(0.969, 0.619, 0.143, 0.000);-500000,00;1;0,00;RGBA(0.862, 0.583, 0.749, 0.000);Rejected_BelowThreshold
13:15:18;2688;RGBA(0.969, 0.619, 0.143, 0.000);-500000,00;1;0,00;RGBA(0.862, 0.583, 0.749, 0.000);Rejected_BelowThreshold
13:15:18;2689;RGBA(0.969, 0.619, 0.143, 0.000);-500000,00;1;0,00;RGBA(0.862, 0.583, 0.749, 0.000);Rejected_BelowThreshold
13:15:18;2690;RGBA(0.969, 0.619, 0.143, 0.000);-500000,00;1;0,00;RGBA(0.862, 0.583, 0.749, 0.000);Rejected_BelowThreshold
13:15:18;2691;RGBA(0.969, 0.619, 0.143, 0.000);-500000,00;1;0,00;RGBA(0.862, 0.583, 0.749, 0.000);Rejected_BelowThreshold
13:15:18;2692;RGBA(0.969, 0.619, 0.143, 0.000);-500000,00;1;0,00;RGBA(0.862, 0.583, 0.749, 0.000);Rejected_BelowThreshold
13:15:18;2693;RGBA(0.969, 0.619, 0.143, 0.000);-500000,00;1;0,00;RGBA(0.862, 0.583, 0.749, 0.000);Rejected_BelowThreshold
13:15:18;2694;RGBA(0.969, 0.619, 0.143, 0.000);-500000,00;1;0,00;RGBA(0.862, 0.583, 0.749, 0.000);Rejected_BelowThreshold
13:15:18;2695;RGBA(0.969, 0.619, 0.143, 0.000);-500000,00;1;0,00;RGBA(0.862, 0.583, 0.749, 0.000);Rejected_BelowThreshold
13:15:18;2696;RGBA(0.969, 0.619, 0.143, 0.000);-500000,00;1;0,00;RGBA(0.862, 0.583, 0.749, 0.000);Rejected_BelowThreshold
13:15:18;2697;RGBA(0.969, 0.619, 0.143, 0.000);-500000,00;1;0,00;RGBA(0.862, 0.583, 0.749, 0.000);Rejected_BelowThreshold
13:15:18;2698;RGBA(0.969, 0.619, 0.143, 0.000);-500000,00;1;0,00;RGBA(0.862, 0.583, 0.749, 0.000);Rejected_BelowThreshold
13:15:18;2699;RGBA(0.969, 0.619, 0.143, 0.000);-500000,00;1;0,00;RGBA(0.862, 0.583, 0.749, 0.000);Rejected_BelowThreshold
13:15:18;2700;RGBA(0.969, 0.619, 0.143, 0.000);-500000,00;1;0,00;RGBA(0.862, 0.583, 0.749, 0.000);Rejected_BelowThreshold
13:15:18;2701;RGBA(0.969, 0.619, 0.143, 0.000);-500000,00;1;0,00;RGBA(0.862, 0.583, 0.749, 0.000);Rejected_BelowThreshold
13:15:18;2702;RGBA(0.969, 0.619, 0.143, 0.000);-500000,00;1;0,00;RGBA(0.862, 0.583, 0.749, 0.000);Rejected_BelowThreshold
13:15:18;2703;RGBA(0.969, 0.619, 0.143, 0.000);-500000,00;1;0,00;RGBA(0.862, 0.583, 0.749, 0.000);Rejected_BelowThreshold
13:15:18;2704;RGBA(0.969, 0.619, 0.143, 0.000);-500000,00;1;0,00;RGBA(0.862, 0.583, 0.749, 0.000);Rejected_BelowThreshold
13:15:18;2705;RGBA(0.969, 0.619, 0.143, 0.000);-500000,00;1;0,00;RGBA(0.862, 0.583, 0.749, 0.000);Rejected_BelowThreshold
13:15:18;2706;RGBA(0.969, 0.619, 0.143, 0.000);-500000,00;1;0,00;RGBA(0.862, 0.583, 0.749, 0.000);Rejected_BelowThreshold
13:15:18;2707;RGBA(0.969, 0.619, 0.143, 0.000);-500000,00;1;0,00;RGBA(0.862, 0.583, 0.749, 0.000);Rejected_BelowThreshold
13:15:18;2708;RGBA(0.969, 0.619, 0.143, 0.000);-500000,00;1;0,00;RGBA(0.862, 0.583, 0.749, 0.000);Rejected_BelowThreshold
13:15:18;2709;RGBA(0.969, 0.619, 0.143, 0.000);-500000,00;1;0,00;RGBA(0.862, 0.583, 0.749, 0.000);Rejected_BelowThreshold
13:15:18;2710;RGBA(0.969, 0.619, 0.143, 0.000);-500000,00;1;0,00;RGBA(0.862, 0.583, 0.749, 0.000);Rejected_BelowThreshold
13:15:18;2711;RGBA(0.969, 0.619, 0.143, 0.000);-500000,00;1;0,00;RGBA(0.862, 0.583, 0.749, 0.000);Rejected_BelowThreshold
13:15:18;2712;RGBA(0.969, 0.619, 0.143, 0.000);-500000,00;1;0,00;RGBA(0.862, 0.583, 0.749, 0.000);Rejected_BelowThreshold
13:15:18;2713;RGBA(0.969, 0.619, 0.143, 0.000);-500000,00;1;0,00;RGBA(0.862, 0.583, 0.749, 0.000);Rejected_BelowThreshold
13:15:18;2714;RGBA(0.969, 0.619, 0.143, 0.000);-500000,00;1;0,00;RGBA(0.862, 0.583, 0.749, 0.000);Rejected_BelowThreshold
13:15:18;2715;RGBA(0.969, 0.619, 0.143, 0.000);-500000,00;1;0,00;RGBA(0.862, 0.583, 0.749, 0.000);Rejected_BelowThreshold
13:15:18;2716;RGBA(0.969, 0.619, 0.143, 0.000);-500000,00;1;0,00;RGBA(0.862, 0.583, 0.749, 0.000);Rejected_BelowThreshold
13:15:18;2717;RGBA(0.969, 0.619, 0.143, 0.000);-500000,00;1;0,00;RGBA(0.862, 0.583, 0.749, 0.000);Rejected_BelowThreshold
13:15:18;2718;RGBA(0.969, 0.619, 0.143, 0.000);-500000,00;1;0,00;RGBA(0.862, 0.583, 0.749, 0.000);Rejected_BelowThreshold
13:15:18;2719;RGBA(0.969, 0.619, 0.143, 0.000);-500000,00;1;0,00;RGBA(0.862, 0.583, 0.749, 0.000);Rejected_BelowThreshold
13:15:18;2720;RGBA(0.969, 0.619, 0.143, 0.000);-500000,00;1;0,00;RGBA(0.862, 0.583, 0.749, 0.000);Rejected_BelowThreshold
13:15:18;2721;RGBA(0.969, 0.619, 0.143, 0.000);-500000,00;1;0,00;RGBA(0.862, 0.583, 0.749, 0.000);Rejected_BelowThreshold
13:15:18;2722;RGBA(0.969, 0.619, 0.143, 0.000);-500000,00;1;0,00;RGBA(0.862, 0.583, 0.749, 0.000);Rejected_BelowThreshold
13:15:18;2723;RGBA(0.969, 0.619, 0.143, 0.000);-500000,00;1;0,00;RGBA(0.862, 0.583, 0.749, 0.000);Rejected_BelowThreshold
13:15:18;2724;RGBA(0.969, 0.619, 0.143, 0.000);-500000,00;1;0,00;RGBA(0.862, 0.583, 0.749, 0.000);Rejected_BelowThreshold
13:15:18;2725;RGBA(0.969, 0.619, 0.143, 0.000);-500000,00;1;0,00;RGBA(0.862, 0.583, 0.749, 0.000);Rejected_BelowThreshold
13:15:18;2726;RGBA(0.969, 0.619, 0.143, 0.000);-500000,00;1;0,00;RGBA(0.862, 0.583, 0.749, 0.000);Rejected_BelowThreshold
13:15:18;2727;RGBA(0.969, 0.619, 0.143, 0.000);-500000,00;1;0,00;RGBA(0.862, 0.583, 0.749, 0.000);Rejected_BelowThreshold
13:15:18;2728;RGBA(0.969, 0.619, 0.143, 0.000);-500000,00;1;0,00;RGBA(0.862, 0.583, 0.749, 0.000);Rejected_BelowThreshold
13:15:18;2729;RGBA(0.969, 0.619, 0.143, 0.000);-500000,00;1;0,00;RGBA(0.862, 0.583, 0.749, 0.000);Rejected_BelowThreshold
13:15:18;2730;RGBA(0.969, 0.619, 0.143, 0.000);-500000,00;1;0,00;RGBA(0.862, 0.583, 0.749, 0.000);Rejected_BelowThreshold
13:15:18;2731;RGBA(0.969, 0.619, 0.143, 0.000);-500000,00;1;0,00;RGBA(0.862, 0.583, 0.749, 0.000);Rejected_BelowThreshold
13:15:18;2732;RGBA(0.969, 0.619, 0.143, 0.000);-500000,00;1;0,00;RGBA(0.862, 0.583, 0.749, 0.000);Rejected_BelowThreshold
13:15:18;2733;RGBA(0.969, 0.619, 0.143, 0.000);-500000,00;1;0,00;RGBA(0.862, 0.583, 0.749, 0.000);Rejected_BelowThreshold
13:15:18;2734;RGBA(0.969, 0.619, 0.143, 0.000);-500000,00;1;0,00;RGBA(0.862, 0.583, 0.749, 0.000);Rejected_BelowThreshold
13:15:18;2735;RGBA(0.969, 0.619, 0.143, 0.000);-500000,00;1;0,00;RGBA(0.862, 0.583, 0.749, 0.000);Rejected_BelowThreshold
13:15:19;2736;RGBA(0.969, 0.619, 0.143, 0.000);-500000,00;1;0,00;RGBA(0.862, 0.583, 0.749, 0.000);Rejected_BelowThreshold
13:15:19;2737;RGBA(0.969, 0.619, 0.143, 0.000);-500000,00;1;0,00;RGBA(0.862, 0.583, 0.749, 0.000);Rejected_BelowThreshold
13:15:19;2738;RGBA(0.969, 0.619, 0.143, 0.000);-500000,00;1;0,00;RGBA(0.862, 0.583, 0.749, 0.000);Rejected_BelowThreshold
13:15:19;2739;RGBA(0.969, 0.619, 0.143, 0.000);-500000,00;1;0,00;RGBA(0.862, 0.583, 0.749, 0.000);Rejected_BelowThreshold
13:15:19;2740;RGBA(0.969, 0.619, 0.143, 0.000);-500000,00;1;0,00;RGBA(0.862, 0.583, 0.749, 0.000);Rejected_BelowThreshold
13:15:19;2741;RGBA(0.969, 0.619, 0.143, 0.000);-500000,00;1;0,00;RGBA(0.862, 0.583, 0.749, 0.000);Rejected_BelowThreshold
13:15:19;2742;RGBA(0.969, 0.619, 0.143, 0.000);-500000,00;1;0,00;RGBA(0.862, 0.583, 0.749, 0.000);Rejected_BelowThreshold
13:15:19;2743;RGBA(0.969, 0.619, 0.143, 0.000);-500000,00;1;0,00;RGBA(0.862, 0.583, 0.749, 0.000);Rejected_BelowThreshold
13:15:19;2744;RGBA(0.969, 0.619, 0.143, 0.000);-500000,00;1;0,00;RGBA(0.862, 0.583, 0.749, 0.000);Rejected_BelowThreshold
13:15:19;2745;RGBA(0.969, 0.619, 0.143, 0.000);-500000,00;1;0,00;RGBA(0.862, 0.583, 0.749, 0.000);Rejected_BelowThreshold
13:15:19;2746;RGBA(0.969, 0.619, 0.143, 0.000);-500000,00;1;0,00;RGBA(0.862, 0.583, 0.749, 0.000);Rejected_BelowThreshold
13:15:19;2747;RGBA(0.969, 0.619, 0.143, 0.000);-500000,00;1;0,00;RGBA(0.862, 0.583, 0.749, 0.000);Rejected_BelowThreshold
13:15:19;2748;RGBA(0.969, 0.619, 0.143, 0.000);-500000,00;1;0,00;RGBA(0.862, 0.583, 0.749, 0.000);Rejected_BelowThreshold
13:15:19;2749;RGBA(0.969, 0.619, 0.143, 0.000);-500000,00;1;0,00;RGBA(0.862, 0.583, 0.749, 0.000);Rejected_BelowThreshold
13:15:19;2750;RGBA(0.969, 0.619, 0.143, 0.000);-500000,00;1;0,00;RGBA(0.862, 0.583, 0.749, 0.000);Rejected_BelowThreshold
13:15:19;2751;RGBA(0.969, 0.619, 0.143, 0.000);-500000,00;1;0,00;RGBA(0.862, 0.583, 0.749, 0.000);Rejected_BelowThreshold
13:15:19;2752;RGBA(0.969, 0.619, 0.143, 0.000);-500000,00;1;0,00;RGBA(0.862, 0.583, 0.749, 0.000);Rejected_BelowThreshold
13:15:19;2753;RGBA(0.969, 0.619, 0.143, 0.000);-500000,00;1;0,00;RGBA(0.862, 0.583, 0.749, 0.000);Rejected_BelowThreshold
13:15:19;2754;RGBA(0.969, 0.619, 0.143, 0.000);-500000,00;1;0,00;RGBA(0.862, 0.583, 0.749, 0.000);Rejected_BelowThreshold
13:15:19;2755;RGBA(0.969, 0.619, 0.143, 0.000);-500000,00;1;0,00;RGBA(0.862, 0.583, 0.749, 0.000);Rejected_BelowThreshold
13:15:19;2756;RGBA(0.969, 0.619, 0.143, 0.000);-500000,00;1;0,00;RGBA(0.862, 0.583, 0.749, 0.000);Rejected_BelowThreshold
13:15:19;2757;RGBA(0.969, 0.619, 0.143, 0.000);-500000,00;1;0,00;RGBA(0.862, 0.583, 0.749, 0.000);Rejected_BelowThreshold
13:15:19;2758;RGBA(0.969, 0.619, 0.143, 0.000);-500000,00;1;0,00;RGBA(0.862, 0.583, 0.749, 0.000);Rejected_BelowThreshold
13:15:19;2759;RGBA(0.969, 0.619, 0.143, 0.000);-500000,00;1;0,00;RGBA(0.862, 0.583, 0.749, 0.000);Rejected_BelowThreshold
13:15:19;2760;RGBA(0.969, 0.619, 0.143, 0.000);-500000,00;1;0,00;RGBA(0.862, 0.583, 0.749, 0.000);Rejected_BelowThreshold
13:15:19;2761;RGBA(0.969, 0.619, 0.143, 0.000);-500000,00;1;0,00;RGBA(0.862, 0.583, 0.749, 0.000);Rejected_BelowThreshold
13:15:19;2762;RGBA(0.969, 0.619, 0.143, 0.000);-500000,00;1;0,00;RGBA(0.862, 0.583, 0.749, 0.000);Rejected_BelowThreshold
13:15:19;2763;RGBA(0.969, 0.619, 0.143, 0.000);-500000,00;1;0,00;RGBA(0.862, 0.583, 0.749, 0.000);Rejected_BelowThreshold
13:15:19;2764;RGBA(0.969, 0.619, 0.143, 0.000);-500000,00;1;0,00;RGBA(0.862, 0.583, 0.749, 0.000);Rejected_BelowThreshold
13:15:19;2765;RGBA(0.969, 0.619, 0.143, 0.000);-500000,00;1;0,00;RGBA(0.862, 0.583, 0.749, 0.000);Rejected_BelowThreshold
13:15:19;2766;RGBA(0.969, 0.619, 0.143, 0.000);-500000,00;1;0,00;RGBA(0.862, 0.583, 0.749, 0.000);Rejected_BelowThreshold
13:15:19;2767;RGBA(0.969, 0.619, 0.143, 0.000);-500000,00;1;0,00;RGBA(0.862, 0.583, 0.749, 0.000);Rejected_BelowThreshold
13:15:19;2768;RGBA(0.969, 0.619, 0.143, 0.000);-500000,00;1;0,00;RGBA(0.862, 0.583, 0.749, 0.000);Rejected_BelowThreshold
13:15:19;2769;RGBA(0.969, 0.619, 0.143, 0.000);-500000,00;1;0,00;RGBA(0.862, 0.583, 0.749, 0.000);Rejected_BelowThreshold
13:15:19;2770;RGBA(0.969, 0.619, 0.143, 0.000);-500000,00;1;0,00;RGBA(0.862, 0.583, 0.749, 0.000);Rejected_BelowThreshold
13:15:19;2771;RGBA(0.969, 0.619, 0.143, 0.000);-500000,00;1;0,00;RGBA(0.862, 0.583, 0.749, 0.000);Rejected_BelowThreshold
13:15:19;2772;RGBA(0.969, 0.619, 0.143, 0.000);-500000,00;1;0,00;RGBA(0.862, 0.583, 0.749, 0.000);Rejected_BelowThreshold
13:15:19;2773;RGBA(0.969, 0.619, 0.143, 0.000);-500000,00;1;0,00;RGBA(0.862, 0.583, 0.749, 0.000);Rejected_BelowThreshold
13:15:19;2774;RGBA(0.969, 0.619, 0.143, 0.000);-500000,00;1;0,00;RGBA(0.862, 0.583, 0.749, 0.000);Rejected_BelowThreshold
13:15:19;2775;RGBA(0.969, 0.619, 0.143, 0.000);-500000,00;1;0,00;RGBA(0.862, 0.583, 0.749, 0.000);Rejected_BelowThreshold
13:15:19;2776;RGBA(0.969, 0.619, 0.143, 0.000);-500000,00;1;0,00;RGBA(0.862, 0.583, 0.749, 0.000);Rejected_BelowThreshold
13:15:19;2777;RGBA(0.969, 0.619, 0.143, 0.000);-500000,00;1;0,00;RGBA(0.862, 0.583, 0.749, 0.000);Rejected_BelowThreshold
13:15:19;2778;RGBA(0.969, 0.619, 0.143, 0.000);-500000,00;1;0,00;RGBA(0.862, 0.583, 0.749, 0.000);Rejected_BelowThreshold
13:15:19;2779;RGBA(0.969, 0.619, 0.143, 0.000);-500000,00;1;0,00;RGBA(0.862, 0.583, 0.749, 0.000);Rejected_BelowThreshold
13:15:19;2780;RGBA(0.969, 0.619, 0.143, 0.000);-500000,00;1;0,00;RGBA(0.862, 0.583, 0.749, 0.000);Rejected_BelowThreshold
13:15:19;2781;RGBA(0.969, 0.619, 0.143, 0.000);-500000,00;1;0,00;RGBA(0.862, 0.583, 0.749, 0.000);Rejected_BelowThreshold
13:15:19;2782;RGBA(0.969, 0.619, 0.143, 0.000);-500000,00;1;0,00;RGBA(0.862, 0.583, 0.749, 0.000);Rejected_BelowThreshold
13:15:19;2783;RGBA(0.969, 0.619, 0.143, 0.000);-500000,00;1;0,00;RGBA(0.862, 0.583, 0.749, 0.000);Rejected_BelowThreshold
13:15:19;2784;RGBA(0.969, 0.619, 0.143, 0.000);-500000,00;1;0,00;RGBA(0.862, 0.583, 0.749, 0.000);Rejected_BelowThreshold
13:15:19;2785;RGBA(0.969, 0.619, 0.143, 0.000);-500000,00;1;0,00;RGBA(0.862, 0.583, 0.749, 0.000);Rejected_BelowThreshold
13:15:19;2786;RGBA(0.969, 0.619, 0.143, 0.000);-500000,00;1;0,00;RGBA(0.862, 0.583, 0.749, 0.000);Rejected_BelowThreshold
13:15:19;2787;RGBA(0.969, 0.619, 0.143, 0.000);-500000,00;1;0,00;RGBA(0.862, 0.583, 0.749, 0.000);Rejected_BelowThreshold
13:15:19;2788;RGBA(0.969, 0.619, 0.143, 0.000);-500000,00;1;0,00;RGBA(0.862, 0.583, 0.749, 0.000);Rejected_BelowThreshold
13:15:19;2789;RGBA(0.969, 0.619, 0.143, 0.000);-500000,00;1;0,00;RGBA(0.862, 0.583, 0.749, 0.000);Rejected_BelowThreshold
13:15:19;2790;RGBA(0.969, 0.619, 0.143, 0.000);-500000,00;1;0,00;RGBA(0.862, 0.583, 0.749, 0.000);Rejected_BelowThreshold
13:15:19;2791;RGBA(0.969, 0.619, 0.143, 0.000);-500000,00;1;0,00;RGBA(0.862, 0.583, 0.749, 0.000);Rejected_BelowThreshold
13:15:19;2792;RGBA(0.969, 0.619, 0.143, 0.000);-500000,00;1;0,00;RGBA(0.862, 0.583, 0.749, 0.000);Rejected_BelowThreshold
13:15:19;2793;RGBA(0.969, 0.619, 0.143, 0.000);-500000,00;1;0,00;RGBA(0.862, 0.583, 0.749, 0.000);Rejected_BelowThreshold
13:15:19;2794;RGBA(0.969, 0.619, 0.143, 0.000);-500000,00;1;0,00;RGBA(0.862, 0.583, 0.749, 0.000);Rejected_BelowThreshold
13:15:19;2795;RGBA(0.969, 0.619, 0.143, 0.000);-500000,00;1;0,00;RGBA(0.862, 0.583, 0.749, 0.000);Rejected_BelowThreshold
13:15:19;2796;RGBA(0.969, 0.619, 0.143, 0.000);-500000,00;1;0,00;RGBA(0.862, 0.583, 0.749, 0.000);Rejected_BelowThreshold
13:15:19;2797;RGBA(0.969, 0.619, 0.143, 0.000);-500000,00;1;0,00;RGBA(0.862, 0.583, 0.749, 0.000);Rejected_BelowThreshold
13:15:19;2798;RGBA(0.969, 0.619, 0.143, 0.000);-500000,00;1;0,00;RGBA(0.862, 0.583, 0.749, 0.000);Rejected_BelowThreshold
13:15:19;2799;RGBA(0.969, 0.619, 0.143, 0.000);-500000,00;1;0,00;RGBA(0.862, 0.583, 0.749, 0.000);Rejected_BelowThreshold
13:15:19;2800;RGBA(0.969, 0.619, 0.143, 0.000);-500000,00;1;0,00;RGBA(0.862, 0.583, 0.749, 0.000);Rejected_BelowThreshold
13:15:19;2801;RGBA(0.969, 0.619, 0.143, 0.000);-500000,00;1;0,00;RGBA(0.862, 0.583, 0.749, 0.000);Rejected_BelowThreshold
13:15:19;2802;RGBA(0.969, 0.619, 0.143, 0.000);-500000,00;1;0,00;RGBA(0.862, 0.583, 0.749, 0.000);Rejected_BelowThreshold
13:15:19;2803;RGBA(0.969, 0.619, 0.143, 0.000);-500000,00;1;0,00;RGBA(0.862, 0.583, 0.749, 0.000);Rejected_BelowThreshold
13:15:19;2804;RGBA(0.969, 0.619, 0.143, 0.000);-500000,00;1;0,00;RGBA(0.862, 0.583, 0.749, 0.000);Rejected_BelowThreshold
13:15:19;2805;RGBA(0.969, 0.619, 0.143, 0.000);-500000,00;1;0,00;RGBA(0.862, 0.583, 0.749, 0.000);Rejected_BelowThreshold
13:15:19;2806;RGBA(0.969, 0.619, 0.143, 0.000);-500000,00;1;0,00;RGBA(0.862, 0.583, 0.749, 0.000);Rejected_BelowThreshold
13:15:19;2807;RGBA(0.969, 0.619, 0.143, 0.000);-500000,00;1;0,00;RGBA(0.862, 0.583, 0.749, 0.000);Rejected_BelowThreshold
13:15:19;2808;RGBA(0.969, 0.619, 0.143, 0.000);-500000,00;1;0,00;RGBA(0.862, 0.583, 0.749, 0.000);Rejected_BelowThreshold
13:15:19;2809;RGBA(0.969, 0.619, 0.143, 0.000);-500000,00;1;0,00;RGBA(0.862, 0.583, 0.749, 0.000);Rejected_BelowThreshold
13:15:19;2810;RGBA(0.969, 0.619, 0.143, 0.000);-500000,00;1;0,00;RGBA(0.862, 0.583, 0.749, 0.000);Rejected_BelowThreshold
13:15:19;2811;RGBA(0.969, 0.619, 0.143, 0.000);-500000,00;1;0,00;RGBA(0.862, 0.583, 0.749, 0.000);Rejected_BelowThreshold
13:15:19;2812;RGBA(0.969, 0.619, 0.143, 0.000);-500000,00;1;0,00;RGBA(0.862, 0.583, 0.749, 0.000);Rejected_BelowThreshold
13:15:19;2813;RGBA(0.969, 0.619, 0.143, 0.000);-500000,00;1;0,00;RGBA(0.862, 0.583, 0.749, 0.000);Rejected_BelowThreshold
13:15:19;2814;RGBA(0.969, 0.619, 0.143, 0.000);-500000,00;1;0,00;RGBA(0.862, 0.583, 0.749, 0.000);Rejected_BelowThreshold
13:15:19;2815;RGBA(0.969, 0.619, 0.143, 0.000);-500000,00;1;0,00;RGBA(0.862, 0.583, 0.749, 0.000);Rejected_BelowThreshold
13:15:20;2816;RGBA(0.969, 0.619, 0.143, 0.000);-500000,00;1;0,00;RGBA(0.862, 0.583, 0.749, 0.000);Rejected_BelowThreshold
13:15:20;2817;RGBA(0.969, 0.619, 0.143, 0.000);-500000,00;1;0,00;RGBA(0.862, 0.583, 0.749, 0.000);Rejected_BelowThreshold
13:15:20;2818;RGBA(0.969, 0.619, 0.143, 0.000);-500000,00;1;0,00;RGBA(0.862, 0.583, 0.749, 0.000);Rejected_BelowThreshold
13:15:20;2819;RGBA(0.969, 0.619, 0.143, 0.000);-500000,00;1;0,00;RGBA(0.862, 0.583, 0.749, 0.000);Rejected_BelowThreshold
13:15:20;2820;RGBA(0.969, 0.619, 0.143, 0.000);-500000,00;1;0,00;RGBA(0.862, 0.583, 0.749, 0.000);Rejected_BelowThreshold
13:15:20;2821;RGBA(0.969, 0.619, 0.143, 0.000);-500000,00;1;0,00;RGBA(0.862, 0.583, 0.749, 0.000);Rejected_BelowThreshold
13:15:20;2822;RGBA(0.969, 0.619, 0.143, 0.000);-500000,00;1;0,00;RGBA(0.862, 0.583, 0.749, 0.000);Rejected_BelowThreshold
13:15:20;2823;RGBA(0.969, 0.619, 0.143, 0.000);-500000,00;1;0,00;RGBA(0.862, 0.583, 0.749, 0.000);Rejected_BelowThreshold
13:15:20;2824;RGBA(0.969, 0.619, 0.143, 0.000);-500000,00;1;0,00;RGBA(0.862, 0.583, 0.749, 0.000);Rejected_BelowThreshold
13:15:20;2825;RGBA(0.969, 0.619, 0.143, 0.000);-500000,00;1;0,00;RGBA(0.862, 0.583, 0.749, 0.000);Rejected_BelowThreshold
13:15:20;2826;RGBA(0.969, 0.619, 0.143, 0.000);-500000,00;1;0,00;RGBA(0.862, 0.583, 0.749, 0.000);Rejected_BelowThreshold
13:15:20;2827;RGBA(0.969, 0.619, 0.143, 0.000);-500000,00;1;0,00;RGBA(0.862, 0.583, 0.749, 0.000);Rejected_BelowThreshold
13:15:20;2828;RGBA(0.969, 0.619, 0.143, 0.000);-500000,00;1;0,00;RGBA(0.862, 0.583, 0.749, 0.000);Rejected_BelowThreshold
13:15:20;2829;RGBA(0.969, 0.619, 0.143, 0.000);-500000,00;1;0,00;RGBA(0.862, 0.583, 0.749, 0.000);Rejected_BelowThreshold
13:15:20;2830;RGBA(0.969, 0.619, 0.143, 0.000);-500000,00;1;0,00;RGBA(0.862, 0.583, 0.749, 0.000);Rejected_BelowThreshold
13:15:20;2831;RGBA(0.969, 0.619, 0.143, 0.000);-500000,00;1;0,00;RGBA(0.862, 0.583, 0.749, 0.000);Rejected_BelowThreshold
13:15:20;2832;RGBA(0.969, 0.619, 0.143, 0.000);-500000,00;1;0,00;RGBA(0.862, 0.583, 0.749, 0.000);Rejected_BelowThreshold
13:15:20;2833;RGBA(0.969, 0.619, 0.143, 0.000);-500000,00;1;0,00;RGBA(0.862, 0.583, 0.749, 0.000);Rejected_BelowThreshold
13:15:20;2834;RGBA(0.969, 0.619, 0.143, 0.000);-500000,00;1;0,00;RGBA(0.862, 0.583, 0.749, 0.000);Rejected_BelowThreshold
13:15:20;2835;RGBA(0.969, 0.619, 0.143, 0.000);-500000,00;1;0,00;RGBA(0.862, 0.583, 0.749, 0.000);Rejected_BelowThreshold
13:15:20;2836;RGBA(0.969, 0.619, 0.143, 0.000);-500000,00;1;0,00;RGBA(0.862, 0.583, 0.749, 0.000);Rejected_BelowThreshold
13:15:20;2837;RGBA(0.969, 0.619, 0.143, 0.000);-500000,00;1;0,00;RGBA(0.862, 0.583, 0.749, 0.000);Rejected_BelowThreshold
13:15:20;2838;RGBA(0.969, 0.619, 0.143, 0.000);-500000,00;1;0,00;RGBA(0.862, 0.583, 0.749, 0.000);Rejected_BelowThreshold
13:15:20;2839;RGBA(0.969, 0.619, 0.143, 0.000);-500000,00;1;0,00;RGBA(0.862, 0.583, 0.749, 0.000);Rejected_BelowThreshold
13:15:20;2840;RGBA(0.969, 0.619, 0.143, 0.000);-500000,00;1;0,00;RGBA(0.862, 0.583, 0.749, 0.000);Rejected_BelowThreshold
13:15:20;2841;RGBA(0.969, 0.619, 0.143, 0.000);-500000,00;1;0,00;RGBA(0.862, 0.583, 0.749, 0.000);Rejected_BelowThreshold
13:15:20;2842;RGBA(0.969, 0.619, 0.143, 0.000);-500000,00;1;0,00;RGBA(0.862, 0.583, 0.749, 0.000);Rejected_BelowThreshold
13:15:20;2843;RGBA(0.969, 0.619, 0.143, 0.000);-500000,00;1;0,00;RGBA(0.862, 0.583, 0.749, 0.000);Rejected_BelowThreshold
13:15:20;2844;RGBA(0.969, 0.619, 0.143, 0.000);-500000,00;1;0,00;RGBA(0.862, 0.583, 0.749, 0.000);Rejected_BelowThreshold
13:15:20;2845;RGBA(0.969, 0.619, 0.143, 0.000);-500000,00;1;0,00;RGBA(0.862, 0.583, 0.749, 0.000);Rejected_BelowThreshold
13:15:20;2846;RGBA(0.969, 0.619, 0.143, 0.000);-500000,00;1;0,00;RGBA(0.862, 0.583, 0.749, 0.000);Rejected_BelowThreshold
13:15:20;2847;RGBA(0.969, 0.619, 0.143, 0.000);-500000,00;1;0,00;RGBA(0.862, 0.583, 0.749, 0.000);Rejected_BelowThreshold
13:15:20;2848;RGBA(0.969, 0.619, 0.143, 0.000);-500000,00;1;0,00;RGBA(0.862, 0.583, 0.749, 0.000);Rejected_BelowThreshold
13:15:20;2849;RGBA(0.969, 0.619, 0.143, 0.000);-500000,00;1;0,00;RGBA(0.862, 0.583, 0.749, 0.000);Rejected_BelowThreshold
13:15:20;2850;RGBA(0.969, 0.619, 0.143, 0.000);-500000,00;1;0,00;RGBA(0.862, 0.583, 0.749, 0.000);Rejected_BelowThreshold
13:15:20;2851;RGBA(0.969, 0.619, 0.143, 0.000);-500000,00;1;0,00;RGBA(0.862, 0.583, 0.749, 0.000);Rejected_BelowThreshold
13:15:20;2852;RGBA(0.969, 0.619, 0.143, 0.000);-500000,00;1;0,00;RGBA(0.862, 0.583, 0.749, 0.000);Rejected_BelowThreshold
13:15:20;2853;RGBA(0.969, 0.619, 0.143, 0.000);-500000,00;1;0,00;RGBA(0.862, 0.583, 0.749, 0.000);Rejected_BelowThreshold
13:15:20;2854;RGBA(0.969, 0.619, 0.143, 0.000);-500000,00;1;0,00;RGBA(0.862, 0.583, 0.749, 0.000);Rejected_BelowThreshold
13:15:20;2855;RGBA(0.969, 0.619, 0.143, 0.000);-500000,00;1;0,00;RGBA(0.862, 0.583, 0.749, 0.000);Rejected_BelowThreshold
13:15:20;2856;RGBA(0.969, 0.619, 0.143, 0.000);-500000,00;1;0,00;RGBA(0.862, 0.583, 0.749, 0.000);Rejected_BelowThreshold
13:15:20;2857;RGBA(0.969, 0.619, 0.143, 0.000);-500000,00;1;0,00;RGBA(0.862, 0.583, 0.749, 0.000);Rejected_BelowThreshold
13:15:20;2858;RGBA(0.969, 0.619, 0.143, 0.000);-500000,00;1;0,00;RGBA(0.862, 0.583, 0.749, 0.000);Rejected_BelowThreshold
13:15:20;2859;RGBA(0.969, 0.619, 0.143, 0.000);-500000,00;1;0,00;RGBA(0.862, 0.583, 0.749, 0.000);Rejected_BelowThreshold
13:15:20;2860;RGBA(0.969, 0.619, 0.143, 0.000);-500000,00;1;0,00;RGBA(0.862, 0.583, 0.749, 0.000);Rejected_BelowThreshold
13:15:20;2861;RGBA(0.969, 0.619, 0.143, 0.000);-500000,00;1;0,00;RGBA(0.862, 0.583, 0.749, 0.000);Rejected_BelowThreshold
13:15:20;2862;RGBA(0.969, 0.619, 0.143, 0.000);-500000,00;1;0,00;RGBA(0.862, 0.583, 0.749, 0.000);Rejected_BelowThreshold
13:15:20;2863;RGBA(0.969, 0.619, 0.143, 0.000);-500000,00;1;0,00;RGBA(0.862, 0.583, 0.749, 0.000);Rejected_BelowThreshold
13:15:20;2864;RGBA(0.969, 0.619, 0.143, 0.000);-500000,00;1;0,00;RGBA(0.862, 0.583, 0.749, 0.000);Rejected_BelowThreshold
13:15:20;2865;RGBA(0.969, 0.619, 0.143, 0.000);-500000,00;1;0,00;RGBA(0.862, 0.583, 0.749, 0.000);Rejected_BelowThreshold
13:15:20;2866;RGBA(0.969, 0.619, 0.143, 0.000);-500000,00;1;0,00;RGBA(0.862, 0.583, 0.749, 0.000);Rejected_BelowThreshold
13:15:20;2867;RGBA(0.969, 0.619, 0.143, 0.000);-500000,00;1;0,00;RGBA(0.862, 0.583, 0.749, 0.000);Rejected_BelowThreshold
13:15:20;2868;RGBA(0.969, 0.619, 0.143, 0.000);-500000,00;1;0,00;RGBA(0.862, 0.583, 0.749, 0.000);Rejected_BelowThreshold
13:15:20;2869;RGBA(0.969, 0.619, 0.143, 0.000);-500000,00;1;0,00;RGBA(0.862, 0.583, 0.749, 0.000);Rejected_BelowThreshold
13:15:20;2870;RGBA(0.969, 0.619, 0.143, 0.000);-500000,00;1;0,00;RGBA(0.862, 0.583, 0.749, 0.000);Rejected_BelowThreshold
13:15:20;2871;RGBA(0.969, 0.619, 0.143, 0.000);-500000,00;1;0,00;RGBA(0.862, 0.583, 0.749, 0.000);Rejected_BelowThreshold
13:15:20;2872;RGBA(0.969, 0.619, 0.143, 0.000);-500000,00;1;0,00;RGBA(0.862, 0.583, 0.749, 0.000);Rejected_BelowThreshold
13:15:20;2873;RGBA(0.969, 0.619, 0.143, 0.000);-500000,00;1;0,00;RGBA(0.862, 0.583, 0.749, 0.000);Rejected_BelowThreshold
13:15:20;2874;RGBA(0.969, 0.619, 0.143, 0.000);-500000,00;1;0,00;RGBA(0.862, 0.583, 0.749, 0.000);Rejected_BelowThreshold
13:15:20;2875;RGBA(0.969, 0.619, 0.143, 0.000);-500000,00;1;0,00;RGBA(0.862, 0.583, 0.749, 0.000);Rejected_BelowThreshold
13:15:20;2876;RGBA(0.969, 0.619, 0.143, 0.000);-500000,00;1;0,00;RGBA(0.862, 0.583, 0.749, 0.000);Rejected_BelowThreshold
13:15:20;2877;RGBA(0.969, 0.619, 0.143, 0.000);-500000,00;1;0,00;RGBA(0.862, 0.583, 0.749, 0.000);Rejected_BelowThreshold
13:15:20;2878;RGBA(0.969, 0.619, 0.143, 0.000);-500000,00;1;0,00;RGBA(0.862, 0.583, 0.749, 0.000);Rejected_BelowThreshold
13:15:20;2879;RGBA(0.969, 0.619, 0.143, 0.000);-500000,00;1;0,00;RGBA(0.862, 0.583, 0.749, 0.000);Rejected_BelowThreshold
13:15:20;2880;RGBA(0.969, 0.619, 0.143, 0.000);-500000,00;1;0,00;RGBA(0.862, 0.583, 0.749, 0.000);Rejected_BelowThreshold
13:15:20;2881;RGBA(0.969, 0.619, 0.143, 0.000);-500000,00;1;0,00;RGBA(0.862, 0.583, 0.749, 0.000);Rejected_BelowThreshold
13:15:20;2882;RGBA(0.969, 0.619, 0.143, 0.000);-500000,00;1;0,00;RGBA(0.862, 0.583, 0.749, 0.000);Rejected_BelowThreshold
13:15:20;2883;RGBA(0.969, 0.619, 0.143, 0.000);-500000,00;1;0,00;RGBA(0.862, 0.583, 0.749, 0.000);Rejected_BelowThreshold
13:15:20;2884;RGBA(0.969, 0.619, 0.143, 0.000);-500000,00;1;0,00;RGBA(0.862, 0.583, 0.749, 0.000);Rejected_BelowThreshold
13:15:20;2885;RGBA(0.969, 0.619, 0.143, 0.000);-500000,00;1;0,00;RGBA(0.862, 0.583, 0.749, 0.000);Rejected_BelowThreshold
13:15:20;2886;RGBA(0.969, 0.619, 0.143, 0.000);-500000,00;1;0,00;RGBA(0.862, 0.583, 0.749, 0.000);Rejected_BelowThreshold
13:15:20;2887;RGBA(0.969, 0.619, 0.143, 0.000);-500000,00;1;0,00;RGBA(0.862, 0.583, 0.749, 0.000);Rejected_BelowThreshold
13:15:20;2888;RGBA(0.969, 0.619, 0.143, 0.000);-500000,00;1;0,00;RGBA(0.862, 0.583, 0.749, 0.000);Rejected_BelowThreshold
13:15:20;2889;RGBA(0.969, 0.619, 0.143, 0.000);-500000,00;1;0,00;RGBA(0.862, 0.583, 0.749, 0.000);Rejected_BelowThreshold
13:15:20;2890;RGBA(0.969, 0.619, 0.143, 0.000);-500000,00;1;0,00;RGBA(0.862, 0.583, 0.749, 0.000);Rejected_BelowThreshold
13:15:20;2891;RGBA(0.969, 0.619, 0.143, 0.000);-500000,00;1;0,00;RGBA(0.862, 0.583, 0.749, 0.000);Rejected_BelowThreshold
13:15:20;2892;RGBA(0.969, 0.619, 0.143, 0.000);-500000,00;1;0,00;RGBA(0.862, 0.583, 0.749, 0.000);Rejected_BelowThreshold
13:15:20;2893;RGBA(0.969, 0.619, 0.143, 0.000);-500000,00;1;0,00;RGBA(0.862, 0.583, 0.749, 0.000);Rejected_BelowThreshold
13:15:20;2894;RGBA(0.969, 0.619, 0.143, 0.000);-500000,00;1;0,00;RGBA(0.862, 0.583, 0.749, 0.000);Rejected_BelowThreshold
13:15:21;2895;RGBA(0.969, 0.619, 0.143, 0.000);-500000,00;1;0,00;RGBA(0.862, 0.583, 0.749, 0.000);Rejected_BelowThreshold
13:15:21;2896;RGBA(0.969, 0.619, 0.143, 0.000);-500000,00;1;0,00;RGBA(0.862, 0.583, 0.749, 0.000);Rejected_BelowThreshold
13:15:21;2897;RGBA(0.969, 0.619, 0.143, 0.000);-500000,00;1;0,00;RGBA(0.862, 0.583, 0.749, 0.000);Rejected_BelowThreshold
13:15:21;2898;RGBA(0.969, 0.619, 0.143, 0.000);-500000,00;1;0,00;RGBA(0.862, 0.583, 0.749, 0.000);Rejected_BelowThreshold
13:15:21;2899;RGBA(0.969, 0.619, 0.143, 0.000);-500000,00;1;0,00;RGBA(0.862, 0.583, 0.749, 0.000);Rejected_BelowThreshold
13:15:21;2900;RGBA(0.969, 0.619, 0.143, 0.000);-500000,00;1;0,00;RGBA(0.862, 0.583, 0.749, 0.000);Rejected_BelowThreshold
13:15:21;2901;RGBA(0.969, 0.619, 0.143, 0.000);-500000,00;1;0,00;RGBA(0.862, 0.583, 0.749, 0.000);Rejected_BelowThreshold
13:15:21;2902;RGBA(0.969, 0.619, 0.143, 0.000);-500000,00;1;0,00;RGBA(0.862, 0.583, 0.749, 0.000);Rejected_BelowThreshold
13:15:21;2903;RGBA(0.969, 0.619, 0.143, 0.000);-500000,00;1;0,00;RGBA(0.862, 0.583, 0.749, 0.000);Rejected_BelowThreshold
13:15:21;2904;RGBA(0.969, 0.619, 0.143, 0.000);-500000,00;1;0,00;RGBA(0.862, 0.583, 0.749, 0.000);Rejected_BelowThreshold
13:15:21;2905;RGBA(0.969, 0.619, 0.143, 0.000);-500000,00;1;0,00;RGBA(0.862, 0.583, 0.749, 0.000);Rejected_BelowThreshold
13:15:21;2906;RGBA(0.969, 0.619, 0.143, 0.000);-500000,00;1;0,00;RGBA(0.862, 0.583, 0.749, 0.000);Rejected_BelowThreshold
13:15:21;2907;RGBA(0.969, 0.619, 0.143, 0.000);-500000,00;1;0,00;RGBA(0.862, 0.583, 0.749, 0.000);Rejected_BelowThreshold
13:15:21;2908;RGBA(0.969, 0.619, 0.143, 0.000);-500000,00;1;0,00;RGBA(0.862, 0.583, 0.749, 0.000);Rejected_BelowThreshold
13:15:21;2909;RGBA(0.969, 0.619, 0.143, 0.000);-500000,00;1;0,00;RGBA(0.862, 0.583, 0.749, 0.000);Rejected_BelowThreshold
13:15:21;2910;RGBA(0.969, 0.619, 0.143, 0.000);-500000,00;1;0,00;RGBA(0.862, 0.583, 0.749, 0.000);Rejected_BelowThreshold
13:15:21;2911;RGBA(0.969, 0.619, 0.143, 0.000);-500000,00;1;0,00;RGBA(0.862, 0.583, 0.749, 0.000);Rejected_BelowThreshold
13:15:21;2912;RGBA(0.969, 0.619, 0.143, 0.000);-500000,00;1;0,00;RGBA(0.862, 0.583, 0.749, 0.000);Rejected_BelowThreshold
13:15:21;2913;RGBA(0.969, 0.619, 0.143, 0.000);-500000,00;1;0,00;RGBA(0.862, 0.583, 0.749, 0.000);Rejected_BelowThreshold
13:15:21;2914;RGBA(0.969, 0.619, 0.143, 0.000);-500000,00;1;0,00;RGBA(0.862, 0.583, 0.749, 0.000);Rejected_BelowThreshold
13:15:21;2915;RGBA(0.969, 0.619, 0.143, 0.000);-500000,00;1;0,00;RGBA(0.862, 0.583, 0.749, 0.000);Rejected_BelowThreshold
13:15:21;2916;RGBA(0.969, 0.619, 0.143, 0.000);-500000,00;1;0,00;RGBA(0.862, 0.583, 0.749, 0.000);Rejected_BelowThreshold
13:15:21;2917;RGBA(0.969, 0.619, 0.143, 0.000);-500000,00;1;0,00;RGBA(0.862, 0.583, 0.749, 0.000);Rejected_BelowThreshold
13:15:21;2918;RGBA(0.969, 0.619, 0.143, 0.000);-500000,00;1;0,00;RGBA(0.862, 0.583, 0.749, 0.000);Rejected_BelowThreshold
13:15:21;2919;RGBA(0.969, 0.619, 0.143, 0.000);-500000,00;1;0,00;RGBA(0.862, 0.583, 0.749, 0.000);Rejected_BelowThreshold
13:15:21;2920;RGBA(0.969, 0.619, 0.143, 0.000);-500000,00;1;0,00;RGBA(0.862, 0.583, 0.749, 0.000);Rejected_BelowThreshold
13:15:21;2921;RGBA(0.969, 0.619, 0.143, 0.000);-500000,00;1;0,00;RGBA(0.862, 0.583, 0.749, 0.000);Rejected_BelowThreshold
13:15:21;2922;RGBA(0.969, 0.619, 0.143, 0.000);-500000,00;1;0,00;RGBA(0.862, 0.583, 0.749, 0.000);Rejected_BelowThreshold
13:15:21;2923;RGBA(0.969, 0.619, 0.143, 0.000);-500000,00;1;0,00;RGBA(0.862, 0.583, 0.749, 0.000);Rejected_BelowThreshold
13:15:21;2924;RGBA(0.969, 0.619, 0.143, 0.000);-500000,00;1;0,00;RGBA(0.862, 0.583, 0.749, 0.000);Rejected_BelowThreshold
13:15:21;2925;RGBA(0.969, 0.619, 0.143, 0.000);-500000,00;1;0,00;RGBA(0.862, 0.583, 0.749, 0.000);Rejected_BelowThreshold
13:15:21;2926;RGBA(0.969, 0.619, 0.143, 0.000);-500000,00;1;0,00;RGBA(0.862, 0.583, 0.749, 0.000);Rejected_BelowThreshold
13:15:21;2927;RGBA(0.969, 0.619, 0.143, 0.000);-500000,00;1;0,00;RGBA(0.862, 0.583, 0.749, 0.000);Rejected_BelowThreshold
13:15:21;2928;RGBA(0.969, 0.619, 0.143, 0.000);-500000,00;1;0,00;RGBA(0.862, 0.583, 0.749, 0.000);Rejected_BelowThreshold
13:15:21;2929;RGBA(0.969, 0.619, 0.143, 0.000);-500000,00;1;0,00;RGBA(0.862, 0.583, 0.749, 0.000);Rejected_BelowThreshold
13:15:21;2930;RGBA(0.969, 0.619, 0.143, 0.000);-500000,00;1;0,00;RGBA(0.862, 0.583, 0.749, 0.000);Rejected_BelowThreshold
13:15:21;2931;RGBA(0.969, 0.619, 0.143, 0.000);-500000,00;1;0,00;RGBA(0.862, 0.583, 0.749, 0.000);Rejected_BelowThreshold
13:15:21;2932;RGBA(0.969, 0.619, 0.143, 0.000);-500000,00;1;0,00;RGBA(0.862, 0.583, 0.749, 0.000);Rejected_BelowThreshold
13:15:21;2933;RGBA(0.969, 0.619, 0.143, 0.000);-500000,00;1;0,00;RGBA(0.862, 0.583, 0.749, 0.000);Rejected_BelowThreshold
13:15:21;2934;RGBA(0.969, 0.619, 0.143, 0.000);-500000,00;1;0,00;RGBA(0.862, 0.583, 0.749, 0.000);Rejected_BelowThreshold
13:15:21;2935;RGBA(0.969, 0.619, 0.143, 0.000);-500000,00;1;0,00;RGBA(0.862, 0.583, 0.749, 0.000);Rejected_BelowThreshold
13:15:21;2936;RGBA(0.969, 0.619, 0.143, 0.000);-500000,00;1;0,00;RGBA(0.862, 0.583, 0.749, 0.000);Rejected_BelowThreshold
13:15:21;2937;RGBA(0.969, 0.619, 0.143, 0.000);-500000,00;1;0,00;RGBA(0.862, 0.583, 0.749, 0.000);Rejected_BelowThreshold
13:15:21;2938;RGBA(0.969, 0.619, 0.143, 0.000);-500000,00;1;0,00;RGBA(0.862, 0.583, 0.749, 0.000);Rejected_BelowThreshold
13:15:21;2939;RGBA(0.969, 0.619, 0.143, 0.000);-500000,00;1;0,00;RGBA(0.862, 0.583, 0.749, 0.000);Rejected_BelowThreshold
13:15:21;2940;RGBA(0.969, 0.619, 0.143, 0.000);-500000,00;1;0,00;RGBA(0.862, 0.583, 0.749, 0.000);Rejected_BelowThreshold
13:15:21;2941;RGBA(0.969, 0.619, 0.143, 0.000);-500000,00;1;0,00;RGBA(0.862, 0.583, 0.749, 0.000);Rejected_BelowThreshold
13:15:21;2942;RGBA(0.969, 0.619, 0.143, 0.000);-500000,00;1;0,00;RGBA(0.862, 0.583, 0.749, 0.000);Rejected_BelowThreshold
13:15:21;2943;RGBA(0.969, 0.619, 0.143, 0.000);-500000,00;1;0,00;RGBA(0.862, 0.583, 0.749, 0.000);Rejected_BelowThreshold
13:15:21;2944;RGBA(0.969, 0.619, 0.143, 0.000);-500000,00;1;0,00;RGBA(0.862, 0.583, 0.749, 0.000);Rejected_BelowThreshold
13:15:21;2945;RGBA(0.969, 0.619, 0.143, 0.000);-500000,00;1;0,00;RGBA(0.862, 0.583, 0.749, 0.000);Rejected_BelowThreshold
13:15:21;2946;RGBA(0.969, 0.619, 0.143, 0.000);-500000,00;1;0,00;RGBA(0.862, 0.583, 0.749, 0.000);Rejected_BelowThreshold
13:15:21;2947;RGBA(0.969, 0.619, 0.143, 0.000);-500000,00;1;0,00;RGBA(0.862, 0.583, 0.749, 0.000);Rejected_BelowThreshold
13:15:21;2948;RGBA(0.969, 0.619, 0.143, 0.000);-500000,00;1;0,00;RGBA(0.862, 0.583, 0.749, 0.000);Rejected_BelowThreshold
13:15:21;2949;RGBA(0.969, 0.619, 0.143, 0.000);-500000,00;1;0,00;RGBA(0.862, 0.583, 0.749, 0.000);Rejected_BelowThreshold
13:15:21;2950;RGBA(0.969, 0.619, 0.143, 0.000);-500000,00;1;0,00;RGBA(0.862, 0.583, 0.749, 0.000);Rejected_BelowThreshold
13:15:21;2951;RGBA(0.969, 0.619, 0.143, 0.000);-500000,00;1;0,00;RGBA(0.862, 0.583, 0.749, 0.000);Rejected_BelowThreshold
13:15:21;2952;RGBA(0.969, 0.619, 0.143, 0.000);-500000,00;1;0,00;RGBA(0.862, 0.583, 0.749, 0.000);Rejected_BelowThreshold
13:15:21;2953;RGBA(0.969, 0.619, 0.143, 0.000);-500000,00;1;0,00;RGBA(0.862, 0.583, 0.749, 0.000);Rejected_BelowThreshold
13:15:21;2954;RGBA(0.969, 0.619, 0.143, 0.000);-500000,00;1;0,00;RGBA(0.862, 0.583, 0.749, 0.000);Rejected_BelowThreshold
13:15:21;2955;RGBA(0.969, 0.619, 0.143, 0.000);-500000,00;1;0,00;RGBA(0.862, 0.583, 0.749, 0.000);Rejected_BelowThreshold
13:15:21;2956;RGBA(0.969, 0.619, 0.143, 0.000);-500000,00;1;0,00;RGBA(0.862, 0.583, 0.749, 0.000);Rejected_BelowThreshold
13:15:21;2957;RGBA(0.969, 0.619, 0.143, 0.000);-500000,00;1;0,00;RGBA(0.862, 0.583, 0.749, 0.000);Rejected_BelowThreshold
13:15:21;2958;RGBA(0.969, 0.619, 0.143, 0.000);-500000,00;1;0,00;RGBA(0.862, 0.583, 0.749, 0.000);Rejected_BelowThreshold
13:15:21;2959;RGBA(0.969, 0.619, 0.143, 0.000);-500000,00;1;0,00;RGBA(0.862, 0.583, 0.749, 0.000);Rejected_BelowThreshold
13:15:21;2960;RGBA(0.969, 0.619, 0.143, 0.000);-500000,00;1;0,00;RGBA(0.862, 0.583, 0.749, 0.000);Rejected_BelowThreshold
13:15:21;2961;RGBA(0.969, 0.619, 0.143, 0.000);-500000,00;1;0,00;RGBA(0.862, 0.583, 0.749, 0.000);Rejected_BelowThreshold
13:15:21;2962;RGBA(0.969, 0.619, 0.143, 0.000);-500000,00;1;0,00;RGBA(0.862, 0.583, 0.749, 0.000);Rejected_BelowThreshold
13:15:21;2963;RGBA(0.969, 0.619, 0.143, 0.000);-500000,00;1;0,00;RGBA(0.862, 0.583, 0.749, 0.000);Rejected_BelowThreshold
13:15:21;2964;RGBA(0.969, 0.619, 0.143, 0.000);-500000,00;1;0,00;RGBA(0.862, 0.583, 0.749, 0.000);Rejected_BelowThreshold
13:15:21;2965;RGBA(0.969, 0.619, 0.143, 0.000);-500000,00;1;0,00;RGBA(0.862, 0.583, 0.749, 0.000);Rejected_BelowThreshold
13:15:21;2966;RGBA(0.969, 0.619, 0.143, 0.000);-500000,00;1;0,00;RGBA(0.862, 0.583, 0.749, 0.000);Rejected_BelowThreshold
13:15:21;2967;RGBA(0.969, 0.619, 0.143, 0.000);-500000,00;1;0,00;RGBA(0.862, 0.583, 0.749, 0.000);Rejected_BelowThreshold
13:15:21;2968;RGBA(0.969, 0.619, 0.143, 0.000);-500000,00;1;0,00;RGBA(0.862, 0.583, 0.749, 0.000);Rejected_BelowThreshold
13:15:21;2969;RGBA(0.969, 0.619, 0.143, 0.000);-500000,00;1;0,00;RGBA(0.862, 0.583, 0.749, 0.000);Rejected_BelowThreshold
13:15:21;2970;RGBA(0.969, 0.619, 0.143, 0.000);-500000,00;1;0,00;RGBA(0.862, 0.583, 0.749, 0.000);Rejected_BelowThreshold
13:15:21;2971;RGBA(0.969, 0.619, 0.143, 0.000);-500000,00;1;0,00;RGBA(0.862, 0.583, 0.749, 0.000);Rejected_BelowThreshold
13:15:21;2972;RGBA(0.969, 0.619, 0.143, 0.000);-500000,00;1;0,00;RGBA(0.862, 0.583, 0.749, 0.000);Rejected_BelowThreshold
13:15:21;2973;RGBA(0.969, 0.619, 0.143, 0.000);-500000,00;1;0,00;RGBA(0.862, 0.583, 0.749, 0.000);Rejected_BelowThreshold
13:15:21;2974;RGBA(0.969, 0.619, 0.143, 0.000);-500000,00;1;0,00;RGBA(0.862, 0.583, 0.749, 0.000);Rejected_BelowThreshold
13:15:22;2975;RGBA(0.969, 0.619, 0.143, 0.000);-500000,00;1;0,00;RGBA(0.862, 0.583, 0.749, 0.000);Rejected_BelowThreshold
13:15:22;2976;RGBA(0.969, 0.619, 0.143, 0.000);-500000,00;1;0,00;RGBA(0.862, 0.583, 0.749, 0.000);Rejected_BelowThreshold
13:15:22;2977;RGBA(0.969, 0.619, 0.143, 0.000);-500000,00;1;0,00;RGBA(0.862, 0.583, 0.749, 0.000);Rejected_BelowThreshold
13:15:22;2978;RGBA(0.969, 0.619, 0.143, 0.000);-500000,00;1;0,00;RGBA(0.862, 0.583, 0.749, 0.000);Rejected_BelowThreshold
13:15:22;2979;RGBA(0.969, 0.619, 0.143, 0.000);-500000,00;1;0,00;RGBA(0.862, 0.583, 0.749, 0.000);Rejected_BelowThreshold
13:15:22;2980;RGBA(0.969, 0.619, 0.143, 0.000);-500000,00;1;0,00;RGBA(0.862, 0.583, 0.749, 0.000);Rejected_BelowThreshold
13:15:22;2981;RGBA(0.969, 0.619, 0.143, 0.000);-500000,00;1;0,00;RGBA(0.862, 0.583, 0.749, 0.000);Rejected_BelowThreshold
13:15:22;2982;RGBA(0.969, 0.619, 0.143, 0.000);-500000,00;1;0,00;RGBA(0.862, 0.583, 0.749, 0.000);Rejected_BelowThreshold
13:15:22;2983;RGBA(0.969, 0.619, 0.143, 0.000);-500000,00;1;0,00;RGBA(0.862, 0.583, 0.749, 0.000);Rejected_BelowThreshold
13:15:22;2984;RGBA(0.969, 0.619, 0.143, 0.000);-500000,00;1;0,00;RGBA(0.862, 0.583, 0.749, 0.000);Rejected_BelowThreshold
13:15:22;2985;RGBA(0.969, 0.619, 0.143, 0.000);-500000,00;1;0,00;RGBA(0.862, 0.583, 0.749, 0.000);Rejected_BelowThreshold
13:15:22;2986;RGBA(0.969, 0.619, 0.143, 0.000);-500000,00;1;0,00;RGBA(0.862, 0.583, 0.749, 0.000);Rejected_BelowThreshold
13:15:22;2987;RGBA(0.969, 0.619, 0.143, 0.000);-500000,00;1;0,00;RGBA(0.862, 0.583, 0.749, 0.000);Rejected_BelowThreshold
13:15:22;2988;RGBA(0.969, 0.619, 0.143, 0.000);-500000,00;1;0,00;RGBA(0.862, 0.583, 0.749, 0.000);Rejected_BelowThreshold
13:15:22;2989;RGBA(0.969, 0.619, 0.143, 0.000);-500000,00;1;0,00;RGBA(0.862, 0.583, 0.749, 0.000);Rejected_BelowThreshold
13:15:22;2990;RGBA(0.969, 0.619, 0.143, 0.000);-500000,00;1;0,00;RGBA(0.862, 0.583, 0.749, 0.000);Rejected_BelowThreshold
13:15:22;2991;RGBA(0.969, 0.619, 0.143, 0.000);-500000,00;1;0,00;RGBA(0.862, 0.583, 0.749, 0.000);Rejected_BelowThreshold
13:15:22;2992;RGBA(0.969, 0.619, 0.143, 0.000);-500000,00;1;0,00;RGBA(0.862, 0.583, 0.749, 0.000);Rejected_BelowThreshold
13:15:22;2993;RGBA(0.969, 0.619, 0.143, 0.000);-500000,00;1;0,00;RGBA(0.862, 0.583, 0.749, 0.000);Rejected_BelowThreshold
13:15:22;2994;RGBA(0.969, 0.619, 0.143, 0.000);-500000,00;1;0,00;RGBA(0.862, 0.583, 0.749, 0.000);Rejected_BelowThreshold
13:15:22;2995;RGBA(0.969, 0.619, 0.143, 0.000);-500000,00;1;0,00;RGBA(0.862, 0.583, 0.749, 0.000);Rejected_BelowThreshold
13:15:22;2996;RGBA(0.969, 0.619, 0.143, 0.000);-500000,00;1;0,00;RGBA(0.862, 0.583, 0.749, 0.000);Rejected_BelowThreshold
13:15:22;2997;RGBA(0.969, 0.619, 0.143, 0.000);-500000,00;1;0,00;RGBA(0.862, 0.583, 0.749, 0.000);Rejected_BelowThreshold
13:15:22;2998;RGBA(0.969, 0.619, 0.143, 0.000);-500000,00;1;0,00;RGBA(0.862, 0.583, 0.749, 0.000);Rejected_BelowThreshold
13:15:22;2999;RGBA(0.969, 0.619, 0.143, 0.000);-500000,00;1;0,00;RGBA(0.862, 0.583, 0.749, 0.000);Rejected_BelowThreshold
13:15:22;3000;RGBA(0.969, 0.619, 0.143, 0.000);-500000,00;1;0,00;RGBA(0.862, 0.583, 0.749, 0.000);Rejected_BelowThreshold
13:15:22;3001;RGBA(0.969, 0.619, 0.143, 0.000);-500000,00;1;0,00;RGBA(0.862, 0.583, 0.749, 0.000);Rejected_BelowThreshold
13:15:22;3002;RGBA(0.969, 0.619, 0.143, 0.000);-500000,00;1;0,00;RGBA(0.862, 0.583, 0.749, 0.000);Rejected_BelowThreshold
13:15:22;3003;RGBA(0.969, 0.619, 0.143, 0.000);-500000,00;1;0,00;RGBA(0.862, 0.583, 0.749, 0.000);Rejected_BelowThreshold
13:15:22;3004;RGBA(0.969, 0.619, 0.143, 0.000);-500000,00;1;0,00;RGBA(0.862, 0.583, 0.749, 0.000);Rejected_BelowThreshold
13:15:22;3005;RGBA(0.969, 0.619, 0.143, 0.000);-500000,00;1;0,00;RGBA(0.862, 0.583, 0.749, 0.000);Rejected_BelowThreshold
13:15:22;3006;RGBA(0.969, 0.619, 0.143, 0.000);-500000,00;1;0,00;RGBA(0.862, 0.583, 0.749, 0.000);Rejected_BelowThreshold
13:15:22;3007;RGBA(0.969, 0.619, 0.143, 0.000);-500000,00;1;0,00;RGBA(0.862, 0.583, 0.749, 0.000);Rejected_BelowThreshold
13:15:22;3008;RGBA(0.969, 0.619, 0.143, 0.000);-500000,00;1;0,00;RGBA(0.862, 0.583, 0.749, 0.000);Rejected_BelowThreshold
13:15:22;3009;RGBA(0.969, 0.619, 0.143, 0.000);-500000,00;1;0,00;RGBA(0.862, 0.583, 0.749, 0.000);Rejected_BelowThreshold
13:15:22;3010;RGBA(0.969, 0.619, 0.143, 0.000);-500000,00;1;0,00;RGBA(0.862, 0.583, 0.749, 0.000);Rejected_BelowThreshold
13:15:22;3011;RGBA(0.969, 0.619, 0.143, 0.000);-500000,00;1;0,00;RGBA(0.862, 0.583, 0.749, 0.000);Rejected_BelowThreshold
13:15:22;3012;RGBA(0.969, 0.619, 0.143, 0.000);-500000,00;1;0,00;RGBA(0.862, 0.583, 0.749, 0.000);Rejected_BelowThreshold
13:15:22;3013;RGBA(0.969, 0.619, 0.143, 0.000);-500000,00;1;0,00;RGBA(0.862, 0.583, 0.749, 0.000);Rejected_BelowThreshold
13:15:22;3014;RGBA(0.969, 0.619, 0.143, 0.000);-500000,00;1;0,00;RGBA(0.862, 0.583, 0.749, 0.000);Rejected_BelowThreshold
13:15:22;3015;RGBA(0.969, 0.619, 0.143, 0.000);-500000,00;1;0,00;RGBA(0.862, 0.583, 0.749, 0.000);Rejected_BelowThreshold
13:15:22;3016;RGBA(0.969, 0.619, 0.143, 0.000);-500000,00;1;0,00;RGBA(0.862, 0.583, 0.749, 0.000);Rejected_BelowThreshold
13:15:22;3017;RGBA(0.969, 0.619, 0.143, 0.000);-500000,00;1;0,00;RGBA(0.862, 0.583, 0.749, 0.000);Rejected_BelowThreshold
13:15:22;3018;RGBA(0.969, 0.619, 0.143, 0.000);-500000,00;1;0,00;RGBA(0.862, 0.583, 0.749, 0.000);Rejected_BelowThreshold
13:15:22;3019;RGBA(0.969, 0.619, 0.143, 0.000);-500000,00;1;0,00;RGBA(0.862, 0.583, 0.749, 0.000);Rejected_BelowThreshold
13:15:22;3020;RGBA(0.969, 0.619, 0.143, 0.000);-500000,00;1;0,00;RGBA(0.862, 0.583, 0.749, 0.000);Rejected_BelowThreshold
13:15:22;3021;RGBA(0.969, 0.619, 0.143, 0.000);-500000,00;1;0,00;RGBA(0.862, 0.583, 0.749, 0.000);Rejected_BelowThreshold
13:15:22;3022;RGBA(0.969, 0.619, 0.143, 0.000);-500000,00;1;0,00;RGBA(0.862, 0.583, 0.749, 0.000);Rejected_BelowThreshold
13:15:22;3023;RGBA(0.969, 0.619, 0.143, 0.000);-500000,00;1;0,00;RGBA(0.862, 0.583, 0.749, 0.000);Rejected_BelowThreshold
13:15:22;3024;RGBA(0.969, 0.619, 0.143, 0.000);-500000,00;1;0,00;RGBA(0.862, 0.583, 0.749, 0.000);Rejected_BelowThreshold
13:15:22;3025;RGBA(0.969, 0.619, 0.143, 0.000);-500000,00;1;0,00;RGBA(0.862, 0.583, 0.749, 0.000);Rejected_BelowThreshold
13:15:22;3026;RGBA(0.969, 0.619, 0.143, 0.000);-500000,00;1;0,00;RGBA(0.862, 0.583, 0.749, 0.000);Rejected_BelowThreshold
13:15:22;3027;RGBA(0.969, 0.619, 0.143, 0.000);-500000,00;1;0,00;RGBA(0.862, 0.583, 0.749, 0.000);Rejected_BelowThreshold
13:15:22;3028;RGBA(0.969, 0.619, 0.143, 0.000);-500000,00;1;0,00;RGBA(0.862, 0.583, 0.749, 0.000);Rejected_BelowThreshold
13:15:22;3029;RGBA(0.969, 0.619, 0.143, 0.000);-500000,00;1;0,00;RGBA(0.862, 0.583, 0.749, 0.000);Rejected_BelowThreshold
13:15:22;3030;RGBA(0.969, 0.619, 0.143, 0.000);-500000,00;1;0,00;RGBA(0.862, 0.583, 0.749, 0.000);Rejected_BelowThreshold
13:15:22;3031;RGBA(0.969, 0.619, 0.143, 0.000);-500000,00;1;0,00;RGBA(0.862, 0.583, 0.749, 0.000);Rejected_BelowThreshold
13:15:22;3032;RGBA(0.969, 0.619, 0.143, 0.000);-500000,00;1;0,00;RGBA(0.862, 0.583, 0.749, 0.000);Rejected_BelowThreshold
13:15:22;3033;RGBA(0.969, 0.619, 0.143, 0.000);-500000,00;1;0,00;RGBA(0.862, 0.583, 0.749, 0.000);Rejected_BelowThreshold
13:15:22;3034;RGBA(0.969, 0.619, 0.143, 0.000);-500000,00;1;0,00;RGBA(0.862, 0.583, 0.749, 0.000);Rejected_BelowThreshold
13:15:22;3035;RGBA(0.969, 0.619, 0.143, 0.000);-500000,00;1;0,00;RGBA(0.862, 0.583, 0.749, 0.000);Rejected_BelowThreshold
13:15:22;3036;RGBA(0.969, 0.619, 0.143, 0.000);-500000,00;1;0,00;RGBA(0.862, 0.583, 0.749, 0.000);Rejected_BelowThreshold
13:15:22;3037;RGBA(0.969, 0.619, 0.143, 0.000);-500000,00;1;0,00;RGBA(0.862, 0.583, 0.749, 0.000);Rejected_BelowThreshold
13:15:22;3038;RGBA(0.969, 0.619, 0.143, 0.000);-500000,00;1;0,00;RGBA(0.862, 0.583, 0.749, 0.000);Rejected_BelowThreshold
13:15:22;3039;RGBA(0.969, 0.619, 0.143, 0.000);-500000,00;1;0,00;RGBA(0.862, 0.583, 0.749, 0.000);Rejected_BelowThreshold
13:15:22;3040;RGBA(0.969, 0.619, 0.143, 0.000);-500000,00;1;0,00;RGBA(0.862, 0.583, 0.749, 0.000);Rejected_BelowThreshold
13:15:22;3041;RGBA(0.969, 0.619, 0.143, 0.000);-500000,00;1;0,00;RGBA(0.862, 0.583, 0.749, 0.000);Rejected_BelowThreshold
13:15:22;3042;RGBA(0.969, 0.619, 0.143, 0.000);-500000,00;1;0,00;RGBA(0.862, 0.583, 0.749, 0.000);Rejected_BelowThreshold
13:15:22;3043;RGBA(0.969, 0.619, 0.143, 0.000);-500000,00;1;0,00;RGBA(0.862, 0.583, 0.749, 0.000);Rejected_BelowThreshold
13:15:22;3044;RGBA(0.969, 0.619, 0.143, 0.000);-500000,00;1;0,00;RGBA(0.862, 0.583, 0.749, 0.000);Rejected_BelowThreshold
13:15:22;3045;RGBA(0.969, 0.619, 0.143, 0.000);-500000,00;1;0,00;RGBA(0.862, 0.583, 0.749, 0.000);Rejected_BelowThreshold
13:15:22;3046;RGBA(0.969, 0.619, 0.143, 0.000);-500000,00;1;0,00;RGBA(0.862, 0.583, 0.749, 0.000);Rejected_BelowThreshold
13:15:22;3047;RGBA(0.969, 0.619, 0.143, 0.000);-500000,00;1;0,00;RGBA(0.862, 0.583, 0.749, 0.000);Rejected_BelowThreshold
13:15:22;3048;RGBA(0.969, 0.619, 0.143, 0.000);-500000,00;1;0,00;RGBA(0.862, 0.583, 0.749, 0.000);Rejected_BelowThreshold
13:15:22;3049;RGBA(0.969, 0.619, 0.143, 0.000);-500000,00;1;0,00;RGBA(0.862, 0.583, 0.749, 0.000);Rejected_BelowThreshold
13:15:22;3050;RGBA(0.969, 0.619, 0.143, 0.000);-500000,00;1;0,00;RGBA(0.862, 0.583, 0.749, 0.000);Rejected_BelowThreshold
13:15:22;3051;RGBA(0.969, 0.619, 0.143, 0.000);-500000,00;1;0,00;RGBA(0.862, 0.583, 0.749, 0.000);Rejected_BelowThreshold
13:15:22;3052;RGBA(0.969, 0.619, 0.143, 0.000);-500000,00;1;0,00;RGBA(0.862, 0.583, 0.749, 0.000);Rejected_BelowThreshold
13:15:22;3053;RGBA(0.969, 0.619, 0.143, 0.000);-500000,00;1;0,00;RGBA(0.862, 0.583, 0.749, 0.000);Rejected_BelowThreshold
13:15:23;3054;RGBA(0.969, 0.619, 0.143, 0.000);-500000,00;1;0,00;RGBA(0.862, 0.583, 0.749, 0.000);Rejected_BelowThreshold
13:15:23;3055;RGBA(0.969, 0.619, 0.143, 0.000);-500000,00;1;0,00;RGBA(0.862, 0.583, 0.749, 0.000);Rejected_BelowThreshold
13:15:23;3056;RGBA(0.969, 0.619, 0.143, 0.000);-500000,00;1;0,00;RGBA(0.862, 0.583, 0.749, 0.000);Rejected_BelowThreshold
13:15:23;3057;RGBA(0.969, 0.619, 0.143, 0.000);-500000,00;1;0,00;RGBA(0.862, 0.583, 0.749, 0.000);Rejected_BelowThreshold
13:15:23;3058;RGBA(0.969, 0.619, 0.143, 0.000);-500000,00;1;0,00;RGBA(0.862, 0.583, 0.749, 0.000);Rejected_BelowThreshold
13:15:23;3059;RGBA(0.969, 0.619, 0.143, 0.000);-500000,00;1;0,00;RGBA(0.862, 0.583, 0.749, 0.000);Rejected_BelowThreshold
13:15:23;3060;RGBA(0.969, 0.619, 0.143, 0.000);-500000,00;1;0,00;RGBA(0.862, 0.583, 0.749, 0.000);Rejected_BelowThreshold
13:15:23;3061;RGBA(0.969, 0.619, 0.143, 0.000);-500000,00;1;0,00;RGBA(0.862, 0.583, 0.749, 0.000);Rejected_BelowThreshold
13:15:23;3062;RGBA(0.969, 0.619, 0.143, 0.000);-500000,00;1;0,00;RGBA(0.862, 0.583, 0.749, 0.000);Rejected_BelowThreshold
13:15:23;3063;RGBA(0.969, 0.619, 0.143, 0.000);-500000,00;1;0,00;RGBA(0.862, 0.583, 0.749, 0.000);Rejected_BelowThreshold
13:15:23;3064;RGBA(0.969, 0.619, 0.143, 0.000);-500000,00;1;0,00;RGBA(0.862, 0.583, 0.749, 0.000);Rejected_BelowThreshold
13:15:23;3065;RGBA(0.969, 0.619, 0.143, 0.000);-500000,00;1;0,00;RGBA(0.862, 0.583, 0.749, 0.000);Rejected_BelowThreshold
13:15:23;3066;RGBA(0.969, 0.619, 0.143, 0.000);-500000,00;1;0,00;RGBA(0.862, 0.583, 0.749, 0.000);Rejected_BelowThreshold
13:15:23;3067;RGBA(0.969, 0.619, 0.143, 0.000);-500000,00;1;0,00;RGBA(0.862, 0.583, 0.749, 0.000);Rejected_BelowThreshold
13:15:23;3068;RGBA(0.969, 0.619, 0.143, 0.000);-500000,00;1;0,00;RGBA(0.862, 0.583, 0.749, 0.000);Rejected_BelowThreshold
13:15:23;3069;RGBA(0.969, 0.619, 0.143, 0.000);-500000,00;1;0,00;RGBA(0.862, 0.583, 0.749, 0.000);Rejected_BelowThreshold
13:15:23;3070;RGBA(0.969, 0.619, 0.143, 0.000);-500000,00;1;0,00;RGBA(0.862, 0.583, 0.749, 0.000);Rejected_BelowThreshold
13:15:23;3071;RGBA(0.969, 0.619, 0.143, 0.000);-500000,00;1;0,00;RGBA(0.862, 0.583, 0.749, 0.000);Rejected_BelowThreshold
13:15:23;3072;RGBA(0.969, 0.619, 0.143, 0.000);-500000,00;1;0,00;RGBA(0.862, 0.583, 0.749, 0.000);Rejected_BelowThreshold
13:15:23;3073;RGBA(0.969, 0.619, 0.143, 0.000);-500000,00;1;0,00;RGBA(0.862, 0.583, 0.749, 0.000);Rejected_BelowThreshold
13:15:23;3074;RGBA(0.969, 0.619, 0.143, 0.000);-500000,00;1;0,00;RGBA(0.862, 0.583, 0.749, 0.000);Rejected_BelowThreshold
13:15:23;3075;RGBA(0.969, 0.619, 0.143, 0.000);-500000,00;1;0,00;RGBA(0.862, 0.583, 0.749, 0.000);Rejected_BelowThreshold
13:15:23;3076;RGBA(0.969, 0.619, 0.143, 0.000);-500000,00;1;0,00;RGBA(0.862, 0.583, 0.749, 0.000);Rejected_BelowThreshold
13:15:23;3077;RGBA(0.969, 0.619, 0.143, 0.000);-500000,00;1;0,00;RGBA(0.862, 0.583, 0.749, 0.000);Rejected_BelowThreshold
13:15:23;3078;RGBA(0.969, 0.619, 0.143, 0.000);-500000,00;1;0,00;RGBA(0.862, 0.583, 0.749, 0.000);Rejected_BelowThreshold
13:15:23;3079;RGBA(0.969, 0.619, 0.143, 0.000);-500000,00;1;0,00;RGBA(0.862, 0.583, 0.749, 0.000);Rejected_BelowThreshold
13:15:23;3080;RGBA(0.969, 0.619, 0.143, 0.000);-500000,00;1;0,00;RGBA(0.862, 0.583, 0.749, 0.000);Rejected_BelowThreshold
13:15:23;3081;RGBA(0.969, 0.619, 0.143, 0.000);-500000,00;1;0,00;RGBA(0.862, 0.583, 0.749, 0.000);Rejected_BelowThreshold
13:15:23;3082;RGBA(0.969, 0.619, 0.143, 0.000);-500000,00;1;0,00;RGBA(0.862, 0.583, 0.749, 0.000);Rejected_BelowThreshold
13:15:23;3083;RGBA(0.969, 0.619, 0.143, 0.000);-500000,00;1;0,00;RGBA(0.862, 0.583, 0.749, 0.000);Rejected_BelowThreshold
13:15:23;3084;RGBA(0.969, 0.619, 0.143, 0.000);-500000,00;1;0,00;RGBA(0.862, 0.583, 0.749, 0.000);Rejected_BelowThreshold
13:15:23;3085;RGBA(0.969, 0.619, 0.143, 0.000);-500000,00;1;0,00;RGBA(0.862, 0.583, 0.749, 0.000);Rejected_BelowThreshold
13:15:23;3086;RGBA(0.969, 0.619, 0.143, 0.000);-500000,00;1;0,00;RGBA(0.862, 0.583, 0.749, 0.000);Rejected_BelowThreshold
13:15:23;3087;RGBA(0.969, 0.619, 0.143, 0.000);-500000,00;1;0,00;RGBA(0.862, 0.583, 0.749, 0.000);Rejected_BelowThreshold
13:15:23;3088;RGBA(0.969, 0.619, 0.143, 0.000);-500000,00;1;0,00;RGBA(0.862, 0.583, 0.749, 0.000);Rejected_BelowThreshold
13:15:23;3089;RGBA(0.969, 0.619, 0.143, 0.000);-500000,00;1;0,00;RGBA(0.862, 0.583, 0.749, 0.000);Rejected_BelowThreshold
13:15:23;3090;RGBA(0.969, 0.619, 0.143, 0.000);-500000,00;1;0,00;RGBA(0.862, 0.583, 0.749, 0.000);Rejected_BelowThreshold
13:15:23;3091;RGBA(0.969, 0.619, 0.143, 0.000);-500000,00;1;0,00;RGBA(0.862, 0.583, 0.749, 0.000);Rejected_BelowThreshold
13:15:23;3092;RGBA(0.969, 0.619, 0.143, 0.000);-500000,00;1;0,00;RGBA(0.862, 0.583, 0.749, 0.000);Rejected_BelowThreshold
13:15:23;3093;RGBA(0.969, 0.619, 0.143, 0.000);-500000,00;1;0,00;RGBA(0.862, 0.583, 0.749, 0.000);Rejected_BelowThreshold
13:15:23;3094;RGBA(0.969, 0.619, 0.143, 0.000);-500000,00;1;0,00;RGBA(0.862, 0.583, 0.749, 0.000);Rejected_BelowThreshold
13:15:23;3095;RGBA(0.969, 0.619, 0.143, 0.000);-500000,00;1;0,00;RGBA(0.862, 0.583, 0.749, 0.000);Rejected_BelowThreshold
13:15:23;3096;RGBA(0.969, 0.619, 0.143, 0.000);-500000,00;1;0,00;RGBA(0.862, 0.583, 0.749, 0.000);Rejected_BelowThreshold
13:15:23;3097;RGBA(0.969, 0.619, 0.143, 0.000);-500000,00;1;0,00;RGBA(0.862, 0.583, 0.749, 0.000);Rejected_BelowThreshold
13:15:23;3098;RGBA(0.969, 0.619, 0.143, 0.000);-500000,00;1;0,00;RGBA(0.862, 0.583, 0.749, 0.000);Rejected_BelowThreshold
13:15:23;3099;RGBA(0.969, 0.619, 0.143, 0.000);-500000,00;1;0,00;RGBA(0.862, 0.583, 0.749, 0.000);Rejected_BelowThreshold
13:15:23;3100;RGBA(0.969, 0.619, 0.143, 0.000);-500000,00;1;0,00;RGBA(0.862, 0.583, 0.749, 0.000);Rejected_BelowThreshold
13:15:23;3101;RGBA(0.969, 0.619, 0.143, 0.000);-500000,00;1;0,00;RGBA(0.862, 0.583, 0.749, 0.000);Rejected_BelowThreshold
13:15:23;3102;RGBA(0.969, 0.619, 0.143, 0.000);-500000,00;1;0,00;RGBA(0.862, 0.583, 0.749, 0.000);Rejected_BelowThreshold
13:15:23;3103;RGBA(0.969, 0.619, 0.143, 0.000);-500000,00;1;0,00;RGBA(0.862, 0.583, 0.749, 0.000);Rejected_BelowThreshold
13:15:23;3104;RGBA(0.969, 0.619, 0.143, 0.000);-500000,00;1;0,00;RGBA(0.862, 0.583, 0.749, 0.000);Rejected_BelowThreshold
13:15:23;3105;RGBA(0.969, 0.619, 0.143, 0.000);-500000,00;1;0,00;RGBA(0.862, 0.583, 0.749, 0.000);Rejected_BelowThreshold
13:15:23;3106;RGBA(0.969, 0.619, 0.143, 0.000);-500000,00;1;0,00;RGBA(0.862, 0.583, 0.749, 0.000);Rejected_BelowThreshold
13:15:23;3107;RGBA(0.969, 0.619, 0.143, 0.000);-500000,00;1;0,00;RGBA(0.862, 0.583, 0.749, 0.000);Rejected_BelowThreshold
13:15:23;3108;RGBA(0.969, 0.619, 0.143, 0.000);-500000,00;1;0,00;RGBA(0.862, 0.583, 0.749, 0.000);Rejected_BelowThreshold
13:15:23;3109;RGBA(0.969, 0.619, 0.143, 0.000);-500000,00;1;0,00;RGBA(0.862, 0.583, 0.749, 0.000);Rejected_BelowThreshold
13:15:23;3110;RGBA(0.969, 0.619, 0.143, 0.000);-500000,00;1;0,00;RGBA(0.862, 0.583, 0.749, 0.000);Rejected_BelowThreshold
13:15:23;3111;RGBA(0.969, 0.619, 0.143, 0.000);-500000,00;1;0,00;RGBA(0.862, 0.583, 0.749, 0.000);Rejected_BelowThreshold
13:15:23;3112;RGBA(0.969, 0.619, 0.143, 0.000);-500000,00;1;0,00;RGBA(0.862, 0.583, 0.749, 0.000);Rejected_BelowThreshold
13:15:23;3113;RGBA(0.969, 0.619, 0.143, 0.000);-500000,00;1;0,00;RGBA(0.862, 0.583, 0.749, 0.000);Rejected_BelowThreshold
13:15:23;3114;RGBA(0.969, 0.619, 0.143, 0.000);-500000,00;1;0,00;RGBA(0.862, 0.583, 0.749, 0.000);Rejected_BelowThreshold
13:15:23;3115;RGBA(0.969, 0.619, 0.143, 0.000);-500000,00;1;0,00;RGBA(0.862, 0.583, 0.749, 0.000);Rejected_BelowThreshold
13:15:23;3116;RGBA(0.969, 0.619, 0.143, 0.000);-500000,00;1;0,00;RGBA(0.862, 0.583, 0.749, 0.000);Rejected_BelowThreshold
13:15:23;3117;RGBA(0.969, 0.619, 0.143, 0.000);-500000,00;1;0,00;RGBA(0.862, 0.583, 0.749, 0.000);Rejected_BelowThreshold
13:15:23;3118;RGBA(0.969, 0.619, 0.143, 0.000);-500000,00;1;0,00;RGBA(0.862, 0.583, 0.749, 0.000);Rejected_BelowThreshold
13:15:23;3119;RGBA(0.969, 0.619, 0.143, 0.000);-500000,00;1;0,00;RGBA(0.862, 0.583, 0.749, 0.000);Rejected_BelowThreshold
13:15:23;3120;RGBA(0.969, 0.619, 0.143, 0.000);-500000,00;1;0,00;RGBA(0.862, 0.583, 0.749, 0.000);Rejected_BelowThreshold
13:15:23;3121;RGBA(0.969, 0.619, 0.143, 0.000);-500000,00;1;0,00;RGBA(0.862, 0.583, 0.749, 0.000);Rejected_BelowThreshold
13:15:23;3122;RGBA(0.969, 0.619, 0.143, 0.000);-500000,00;1;0,00;RGBA(0.862, 0.583, 0.749, 0.000);Rejected_BelowThreshold
13:15:23;3123;RGBA(0.969, 0.619, 0.143, 0.000);-500000,00;1;0,00;RGBA(0.862, 0.583, 0.749, 0.000);Rejected_BelowThreshold
13:15:23;3124;RGBA(0.969, 0.619, 0.143, 0.000);-500000,00;1;0,00;RGBA(0.862, 0.583, 0.749, 0.000);Rejected_BelowThreshold
13:15:23;3125;RGBA(0.969, 0.619, 0.143, 0.000);-500000,00;1;0,00;RGBA(0.862, 0.583, 0.749, 0.000);Rejected_BelowThreshold
13:15:23;3126;RGBA(0.969, 0.619, 0.143, 0.000);-500000,00;1;0,00;RGBA(0.862, 0.583, 0.749, 0.000);Rejected_BelowThreshold
13:15:23;3127;RGBA(0.969, 0.619, 0.143, 0.000);-500000,00;1;0,00;RGBA(0.862, 0.583, 0.749, 0.000);Rejected_BelowThreshold
13:15:23;3128;RGBA(0.969, 0.619, 0.143, 0.000);-500000,00;1;0,00;RGBA(0.862, 0.583, 0.749, 0.000);Rejected_BelowThreshold
13:15:23;3129;RGBA(0.969, 0.619, 0.143, 0.000);-500000,00;1;0,00;RGBA(0.862, 0.583, 0.749, 0.000);Rejected_BelowThreshold
13:15:23;3130;RGBA(0.969, 0.619, 0.143, 0.000);-500000,00;1;0,00;RGBA(0.862, 0.583, 0.749, 0.000);Rejected_BelowThreshold
13:15:23;3131;RGBA(0.969, 0.619, 0.143, 0.000);-500000,00;1;0,00;RGBA(0.862, 0.583, 0.749, 0.000);Rejected_BelowThreshold
13:15:23;3132;RGBA(0.969, 0.619, 0.143, 0.000);-500000,00;1;0,00;RGBA(0.862, 0.583, 0.749, 0.000);Rejected_BelowThreshold
13:15:24;3133;RGBA(0.969, 0.619, 0.143, 0.000);-500000,00;1;0,00;RGBA(0.862, 0.583, 0.749, 0.000);Rejected_BelowThreshold
13:15:24;3134;RGBA(0.969, 0.619, 0.143, 0.000);-500000,00;1;0,00;RGBA(0.862, 0.583, 0.749, 0.000);Rejected_BelowThreshold
13:15:24;3135;RGBA(0.969, 0.619, 0.143, 0.000);-500000,00;1;0,00;RGBA(0.862, 0.583, 0.749, 0.000);Rejected_BelowThreshold
13:15:24;3136;RGBA(0.969, 0.619, 0.143, 0.000);-500000,00;1;0,00;RGBA(0.862, 0.583, 0.749, 0.000);Rejected_BelowThreshold
13:15:24;3137;RGBA(0.969, 0.619, 0.143, 0.000);-500000,00;1;0,00;RGBA(0.862, 0.583, 0.749, 0.000);Rejected_BelowThreshold
13:15:24;3138;RGBA(0.969, 0.619, 0.143, 0.000);-500000,00;1;0,00;RGBA(0.862, 0.583, 0.749, 0.000);Rejected_BelowThreshold
13:15:24;3139;RGBA(0.969, 0.619, 0.143, 0.000);-500000,00;1;0,00;RGBA(0.862, 0.583, 0.749, 0.000);Rejected_BelowThreshold
13:15:24;3140;RGBA(0.969, 0.619, 0.143, 0.000);-500000,00;1;0,00;RGBA(0.862, 0.583, 0.749, 0.000);Rejected_BelowThreshold
13:15:24;3141;RGBA(0.969, 0.619, 0.143, 0.000);-500000,00;1;0,00;RGBA(0.862, 0.583, 0.749, 0.000);Rejected_BelowThreshold
13:15:24;3142;RGBA(0.969, 0.619, 0.143, 0.000);-500000,00;1;0,00;RGBA(0.862, 0.583, 0.749, 0.000);Rejected_BelowThreshold
13:15:24;3143;RGBA(0.969, 0.619, 0.143, 0.000);-500000,00;1;0,00;RGBA(0.862, 0.583, 0.749, 0.000);Rejected_BelowThreshold
13:15:24;3144;RGBA(0.969, 0.619, 0.143, 0.000);-500000,00;1;0,00;RGBA(0.862, 0.583, 0.749, 0.000);Rejected_BelowThreshold
13:15:24;3145;RGBA(0.969, 0.619, 0.143, 0.000);-500000,00;1;0,00;RGBA(0.862, 0.583, 0.749, 0.000);Rejected_BelowThreshold
13:15:24;3146;RGBA(0.969, 0.619, 0.143, 0.000);-500000,00;1;0,00;RGBA(0.862, 0.583, 0.749, 0.000);Rejected_BelowThreshold
13:15:24;3147;RGBA(0.969, 0.619, 0.143, 0.000);-500000,00;1;0,00;RGBA(0.862, 0.583, 0.749, 0.000);Rejected_BelowThreshold
13:15:24;3148;RGBA(0.969, 0.619, 0.143, 0.000);-500000,00;1;0,00;RGBA(0.862, 0.583, 0.749, 0.000);Rejected_BelowThreshold
13:15:24;3149;RGBA(0.969, 0.619, 0.143, 0.000);-500000,00;1;0,00;RGBA(0.862, 0.583, 0.749, 0.000);Rejected_BelowThreshold
13:15:24;3150;RGBA(0.969, 0.619, 0.143, 0.000);-500000,00;1;0,00;RGBA(0.862, 0.583, 0.749, 0.000);Rejected_BelowThreshold
13:15:24;3151;RGBA(0.969, 0.619, 0.143, 0.000);-500000,00;1;0,00;RGBA(0.862, 0.583, 0.749, 0.000);Rejected_BelowThreshold
13:15:24;3152;RGBA(0.969, 0.619, 0.143, 0.000);-500000,00;1;0,00;RGBA(0.862, 0.583, 0.749, 0.000);Rejected_BelowThreshold
13:15:24;3153;RGBA(0.969, 0.619, 0.143, 0.000);-500000,00;1;0,00;RGBA(0.862, 0.583, 0.749, 0.000);Rejected_BelowThreshold
13:15:24;3154;RGBA(0.969, 0.619, 0.143, 0.000);-500000,00;1;0,00;RGBA(0.862, 0.583, 0.749, 0.000);Rejected_BelowThreshold
13:15:24;3155;RGBA(0.969, 0.619, 0.143, 0.000);-500000,00;1;0,00;RGBA(0.862, 0.583, 0.749, 0.000);Rejected_BelowThreshold
13:15:24;3156;RGBA(0.969, 0.619, 0.143, 0.000);-500000,00;1;0,00;RGBA(0.862, 0.583, 0.749, 0.000);Rejected_BelowThreshold
13:15:24;3157;RGBA(0.969, 0.619, 0.143, 0.000);-500000,00;1;0,00;RGBA(0.862, 0.583, 0.749, 0.000);Rejected_BelowThreshold
13:15:24;3158;RGBA(0.969, 0.619, 0.143, 0.000);-500000,00;1;0,00;RGBA(0.862, 0.583, 0.749, 0.000);Rejected_BelowThreshold
13:15:24;3159;RGBA(0.969, 0.619, 0.143, 0.000);-500000,00;1;0,00;RGBA(0.862, 0.583, 0.749, 0.000);Rejected_BelowThreshold
13:15:24;3160;RGBA(0.969, 0.619, 0.143, 0.000);-500000,00;1;0,00;RGBA(0.862, 0.583, 0.749, 0.000);Rejected_BelowThreshold
13:15:24;3161;RGBA(0.969, 0.619, 0.143, 0.000);-500000,00;1;0,00;RGBA(0.862, 0.583, 0.749, 0.000);Rejected_BelowThreshold
13:15:24;3162;RGBA(0.969, 0.619, 0.143, 0.000);-500000,00;1;0,00;RGBA(0.862, 0.583, 0.749, 0.000);Rejected_BelowThreshold
13:15:24;3163;RGBA(0.969, 0.619, 0.143, 0.000);-500000,00;1;0,00;RGBA(0.862, 0.583, 0.749, 0.000);Rejected_BelowThreshold
13:15:24;3164;RGBA(0.969, 0.619, 0.143, 0.000);-500000,00;1;0,00;RGBA(0.862, 0.583, 0.749, 0.000);Rejected_BelowThreshold
13:15:24;3165;RGBA(0.969, 0.619, 0.143, 0.000);-500000,00;1;0,00;RGBA(0.862, 0.583, 0.749, 0.000);Rejected_BelowThreshold
13:15:24;3166;RGBA(0.969, 0.619, 0.143, 0.000);-500000,00;1;0,00;RGBA(0.862, 0.583, 0.749, 0.000);Rejected_BelowThreshold
13:15:24;3167;RGBA(0.969, 0.619, 0.143, 0.000);-500000,00;1;0,00;RGBA(0.862, 0.583, 0.749, 0.000);Rejected_BelowThreshold
13:15:24;3168;RGBA(0.969, 0.619, 0.143, 0.000);-500000,00;1;0,00;RGBA(0.862, 0.583, 0.749, 0.000);Rejected_BelowThreshold
13:15:24;3169;RGBA(0.969, 0.619, 0.143, 0.000);-500000,00;1;0,00;RGBA(0.862, 0.583, 0.749, 0.000);Rejected_BelowThreshold
13:15:24;3170;RGBA(0.969, 0.619, 0.143, 0.000);-500000,00;1;0,00;RGBA(0.862, 0.583, 0.749, 0.000);Rejected_BelowThreshold
13:15:24;3171;RGBA(0.969, 0.619, 0.143, 0.000);-500000,00;1;0,00;RGBA(0.862, 0.583, 0.749, 0.000);Rejected_BelowThreshold
13:15:24;3172;RGBA(0.969, 0.619, 0.143, 0.000);-500000,00;1;0,00;RGBA(0.862, 0.583, 0.749, 0.000);Rejected_BelowThreshold
13:15:24;3173;RGBA(0.969, 0.619, 0.143, 0.000);-500000,00;1;0,00;RGBA(0.862, 0.583, 0.749, 0.000);Rejected_BelowThreshold
13:15:24;3174;RGBA(0.969, 0.619, 0.143, 0.000);-500000,00;1;0,00;RGBA(0.862, 0.583, 0.749, 0.000);Rejected_BelowThreshold
13:15:24;3175;RGBA(0.969, 0.619, 0.143, 0.000);-500000,00;1;0,00;RGBA(0.862, 0.583, 0.749, 0.000);Rejected_BelowThreshold
13:15:24;3176;RGBA(0.969, 0.619, 0.143, 0.000);-500000,00;1;0,00;RGBA(0.862, 0.583, 0.749, 0.000);Rejected_BelowThreshold
13:15:24;3177;RGBA(0.969, 0.619, 0.143, 0.000);-500000,00;1;0,00;RGBA(0.862, 0.583, 0.749, 0.000);Rejected_BelowThreshold
13:15:24;3178;RGBA(0.969, 0.619, 0.143, 0.000);-500000,00;1;0,00;RGBA(0.862, 0.583, 0.749, 0.000);Rejected_BelowThreshold
13:15:24;3179;RGBA(0.969, 0.619, 0.143, 0.000);-500000,00;1;0,00;RGBA(0.862, 0.583, 0.749, 0.000);Rejected_BelowThreshold
13:15:24;3180;RGBA(0.969, 0.619, 0.143, 0.000);-500000,00;1;0,00;RGBA(0.862, 0.583, 0.749, 0.000);Rejected_BelowThreshold
13:15:24;3181;RGBA(0.969, 0.619, 0.143, 0.000);-500000,00;1;0,00;RGBA(0.862, 0.583, 0.749, 0.000);Rejected_BelowThreshold
13:15:24;3182;RGBA(0.969, 0.619, 0.143, 0.000);-500000,00;1;0,00;RGBA(0.862, 0.583, 0.749, 0.000);Rejected_BelowThreshold
13:15:24;3183;RGBA(0.969, 0.619, 0.143, 0.000);-500000,00;1;0,00;RGBA(0.862, 0.583, 0.749, 0.000);Rejected_BelowThreshold
13:15:24;3184;RGBA(0.969, 0.619, 0.143, 0.000);-500000,00;1;0,00;RGBA(0.862, 0.583, 0.749, 0.000);Rejected_BelowThreshold
13:15:24;3185;RGBA(0.969, 0.619, 0.143, 0.000);-500000,00;1;0,00;RGBA(0.862, 0.583, 0.749, 0.000);Rejected_BelowThreshold
13:15:24;3186;RGBA(0.969, 0.619, 0.143, 0.000);-500000,00;1;0,00;RGBA(0.862, 0.583, 0.749, 0.000);Rejected_BelowThreshold
13:15:24;3187;RGBA(0.969, 0.619, 0.143, 0.000);-500000,00;1;0,00;RGBA(0.862, 0.583, 0.749, 0.000);Rejected_BelowThreshold
13:15:24;3188;RGBA(0.969, 0.619, 0.143, 0.000);-500000,00;1;0,00;RGBA(0.862, 0.583, 0.749, 0.000);Rejected_BelowThreshold
13:15:24;3189;RGBA(0.969, 0.619, 0.143, 0.000);-500000,00;1;0,00;RGBA(0.862, 0.583, 0.749, 0.000);Rejected_BelowThreshold
13:15:24;3190;RGBA(0.969, 0.619, 0.143, 0.000);-500000,00;1;0,00;RGBA(0.862, 0.583, 0.749, 0.000);Rejected_BelowThreshold
13:15:24;3191;RGBA(0.969, 0.619, 0.143, 0.000);-500000,00;1;0,00;RGBA(0.862, 0.583, 0.749, 0.000);Rejected_BelowThreshold
13:15:24;3192;RGBA(0.969, 0.619, 0.143, 0.000);-500000,00;1;0,00;RGBA(0.862, 0.583, 0.749, 0.000);Rejected_BelowThreshold
13:15:24;3193;RGBA(0.969, 0.619, 0.143, 0.000);-500000,00;1;0,00;RGBA(0.862, 0.583, 0.749, 0.000);Rejected_BelowThreshold
13:15:24;3194;RGBA(0.969, 0.619, 0.143, 0.000);-500000,00;1;0,00;RGBA(0.862, 0.583, 0.749, 0.000);Rejected_BelowThreshold
13:15:24;3195;RGBA(0.969, 0.619, 0.143, 0.000);-500000,00;1;0,00;RGBA(0.862, 0.583, 0.749, 0.000);Rejected_BelowThreshold
13:15:24;3196;RGBA(0.969, 0.619, 0.143, 0.000);-500000,00;1;0,00;RGBA(0.862, 0.583, 0.749, 0.000);Rejected_BelowThreshold
13:15:24;3197;RGBA(0.969, 0.619, 0.143, 0.000);-500000,00;1;0,00;RGBA(0.862, 0.583, 0.749, 0.000);Rejected_BelowThreshold
13:15:24;3198;RGBA(0.969, 0.619, 0.143, 0.000);-500000,00;1;0,00;RGBA(0.862, 0.583, 0.749, 0.000);Rejected_BelowThreshold
13:15:24;3199;RGBA(0.969, 0.619, 0.143, 0.000);-500000,00;1;0,00;RGBA(0.862, 0.583, 0.749, 0.000);Rejected_BelowThreshold
13:15:24;3200;RGBA(0.969, 0.619, 0.143, 0.000);-500000,00;1;0,00;RGBA(0.862, 0.583, 0.749, 0.000);Rejected_BelowThreshold
13:15:24;3201;RGBA(0.969, 0.619, 0.143, 0.000);-500000,00;1;0,00;RGBA(0.862, 0.583, 0.749, 0.000);Rejected_BelowThreshold
13:15:24;3202;RGBA(0.969, 0.619, 0.143, 0.000);-500000,00;1;0,00;RGBA(0.862, 0.583, 0.749, 0.000);Rejected_BelowThreshold
13:15:24;3203;RGBA(0.969, 0.619, 0.143, 0.000);-500000,00;1;0,00;RGBA(0.862, 0.583, 0.749, 0.000);Rejected_BelowThreshold
13:15:24;3204;RGBA(0.969, 0.619, 0.143, 0.000);-500000,00;1;0,00;RGBA(0.862, 0.583, 0.749, 0.000);Rejected_BelowThreshold
13:15:24;3205;RGBA(0.969, 0.619, 0.143, 0.000);-500000,00;1;0,00;RGBA(0.862, 0.583, 0.749, 0.000);Rejected_BelowThreshold
13:15:24;3206;RGBA(0.969, 0.619, 0.143, 0.000);-500000,00;1;0,00;RGBA(0.862, 0.583, 0.749, 0.000);Rejected_BelowThreshold
13:15:24;3207;RGBA(0.969, 0.619, 0.143, 0.000);-500000,00;1;0,00;RGBA(0.862, 0.583, 0.749, 0.000);Rejected_BelowThreshold
13:15:24;3208;RGBA(0.969, 0.619, 0.143, 0.000);-500000,00;1;0,00;RGBA(0.862, 0.583, 0.749, 0.000);Rejected_BelowThreshold
13:15:24;3209;RGBA(0.969, 0.619, 0.143, 0.000);-500000,00;1;0,00;RGBA(0.862, 0.583, 0.749, 0.000);Rejected_BelowThreshold
13:15:24;3210;RGBA(0.969, 0.619, 0.143, 0.000);-500000,00;1;0,00;RGBA(0.862, 0.583, 0.749, 0.000);Rejected_BelowThreshold
13:15:24;3211;RGBA(0.969, 0.619, 0.143, 0.000);-500000,00;1;0,00;RGBA(0.862, 0.583, 0.749, 0.000);Rejected_BelowThreshold
13:15:24;3212;RGBA(0.969, 0.619, 0.143, 0.000);-500000,00;1;0,00;RGBA(0.862, 0.583, 0.749, 0.000);Rejected_BelowThreshold
13:15:25;3213;RGBA(0.969, 0.619, 0.143, 0.000);-500000,00;1;0,00;RGBA(0.862, 0.583, 0.749, 0.000);Rejected_BelowThreshold
13:15:25;3214;RGBA(0.969, 0.619, 0.143, 0.000);-500000,00;1;0,00;RGBA(0.862, 0.583, 0.749, 0.000);Rejected_BelowThreshold
13:15:25;3215;RGBA(0.969, 0.619, 0.143, 0.000);-500000,00;1;0,00;RGBA(0.862, 0.583, 0.749, 0.000);Rejected_BelowThreshold
13:15:25;3216;RGBA(0.969, 0.619, 0.143, 0.000);-500000,00;1;0,00;RGBA(0.862, 0.583, 0.749, 0.000);Rejected_BelowThreshold
13:15:25;3217;RGBA(0.969, 0.619, 0.143, 0.000);-500000,00;1;0,00;RGBA(0.862, 0.583, 0.749, 0.000);Rejected_BelowThreshold
13:15:25;3218;RGBA(0.969, 0.619, 0.143, 0.000);-500000,00;1;0,00;RGBA(0.862, 0.583, 0.749, 0.000);Rejected_BelowThreshold
13:15:25;3219;RGBA(0.969, 0.619, 0.143, 0.000);-500000,00;1;0,00;RGBA(0.862, 0.583, 0.749, 0.000);Rejected_BelowThreshold
13:15:25;3220;RGBA(0.969, 0.619, 0.143, 0.000);-500000,00;1;0,00;RGBA(0.862, 0.583, 0.749, 0.000);Rejected_BelowThreshold
13:15:25;3221;RGBA(0.969, 0.619, 0.143, 0.000);-500000,00;1;0,00;RGBA(0.862, 0.583, 0.749, 0.000);Rejected_BelowThreshold
13:15:25;3222;RGBA(0.969, 0.619, 0.143, 0.000);-500000,00;1;0,00;RGBA(0.862, 0.583, 0.749, 0.000);Rejected_BelowThreshold
13:15:25;3223;RGBA(0.969, 0.619, 0.143, 0.000);-500000,00;1;0,00;RGBA(0.862, 0.583, 0.749, 0.000);Rejected_BelowThreshold
13:15:25;3224;RGBA(0.969, 0.619, 0.143, 0.000);-500000,00;1;0,00;RGBA(0.862, 0.583, 0.749, 0.000);Rejected_BelowThreshold
13:15:25;3225;RGBA(0.969, 0.619, 0.143, 0.000);-500000,00;1;0,00;RGBA(0.862, 0.583, 0.749, 0.000);Rejected_BelowThreshold
13:15:25;3226;RGBA(0.969, 0.619, 0.143, 0.000);-500000,00;1;0,00;RGBA(0.862, 0.583, 0.749, 0.000);Rejected_BelowThreshold
13:15:25;3227;RGBA(0.969, 0.619, 0.143, 0.000);-500000,00;1;0,00;RGBA(0.862, 0.583, 0.749, 0.000);Rejected_BelowThreshold
13:15:25;3228;RGBA(0.969, 0.619, 0.143, 0.000);-500000,00;1;0,00;RGBA(0.862, 0.583, 0.749, 0.000);Rejected_BelowThreshold
13:15:25;3229;RGBA(0.969, 0.619, 0.143, 0.000);-500000,00;1;0,00;RGBA(0.862, 0.583, 0.749, 0.000);Rejected_BelowThreshold
13:15:25;3230;RGBA(0.969, 0.619, 0.143, 0.000);-500000,00;1;0,00;RGBA(0.862, 0.583, 0.749, 0.000);Rejected_BelowThreshold
13:15:25;3231;RGBA(0.969, 0.619, 0.143, 0.000);-500000,00;1;0,00;RGBA(0.862, 0.583, 0.749, 0.000);Rejected_BelowThreshold
13:15:25;3232;RGBA(0.969, 0.619, 0.143, 0.000);-500000,00;1;0,00;RGBA(0.862, 0.583, 0.749, 0.000);Rejected_BelowThreshold
13:15:25;3233;RGBA(0.969, 0.619, 0.143, 0.000);-500000,00;1;0,00;RGBA(0.862, 0.583, 0.749, 0.000);Rejected_BelowThreshold
13:15:25;3234;RGBA(0.969, 0.619, 0.143, 0.000);-500000,00;1;0,00;RGBA(0.862, 0.583, 0.749, 0.000);Rejected_BelowThreshold
13:15:25;3235;RGBA(0.969, 0.619, 0.143, 0.000);-500000,00;1;0,00;RGBA(0.862, 0.583, 0.749, 0.000);Rejected_BelowThreshold
13:15:25;3236;RGBA(0.969, 0.619, 0.143, 0.000);-500000,00;1;0,00;RGBA(0.862, 0.583, 0.749, 0.000);Rejected_BelowThreshold
13:15:25;3237;RGBA(0.969, 0.619, 0.143, 0.000);-500000,00;1;0,00;RGBA(0.862, 0.583, 0.749, 0.000);Rejected_BelowThreshold
13:15:25;3238;RGBA(0.969, 0.619, 0.143, 0.000);-500000,00;1;0,00;RGBA(0.862, 0.583, 0.749, 0.000);Rejected_BelowThreshold
13:15:25;3239;RGBA(0.969, 0.619, 0.143, 0.000);-500000,00;1;0,00;RGBA(0.862, 0.583, 0.749, 0.000);Rejected_BelowThreshold
13:15:25;3240;RGBA(0.969, 0.619, 0.143, 0.000);-500000,00;1;0,00;RGBA(0.862, 0.583, 0.749, 0.000);Rejected_BelowThreshold
13:15:25;3241;RGBA(0.969, 0.619, 0.143, 0.000);-500000,00;1;0,00;RGBA(0.862, 0.583, 0.749, 0.000);Rejected_BelowThreshold
13:15:25;3242;RGBA(0.969, 0.619, 0.143, 0.000);-500000,00;1;0,00;RGBA(0.862, 0.583, 0.749, 0.000);Rejected_BelowThreshold
13:15:25;3243;RGBA(0.969, 0.619, 0.143, 0.000);-500000,00;1;0,00;RGBA(0.862, 0.583, 0.749, 0.000);Rejected_BelowThreshold
13:15:25;3244;RGBA(0.969, 0.619, 0.143, 0.000);-500000,00;1;0,00;RGBA(0.862, 0.583, 0.749, 0.000);Rejected_BelowThreshold
13:15:25;3245;RGBA(0.969, 0.619, 0.143, 0.000);-500000,00;1;0,00;RGBA(0.862, 0.583, 0.749, 0.000);Rejected_BelowThreshold
13:15:25;3246;RGBA(0.969, 0.619, 0.143, 0.000);-500000,00;1;0,00;RGBA(0.862, 0.583, 0.749, 0.000);Rejected_BelowThreshold
13:15:25;3247;RGBA(0.969, 0.619, 0.143, 0.000);-500000,00;1;0,00;RGBA(0.862, 0.583, 0.749, 0.000);Rejected_BelowThreshold
13:15:25;3248;RGBA(0.969, 0.619, 0.143, 0.000);-500000,00;1;0,00;RGBA(0.862, 0.583, 0.749, 0.000);Rejected_BelowThreshold
13:15:25;3249;RGBA(0.969, 0.619, 0.143, 0.000);-500000,00;1;0,00;RGBA(0.862, 0.583, 0.749, 0.000);Rejected_BelowThreshold
13:15:25;3250;RGBA(0.969, 0.619, 0.143, 0.000);-500000,00;1;0,00;RGBA(0.862, 0.583, 0.749, 0.000);Rejected_BelowThreshold
13:15:25;3251;RGBA(0.969, 0.619, 0.143, 0.000);-500000,00;1;0,00;RGBA(0.862, 0.583, 0.749, 0.000);Rejected_BelowThreshold
13:15:25;3252;RGBA(0.969, 0.619, 0.143, 0.000);-500000,00;1;0,00;RGBA(0.862, 0.583, 0.749, 0.000);Rejected_BelowThreshold
13:15:25;3253;RGBA(0.969, 0.619, 0.143, 0.000);-500000,00;1;0,00;RGBA(0.862, 0.583, 0.749, 0.000);Rejected_BelowThreshold
13:15:25;3254;RGBA(0.969, 0.619, 0.143, 0.000);-500000,00;1;0,00;RGBA(0.862, 0.583, 0.749, 0.000);Rejected_BelowThreshold
13:15:25;3255;RGBA(0.969, 0.619, 0.143, 0.000);-500000,00;1;0,00;RGBA(0.862, 0.583, 0.749, 0.000);Rejected_BelowThreshold
13:15:25;3256;RGBA(0.969, 0.619, 0.143, 0.000);-500000,00;1;0,00;RGBA(0.862, 0.583, 0.749, 0.000);Rejected_BelowThreshold
13:15:25;3257;RGBA(0.969, 0.619, 0.143, 0.000);-500000,00;1;0,00;RGBA(0.862, 0.583, 0.749, 0.000);Rejected_BelowThreshold
13:15:25;3258;RGBA(0.969, 0.619, 0.143, 0.000);-500000,00;1;0,00;RGBA(0.862, 0.583, 0.749, 0.000);Rejected_BelowThreshold
13:15:25;3259;RGBA(0.969, 0.619, 0.143, 0.000);-500000,00;1;0,00;RGBA(0.862, 0.583, 0.749, 0.000);Rejected_BelowThreshold
13:15:25;3260;RGBA(0.969, 0.619, 0.143, 0.000);-500000,00;1;0,00;RGBA(0.862, 0.583, 0.749, 0.000);Rejected_BelowThreshold
13:15:25;3261;RGBA(0.969, 0.619, 0.143, 0.000);-500000,00;1;0,00;RGBA(0.862, 0.583, 0.749, 0.000);Rejected_BelowThreshold
13:15:25;3262;RGBA(0.969, 0.619, 0.143, 0.000);-500000,00;1;0,00;RGBA(0.862, 0.583, 0.749, 0.000);Rejected_BelowThreshold
13:15:25;3263;RGBA(0.969, 0.619, 0.143, 0.000);-500000,00;1;0,00;RGBA(0.862, 0.583, 0.749, 0.000);Rejected_BelowThreshold
13:15:25;3264;RGBA(0.969, 0.619, 0.143, 0.000);-500000,00;1;0,00;RGBA(0.862, 0.583, 0.749, 0.000);Rejected_BelowThreshold
13:15:25;3265;RGBA(0.969, 0.619, 0.143, 0.000);-500000,00;1;0,00;RGBA(0.862, 0.583, 0.749, 0.000);Rejected_BelowThreshold
13:15:25;3266;RGBA(0.969, 0.619, 0.143, 0.000);-500000,00;1;0,00;RGBA(0.862, 0.583, 0.749, 0.000);Rejected_BelowThreshold
13:15:25;3267;RGBA(0.969, 0.619, 0.143, 0.000);-500000,00;1;0,00;RGBA(0.862, 0.583, 0.749, 0.000);Rejected_BelowThreshold
13:15:25;3268;RGBA(0.969, 0.619, 0.143, 0.000);-500000,00;1;0,00;RGBA(0.862, 0.583, 0.749, 0.000);Rejected_BelowThreshold
13:15:25;3269;RGBA(0.969, 0.619, 0.143, 0.000);-500000,00;1;0,00;RGBA(0.862, 0.583, 0.749, 0.000);Rejected_BelowThreshold
13:15:25;3270;RGBA(0.969, 0.619, 0.143, 0.000);-500000,00;1;0,00;RGBA(0.862, 0.583, 0.749, 0.000);Rejected_BelowThreshold
13:15:25;3271;RGBA(0.969, 0.619, 0.143, 0.000);-500000,00;1;0,00;RGBA(0.862, 0.583, 0.749, 0.000);Rejected_BelowThreshold
13:15:25;3272;RGBA(0.969, 0.619, 0.143, 0.000);-500000,00;1;0,00;RGBA(0.862, 0.583, 0.749, 0.000);Rejected_BelowThreshold
13:15:25;3273;RGBA(0.969, 0.619, 0.143, 0.000);-500000,00;1;0,00;RGBA(0.862, 0.583, 0.749, 0.000);Rejected_BelowThreshold
13:15:25;3274;RGBA(0.969, 0.619, 0.143, 0.000);-500000,00;1;0,00;RGBA(0.862, 0.583, 0.749, 0.000);Rejected_BelowThreshold
13:15:25;3275;RGBA(0.969, 0.619, 0.143, 0.000);-500000,00;1;0,00;RGBA(0.862, 0.583, 0.749, 0.000);Rejected_BelowThreshold
13:15:25;3276;RGBA(0.969, 0.619, 0.143, 0.000);-500000,00;1;0,00;RGBA(0.862, 0.583, 0.749, 0.000);Rejected_BelowThreshold
13:15:25;3277;RGBA(0.969, 0.619, 0.143, 0.000);-500000,00;1;0,00;RGBA(0.862, 0.583, 0.749, 0.000);Rejected_BelowThreshold
13:15:25;3278;RGBA(0.969, 0.619, 0.143, 0.000);-500000,00;1;0,00;RGBA(0.862, 0.583, 0.749, 0.000);Rejected_BelowThreshold
13:15:25;3279;RGBA(0.969, 0.619, 0.143, 0.000);-500000,00;1;0,00;RGBA(0.862, 0.583, 0.749, 0.000);Rejected_BelowThreshold
13:15:25;3280;RGBA(0.969, 0.619, 0.143, 0.000);-500000,00;1;0,00;RGBA(0.862, 0.583, 0.749, 0.000);Rejected_BelowThreshold
13:15:25;3281;RGBA(0.969, 0.619, 0.143, 0.000);-500000,00;1;0,00;RGBA(0.862, 0.583, 0.749, 0.000);Rejected_BelowThreshold
