Timestamp;MoveID;SelectedColor;Score;FreeSlots;UnblockValue;TargetBus;Status
14:41:02;1;RGBA(0.055, 0.218, 0.753, 0.000);1000,00;5;0,00;RGBA(0.055, 0.218, 0.753, 0.000);Executed
14:41:03;2;RGBA(0.055, 0.218, 0.753, 0.000);1000,00;5;0,00;RGBA(0.055, 0.218, 0.753, 0.000);Executed
14:41:03;3;RGBA(0.055, 0.218, 0.753, 0.000);1000,00;5;0,00;RGBA(0.055, 0.218, 0.753, 0.000);Executed
14:41:04;4;RGBA(0.753, 0.055, 0.736, 0.000);1010,00;5;0,00;RGBA(0.753, 0.055, 0.736, 0.000);Executed
14:41:05;5;RGBA(0.753, 0.055, 0.736, 0.000);1010,00;5;0,00;RGBA(0.753, 0.055, 0.736, 0.000);Executed
14:41:05;6;RGBA(0.753, 0.055, 0.736, 0.000);1010,00;5;0,00;RGBA(0.753, 0.055, 0.736, 0.000);Executed
14:41:06;7;RGBA(0.755, 0.055, 0.055, 0.000);1000,00;5;0,00;RGBA(0.755, 0.055, 0.055, 0.000);Executed
14:41:06;8;RGBA(0.755, 0.055, 0.055, 0.000);1010,00;5;0,00;RGBA(0.755, 0.055, 0.055, 0.000);Executed
14:41:07;9;RGBA(0.755, 0.055, 0.055, 0.000);1020,00;5;0,00;RGBA(0.755, 0.055, 0.055, 0.000);Executed
14:41:08;10;RGBA(0.055, 0.218, 0.753, 0.000);1020,00;5;0,00;RGBA(0.055, 0.218, 0.753, 0.000);Executed
14:41:08;11;RGBA(0.055, 0.218, 0.753, 0.000);1010,00;5;0,00;RGBA(0.055, 0.218, 0.753, 0.000);Executed
14:41:08;12;RGBA(0.055, 0.218, 0.753, 0.000);1000,00;5;0,00;RGBA(0.055, 0.218, 0.753, 0.000);Executed
14:41:09;13;RGBA(0.753, 0.055, 0.736, 0.000);1000,00;5;0,00;RGBA(0.753, 0.055, 0.736, 0.000);Executed
14:41:10;14;RGBA(0.085, 0.753, 0.055, 0.000);-40,00;5;0,00;RGBA(0.753, 0.055, 0.736, 0.000);Executed
14:41:10;15;RGBA(0.753, 0.055, 0.736, 0.000);1020,00;4;0,00;RGBA(0.753, 0.055, 0.736, 0.000);Executed
14:41:10;16;RGBA(0.753, 0.055, 0.736, 0.000);1010,00;4;0,00;RGBA(0.753, 0.055, 0.736, 0.000);Executed
14:41:11;17;RGBA(0.085, 0.753, 0.055, 0.000);1020,00;5;0,00;RGBA(0.085, 0.753, 0.055, 0.000);Executed
14:41:12;18;RGBA(0.085, 0.753, 0.055, 0.000);1000,00;5;0,00;RGBA(0.085, 0.753, 0.055, 0.000);Executed
14:41:13;19;RGBA(0.755, 0.055, 0.055, 0.000);1000,00;5;0,00;RGBA(0.755, 0.055, 0.055, 0.000);Executed
14:41:13;20;RGBA(0.755, 0.055, 0.055, 0.000);1010,00;5;0,00;RGBA(0.755, 0.055, 0.055, 0.000);Executed
14:41:13;21;RGBA(0.755, 0.055, 0.055, 0.000);1020,00;5;0,00;RGBA(0.755, 0.055, 0.055, 0.000);Executed
14:41:14;22;RGBA(0.753, 0.055, 0.736, 0.000);1000,00;5;0,00;RGBA(0.753, 0.055, 0.736, 0.000);Executed
14:41:15;23;RGBA(0.753, 0.055, 0.736, 0.000);1000,00;5;0,00;RGBA(0.753, 0.055, 0.736, 0.000);Executed
14:41:15;24;RGBA(0.753, 0.055, 0.736, 0.000);1010,00;5;0,00;RGBA(0.753, 0.055, 0.736, 0.000);Executed
14:41:16;25;RGBA(0.968, 1.000, 0.000, 0.000);1020,00;5;0,00;RGBA(0.968, 1.000, 0.000, 0.000);Executed
14:41:16;26;RGBA(0.968, 1.000, 0.000, 0.000);1020,00;5;0,00;RGBA(0.968, 1.000, 0.000, 0.000);Executed
14:41:16;27;RGBA(0.968, 1.000, 0.000, 0.000);1010,00;5;0,00;RGBA(0.968, 1.000, 0.000, 0.000);Executed
14:41:18;28;RGBA(0.085, 0.753, 0.055, 0.000);1000,00;5;0,00;RGBA(0.085, 0.753, 0.055, 0.000);Executed
14:41:18;29;RGBA(0.968, 1.000, 0.000, 0.000);-40,00;5;0,00;RGBA(0.085, 0.753, 0.055, 0.000);Executed
14:41:18;30;RGBA(0.085, 0.753, 0.055, 0.000);1010,00;4;0,00;RGBA(0.085, 0.753, 0.055, 0.000);Executed
14:41:18;31;RGBA(0.085, 0.753, 0.055, 0.000);1020,00;4;0,00;RGBA(0.085, 0.753, 0.055, 0.000);Executed
14:41:20;32;RGBA(0.969, 0.619, 0.143, 0.000);1020,00;4;0,00;RGBA(0.969, 0.619, 0.143, 0.000);Executed
14:41:20;33;RGBA(0.969, 0.619, 0.143, 0.000);1010,00;4;0,00;RGBA(0.969, 0.619, 0.143, 0.000);Executed
14:41:20;34;RGBA(0.969, 0.619, 0.143, 0.000);1000,00;4;0,00;RGBA(0.969, 0.619, 0.143, 0.000);Executed
14:41:21;35;RGBA(0.753, 0.055, 0.736, 0.000);1030,00;4;0,00;RGBA(0.753, 0.055, 0.736, 0.000);Executed
14:41:21;36;RGBA(0.753, 0.055, 0.736, 0.000);1000,00;4;0,00;RGBA(0.753, 0.055, 0.736, 0.000);Executed
14:41:22;37;RGBA(0.753, 0.055, 0.736, 0.000);1000,00;4;0,00;RGBA(0.753, 0.055, 0.736, 0.000);Executed
14:41:23;38;RGBA(0.968, 1.000, 0.000, 0.000);1030,00;5;0,00;RGBA(0.968, 1.000, 0.000, 0.000);Executed
14:41:23;39;RGBA(0.968, 1.000, 0.000, 0.000);1010,00;5;0,00;RGBA(0.968, 1.000, 0.000, 0.000);Executed
14:41:24;40;RGBA(0.755, 0.055, 0.055, 0.000);1020,00;5;0,00;RGBA(0.755, 0.055, 0.055, 0.000);Executed
14:41:24;41;RGBA(0.755, 0.055, 0.055, 0.000);1000,00;5;0,00;RGBA(0.755, 0.055, 0.055, 0.000);Executed
14:41:25;42;RGBA(0.058, 0.799, 0.659, 0.000);-20,00;5;0,00;RGBA(0.755, 0.055, 0.055, 0.000);Executed
14:41:25;43;RGBA(0.755, 0.055, 0.055, 0.000);1040,00;4;0,00;RGBA(0.755, 0.055, 0.055, 0.000);Executed
14:41:26;44;RGBA(0.968, 1.000, 0.000, 0.000);1030,00;4;0,00;RGBA(0.968, 1.000, 0.000, 0.000);Executed
14:41:27;45;RGBA(0.968, 1.000, 0.000, 0.000);1020,00;4;0,00;RGBA(0.968, 1.000, 0.000, 0.000);Executed
14:41:27;46;RGBA(0.968, 1.000, 0.000, 0.000);1010,00;4;0,00;RGBA(0.968, 1.000, 0.000, 0.000);Executed
14:41:28;47;RGBA(0.969, 0.619, 0.143, 0.000);1050,00;4;0,00;RGBA(0.969, 0.619, 0.143, 0.000);Executed
14:41:28;48;RGBA(0.969, 0.619, 0.143, 0.000);1040,00;4;0,00;RGBA(0.969, 0.619, 0.143, 0.000);Executed
14:41:28;49;RGBA(0.969, 0.619, 0.143, 0.000);1040,00;4;0,00;RGBA(0.969, 0.619, 0.143, 0.000);Executed
14:41:29;50;RGBA(0.969, 0.619, 0.143, 0.000);1030,00;4;0,00;RGBA(0.969, 0.619, 0.143, 0.000);Executed
14:41:30;51;RGBA(0.000, 0.000, 0.000, 0.000);1050,00;4;0,00;RGBA(0.000, 0.000, 0.000, 0.000);Executed
14:41:30;52;RGBA(0.000, 0.000, 0.000, 0.000);1030,00;4;0,00;RGBA(0.000, 0.000, 0.000, 0.000);Executed
14:41:30;53;RGBA(0.000, 0.000, 0.000, 0.000);1030,00;4;0,00;RGBA(0.000, 0.000, 0.000, 0.000);Executed
14:41:31;54;RGBA(0.000, 0.000, 0.000, 0.000);1010,00;4;0,00;RGBA(0.000, 0.000, 0.000, 0.000);Executed
14:41:32;55;RGBA(0.755, 0.055, 0.055, 0.000);1040,00;4;0,00;RGBA(0.755, 0.055, 0.055, 0.000);Executed
14:41:32;56;RGBA(0.755, 0.055, 0.055, 0.000);1020,00;4;0,00;RGBA(0.755, 0.055, 0.055, 0.000);Executed
14:41:32;57;RGBA(0.755, 0.055, 0.055, 0.000);1020,00;4;0,00;RGBA(0.755, 0.055, 0.055, 0.000);Executed
14:41:33;58;RGBA(0.058, 0.799, 0.659, 0.000);10,00;4;0,00;RGBA(0.755, 0.055, 0.055, 0.000);Executed
14:41:33;59;RGBA(0.755, 0.055, 0.055, 0.000);1060,00;4;0,00;RGBA(0.755, 0.055, 0.055, 0.000);Executed
14:41:33;60;RGBA(0.755, 0.055, 0.055, 0.000);1060,00;3;0,00;RGBA(0.755, 0.055, 0.055, 0.000);Executed
14:41:34;61;RGBA(0.000, 0.000, 0.000, 0.000);20,00;3;0,00;RGBA(0.755, 0.055, 0.055, 0.000);Executed
14:41:35;62;RGBA(0.055, 0.218, 0.753, 0.000);1050,00;3;0,00;RGBA(0.055, 0.218, 0.753, 0.000);Executed
14:41:35;63;RGBA(0.055, 0.218, 0.753, 0.000);1050,00;3;0,00;RGBA(0.055, 0.218, 0.753, 0.000);Executed
14:41:35;64;RGBA(0.055, 0.218, 0.753, 0.000);1050,00;3;0,00;RGBA(0.055, 0.218, 0.753, 0.000);Executed
14:41:36;65;RGBA(0.055, 0.218, 0.753, 0.000);1040,00;3;0,00;RGBA(0.055, 0.218, 0.753, 0.000);Executed
14:41:36;66;RGBA(0.055, 0.218, 0.753, 0.000);1040,00;3;0,00;RGBA(0.055, 0.218, 0.753, 0.000);Executed
14:41:37;67;RGBA(0.968, 1.000, 0.000, 0.000);1050,00;3;0,00;RGBA(0.968, 1.000, 0.000, 0.000);Executed
14:41:37;68;RGBA(0.968, 1.000, 0.000, 0.000);1030,00;3;0,00;RGBA(0.968, 1.000, 0.000, 0.000);Executed
14:41:38;69;RGBA(0.968, 1.000, 0.000, 0.000);1030,00;3;0,00;RGBA(0.968, 1.000, 0.000, 0.000);Executed
14:41:38;70;RGBA(0.000, 0.000, 0.000, 0.000);20,00;3;0,00;RGBA(0.968, 1.000, 0.000, 0.000);Executed
14:41:38;71;RGBA(0.000, 0.000, 0.000, 0.000);20,00;3;0,00;RGBA(0.968, 1.000, 0.000, 0.000);Executed
14:41:39;72;RGBA(0.058, 0.799, 0.659, 0.000);20,00;3;0,00;RGBA(0.968, 1.000, 0.000, 0.000);Executed
14:41:39;73;RGBA(0.058, 0.799, 0.659, 0.000);-130,00;2;0,00;RGBA(0.968, 1.000, 0.000, 0.000);Executed
14:41:39;74;RGBA(1.000, 1.000, 1.000, 0.000);-130,00;2;0,00;RGBA(0.968, 1.000, 0.000, 0.000);Executed
14:41:40;75;RGBA(0.055, 0.218, 0.753, 0.000);-9999,00;1;0,00;RGBA(0.968, 1.000, 0.000, 0.000);Rejected_ClogRisk
14:41:40;76;RGBA(0.055, 0.218, 0.753, 0.000);-9999,00;1;0,00;RGBA(0.968, 1.000, 0.000, 0.000);Rejected_ClogRisk
14:41:40;77;RGBA(0.055, 0.218, 0.753, 0.000);-9999,00;1;0,00;RGBA(0.968, 1.000, 0.000, 0.000);Rejected_ClogRisk
14:41:40;78;RGBA(0.055, 0.218, 0.753, 0.000);-9999,00;1;0,00;RGBA(0.968, 1.000, 0.000, 0.000);Rejected_ClogRisk
14:41:40;79;RGBA(0.055, 0.218, 0.753, 0.000);-9999,00;1;0,00;RGBA(0.968, 1.000, 0.000, 0.000);Rejected_ClogRisk
14:41:40;80;RGBA(0.055, 0.218, 0.753, 0.000);-9999,00;1;0,00;RGBA(0.968, 1.000, 0.000, 0.000);Rejected_ClogRisk
14:41:40;81;RGBA(0.055, 0.218, 0.753, 0.000);-9999,00;1;0,00;RGBA(0.968, 1.000, 0.000, 0.000);Rejected_ClogRisk
14:41:40;82;RGBA(0.055, 0.218, 0.753, 0.000);-9999,00;1;0,00;RGBA(0.968, 1.000, 0.000, 0.000);Rejected_ClogRisk
14:41:40;83;RGBA(0.055, 0.218, 0.753, 0.000);-9999,00;1;0,00;RGBA(0.968, 1.000, 0.000, 0.000);Rejected_ClogRisk
14:41:40;84;RGBA(0.055, 0.218, 0.753, 0.000);-9999,00;1;0,00;RGBA(0.968, 1.000, 0.000, 0.000);Rejected_ClogRisk
14:41:40;85;RGBA(0.055, 0.218, 0.753, 0.000);-9999,00;1;0,00;RGBA(0.968, 1.000, 0.000, 0.000);Rejected_ClogRisk
14:41:40;86;RGBA(0.055, 0.218, 0.753, 0.000);-9999,00;1;0,00;RGBA(0.968, 1.000, 0.000, 0.000);Rejected_ClogRisk
14:41:40;87;RGBA(0.055, 0.218, 0.753, 0.000);-9999,00;1;0,00;RGBA(0.968, 1.000, 0.000, 0.000);Rejected_ClogRisk
14:41:40;88;RGBA(0.055, 0.218, 0.753, 0.000);-9999,00;1;0,00;RGBA(0.968, 1.000, 0.000, 0.000);Rejected_ClogRisk
14:41:40;89;RGBA(0.055, 0.218, 0.753, 0.000);-9999,00;1;0,00;RGBA(0.968, 1.000, 0.000, 0.000);Rejected_ClogRisk
14:41:40;90;RGBA(0.055, 0.218, 0.753, 0.000);-9999,00;1;0,00;RGBA(0.968, 1.000, 0.000, 0.000);Rejected_ClogRisk
14:41:40;91;RGBA(0.055, 0.218, 0.753, 0.000);-9999,00;1;0,00;RGBA(0.968, 1.000, 0.000, 0.000);Rejected_ClogRisk
14:41:40;92;RGBA(0.055, 0.218, 0.753, 0.000);-9999,00;1;0,00;RGBA(0.968, 1.000, 0.000, 0.000);Rejected_ClogRisk
14:41:40;93;RGBA(0.055, 0.218, 0.753, 0.000);-9999,00;1;0,00;RGBA(0.968, 1.000, 0.000, 0.000);Rejected_ClogRisk
14:41:40;94;RGBA(0.055, 0.218, 0.753, 0.000);-9999,00;1;0,00;RGBA(0.968, 1.000, 0.000, 0.000);Rejected_ClogRisk
14:41:40;95;RGBA(0.055, 0.218, 0.753, 0.000);-9999,00;1;0,00;RGBA(0.968, 1.000, 0.000, 0.000);Rejected_ClogRisk
14:41:40;96;RGBA(0.055, 0.218, 0.753, 0.000);-9999,00;1;0,00;RGBA(0.968, 1.000, 0.000, 0.000);Rejected_ClogRisk
14:41:40;97;RGBA(0.055, 0.218, 0.753, 0.000);-9999,00;1;0,00;RGBA(0.968, 1.000, 0.000, 0.000);Rejected_ClogRisk
14:41:40;98;RGBA(0.055, 0.218, 0.753, 0.000);-9999,00;1;0,00;RGBA(0.968, 1.000, 0.000, 0.000);Rejected_ClogRisk
14:41:40;99;RGBA(0.055, 0.218, 0.753, 0.000);-9999,00;1;0,00;RGBA(0.968, 1.000, 0.000, 0.000);Rejected_ClogRisk
14:41:40;100;RGBA(0.055, 0.218, 0.753, 0.000);-9999,00;1;0,00;RGBA(0.968, 1.000, 0.000, 0.000);Rejected_ClogRisk
14:41:40;101;RGBA(0.055, 0.218, 0.753, 0.000);-9999,00;1;0,00;RGBA(0.968, 1.000, 0.000, 0.000);Rejected_ClogRisk
14:41:40;102;RGBA(0.055, 0.218, 0.753, 0.000);-9999,00;1;0,00;RGBA(0.968, 1.000, 0.000, 0.000);Rejected_ClogRisk
14:41:40;103;RGBA(0.055, 0.218, 0.753, 0.000);-9999,00;1;0,00;RGBA(0.968, 1.000, 0.000, 0.000);Rejected_ClogRisk
14:41:40;104;RGBA(0.055, 0.218, 0.753, 0.000);-9999,00;1;0,00;RGBA(0.968, 1.000, 0.000, 0.000);Rejected_ClogRisk
14:41:40;105;RGBA(0.055, 0.218, 0.753, 0.000);-9999,00;1;0,00;RGBA(0.968, 1.000, 0.000, 0.000);Rejected_ClogRisk
14:41:40;106;RGBA(0.055, 0.218, 0.753, 0.000);-9999,00;1;0,00;RGBA(0.968, 1.000, 0.000, 0.000);Rejected_ClogRisk
14:41:40;107;RGBA(0.055, 0.218, 0.753, 0.000);-9999,00;1;0,00;RGBA(0.968, 1.000, 0.000, 0.000);Rejected_ClogRisk
14:41:40;108;RGBA(0.055, 0.218, 0.753, 0.000);-9999,00;1;0,00;RGBA(0.968, 1.000, 0.000, 0.000);Rejected_ClogRisk
14:41:40;109;RGBA(0.055, 0.218, 0.753, 0.000);-9999,00;1;0,00;RGBA(0.968, 1.000, 0.000, 0.000);Rejected_ClogRisk
14:41:40;110;RGBA(0.055, 0.218, 0.753, 0.000);-9999,00;1;0,00;RGBA(0.968, 1.000, 0.000, 0.000);Rejected_ClogRisk
14:41:40;111;RGBA(0.055, 0.218, 0.753, 0.000);-9999,00;1;0,00;RGBA(0.968, 1.000, 0.000, 0.000);Rejected_ClogRisk
14:41:40;112;RGBA(0.055, 0.218, 0.753, 0.000);-9999,00;1;0,00;RGBA(0.968, 1.000, 0.000, 0.000);Rejected_ClogRisk
14:41:40;113;RGBA(0.055, 0.218, 0.753, 0.000);-9999,00;1;0,00;RGBA(0.968, 1.000, 0.000, 0.000);Rejected_ClogRisk
14:41:40;114;RGBA(0.055, 0.218, 0.753, 0.000);-9999,00;1;0,00;RGBA(0.968, 1.000, 0.000, 0.000);Rejected_ClogRisk
14:41:40;115;RGBA(0.055, 0.218, 0.753, 0.000);-9999,00;1;0,00;RGBA(0.968, 1.000, 0.000, 0.000);Rejected_ClogRisk
14:41:40;116;RGBA(0.055, 0.218, 0.753, 0.000);-9999,00;1;0,00;RGBA(0.968, 1.000, 0.000, 0.000);Rejected_ClogRisk
14:41:40;117;RGBA(0.055, 0.218, 0.753, 0.000);-9999,00;1;0,00;RGBA(0.968, 1.000, 0.000, 0.000);Rejected_ClogRisk
14:41:40;118;RGBA(0.055, 0.218, 0.753, 0.000);-9999,00;1;0,00;RGBA(0.968, 1.000, 0.000, 0.000);Rejected_ClogRisk
14:41:40;119;RGBA(0.055, 0.218, 0.753, 0.000);-9999,00;1;0,00;RGBA(0.968, 1.000, 0.000, 0.000);Rejected_ClogRisk
14:41:40;120;RGBA(0.055, 0.218, 0.753, 0.000);-9999,00;1;0,00;RGBA(0.968, 1.000, 0.000, 0.000);Rejected_ClogRisk
14:41:40;121;RGBA(0.055, 0.218, 0.753, 0.000);-9999,00;1;0,00;RGBA(0.968, 1.000, 0.000, 0.000);Rejected_ClogRisk
14:41:40;122;RGBA(0.055, 0.218, 0.753, 0.000);-9999,00;1;0,00;RGBA(0.968, 1.000, 0.000, 0.000);Rejected_ClogRisk
14:41:40;123;RGBA(0.055, 0.218, 0.753, 0.000);-9999,00;1;0,00;RGBA(0.968, 1.000, 0.000, 0.000);Rejected_ClogRisk
14:41:40;124;RGBA(0.055, 0.218, 0.753, 0.000);-9999,00;1;0,00;RGBA(0.968, 1.000, 0.000, 0.000);Rejected_ClogRisk
14:41:40;125;RGBA(0.055, 0.218, 0.753, 0.000);-9999,00;1;0,00;RGBA(0.968, 1.000, 0.000, 0.000);Rejected_ClogRisk
14:41:40;126;RGBA(0.055, 0.218, 0.753, 0.000);-9999,00;1;0,00;RGBA(0.968, 1.000, 0.000, 0.000);Rejected_ClogRisk
14:41:40;127;RGBA(0.055, 0.218, 0.753, 0.000);-9999,00;1;0,00;RGBA(0.968, 1.000, 0.000, 0.000);Rejected_ClogRisk
14:41:40;128;RGBA(0.055, 0.218, 0.753, 0.000);-9999,00;1;0,00;RGBA(0.968, 1.000, 0.000, 0.000);Rejected_ClogRisk
14:41:40;129;RGBA(0.055, 0.218, 0.753, 0.000);-9999,00;1;0,00;RGBA(0.968, 1.000, 0.000, 0.000);Rejected_ClogRisk
14:41:40;130;RGBA(0.055, 0.218, 0.753, 0.000);-9999,00;1;0,00;RGBA(0.968, 1.000, 0.000, 0.000);Rejected_ClogRisk
14:41:40;131;RGBA(0.055, 0.218, 0.753, 0.000);-9999,00;1;0,00;RGBA(0.968, 1.000, 0.000, 0.000);Rejected_ClogRisk
14:41:40;132;RGBA(0.055, 0.218, 0.753, 0.000);-9999,00;1;0,00;RGBA(0.968, 1.000, 0.000, 0.000);Rejected_ClogRisk
14:41:40;133;RGBA(0.055, 0.218, 0.753, 0.000);-9999,00;1;0,00;RGBA(0.968, 1.000, 0.000, 0.000);Rejected_ClogRisk
14:41:40;134;RGBA(0.055, 0.218, 0.753, 0.000);-9999,00;1;0,00;RGBA(0.968, 1.000, 0.000, 0.000);Rejected_ClogRisk
14:41:40;135;RGBA(0.055, 0.218, 0.753, 0.000);-9999,00;1;0,00;RGBA(0.968, 1.000, 0.000, 0.000);Rejected_ClogRisk
14:41:40;136;RGBA(0.055, 0.218, 0.753, 0.000);-9999,00;1;0,00;RGBA(0.968, 1.000, 0.000, 0.000);Rejected_ClogRisk
14:41:40;137;RGBA(0.055, 0.218, 0.753, 0.000);-9999,00;1;0,00;RGBA(0.968, 1.000, 0.000, 0.000);Rejected_ClogRisk
14:41:40;138;RGBA(0.055, 0.218, 0.753, 0.000);-9999,00;1;0,00;RGBA(0.968, 1.000, 0.000, 0.000);Rejected_ClogRisk
14:41:40;139;RGBA(0.055, 0.218, 0.753, 0.000);-9999,00;1;0,00;RGBA(0.968, 1.000, 0.000, 0.000);Rejected_ClogRisk
14:41:40;140;RGBA(0.055, 0.218, 0.753, 0.000);-9999,00;1;0,00;RGBA(0.968, 1.000, 0.000, 0.000);Rejected_ClogRisk
14:41:40;141;RGBA(0.055, 0.218, 0.753, 0.000);-9999,00;1;0,00;RGBA(0.968, 1.000, 0.000, 0.000);Rejected_ClogRisk
14:41:40;142;RGBA(0.055, 0.218, 0.753, 0.000);-9999,00;1;0,00;RGBA(0.968, 1.000, 0.000, 0.000);Rejected_ClogRisk
14:41:40;143;RGBA(0.055, 0.218, 0.753, 0.000);-9999,00;1;0,00;RGBA(0.968, 1.000, 0.000, 0.000);Rejected_ClogRisk
14:41:40;144;RGBA(0.055, 0.218, 0.753, 0.000);-9999,00;1;0,00;RGBA(0.968, 1.000, 0.000, 0.000);Rejected_ClogRisk
14:41:40;145;RGBA(0.055, 0.218, 0.753, 0.000);-9999,00;1;0,00;RGBA(0.968, 1.000, 0.000, 0.000);Rejected_ClogRisk
14:41:40;146;RGBA(0.055, 0.218, 0.753, 0.000);-9999,00;1;0,00;RGBA(0.968, 1.000, 0.000, 0.000);Rejected_ClogRisk
14:41:40;147;RGBA(0.055, 0.218, 0.753, 0.000);-9999,00;1;0,00;RGBA(0.968, 1.000, 0.000, 0.000);Rejected_ClogRisk
14:41:40;148;RGBA(0.055, 0.218, 0.753, 0.000);-9999,00;1;0,00;RGBA(0.968, 1.000, 0.000, 0.000);Rejected_ClogRisk
14:41:40;149;RGBA(0.055, 0.218, 0.753, 0.000);-9999,00;1;0,00;RGBA(0.968, 1.000, 0.000, 0.000);Rejected_ClogRisk
14:41:40;150;RGBA(0.055, 0.218, 0.753, 0.000);-9999,00;1;0,00;RGBA(0.968, 1.000, 0.000, 0.000);Rejected_ClogRisk
14:41:40;151;RGBA(0.055, 0.218, 0.753, 0.000);-9999,00;1;0,00;RGBA(0.968, 1.000, 0.000, 0.000);Rejected_ClogRisk
14:41:40;152;RGBA(0.055, 0.218, 0.753, 0.000);-9999,00;1;0,00;RGBA(0.968, 1.000, 0.000, 0.000);Rejected_ClogRisk
14:41:40;153;RGBA(0.055, 0.218, 0.753, 0.000);-9999,00;1;0,00;RGBA(0.968, 1.000, 0.000, 0.000);Rejected_ClogRisk
14:41:40;154;RGBA(0.055, 0.218, 0.753, 0.000);-9999,00;1;0,00;RGBA(0.968, 1.000, 0.000, 0.000);Rejected_ClogRisk
14:41:40;155;RGBA(0.055, 0.218, 0.753, 0.000);-9999,00;1;0,00;RGBA(0.968, 1.000, 0.000, 0.000);Rejected_ClogRisk
14:41:40;156;RGBA(0.055, 0.218, 0.753, 0.000);-9999,00;1;0,00;RGBA(0.968, 1.000, 0.000, 0.000);Rejected_ClogRisk
14:41:40;157;RGBA(0.055, 0.218, 0.753, 0.000);-9999,00;1;0,00;RGBA(0.968, 1.000, 0.000, 0.000);Rejected_ClogRisk
14:41:40;158;RGBA(0.055, 0.218, 0.753, 0.000);-9999,00;1;0,00;RGBA(0.968, 1.000, 0.000, 0.000);Rejected_ClogRisk
14:41:40;159;RGBA(0.055, 0.218, 0.753, 0.000);-9999,00;1;0,00;RGBA(0.968, 1.000, 0.000, 0.000);Rejected_ClogRisk
14:41:40;160;RGBA(0.055, 0.218, 0.753, 0.000);-9999,00;1;0,00;RGBA(0.968, 1.000, 0.000, 0.000);Rejected_ClogRisk
14:41:40;161;RGBA(0.055, 0.218, 0.753, 0.000);-9999,00;1;0,00;RGBA(0.968, 1.000, 0.000, 0.000);Rejected_ClogRisk
14:41:40;162;RGBA(0.055, 0.218, 0.753, 0.000);-9999,00;1;0,00;RGBA(0.968, 1.000, 0.000, 0.000);Rejected_ClogRisk
14:41:40;163;RGBA(0.055, 0.218, 0.753, 0.000);-9999,00;1;0,00;RGBA(0.968, 1.000, 0.000, 0.000);Rejected_ClogRisk
14:41:40;164;RGBA(0.055, 0.218, 0.753, 0.000);-9999,00;1;0,00;RGBA(0.968, 1.000, 0.000, 0.000);Rejected_ClogRisk
14:41:40;165;RGBA(0.055, 0.218, 0.753, 0.000);-9999,00;1;0,00;RGBA(0.968, 1.000, 0.000, 0.000);Rejected_ClogRisk
14:41:40;166;RGBA(0.055, 0.218, 0.753, 0.000);-9999,00;1;0,00;RGBA(0.968, 1.000, 0.000, 0.000);Rejected_ClogRisk
14:41:40;167;RGBA(0.055, 0.218, 0.753, 0.000);-9999,00;1;0,00;RGBA(0.968, 1.000, 0.000, 0.000);Rejected_ClogRisk
14:41:40;168;RGBA(0.055, 0.218, 0.753, 0.000);-9999,00;1;0,00;RGBA(0.968, 1.000, 0.000, 0.000);Rejected_ClogRisk
14:41:40;169;RGBA(0.055, 0.218, 0.753, 0.000);-9999,00;1;0,00;RGBA(0.968, 1.000, 0.000, 0.000);Rejected_ClogRisk
14:41:40;170;RGBA(0.055, 0.218, 0.753, 0.000);-9999,00;1;0,00;RGBA(0.968, 1.000, 0.000, 0.000);Rejected_ClogRisk
14:41:40;171;RGBA(0.055, 0.218, 0.753, 0.000);-9999,00;1;0,00;RGBA(0.968, 1.000, 0.000, 0.000);Rejected_ClogRisk
14:41:40;172;RGBA(0.055, 0.218, 0.753, 0.000);-9999,00;1;0,00;RGBA(0.968, 1.000, 0.000, 0.000);Rejected_ClogRisk
14:41:40;173;RGBA(0.055, 0.218, 0.753, 0.000);-9999,00;1;0,00;RGBA(0.968, 1.000, 0.000, 0.000);Rejected_ClogRisk
14:41:40;174;RGBA(0.055, 0.218, 0.753, 0.000);-9999,00;1;0,00;RGBA(0.968, 1.000, 0.000, 0.000);Rejected_ClogRisk
14:41:40;175;RGBA(0.055, 0.218, 0.753, 0.000);-9999,00;1;0,00;RGBA(0.968, 1.000, 0.000, 0.000);Rejected_ClogRisk
14:41:40;176;RGBA(0.055, 0.218, 0.753, 0.000);-9999,00;1;0,00;RGBA(0.968, 1.000, 0.000, 0.000);Rejected_ClogRisk
14:41:40;177;RGBA(0.055, 0.218, 0.753, 0.000);-9999,00;1;0,00;RGBA(0.968, 1.000, 0.000, 0.000);Rejected_ClogRisk
14:41:40;178;RGBA(0.055, 0.218, 0.753, 0.000);-9999,00;1;0,00;RGBA(0.968, 1.000, 0.000, 0.000);Rejected_ClogRisk
14:41:40;179;RGBA(0.055, 0.218, 0.753, 0.000);-9999,00;1;0,00;RGBA(0.968, 1.000, 0.000, 0.000);Rejected_ClogRisk
14:41:40;180;RGBA(0.055, 0.218, 0.753, 0.000);-9999,00;1;0,00;RGBA(0.968, 1.000, 0.000, 0.000);Rejected_ClogRisk
14:41:40;181;RGBA(0.055, 0.218, 0.753, 0.000);-9999,00;1;0,00;RGBA(0.968, 1.000, 0.000, 0.000);Rejected_ClogRisk
14:41:40;182;RGBA(0.055, 0.218, 0.753, 0.000);-9999,00;1;0,00;RGBA(0.968, 1.000, 0.000, 0.000);Rejected_ClogRisk
14:41:40;183;RGBA(0.055, 0.218, 0.753, 0.000);-9999,00;1;0,00;RGBA(0.968, 1.000, 0.000, 0.000);Rejected_ClogRisk
14:41:40;184;RGBA(0.055, 0.218, 0.753, 0.000);-9999,00;1;0,00;RGBA(0.968, 1.000, 0.000, 0.000);Rejected_ClogRisk
14:41:40;185;RGBA(0.055, 0.218, 0.753, 0.000);-9999,00;1;0,00;RGBA(0.968, 1.000, 0.000, 0.000);Rejected_ClogRisk
14:41:40;186;RGBA(0.055, 0.218, 0.753, 0.000);-9999,00;1;0,00;RGBA(0.968, 1.000, 0.000, 0.000);Rejected_ClogRisk
14:41:40;187;RGBA(0.055, 0.218, 0.753, 0.000);-9999,00;1;0,00;RGBA(0.968, 1.000, 0.000, 0.000);Rejected_ClogRisk
14:41:40;188;RGBA(0.055, 0.218, 0.753, 0.000);-9999,00;1;0,00;RGBA(0.968, 1.000, 0.000, 0.000);Rejected_ClogRisk
14:41:40;189;RGBA(0.055, 0.218, 0.753, 0.000);-9999,00;1;0,00;RGBA(0.968, 1.000, 0.000, 0.000);Rejected_ClogRisk
14:41:40;190;RGBA(0.055, 0.218, 0.753, 0.000);-9999,00;1;0,00;RGBA(0.968, 1.000, 0.000, 0.000);Rejected_ClogRisk
14:41:40;191;RGBA(0.055, 0.218, 0.753, 0.000);-9999,00;1;0,00;RGBA(0.968, 1.000, 0.000, 0.000);Rejected_ClogRisk
14:41:40;192;RGBA(0.055, 0.218, 0.753, 0.000);-9999,00;1;0,00;RGBA(0.968, 1.000, 0.000, 0.000);Rejected_ClogRisk
14:41:40;193;RGBA(0.055, 0.218, 0.753, 0.000);-9999,00;1;0,00;RGBA(0.968, 1.000, 0.000, 0.000);Rejected_ClogRisk
14:41:40;194;RGBA(0.055, 0.218, 0.753, 0.000);-9999,00;1;0,00;RGBA(0.968, 1.000, 0.000, 0.000);Rejected_ClogRisk
14:41:40;195;RGBA(0.055, 0.218, 0.753, 0.000);-9999,00;1;0,00;RGBA(0.968, 1.000, 0.000, 0.000);Rejected_ClogRisk
14:41:40;196;RGBA(0.055, 0.218, 0.753, 0.000);-9999,00;1;0,00;RGBA(0.968, 1.000, 0.000, 0.000);Rejected_ClogRisk
14:41:40;197;RGBA(0.055, 0.218, 0.753, 0.000);-9999,00;1;0,00;RGBA(0.968, 1.000, 0.000, 0.000);Rejected_ClogRisk
14:41:40;198;RGBA(0.055, 0.218, 0.753, 0.000);-9999,00;1;0,00;RGBA(0.968, 1.000, 0.000, 0.000);Rejected_ClogRisk
14:41:40;199;RGBA(0.055, 0.218, 0.753, 0.000);-9999,00;1;0,00;RGBA(0.968, 1.000, 0.000, 0.000);Rejected_ClogRisk
14:41:40;200;RGBA(0.055, 0.218, 0.753, 0.000);-9999,00;1;0,00;RGBA(0.968, 1.000, 0.000, 0.000);Rejected_ClogRisk
14:41:40;201;RGBA(0.055, 0.218, 0.753, 0.000);-9999,00;1;0,00;RGBA(0.968, 1.000, 0.000, 0.000);Rejected_ClogRisk
14:41:40;202;RGBA(0.055, 0.218, 0.753, 0.000);-9999,00;1;0,00;RGBA(0.968, 1.000, 0.000, 0.000);Rejected_ClogRisk
14:41:40;203;RGBA(0.055, 0.218, 0.753, 0.000);-9999,00;1;0,00;RGBA(0.968, 1.000, 0.000, 0.000);Rejected_ClogRisk
14:41:40;204;RGBA(0.055, 0.218, 0.753, 0.000);-9999,00;1;0,00;RGBA(0.968, 1.000, 0.000, 0.000);Rejected_ClogRisk
14:41:40;205;RGBA(0.055, 0.218, 0.753, 0.000);-9999,00;1;0,00;RGBA(0.968, 1.000, 0.000, 0.000);Rejected_ClogRisk
14:41:40;206;RGBA(0.055, 0.218, 0.753, 0.000);-9999,00;1;0,00;RGBA(0.968, 1.000, 0.000, 0.000);Rejected_ClogRisk
14:41:40;207;RGBA(0.055, 0.218, 0.753, 0.000);-9999,00;1;0,00;RGBA(0.968, 1.000, 0.000, 0.000);Rejected_ClogRisk
14:41:40;208;RGBA(0.055, 0.218, 0.753, 0.000);-9999,00;1;0,00;RGBA(0.968, 1.000, 0.000, 0.000);Rejected_ClogRisk
14:41:40;209;RGBA(0.055, 0.218, 0.753, 0.000);-9999,00;1;0,00;RGBA(0.968, 1.000, 0.000, 0.000);Rejected_ClogRisk
14:41:40;210;RGBA(0.055, 0.218, 0.753, 0.000);-9999,00;1;0,00;RGBA(0.968, 1.000, 0.000, 0.000);Rejected_ClogRisk
14:41:40;211;RGBA(0.055, 0.218, 0.753, 0.000);-9999,00;1;0,00;RGBA(0.968, 1.000, 0.000, 0.000);Rejected_ClogRisk
14:41:40;212;RGBA(0.055, 0.218, 0.753, 0.000);-9999,00;1;0,00;RGBA(0.968, 1.000, 0.000, 0.000);Rejected_ClogRisk
14:41:40;213;RGBA(0.055, 0.218, 0.753, 0.000);-9999,00;1;0,00;RGBA(0.968, 1.000, 0.000, 0.000);Rejected_ClogRisk
14:41:40;214;RGBA(0.055, 0.218, 0.753, 0.000);-9999,00;1;0,00;RGBA(0.968, 1.000, 0.000, 0.000);Rejected_ClogRisk
14:41:40;215;RGBA(0.055, 0.218, 0.753, 0.000);-9999,00;1;0,00;RGBA(0.968, 1.000, 0.000, 0.000);Rejected_ClogRisk
14:41:40;216;RGBA(0.055, 0.218, 0.753, 0.000);-9999,00;1;0,00;RGBA(0.968, 1.000, 0.000, 0.000);Rejected_ClogRisk
14:41:40;217;RGBA(0.055, 0.218, 0.753, 0.000);-9999,00;1;0,00;RGBA(0.968, 1.000, 0.000, 0.000);Rejected_ClogRisk
14:41:40;218;RGBA(0.055, 0.218, 0.753, 0.000);-9999,00;1;0,00;RGBA(0.968, 1.000, 0.000, 0.000);Rejected_ClogRisk
14:41:40;219;RGBA(0.055, 0.218, 0.753, 0.000);-9999,00;1;0,00;RGBA(0.968, 1.000, 0.000, 0.000);Rejected_ClogRisk
14:41:40;220;RGBA(0.055, 0.218, 0.753, 0.000);-9999,00;1;0,00;RGBA(0.968, 1.000, 0.000, 0.000);Rejected_ClogRisk
14:41:40;221;RGBA(0.055, 0.218, 0.753, 0.000);-9999,00;1;0,00;RGBA(0.968, 1.000, 0.000, 0.000);Rejected_ClogRisk
14:41:40;222;RGBA(0.055, 0.218, 0.753, 0.000);-9999,00;1;0,00;RGBA(0.968, 1.000, 0.000, 0.000);Rejected_ClogRisk
14:41:40;223;RGBA(0.055, 0.218, 0.753, 0.000);-9999,00;1;0,00;RGBA(0.968, 1.000, 0.000, 0.000);Rejected_ClogRisk
14:41:40;224;RGBA(0.055, 0.218, 0.753, 0.000);-9999,00;1;0,00;RGBA(0.968, 1.000, 0.000, 0.000);Rejected_ClogRisk
14:41:40;225;RGBA(0.055, 0.218, 0.753, 0.000);-9999,00;1;0,00;RGBA(0.968, 1.000, 0.000, 0.000);Rejected_ClogRisk
14:41:40;226;RGBA(0.055, 0.218, 0.753, 0.000);-9999,00;1;0,00;RGBA(0.968, 1.000, 0.000, 0.000);Rejected_ClogRisk
14:41:40;227;RGBA(0.055, 0.218, 0.753, 0.000);-9999,00;1;0,00;RGBA(0.968, 1.000, 0.000, 0.000);Rejected_ClogRisk
14:41:40;228;RGBA(0.055, 0.218, 0.753, 0.000);-9999,00;1;0,00;RGBA(0.968, 1.000, 0.000, 0.000);Rejected_ClogRisk
14:41:40;229;RGBA(0.055, 0.218, 0.753, 0.000);-9999,00;1;0,00;RGBA(0.968, 1.000, 0.000, 0.000);Rejected_ClogRisk
14:41:40;230;RGBA(0.055, 0.218, 0.753, 0.000);-9999,00;1;0,00;RGBA(0.968, 1.000, 0.000, 0.000);Rejected_ClogRisk
14:41:40;231;RGBA(0.055, 0.218, 0.753, 0.000);-9999,00;1;0,00;RGBA(0.968, 1.000, 0.000, 0.000);Rejected_ClogRisk
14:41:40;232;RGBA(0.055, 0.218, 0.753, 0.000);-9999,00;1;0,00;RGBA(0.968, 1.000, 0.000, 0.000);Rejected_ClogRisk
14:41:40;233;RGBA(0.055, 0.218, 0.753, 0.000);-9999,00;1;0,00;RGBA(0.968, 1.000, 0.000, 0.000);Rejected_ClogRisk
14:41:40;234;RGBA(0.055, 0.218, 0.753, 0.000);-9999,00;1;0,00;RGBA(0.968, 1.000, 0.000, 0.000);Rejected_ClogRisk
14:41:40;235;RGBA(0.055, 0.218, 0.753, 0.000);-9999,00;1;0,00;RGBA(0.968, 1.000, 0.000, 0.000);Rejected_ClogRisk
14:41:40;236;RGBA(0.055, 0.218, 0.753, 0.000);-9999,00;1;0,00;RGBA(0.968, 1.000, 0.000, 0.000);Rejected_ClogRisk
14:41:40;237;RGBA(0.055, 0.218, 0.753, 0.000);-9999,00;1;0,00;RGBA(0.968, 1.000, 0.000, 0.000);Rejected_ClogRisk
14:41:40;238;RGBA(0.055, 0.218, 0.753, 0.000);-9999,00;1;0,00;RGBA(0.968, 1.000, 0.000, 0.000);Rejected_ClogRisk
14:41:40;239;RGBA(0.055, 0.218, 0.753, 0.000);-9999,00;1;0,00;RGBA(0.968, 1.000, 0.000, 0.000);Rejected_ClogRisk
14:41:40;240;RGBA(0.055, 0.218, 0.753, 0.000);-9999,00;1;0,00;RGBA(0.968, 1.000, 0.000, 0.000);Rejected_ClogRisk
14:41:40;241;RGBA(0.055, 0.218, 0.753, 0.000);-9999,00;1;0,00;RGBA(0.968, 1.000, 0.000, 0.000);Rejected_ClogRisk
14:41:40;242;RGBA(0.055, 0.218, 0.753, 0.000);-9999,00;1;0,00;RGBA(0.968, 1.000, 0.000, 0.000);Rejected_ClogRisk
14:41:40;243;RGBA(0.055, 0.218, 0.753, 0.000);-9999,00;1;0,00;RGBA(0.968, 1.000, 0.000, 0.000);Rejected_ClogRisk
14:41:40;244;RGBA(0.055, 0.218, 0.753, 0.000);-9999,00;1;0,00;RGBA(0.968, 1.000, 0.000, 0.000);Rejected_ClogRisk
14:41:40;245;RGBA(0.055, 0.218, 0.753, 0.000);-9999,00;1;0,00;RGBA(0.968, 1.000, 0.000, 0.000);Rejected_ClogRisk
14:41:40;246;RGBA(0.055, 0.218, 0.753, 0.000);-9999,00;1;0,00;RGBA(0.968, 1.000, 0.000, 0.000);Rejected_ClogRisk
14:41:40;247;RGBA(0.055, 0.218, 0.753, 0.000);-9999,00;1;0,00;RGBA(0.968, 1.000, 0.000, 0.000);Rejected_ClogRisk
14:41:40;248;RGBA(0.055, 0.218, 0.753, 0.000);-9999,00;1;0,00;RGBA(0.968, 1.000, 0.000, 0.000);Rejected_ClogRisk
14:41:40;249;RGBA(0.055, 0.218, 0.753, 0.000);-9999,00;1;0,00;RGBA(0.968, 1.000, 0.000, 0.000);Rejected_ClogRisk
14:41:40;250;RGBA(0.055, 0.218, 0.753, 0.000);-9999,00;1;0,00;RGBA(0.968, 1.000, 0.000, 0.000);Rejected_ClogRisk
14:41:40;251;RGBA(0.055, 0.218, 0.753, 0.000);-9999,00;1;0,00;RGBA(0.968, 1.000, 0.000, 0.000);Rejected_ClogRisk
14:41:40;252;RGBA(0.055, 0.218, 0.753, 0.000);-9999,00;1;0,00;RGBA(0.968, 1.000, 0.000, 0.000);Rejected_ClogRisk
14:41:40;253;RGBA(0.055, 0.218, 0.753, 0.000);-9999,00;1;0,00;RGBA(0.968, 1.000, 0.000, 0.000);Rejected_ClogRisk
14:41:40;254;RGBA(0.055, 0.218, 0.753, 0.000);-9999,00;1;0,00;RGBA(0.968, 1.000, 0.000, 0.000);Rejected_ClogRisk
14:41:40;255;RGBA(0.055, 0.218, 0.753, 0.000);-9999,00;1;0,00;RGBA(0.968, 1.000, 0.000, 0.000);Rejected_ClogRisk
14:41:40;256;RGBA(0.055, 0.218, 0.753, 0.000);-9999,00;1;0,00;RGBA(0.968, 1.000, 0.000, 0.000);Rejected_ClogRisk
14:41:40;257;RGBA(0.055, 0.218, 0.753, 0.000);-9999,00;1;0,00;RGBA(0.968, 1.000, 0.000, 0.000);Rejected_ClogRisk
14:41:40;258;RGBA(0.055, 0.218, 0.753, 0.000);-9999,00;1;0,00;RGBA(0.968, 1.000, 0.000, 0.000);Rejected_ClogRisk
14:41:40;259;RGBA(0.055, 0.218, 0.753, 0.000);-9999,00;1;0,00;RGBA(0.968, 1.000, 0.000, 0.000);Rejected_ClogRisk
14:41:40;260;RGBA(0.055, 0.218, 0.753, 0.000);-9999,00;1;0,00;RGBA(0.968, 1.000, 0.000, 0.000);Rejected_ClogRisk
14:41:40;261;RGBA(0.055, 0.218, 0.753, 0.000);-9999,00;1;0,00;RGBA(0.968, 1.000, 0.000, 0.000);Rejected_ClogRisk
14:41:40;262;RGBA(0.055, 0.218, 0.753, 0.000);-9999,00;1;0,00;RGBA(0.968, 1.000, 0.000, 0.000);Rejected_ClogRisk
14:41:40;263;RGBA(0.055, 0.218, 0.753, 0.000);-9999,00;1;0,00;RGBA(0.968, 1.000, 0.000, 0.000);Rejected_ClogRisk
14:41:40;264;RGBA(0.055, 0.218, 0.753, 0.000);-9999,00;1;0,00;RGBA(0.968, 1.000, 0.000, 0.000);Rejected_ClogRisk
14:41:40;265;RGBA(0.055, 0.218, 0.753, 0.000);-9999,00;1;0,00;RGBA(0.968, 1.000, 0.000, 0.000);Rejected_ClogRisk
14:41:40;266;RGBA(0.055, 0.218, 0.753, 0.000);-9999,00;1;0,00;RGBA(0.968, 1.000, 0.000, 0.000);Rejected_ClogRisk
14:41:40;267;RGBA(0.055, 0.218, 0.753, 0.000);-9999,00;1;0,00;RGBA(0.968, 1.000, 0.000, 0.000);Rejected_ClogRisk
14:41:40;268;RGBA(0.055, 0.218, 0.753, 0.000);-9999,00;1;0,00;RGBA(0.968, 1.000, 0.000, 0.000);Rejected_ClogRisk
14:41:40;269;RGBA(0.055, 0.218, 0.753, 0.000);-9999,00;1;0,00;RGBA(0.968, 1.000, 0.000, 0.000);Rejected_ClogRisk
14:41:40;270;RGBA(0.055, 0.218, 0.753, 0.000);-9999,00;1;0,00;RGBA(0.968, 1.000, 0.000, 0.000);Rejected_ClogRisk
14:41:40;271;RGBA(0.055, 0.218, 0.753, 0.000);-9999,00;1;0,00;RGBA(0.968, 1.000, 0.000, 0.000);Rejected_ClogRisk
14:41:40;272;RGBA(0.055, 0.218, 0.753, 0.000);-9999,00;1;0,00;RGBA(0.968, 1.000, 0.000, 0.000);Rejected_ClogRisk
14:41:40;273;RGBA(0.055, 0.218, 0.753, 0.000);-9999,00;1;0,00;RGBA(0.968, 1.000, 0.000, 0.000);Rejected_ClogRisk
14:41:40;274;RGBA(0.055, 0.218, 0.753, 0.000);-9999,00;1;0,00;RGBA(0.968, 1.000, 0.000, 0.000);Rejected_ClogRisk
14:41:40;275;RGBA(0.055, 0.218, 0.753, 0.000);-9999,00;1;0,00;RGBA(0.968, 1.000, 0.000, 0.000);Rejected_ClogRisk
14:41:40;276;RGBA(0.055, 0.218, 0.753, 0.000);-9999,00;1;0,00;RGBA(0.968, 1.000, 0.000, 0.000);Rejected_ClogRisk
14:41:40;277;RGBA(0.055, 0.218, 0.753, 0.000);-9999,00;1;0,00;RGBA(0.968, 1.000, 0.000, 0.000);Rejected_ClogRisk
14:41:40;278;RGBA(0.055, 0.218, 0.753, 0.000);-9999,00;1;0,00;RGBA(0.968, 1.000, 0.000, 0.000);Rejected_ClogRisk
14:41:40;279;RGBA(0.055, 0.218, 0.753, 0.000);-9999,00;1;0,00;RGBA(0.968, 1.000, 0.000, 0.000);Rejected_ClogRisk
14:41:40;280;RGBA(0.055, 0.218, 0.753, 0.000);-9999,00;1;0,00;RGBA(0.968, 1.000, 0.000, 0.000);Rejected_ClogRisk
14:41:40;281;RGBA(0.055, 0.218, 0.753, 0.000);-9999,00;1;0,00;RGBA(0.968, 1.000, 0.000, 0.000);Rejected_ClogRisk
14:41:40;282;RGBA(0.055, 0.218, 0.753, 0.000);-9999,00;1;0,00;RGBA(0.968, 1.000, 0.000, 0.000);Rejected_ClogRisk
14:41:40;283;RGBA(0.055, 0.218, 0.753, 0.000);-9999,00;1;0,00;RGBA(0.968, 1.000, 0.000, 0.000);Rejected_ClogRisk
14:41:40;284;RGBA(0.055, 0.218, 0.753, 0.000);-9999,00;1;0,00;RGBA(0.968, 1.000, 0.000, 0.000);Rejected_ClogRisk
14:41:40;285;RGBA(0.055, 0.218, 0.753, 0.000);-9999,00;1;0,00;RGBA(0.968, 1.000, 0.000, 0.000);Rejected_ClogRisk
14:41:40;286;RGBA(0.055, 0.218, 0.753, 0.000);-9999,00;1;0,00;RGBA(0.968, 1.000, 0.000, 0.000);Rejected_ClogRisk
14:41:40;287;RGBA(0.055, 0.218, 0.753, 0.000);-9999,00;1;0,00;RGBA(0.968, 1.000, 0.000, 0.000);Rejected_ClogRisk
14:41:40;288;RGBA(0.055, 0.218, 0.753, 0.000);-9999,00;1;0,00;RGBA(0.968, 1.000, 0.000, 0.000);Rejected_ClogRisk
14:41:40;289;RGBA(0.055, 0.218, 0.753, 0.000);-9999,00;1;0,00;RGBA(0.968, 1.000, 0.000, 0.000);Rejected_ClogRisk
14:41:40;290;RGBA(0.055, 0.218, 0.753, 0.000);-9999,00;1;0,00;RGBA(0.968, 1.000, 0.000, 0.000);Rejected_ClogRisk
14:41:40;291;RGBA(0.055, 0.218, 0.753, 0.000);-9999,00;1;0,00;RGBA(0.968, 1.000, 0.000, 0.000);Rejected_ClogRisk
14:41:40;292;RGBA(0.055, 0.218, 0.753, 0.000);-9999,00;1;0,00;RGBA(0.968, 1.000, 0.000, 0.000);Rejected_ClogRisk
14:41:40;293;RGBA(0.055, 0.218, 0.753, 0.000);-9999,00;1;0,00;RGBA(0.968, 1.000, 0.000, 0.000);Rejected_ClogRisk
14:41:40;294;RGBA(0.055, 0.218, 0.753, 0.000);-9999,00;1;0,00;RGBA(0.968, 1.000, 0.000, 0.000);Rejected_ClogRisk
14:41:40;295;RGBA(0.055, 0.218, 0.753, 0.000);-9999,00;1;0,00;RGBA(0.968, 1.000, 0.000, 0.000);Rejected_ClogRisk
14:41:40;296;RGBA(0.055, 0.218, 0.753, 0.000);-9999,00;1;0,00;RGBA(0.968, 1.000, 0.000, 0.000);Rejected_ClogRisk
14:41:40;297;RGBA(0.055, 0.218, 0.753, 0.000);-9999,00;1;0,00;RGBA(0.968, 1.000, 0.000, 0.000);Rejected_ClogRisk
14:41:40;298;RGBA(0.055, 0.218, 0.753, 0.000);-9999,00;1;0,00;RGBA(0.968, 1.000, 0.000, 0.000);Rejected_ClogRisk
14:41:40;299;RGBA(0.055, 0.218, 0.753, 0.000);-9999,00;1;0,00;RGBA(0.968, 1.000, 0.000, 0.000);Rejected_ClogRisk
14:41:40;300;RGBA(0.055, 0.218, 0.753, 0.000);-9999,00;1;0,00;RGBA(0.968, 1.000, 0.000, 0.000);Rejected_ClogRisk
14:41:40;301;RGBA(0.055, 0.218, 0.753, 0.000);-9999,00;1;0,00;RGBA(0.968, 1.000, 0.000, 0.000);Rejected_ClogRisk
14:41:40;302;RGBA(0.055, 0.218, 0.753, 0.000);-9999,00;1;0,00;RGBA(0.968, 1.000, 0.000, 0.000);Rejected_ClogRisk
14:41:40;303;RGBA(0.055, 0.218, 0.753, 0.000);-9999,00;1;0,00;RGBA(0.968, 1.000, 0.000, 0.000);Rejected_ClogRisk
14:41:40;304;RGBA(0.055, 0.218, 0.753, 0.000);-9999,00;1;0,00;RGBA(0.968, 1.000, 0.000, 0.000);Rejected_ClogRisk
14:41:40;305;RGBA(0.055, 0.218, 0.753, 0.000);-9999,00;1;0,00;RGBA(0.968, 1.000, 0.000, 0.000);Rejected_ClogRisk
14:41:40;306;RGBA(0.055, 0.218, 0.753, 0.000);-9999,00;1;0,00;RGBA(0.968, 1.000, 0.000, 0.000);Rejected_ClogRisk
14:41:40;307;RGBA(0.055, 0.218, 0.753, 0.000);-9999,00;1;0,00;RGBA(0.968, 1.000, 0.000, 0.000);Rejected_ClogRisk
14:41:40;308;RGBA(0.055, 0.218, 0.753, 0.000);-9999,00;1;0,00;RGBA(0.968, 1.000, 0.000, 0.000);Rejected_ClogRisk
14:41:40;309;RGBA(0.055, 0.218, 0.753, 0.000);-9999,00;1;0,00;RGBA(0.968, 1.000, 0.000, 0.000);Rejected_ClogRisk
14:41:40;310;RGBA(0.055, 0.218, 0.753, 0.000);-9999,00;1;0,00;RGBA(0.968, 1.000, 0.000, 0.000);Rejected_ClogRisk
14:41:40;311;RGBA(0.055, 0.218, 0.753, 0.000);-9999,00;1;0,00;RGBA(0.968, 1.000, 0.000, 0.000);Rejected_ClogRisk
14:41:40;312;RGBA(0.055, 0.218, 0.753, 0.000);-9999,00;1;0,00;RGBA(0.968, 1.000, 0.000, 0.000);Rejected_ClogRisk
14:41:40;313;RGBA(0.055, 0.218, 0.753, 0.000);-9999,00;1;0,00;RGBA(0.968, 1.000, 0.000, 0.000);Rejected_ClogRisk
14:41:40;314;RGBA(0.055, 0.218, 0.753, 0.000);-9999,00;1;0,00;RGBA(0.968, 1.000, 0.000, 0.000);Rejected_ClogRisk
14:41:40;315;RGBA(0.055, 0.218, 0.753, 0.000);-9999,00;1;0,00;RGBA(0.968, 1.000, 0.000, 0.000);Rejected_ClogRisk
14:41:40;316;RGBA(0.055, 0.218, 0.753, 0.000);-9999,00;1;0,00;RGBA(0.968, 1.000, 0.000, 0.000);Rejected_ClogRisk
14:41:40;317;RGBA(0.055, 0.218, 0.753, 0.000);-9999,00;1;0,00;RGBA(0.968, 1.000, 0.000, 0.000);Rejected_ClogRisk
14:41:40;318;RGBA(0.055, 0.218, 0.753, 0.000);-9999,00;1;0,00;RGBA(0.968, 1.000, 0.000, 0.000);Rejected_ClogRisk
14:41:40;319;RGBA(0.055, 0.218, 0.753, 0.000);-9999,00;1;0,00;RGBA(0.968, 1.000, 0.000, 0.000);Rejected_ClogRisk
14:41:40;320;RGBA(0.055, 0.218, 0.753, 0.000);-9999,00;1;0,00;RGBA(0.968, 1.000, 0.000, 0.000);Rejected_ClogRisk
14:41:40;321;RGBA(0.055, 0.218, 0.753, 0.000);-9999,00;1;0,00;RGBA(0.968, 1.000, 0.000, 0.000);Rejected_ClogRisk
14:41:40;322;RGBA(0.055, 0.218, 0.753, 0.000);-9999,00;1;0,00;RGBA(0.968, 1.000, 0.000, 0.000);Rejected_ClogRisk
14:41:40;323;RGBA(0.055, 0.218, 0.753, 0.000);-9999,00;1;0,00;RGBA(0.968, 1.000, 0.000, 0.000);Rejected_ClogRisk
14:41:40;324;RGBA(0.055, 0.218, 0.753, 0.000);-9999,00;1;0,00;RGBA(0.968, 1.000, 0.000, 0.000);Rejected_ClogRisk
14:41:40;325;RGBA(0.055, 0.218, 0.753, 0.000);-9999,00;1;0,00;RGBA(0.968, 1.000, 0.000, 0.000);Rejected_ClogRisk
14:41:40;326;RGBA(0.055, 0.218, 0.753, 0.000);-9999,00;1;0,00;RGBA(0.968, 1.000, 0.000, 0.000);Rejected_ClogRisk
14:41:40;327;RGBA(0.055, 0.218, 0.753, 0.000);-9999,00;1;0,00;RGBA(0.968, 1.000, 0.000, 0.000);Rejected_ClogRisk
14:41:40;328;RGBA(0.055, 0.218, 0.753, 0.000);-9999,00;1;0,00;RGBA(0.968, 1.000, 0.000, 0.000);Rejected_ClogRisk
14:41:40;329;RGBA(0.055, 0.218, 0.753, 0.000);-9999,00;1;0,00;RGBA(0.968, 1.000, 0.000, 0.000);Rejected_ClogRisk
14:41:40;330;RGBA(0.055, 0.218, 0.753, 0.000);-9999,00;1;0,00;RGBA(0.968, 1.000, 0.000, 0.000);Rejected_ClogRisk
14:41:40;331;RGBA(0.055, 0.218, 0.753, 0.000);-9999,00;1;0,00;RGBA(0.968, 1.000, 0.000, 0.000);Rejected_ClogRisk
14:41:40;332;RGBA(0.055, 0.218, 0.753, 0.000);-9999,00;1;0,00;RGBA(0.968, 1.000, 0.000, 0.000);Rejected_ClogRisk
14:41:40;333;RGBA(0.055, 0.218, 0.753, 0.000);-9999,00;1;0,00;RGBA(0.968, 1.000, 0.000, 0.000);Rejected_ClogRisk
14:41:40;334;RGBA(0.055, 0.218, 0.753, 0.000);-9999,00;1;0,00;RGBA(0.968, 1.000, 0.000, 0.000);Rejected_ClogRisk
14:41:40;335;RGBA(0.055, 0.218, 0.753, 0.000);-9999,00;1;0,00;RGBA(0.968, 1.000, 0.000, 0.000);Rejected_ClogRisk
14:41:40;336;RGBA(0.055, 0.218, 0.753, 0.000);-9999,00;1;0,00;RGBA(0.968, 1.000, 0.000, 0.000);Rejected_ClogRisk
14:41:40;337;RGBA(0.055, 0.218, 0.753, 0.000);-9999,00;1;0,00;RGBA(0.968, 1.000, 0.000, 0.000);Rejected_ClogRisk
14:41:40;338;RGBA(0.055, 0.218, 0.753, 0.000);-9999,00;1;0,00;RGBA(0.968, 1.000, 0.000, 0.000);Rejected_ClogRisk
14:41:40;339;RGBA(0.055, 0.218, 0.753, 0.000);-9999,00;1;0,00;RGBA(0.968, 1.000, 0.000, 0.000);Rejected_ClogRisk
14:41:40;340;RGBA(0.055, 0.218, 0.753, 0.000);-9999,00;1;0,00;RGBA(0.968, 1.000, 0.000, 0.000);Rejected_ClogRisk
14:41:40;341;RGBA(0.055, 0.218, 0.753, 0.000);-9999,00;1;0,00;RGBA(0.968, 1.000, 0.000, 0.000);Rejected_ClogRisk
14:41:40;342;RGBA(0.055, 0.218, 0.753, 0.000);-9999,00;1;0,00;RGBA(0.968, 1.000, 0.000, 0.000);Rejected_ClogRisk
14:41:40;343;RGBA(0.055, 0.218, 0.753, 0.000);-9999,00;1;0,00;RGBA(0.968, 1.000, 0.000, 0.000);Rejected_ClogRisk
14:41:40;344;RGBA(0.055, 0.218, 0.753, 0.000);-9999,00;1;0,00;RGBA(0.968, 1.000, 0.000, 0.000);Rejected_ClogRisk
14:41:40;345;RGBA(0.055, 0.218, 0.753, 0.000);-9999,00;1;0,00;RGBA(0.968, 1.000, 0.000, 0.000);Rejected_ClogRisk
14:41:40;346;RGBA(0.055, 0.218, 0.753, 0.000);-9999,00;1;0,00;RGBA(0.968, 1.000, 0.000, 0.000);Rejected_ClogRisk
14:41:40;347;RGBA(0.055, 0.218, 0.753, 0.000);-9999,00;1;0,00;RGBA(0.968, 1.000, 0.000, 0.000);Rejected_ClogRisk
14:41:40;348;RGBA(0.055, 0.218, 0.753, 0.000);-9999,00;1;0,00;RGBA(0.968, 1.000, 0.000, 0.000);Rejected_ClogRisk
14:41:40;349;RGBA(0.055, 0.218, 0.753, 0.000);-9999,00;1;0,00;RGBA(0.968, 1.000, 0.000, 0.000);Rejected_ClogRisk
14:41:40;350;RGBA(0.055, 0.218, 0.753, 0.000);-9999,00;1;0,00;RGBA(0.968, 1.000, 0.000, 0.000);Rejected_ClogRisk
14:41:40;351;RGBA(0.055, 0.218, 0.753, 0.000);-9999,00;1;0,00;RGBA(0.968, 1.000, 0.000, 0.000);Rejected_ClogRisk
14:41:40;352;RGBA(0.055, 0.218, 0.753, 0.000);-9999,00;1;0,00;RGBA(0.968, 1.000, 0.000, 0.000);Rejected_ClogRisk
14:41:40;353;RGBA(0.055, 0.218, 0.753, 0.000);-9999,00;1;0,00;RGBA(0.968, 1.000, 0.000, 0.000);Rejected_ClogRisk
14:41:40;354;RGBA(0.055, 0.218, 0.753, 0.000);-9999,00;1;0,00;RGBA(0.968, 1.000, 0.000, 0.000);Rejected_ClogRisk
14:41:40;355;RGBA(0.055, 0.218, 0.753, 0.000);-9999,00;1;0,00;RGBA(0.968, 1.000, 0.000, 0.000);Rejected_ClogRisk
14:41:40;356;RGBA(0.055, 0.218, 0.753, 0.000);-9999,00;1;0,00;RGBA(0.968, 1.000, 0.000, 0.000);Rejected_ClogRisk
14:41:40;357;RGBA(0.055, 0.218, 0.753, 0.000);-9999,00;1;0,00;RGBA(0.968, 1.000, 0.000, 0.000);Rejected_ClogRisk
14:41:40;358;RGBA(0.055, 0.218, 0.753, 0.000);-9999,00;1;0,00;RGBA(0.968, 1.000, 0.000, 0.000);Rejected_ClogRisk
14:41:40;359;RGBA(0.055, 0.218, 0.753, 0.000);-9999,00;1;0,00;RGBA(0.968, 1.000, 0.000, 0.000);Rejected_ClogRisk
14:41:40;360;RGBA(0.055, 0.218, 0.753, 0.000);-9999,00;1;0,00;RGBA(0.968, 1.000, 0.000, 0.000);Rejected_ClogRisk
14:41:40;361;RGBA(0.055, 0.218, 0.753, 0.000);-9999,00;1;0,00;RGBA(0.968, 1.000, 0.000, 0.000);Rejected_ClogRisk
14:41:40;362;RGBA(0.055, 0.218, 0.753, 0.000);-9999,00;1;0,00;RGBA(0.968, 1.000, 0.000, 0.000);Rejected_ClogRisk
14:41:40;363;RGBA(0.055, 0.218, 0.753, 0.000);-9999,00;1;0,00;RGBA(0.968, 1.000, 0.000, 0.000);Rejected_ClogRisk
14:41:40;364;RGBA(0.055, 0.218, 0.753, 0.000);-9999,00;1;0,00;RGBA(0.968, 1.000, 0.000, 0.000);Rejected_ClogRisk
14:41:40;365;RGBA(0.055, 0.218, 0.753, 0.000);-9999,00;1;0,00;RGBA(0.968, 1.000, 0.000, 0.000);Rejected_ClogRisk
14:41:40;366;RGBA(0.055, 0.218, 0.753, 0.000);-9999,00;1;0,00;RGBA(0.968, 1.000, 0.000, 0.000);Rejected_ClogRisk
14:41:40;367;RGBA(0.055, 0.218, 0.753, 0.000);-9999,00;1;0,00;RGBA(0.968, 1.000, 0.000, 0.000);Rejected_ClogRisk
14:41:40;368;RGBA(0.055, 0.218, 0.753, 0.000);-9999,00;1;0,00;RGBA(0.968, 1.000, 0.000, 0.000);Rejected_ClogRisk
14:41:40;369;RGBA(0.055, 0.218, 0.753, 0.000);-9999,00;1;0,00;RGBA(0.968, 1.000, 0.000, 0.000);Rejected_ClogRisk
14:41:40;370;RGBA(0.055, 0.218, 0.753, 0.000);-9999,00;1;0,00;RGBA(0.968, 1.000, 0.000, 0.000);Rejected_ClogRisk
14:41:40;371;RGBA(0.055, 0.218, 0.753, 0.000);-9999,00;1;0,00;RGBA(0.968, 1.000, 0.000, 0.000);Rejected_ClogRisk
14:41:40;372;RGBA(0.055, 0.218, 0.753, 0.000);-9999,00;1;0,00;RGBA(0.968, 1.000, 0.000, 0.000);Rejected_ClogRisk
14:41:40;373;RGBA(0.055, 0.218, 0.753, 0.000);-9999,00;1;0,00;RGBA(0.968, 1.000, 0.000, 0.000);Rejected_ClogRisk
14:41:40;374;RGBA(0.055, 0.218, 0.753, 0.000);-9999,00;1;0,00;RGBA(0.968, 1.000, 0.000, 0.000);Rejected_ClogRisk
14:41:40;375;RGBA(0.055, 0.218, 0.753, 0.000);-9999,00;1;0,00;RGBA(0.968, 1.000, 0.000, 0.000);Rejected_ClogRisk
14:41:40;376;RGBA(0.055, 0.218, 0.753, 0.000);-9999,00;1;0,00;RGBA(0.968, 1.000, 0.000, 0.000);Rejected_ClogRisk
14:41:40;377;RGBA(0.055, 0.218, 0.753, 0.000);-9999,00;1;0,00;RGBA(0.968, 1.000, 0.000, 0.000);Rejected_ClogRisk
14:41:40;378;RGBA(0.055, 0.218, 0.753, 0.000);-9999,00;1;0,00;RGBA(0.968, 1.000, 0.000, 0.000);Rejected_ClogRisk
14:41:40;379;RGBA(0.055, 0.218, 0.753, 0.000);-9999,00;1;0,00;RGBA(0.968, 1.000, 0.000, 0.000);Rejected_ClogRisk
14:41:40;380;RGBA(0.055, 0.218, 0.753, 0.000);-9999,00;1;0,00;RGBA(0.968, 1.000, 0.000, 0.000);Rejected_ClogRisk
14:41:40;381;RGBA(0.055, 0.218, 0.753, 0.000);-9999,00;1;0,00;RGBA(0.968, 1.000, 0.000, 0.000);Rejected_ClogRisk
14:41:40;382;RGBA(0.055, 0.218, 0.753, 0.000);-9999,00;1;0,00;RGBA(0.968, 1.000, 0.000, 0.000);Rejected_ClogRisk
14:41:40;383;RGBA(0.055, 0.218, 0.753, 0.000);-9999,00;1;0,00;RGBA(0.968, 1.000, 0.000, 0.000);Rejected_ClogRisk
14:41:40;384;RGBA(0.055, 0.218, 0.753, 0.000);-9999,00;1;0,00;RGBA(0.968, 1.000, 0.000, 0.000);Rejected_ClogRisk
14:41:40;385;RGBA(0.055, 0.218, 0.753, 0.000);-9999,00;1;0,00;RGBA(0.968, 1.000, 0.000, 0.000);Rejected_ClogRisk
14:41:40;386;RGBA(0.055, 0.218, 0.753, 0.000);-9999,00;1;0,00;RGBA(0.968, 1.000, 0.000, 0.000);Rejected_ClogRisk
14:41:40;387;RGBA(0.055, 0.218, 0.753, 0.000);-9999,00;1;0,00;RGBA(0.968, 1.000, 0.000, 0.000);Rejected_ClogRisk
14:41:40;388;RGBA(0.055, 0.218, 0.753, 0.000);-9999,00;1;0,00;RGBA(0.968, 1.000, 0.000, 0.000);Rejected_ClogRisk
14:41:40;389;RGBA(0.055, 0.218, 0.753, 0.000);-9999,00;1;0,00;RGBA(0.968, 1.000, 0.000, 0.000);Rejected_ClogRisk
14:41:40;390;RGBA(0.055, 0.218, 0.753, 0.000);-9999,00;1;0,00;RGBA(0.968, 1.000, 0.000, 0.000);Rejected_ClogRisk
14:41:40;391;RGBA(0.055, 0.218, 0.753, 0.000);-9999,00;1;0,00;RGBA(0.968, 1.000, 0.000, 0.000);Rejected_ClogRisk
14:41:40;392;RGBA(0.055, 0.218, 0.753, 0.000);-9999,00;1;0,00;RGBA(0.968, 1.000, 0.000, 0.000);Rejected_ClogRisk
14:41:40;393;RGBA(0.055, 0.218, 0.753, 0.000);-9999,00;1;0,00;RGBA(0.968, 1.000, 0.000, 0.000);Rejected_ClogRisk
14:41:40;394;RGBA(0.055, 0.218, 0.753, 0.000);-9999,00;1;0,00;RGBA(0.968, 1.000, 0.000, 0.000);Rejected_ClogRisk
14:41:40;395;RGBA(0.055, 0.218, 0.753, 0.000);-9999,00;1;0,00;RGBA(0.968, 1.000, 0.000, 0.000);Rejected_ClogRisk
14:41:40;396;RGBA(0.055, 0.218, 0.753, 0.000);-9999,00;1;0,00;RGBA(0.968, 1.000, 0.000, 0.000);Rejected_ClogRisk
14:41:40;397;RGBA(0.055, 0.218, 0.753, 0.000);-9999,00;1;0,00;RGBA(0.968, 1.000, 0.000, 0.000);Rejected_ClogRisk
14:41:40;398;RGBA(0.055, 0.218, 0.753, 0.000);-9999,00;1;0,00;RGBA(0.968, 1.000, 0.000, 0.000);Rejected_ClogRisk
14:41:40;399;RGBA(0.055, 0.218, 0.753, 0.000);-9999,00;1;0,00;RGBA(0.968, 1.000, 0.000, 0.000);Rejected_ClogRisk
14:41:40;400;RGBA(0.055, 0.218, 0.753, 0.000);-9999,00;1;0,00;RGBA(0.968, 1.000, 0.000, 0.000);Rejected_ClogRisk
14:41:40;401;RGBA(0.055, 0.218, 0.753, 0.000);-9999,00;1;0,00;RGBA(0.968, 1.000, 0.000, 0.000);Rejected_ClogRisk
14:41:40;402;RGBA(0.055, 0.218, 0.753, 0.000);-9999,00;1;0,00;RGBA(0.968, 1.000, 0.000, 0.000);Rejected_ClogRisk
14:41:40;403;RGBA(0.055, 0.218, 0.753, 0.000);-9999,00;1;0,00;RGBA(0.968, 1.000, 0.000, 0.000);Rejected_ClogRisk
14:41:40;404;RGBA(0.055, 0.218, 0.753, 0.000);-9999,00;1;0,00;RGBA(0.968, 1.000, 0.000, 0.000);Rejected_ClogRisk
14:41:41;405;RGBA(0.055, 0.218, 0.753, 0.000);-9999,00;1;0,00;RGBA(0.968, 1.000, 0.000, 0.000);Rejected_ClogRisk
14:41:41;406;RGBA(0.055, 0.218, 0.753, 0.000);-9999,00;1;0,00;RGBA(0.968, 1.000, 0.000, 0.000);Rejected_ClogRisk
14:41:41;407;RGBA(0.055, 0.218, 0.753, 0.000);-9999,00;1;0,00;RGBA(0.968, 1.000, 0.000, 0.000);Rejected_ClogRisk
14:41:41;408;RGBA(0.055, 0.218, 0.753, 0.000);-9999,00;1;0,00;RGBA(0.968, 1.000, 0.000, 0.000);Rejected_ClogRisk
14:41:41;409;RGBA(0.055, 0.218, 0.753, 0.000);-9999,00;1;0,00;RGBA(0.968, 1.000, 0.000, 0.000);Rejected_ClogRisk
14:41:41;410;RGBA(0.055, 0.218, 0.753, 0.000);-9999,00;1;0,00;RGBA(0.968, 1.000, 0.000, 0.000);Rejected_ClogRisk
14:41:41;411;RGBA(0.055, 0.218, 0.753, 0.000);-9999,00;1;0,00;RGBA(0.968, 1.000, 0.000, 0.000);Rejected_ClogRisk
14:41:41;412;RGBA(0.055, 0.218, 0.753, 0.000);-9999,00;1;0,00;RGBA(0.968, 1.000, 0.000, 0.000);Rejected_ClogRisk
14:41:41;413;RGBA(0.055, 0.218, 0.753, 0.000);-9999,00;1;0,00;RGBA(0.968, 1.000, 0.000, 0.000);Rejected_ClogRisk
14:41:41;414;RGBA(0.055, 0.218, 0.753, 0.000);-9999,00;1;0,00;RGBA(0.968, 1.000, 0.000, 0.000);Rejected_ClogRisk
14:41:41;415;RGBA(0.055, 0.218, 0.753, 0.000);-9999,00;1;0,00;RGBA(0.968, 1.000, 0.000, 0.000);Rejected_ClogRisk
14:41:41;416;RGBA(0.055, 0.218, 0.753, 0.000);-9999,00;1;0,00;RGBA(0.968, 1.000, 0.000, 0.000);Rejected_ClogRisk
14:41:41;417;RGBA(0.055, 0.218, 0.753, 0.000);-9999,00;1;0,00;RGBA(0.968, 1.000, 0.000, 0.000);Rejected_ClogRisk
14:41:41;418;RGBA(0.055, 0.218, 0.753, 0.000);-9999,00;1;0,00;RGBA(0.968, 1.000, 0.000, 0.000);Rejected_ClogRisk
14:41:41;419;RGBA(0.055, 0.218, 0.753, 0.000);-9999,00;1;0,00;RGBA(0.968, 1.000, 0.000, 0.000);Rejected_ClogRisk
14:41:41;420;RGBA(0.055, 0.218, 0.753, 0.000);-9999,00;1;0,00;RGBA(0.968, 1.000, 0.000, 0.000);Rejected_ClogRisk
14:41:41;421;RGBA(0.055, 0.218, 0.753, 0.000);-9999,00;1;0,00;RGBA(0.968, 1.000, 0.000, 0.000);Rejected_ClogRisk
14:41:41;422;RGBA(0.055, 0.218, 0.753, 0.000);-9999,00;1;0,00;RGBA(0.968, 1.000, 0.000, 0.000);Rejected_ClogRisk
14:41:41;423;RGBA(0.055, 0.218, 0.753, 0.000);-9999,00;1;0,00;RGBA(0.968, 1.000, 0.000, 0.000);Rejected_ClogRisk
14:41:41;424;RGBA(0.055, 0.218, 0.753, 0.000);-9999,00;1;0,00;RGBA(0.968, 1.000, 0.000, 0.000);Rejected_ClogRisk
14:41:41;425;RGBA(0.055, 0.218, 0.753, 0.000);-9999,00;1;0,00;RGBA(0.968, 1.000, 0.000, 0.000);Rejected_ClogRisk
14:41:41;426;RGBA(0.055, 0.218, 0.753, 0.000);-9999,00;1;0,00;RGBA(0.968, 1.000, 0.000, 0.000);Rejected_ClogRisk
14:41:41;427;RGBA(0.055, 0.218, 0.753, 0.000);-9999,00;1;0,00;RGBA(0.968, 1.000, 0.000, 0.000);Rejected_ClogRisk
14:41:41;428;RGBA(0.055, 0.218, 0.753, 0.000);-9999,00;1;0,00;RGBA(0.968, 1.000, 0.000, 0.000);Rejected_ClogRisk
14:41:41;429;RGBA(0.055, 0.218, 0.753, 0.000);-9999,00;1;0,00;RGBA(0.968, 1.000, 0.000, 0.000);Rejected_ClogRisk
14:41:41;430;RGBA(0.055, 0.218, 0.753, 0.000);-9999,00;1;0,00;RGBA(0.968, 1.000, 0.000, 0.000);Rejected_ClogRisk
14:41:41;431;RGBA(0.055, 0.218, 0.753, 0.000);-9999,00;1;0,00;RGBA(0.968, 1.000, 0.000, 0.000);Rejected_ClogRisk
14:41:41;432;RGBA(0.055, 0.218, 0.753, 0.000);-9999,00;1;0,00;RGBA(0.968, 1.000, 0.000, 0.000);Rejected_ClogRisk
14:41:41;433;RGBA(0.055, 0.218, 0.753, 0.000);-9999,00;1;0,00;RGBA(0.968, 1.000, 0.000, 0.000);Rejected_ClogRisk
14:41:41;434;RGBA(0.055, 0.218, 0.753, 0.000);-9999,00;1;0,00;RGBA(0.968, 1.000, 0.000, 0.000);Rejected_ClogRisk
14:41:41;435;RGBA(0.055, 0.218, 0.753, 0.000);-9999,00;1;0,00;RGBA(0.968, 1.000, 0.000, 0.000);Rejected_ClogRisk
14:41:41;436;RGBA(0.055, 0.218, 0.753, 0.000);-9999,00;1;0,00;RGBA(0.968, 1.000, 0.000, 0.000);Rejected_ClogRisk
14:41:41;437;RGBA(0.055, 0.218, 0.753, 0.000);-9999,00;1;0,00;RGBA(0.968, 1.000, 0.000, 0.000);Rejected_ClogRisk
14:41:41;438;RGBA(0.055, 0.218, 0.753, 0.000);-9999,00;1;0,00;RGBA(0.968, 1.000, 0.000, 0.000);Rejected_ClogRisk
14:41:41;439;RGBA(0.055, 0.218, 0.753, 0.000);-9999,00;1;0,00;RGBA(0.968, 1.000, 0.000, 0.000);Rejected_ClogRisk
14:41:41;440;RGBA(0.055, 0.218, 0.753, 0.000);-9999,00;1;0,00;RGBA(0.968, 1.000, 0.000, 0.000);Rejected_ClogRisk
14:41:41;441;RGBA(0.055, 0.218, 0.753, 0.000);-9999,00;1;0,00;RGBA(0.968, 1.000, 0.000, 0.000);Rejected_ClogRisk
14:41:41;442;RGBA(0.055, 0.218, 0.753, 0.000);-9999,00;1;0,00;RGBA(0.968, 1.000, 0.000, 0.000);Rejected_ClogRisk
14:41:41;443;RGBA(0.055, 0.218, 0.753, 0.000);-9999,00;1;0,00;RGBA(0.968, 1.000, 0.000, 0.000);Rejected_ClogRisk
14:41:41;444;RGBA(0.055, 0.218, 0.753, 0.000);-9999,00;1;0,00;RGBA(0.968, 1.000, 0.000, 0.000);Rejected_ClogRisk
14:41:41;445;RGBA(0.055, 0.218, 0.753, 0.000);-9999,00;1;0,00;RGBA(0.968, 1.000, 0.000, 0.000);Rejected_ClogRisk
14:41:41;446;RGBA(0.055, 0.218, 0.753, 0.000);-9999,00;1;0,00;RGBA(0.968, 1.000, 0.000, 0.000);Rejected_ClogRisk
14:41:41;447;RGBA(0.055, 0.218, 0.753, 0.000);-9999,00;1;0,00;RGBA(0.968, 1.000, 0.000, 0.000);Rejected_ClogRisk
14:41:41;448;RGBA(0.055, 0.218, 0.753, 0.000);-9999,00;1;0,00;RGBA(0.968, 1.000, 0.000, 0.000);Rejected_ClogRisk
14:41:41;449;RGBA(0.055, 0.218, 0.753, 0.000);-9999,00;1;0,00;RGBA(0.968, 1.000, 0.000, 0.000);Rejected_ClogRisk
14:41:41;450;RGBA(0.055, 0.218, 0.753, 0.000);-9999,00;1;0,00;RGBA(0.968, 1.000, 0.000, 0.000);Rejected_ClogRisk
14:41:41;451;RGBA(0.055, 0.218, 0.753, 0.000);-9999,00;1;0,00;RGBA(0.968, 1.000, 0.000, 0.000);Rejected_ClogRisk
14:41:41;452;RGBA(0.055, 0.218, 0.753, 0.000);-9999,00;1;0,00;RGBA(0.968, 1.000, 0.000, 0.000);Rejected_ClogRisk
14:41:41;453;RGBA(0.055, 0.218, 0.753, 0.000);-9999,00;1;0,00;RGBA(0.968, 1.000, 0.000, 0.000);Rejected_ClogRisk
14:41:41;454;RGBA(0.055, 0.218, 0.753, 0.000);-9999,00;1;0,00;RGBA(0.968, 1.000, 0.000, 0.000);Rejected_ClogRisk
14:41:41;455;RGBA(0.055, 0.218, 0.753, 0.000);-9999,00;1;0,00;RGBA(0.968, 1.000, 0.000, 0.000);Rejected_ClogRisk
14:41:41;456;RGBA(0.055, 0.218, 0.753, 0.000);-9999,00;1;0,00;RGBA(0.968, 1.000, 0.000, 0.000);Rejected_ClogRisk
14:41:41;457;RGBA(0.055, 0.218, 0.753, 0.000);-9999,00;1;0,00;RGBA(0.968, 1.000, 0.000, 0.000);Rejected_ClogRisk
14:41:41;458;RGBA(0.055, 0.218, 0.753, 0.000);-9999,00;1;0,00;RGBA(0.968, 1.000, 0.000, 0.000);Rejected_ClogRisk
14:41:41;459;RGBA(0.055, 0.218, 0.753, 0.000);-9999,00;1;0,00;RGBA(0.968, 1.000, 0.000, 0.000);Rejected_ClogRisk
14:41:41;460;RGBA(0.055, 0.218, 0.753, 0.000);-9999,00;1;0,00;RGBA(0.968, 1.000, 0.000, 0.000);Rejected_ClogRisk
14:41:41;461;RGBA(0.055, 0.218, 0.753, 0.000);-9999,00;1;0,00;RGBA(0.968, 1.000, 0.000, 0.000);Rejected_ClogRisk
14:41:41;462;RGBA(0.055, 0.218, 0.753, 0.000);-9999,00;1;0,00;RGBA(0.968, 1.000, 0.000, 0.000);Rejected_ClogRisk
14:41:41;463;RGBA(0.055, 0.218, 0.753, 0.000);-9999,00;1;0,00;RGBA(0.968, 1.000, 0.000, 0.000);Rejected_ClogRisk
14:41:41;464;RGBA(0.055, 0.218, 0.753, 0.000);-9999,00;1;0,00;RGBA(0.968, 1.000, 0.000, 0.000);Rejected_ClogRisk
14:41:41;465;RGBA(0.055, 0.218, 0.753, 0.000);-9999,00;1;0,00;RGBA(0.968, 1.000, 0.000, 0.000);Rejected_ClogRisk
14:41:41;466;RGBA(0.055, 0.218, 0.753, 0.000);-9999,00;1;0,00;RGBA(0.968, 1.000, 0.000, 0.000);Rejected_ClogRisk
14:41:41;467;RGBA(0.055, 0.218, 0.753, 0.000);-9999,00;1;0,00;RGBA(0.968, 1.000, 0.000, 0.000);Rejected_ClogRisk
14:41:41;468;RGBA(0.055, 0.218, 0.753, 0.000);-9999,00;1;0,00;RGBA(0.968, 1.000, 0.000, 0.000);Rejected_ClogRisk
14:41:41;469;RGBA(0.055, 0.218, 0.753, 0.000);-9999,00;1;0,00;RGBA(0.968, 1.000, 0.000, 0.000);Rejected_ClogRisk
14:41:41;470;RGBA(0.055, 0.218, 0.753, 0.000);-9999,00;1;0,00;RGBA(0.968, 1.000, 0.000, 0.000);Rejected_ClogRisk
14:41:41;471;RGBA(0.055, 0.218, 0.753, 0.000);-9999,00;1;0,00;RGBA(0.968, 1.000, 0.000, 0.000);Rejected_ClogRisk
14:41:41;472;RGBA(0.055, 0.218, 0.753, 0.000);-9999,00;1;0,00;RGBA(0.968, 1.000, 0.000, 0.000);Rejected_ClogRisk
14:41:41;473;RGBA(0.055, 0.218, 0.753, 0.000);-9999,00;1;0,00;RGBA(0.968, 1.000, 0.000, 0.000);Rejected_ClogRisk
14:41:41;474;RGBA(0.055, 0.218, 0.753, 0.000);-9999,00;1;0,00;RGBA(0.968, 1.000, 0.000, 0.000);Rejected_ClogRisk
14:41:41;475;RGBA(0.055, 0.218, 0.753, 0.000);-9999,00;1;0,00;RGBA(0.968, 1.000, 0.000, 0.000);Rejected_ClogRisk
14:41:41;476;RGBA(0.055, 0.218, 0.753, 0.000);-9999,00;1;0,00;RGBA(0.968, 1.000, 0.000, 0.000);Rejected_ClogRisk
14:41:41;477;RGBA(0.055, 0.218, 0.753, 0.000);-9999,00;1;0,00;RGBA(0.968, 1.000, 0.000, 0.000);Rejected_ClogRisk
14:41:41;478;RGBA(0.055, 0.218, 0.753, 0.000);-9999,00;1;0,00;RGBA(0.968, 1.000, 0.000, 0.000);Rejected_ClogRisk
14:41:41;479;RGBA(0.055, 0.218, 0.753, 0.000);-9999,00;1;0,00;RGBA(0.968, 1.000, 0.000, 0.000);Rejected_ClogRisk
14:41:41;480;RGBA(0.055, 0.218, 0.753, 0.000);-9999,00;1;0,00;RGBA(0.968, 1.000, 0.000, 0.000);Rejected_ClogRisk
14:41:41;481;RGBA(0.055, 0.218, 0.753, 0.000);-9999,00;1;0,00;RGBA(0.968, 1.000, 0.000, 0.000);Rejected_ClogRisk
14:41:41;482;RGBA(0.055, 0.218, 0.753, 0.000);-9999,00;1;0,00;RGBA(0.968, 1.000, 0.000, 0.000);Rejected_ClogRisk
14:41:41;483;RGBA(0.055, 0.218, 0.753, 0.000);-9999,00;1;0,00;RGBA(0.968, 1.000, 0.000, 0.000);Rejected_ClogRisk
14:41:41;484;RGBA(0.055, 0.218, 0.753, 0.000);-9999,00;1;0,00;RGBA(0.968, 1.000, 0.000, 0.000);Rejected_ClogRisk
14:41:41;485;RGBA(0.055, 0.218, 0.753, 0.000);-9999,00;1;0,00;RGBA(0.968, 1.000, 0.000, 0.000);Rejected_ClogRisk
14:41:41;486;RGBA(0.055, 0.218, 0.753, 0.000);-9999,00;1;0,00;RGBA(0.968, 1.000, 0.000, 0.000);Rejected_ClogRisk
14:41:41;487;RGBA(0.055, 0.218, 0.753, 0.000);-9999,00;1;0,00;RGBA(0.968, 1.000, 0.000, 0.000);Rejected_ClogRisk
14:41:41;488;RGBA(0.055, 0.218, 0.753, 0.000);-9999,00;1;0,00;RGBA(0.968, 1.000, 0.000, 0.000);Rejected_ClogRisk
14:41:41;489;RGBA(0.055, 0.218, 0.753, 0.000);-9999,00;1;0,00;RGBA(0.968, 1.000, 0.000, 0.000);Rejected_ClogRisk
14:41:41;490;RGBA(0.055, 0.218, 0.753, 0.000);-9999,00;1;0,00;RGBA(0.968, 1.000, 0.000, 0.000);Rejected_ClogRisk
14:41:41;491;RGBA(0.055, 0.218, 0.753, 0.000);-9999,00;1;0,00;RGBA(0.968, 1.000, 0.000, 0.000);Rejected_ClogRisk
14:41:41;492;RGBA(0.055, 0.218, 0.753, 0.000);-9999,00;1;0,00;RGBA(0.968, 1.000, 0.000, 0.000);Rejected_ClogRisk
14:41:41;493;RGBA(0.055, 0.218, 0.753, 0.000);-9999,00;1;0,00;RGBA(0.968, 1.000, 0.000, 0.000);Rejected_ClogRisk
14:41:41;494;RGBA(0.055, 0.218, 0.753, 0.000);-9999,00;1;0,00;RGBA(0.968, 1.000, 0.000, 0.000);Rejected_ClogRisk
14:41:41;495;RGBA(0.055, 0.218, 0.753, 0.000);-9999,00;1;0,00;RGBA(0.968, 1.000, 0.000, 0.000);Rejected_ClogRisk
14:41:41;496;RGBA(0.055, 0.218, 0.753, 0.000);-9999,00;1;0,00;RGBA(0.968, 1.000, 0.000, 0.000);Rejected_ClogRisk
14:41:41;497;RGBA(0.055, 0.218, 0.753, 0.000);-9999,00;1;0,00;RGBA(0.968, 1.000, 0.000, 0.000);Rejected_ClogRisk
14:41:41;498;RGBA(0.055, 0.218, 0.753, 0.000);-9999,00;1;0,00;RGBA(0.968, 1.000, 0.000, 0.000);Rejected_ClogRisk
14:41:41;499;RGBA(0.055, 0.218, 0.753, 0.000);-9999,00;1;0,00;RGBA(0.968, 1.000, 0.000, 0.000);Rejected_ClogRisk
14:41:41;500;RGBA(0.055, 0.218, 0.753, 0.000);-9999,00;1;0,00;RGBA(0.968, 1.000, 0.000, 0.000);Rejected_ClogRisk
14:41:41;501;RGBA(0.055, 0.218, 0.753, 0.000);-9999,00;1;0,00;RGBA(0.968, 1.000, 0.000, 0.000);Rejected_ClogRisk
14:41:41;502;RGBA(0.055, 0.218, 0.753, 0.000);-9999,00;1;0,00;RGBA(0.968, 1.000, 0.000, 0.000);Rejected_ClogRisk
14:41:41;503;RGBA(0.055, 0.218, 0.753, 0.000);-9999,00;1;0,00;RGBA(0.968, 1.000, 0.000, 0.000);Rejected_ClogRisk
14:41:41;504;RGBA(0.055, 0.218, 0.753, 0.000);-9999,00;1;0,00;RGBA(0.968, 1.000, 0.000, 0.000);Rejected_ClogRisk
14:41:41;505;RGBA(0.055, 0.218, 0.753, 0.000);-9999,00;1;0,00;RGBA(0.968, 1.000, 0.000, 0.000);Rejected_ClogRisk
14:41:41;506;RGBA(0.055, 0.218, 0.753, 0.000);-9999,00;1;0,00;RGBA(0.968, 1.000, 0.000, 0.000);Rejected_ClogRisk
14:41:41;507;RGBA(0.055, 0.218, 0.753, 0.000);-9999,00;1;0,00;RGBA(0.968, 1.000, 0.000, 0.000);Rejected_ClogRisk
14:41:41;508;RGBA(0.055, 0.218, 0.753, 0.000);-9999,00;1;0,00;RGBA(0.968, 1.000, 0.000, 0.000);Rejected_ClogRisk
14:41:41;509;RGBA(0.055, 0.218, 0.753, 0.000);-9999,00;1;0,00;RGBA(0.968, 1.000, 0.000, 0.000);Rejected_ClogRisk
14:41:41;510;RGBA(0.055, 0.218, 0.753, 0.000);-9999,00;1;0,00;RGBA(0.968, 1.000, 0.000, 0.000);Rejected_ClogRisk
14:41:41;511;RGBA(0.055, 0.218, 0.753, 0.000);-9999,00;1;0,00;RGBA(0.968, 1.000, 0.000, 0.000);Rejected_ClogRisk
14:41:41;512;RGBA(0.055, 0.218, 0.753, 0.000);-9999,00;1;0,00;RGBA(0.968, 1.000, 0.000, 0.000);Rejected_ClogRisk
14:41:41;513;RGBA(0.055, 0.218, 0.753, 0.000);-9999,00;1;0,00;RGBA(0.968, 1.000, 0.000, 0.000);Rejected_ClogRisk
14:41:41;514;RGBA(0.055, 0.218, 0.753, 0.000);-9999,00;1;0,00;RGBA(0.968, 1.000, 0.000, 0.000);Rejected_ClogRisk
14:41:41;515;RGBA(0.055, 0.218, 0.753, 0.000);-9999,00;1;0,00;RGBA(0.968, 1.000, 0.000, 0.000);Rejected_ClogRisk
14:41:41;516;RGBA(0.055, 0.218, 0.753, 0.000);-9999,00;1;0,00;RGBA(0.968, 1.000, 0.000, 0.000);Rejected_ClogRisk
14:41:41;517;RGBA(0.055, 0.218, 0.753, 0.000);-9999,00;1;0,00;RGBA(0.968, 1.000, 0.000, 0.000);Rejected_ClogRisk
14:41:41;518;RGBA(0.055, 0.218, 0.753, 0.000);-9999,00;1;0,00;RGBA(0.968, 1.000, 0.000, 0.000);Rejected_ClogRisk
14:41:41;519;RGBA(0.055, 0.218, 0.753, 0.000);-9999,00;1;0,00;RGBA(0.968, 1.000, 0.000, 0.000);Rejected_ClogRisk
14:41:41;520;RGBA(0.055, 0.218, 0.753, 0.000);-9999,00;1;0,00;RGBA(0.968, 1.000, 0.000, 0.000);Rejected_ClogRisk
14:41:41;521;RGBA(0.055, 0.218, 0.753, 0.000);-9999,00;1;0,00;RGBA(0.968, 1.000, 0.000, 0.000);Rejected_ClogRisk
14:41:41;522;RGBA(0.055, 0.218, 0.753, 0.000);-9999,00;1;0,00;RGBA(0.968, 1.000, 0.000, 0.000);Rejected_ClogRisk
14:41:41;523;RGBA(0.055, 0.218, 0.753, 0.000);-9999,00;1;0,00;RGBA(0.968, 1.000, 0.000, 0.000);Rejected_ClogRisk
14:41:41;524;RGBA(0.055, 0.218, 0.753, 0.000);-9999,00;1;0,00;RGBA(0.968, 1.000, 0.000, 0.000);Rejected_ClogRisk
14:41:41;525;RGBA(0.055, 0.218, 0.753, 0.000);-9999,00;1;0,00;RGBA(0.968, 1.000, 0.000, 0.000);Rejected_ClogRisk
14:41:41;526;RGBA(0.055, 0.218, 0.753, 0.000);-9999,00;1;0,00;RGBA(0.968, 1.000, 0.000, 0.000);Rejected_ClogRisk
14:41:41;527;RGBA(0.055, 0.218, 0.753, 0.000);-9999,00;1;0,00;RGBA(0.968, 1.000, 0.000, 0.000);Rejected_ClogRisk
14:41:41;528;RGBA(0.055, 0.218, 0.753, 0.000);-9999,00;1;0,00;RGBA(0.968, 1.000, 0.000, 0.000);Rejected_ClogRisk
14:41:41;529;RGBA(0.055, 0.218, 0.753, 0.000);-9999,00;1;0,00;RGBA(0.968, 1.000, 0.000, 0.000);Rejected_ClogRisk
14:41:41;530;RGBA(0.055, 0.218, 0.753, 0.000);-9999,00;1;0,00;RGBA(0.968, 1.000, 0.000, 0.000);Rejected_ClogRisk
14:41:41;531;RGBA(0.055, 0.218, 0.753, 0.000);-9999,00;1;0,00;RGBA(0.968, 1.000, 0.000, 0.000);Rejected_ClogRisk
14:41:41;532;RGBA(0.055, 0.218, 0.753, 0.000);-9999,00;1;0,00;RGBA(0.968, 1.000, 0.000, 0.000);Rejected_ClogRisk
14:41:41;533;RGBA(0.055, 0.218, 0.753, 0.000);-9999,00;1;0,00;RGBA(0.968, 1.000, 0.000, 0.000);Rejected_ClogRisk
14:41:41;534;RGBA(0.055, 0.218, 0.753, 0.000);-9999,00;1;0,00;RGBA(0.968, 1.000, 0.000, 0.000);Rejected_ClogRisk
14:41:41;535;RGBA(0.055, 0.218, 0.753, 0.000);-9999,00;1;0,00;RGBA(0.968, 1.000, 0.000, 0.000);Rejected_ClogRisk
14:41:41;536;RGBA(0.055, 0.218, 0.753, 0.000);-9999,00;1;0,00;RGBA(0.968, 1.000, 0.000, 0.000);Rejected_ClogRisk
14:41:41;537;RGBA(0.055, 0.218, 0.753, 0.000);-9999,00;1;0,00;RGBA(0.968, 1.000, 0.000, 0.000);Rejected_ClogRisk
14:41:41;538;RGBA(0.055, 0.218, 0.753, 0.000);-9999,00;1;0,00;RGBA(0.968, 1.000, 0.000, 0.000);Rejected_ClogRisk
14:41:41;539;RGBA(0.055, 0.218, 0.753, 0.000);-9999,00;1;0,00;RGBA(0.968, 1.000, 0.000, 0.000);Rejected_ClogRisk
14:41:41;540;RGBA(0.055, 0.218, 0.753, 0.000);-9999,00;1;0,00;RGBA(0.968, 1.000, 0.000, 0.000);Rejected_ClogRisk
14:41:41;541;RGBA(0.055, 0.218, 0.753, 0.000);-9999,00;1;0,00;RGBA(0.968, 1.000, 0.000, 0.000);Rejected_ClogRisk
14:41:41;542;RGBA(0.055, 0.218, 0.753, 0.000);-9999,00;1;0,00;RGBA(0.968, 1.000, 0.000, 0.000);Rejected_ClogRisk
14:41:41;543;RGBA(0.055, 0.218, 0.753, 0.000);-9999,00;1;0,00;RGBA(0.968, 1.000, 0.000, 0.000);Rejected_ClogRisk
14:41:41;544;RGBA(0.055, 0.218, 0.753, 0.000);-9999,00;1;0,00;RGBA(0.968, 1.000, 0.000, 0.000);Rejected_ClogRisk
14:41:41;545;RGBA(0.055, 0.218, 0.753, 0.000);-9999,00;1;0,00;RGBA(0.968, 1.000, 0.000, 0.000);Rejected_ClogRisk
14:41:41;546;RGBA(0.055, 0.218, 0.753, 0.000);-9999,00;1;0,00;RGBA(0.968, 1.000, 0.000, 0.000);Rejected_ClogRisk
14:41:41;547;RGBA(0.055, 0.218, 0.753, 0.000);-9999,00;1;0,00;RGBA(0.968, 1.000, 0.000, 0.000);Rejected_ClogRisk
14:41:41;548;RGBA(0.055, 0.218, 0.753, 0.000);-9999,00;1;0,00;RGBA(0.968, 1.000, 0.000, 0.000);Rejected_ClogRisk
14:41:41;549;RGBA(0.055, 0.218, 0.753, 0.000);-9999,00;1;0,00;RGBA(0.968, 1.000, 0.000, 0.000);Rejected_ClogRisk
14:41:41;550;RGBA(0.055, 0.218, 0.753, 0.000);-9999,00;1;0,00;RGBA(0.968, 1.000, 0.000, 0.000);Rejected_ClogRisk
14:41:41;551;RGBA(0.055, 0.218, 0.753, 0.000);-9999,00;1;0,00;RGBA(0.968, 1.000, 0.000, 0.000);Rejected_ClogRisk
14:41:41;552;RGBA(0.055, 0.218, 0.753, 0.000);-9999,00;1;0,00;RGBA(0.968, 1.000, 0.000, 0.000);Rejected_ClogRisk
14:41:41;553;RGBA(0.055, 0.218, 0.753, 0.000);-9999,00;1;0,00;RGBA(0.968, 1.000, 0.000, 0.000);Rejected_ClogRisk
14:41:41;554;RGBA(0.055, 0.218, 0.753, 0.000);-9999,00;1;0,00;RGBA(0.968, 1.000, 0.000, 0.000);Rejected_ClogRisk
14:41:41;555;RGBA(0.055, 0.218, 0.753, 0.000);-9999,00;1;0,00;RGBA(0.968, 1.000, 0.000, 0.000);Rejected_ClogRisk
14:41:41;556;RGBA(0.055, 0.218, 0.753, 0.000);-9999,00;1;0,00;RGBA(0.968, 1.000, 0.000, 0.000);Rejected_ClogRisk
14:41:41;557;RGBA(0.055, 0.218, 0.753, 0.000);-9999,00;1;0,00;RGBA(0.968, 1.000, 0.000, 0.000);Rejected_ClogRisk
14:41:41;558;RGBA(0.055, 0.218, 0.753, 0.000);-9999,00;1;0,00;RGBA(0.968, 1.000, 0.000, 0.000);Rejected_ClogRisk
14:41:41;559;RGBA(0.055, 0.218, 0.753, 0.000);-9999,00;1;0,00;RGBA(0.968, 1.000, 0.000, 0.000);Rejected_ClogRisk
14:41:41;560;RGBA(0.055, 0.218, 0.753, 0.000);-9999,00;1;0,00;RGBA(0.968, 1.000, 0.000, 0.000);Rejected_ClogRisk
14:41:41;561;RGBA(0.055, 0.218, 0.753, 0.000);-9999,00;1;0,00;RGBA(0.968, 1.000, 0.000, 0.000);Rejected_ClogRisk
14:41:41;562;RGBA(0.055, 0.218, 0.753, 0.000);-9999,00;1;0,00;RGBA(0.968, 1.000, 0.000, 0.000);Rejected_ClogRisk
14:41:41;563;RGBA(0.055, 0.218, 0.753, 0.000);-9999,00;1;0,00;RGBA(0.968, 1.000, 0.000, 0.000);Rejected_ClogRisk
14:41:41;564;RGBA(0.055, 0.218, 0.753, 0.000);-9999,00;1;0,00;RGBA(0.968, 1.000, 0.000, 0.000);Rejected_ClogRisk
14:41:41;565;RGBA(0.055, 0.218, 0.753, 0.000);-9999,00;1;0,00;RGBA(0.968, 1.000, 0.000, 0.000);Rejected_ClogRisk
14:41:41;566;RGBA(0.055, 0.218, 0.753, 0.000);-9999,00;1;0,00;RGBA(0.968, 1.000, 0.000, 0.000);Rejected_ClogRisk
14:41:41;567;RGBA(0.055, 0.218, 0.753, 0.000);-9999,00;1;0,00;RGBA(0.968, 1.000, 0.000, 0.000);Rejected_ClogRisk
14:41:41;568;RGBA(0.055, 0.218, 0.753, 0.000);-9999,00;1;0,00;RGBA(0.968, 1.000, 0.000, 0.000);Rejected_ClogRisk
14:41:41;569;RGBA(0.055, 0.218, 0.753, 0.000);-9999,00;1;0,00;RGBA(0.968, 1.000, 0.000, 0.000);Rejected_ClogRisk
14:41:41;570;RGBA(0.055, 0.218, 0.753, 0.000);-9999,00;1;0,00;RGBA(0.968, 1.000, 0.000, 0.000);Rejected_ClogRisk
14:41:41;571;RGBA(0.055, 0.218, 0.753, 0.000);-9999,00;1;0,00;RGBA(0.968, 1.000, 0.000, 0.000);Rejected_ClogRisk
14:41:41;572;RGBA(0.055, 0.218, 0.753, 0.000);-9999,00;1;0,00;RGBA(0.968, 1.000, 0.000, 0.000);Rejected_ClogRisk
14:41:41;573;RGBA(0.055, 0.218, 0.753, 0.000);-9999,00;1;0,00;RGBA(0.968, 1.000, 0.000, 0.000);Rejected_ClogRisk
14:41:41;574;RGBA(0.055, 0.218, 0.753, 0.000);-9999,00;1;0,00;RGBA(0.968, 1.000, 0.000, 0.000);Rejected_ClogRisk
14:41:41;575;RGBA(0.055, 0.218, 0.753, 0.000);-9999,00;1;0,00;RGBA(0.968, 1.000, 0.000, 0.000);Rejected_ClogRisk
14:41:41;576;RGBA(0.055, 0.218, 0.753, 0.000);-9999,00;1;0,00;RGBA(0.968, 1.000, 0.000, 0.000);Rejected_ClogRisk
14:41:41;577;RGBA(0.055, 0.218, 0.753, 0.000);-9999,00;1;0,00;RGBA(0.968, 1.000, 0.000, 0.000);Rejected_ClogRisk
14:41:41;578;RGBA(0.055, 0.218, 0.753, 0.000);-9999,00;1;0,00;RGBA(0.968, 1.000, 0.000, 0.000);Rejected_ClogRisk
14:41:41;579;RGBA(0.055, 0.218, 0.753, 0.000);-9999,00;1;0,00;RGBA(0.968, 1.000, 0.000, 0.000);Rejected_ClogRisk
14:41:41;580;RGBA(0.055, 0.218, 0.753, 0.000);-9999,00;1;0,00;RGBA(0.968, 1.000, 0.000, 0.000);Rejected_ClogRisk
14:41:41;581;RGBA(0.055, 0.218, 0.753, 0.000);-9999,00;1;0,00;RGBA(0.968, 1.000, 0.000, 0.000);Rejected_ClogRisk
14:41:41;582;RGBA(0.055, 0.218, 0.753, 0.000);-9999,00;1;0,00;RGBA(0.968, 1.000, 0.000, 0.000);Rejected_ClogRisk
14:41:41;583;RGBA(0.055, 0.218, 0.753, 0.000);-9999,00;1;0,00;RGBA(0.968, 1.000, 0.000, 0.000);Rejected_ClogRisk
14:41:41;584;RGBA(0.055, 0.218, 0.753, 0.000);-9999,00;1;0,00;RGBA(0.968, 1.000, 0.000, 0.000);Rejected_ClogRisk
14:41:41;585;RGBA(0.055, 0.218, 0.753, 0.000);-9999,00;1;0,00;RGBA(0.968, 1.000, 0.000, 0.000);Rejected_ClogRisk
14:41:41;586;RGBA(0.055, 0.218, 0.753, 0.000);-9999,00;1;0,00;RGBA(0.968, 1.000, 0.000, 0.000);Rejected_ClogRisk
14:41:41;587;RGBA(0.055, 0.218, 0.753, 0.000);-9999,00;1;0,00;RGBA(0.968, 1.000, 0.000, 0.000);Rejected_ClogRisk
14:41:41;588;RGBA(0.055, 0.218, 0.753, 0.000);-9999,00;1;0,00;RGBA(0.968, 1.000, 0.000, 0.000);Rejected_ClogRisk
14:41:41;589;RGBA(0.055, 0.218, 0.753, 0.000);-9999,00;1;0,00;RGBA(0.968, 1.000, 0.000, 0.000);Rejected_ClogRisk
14:41:41;590;RGBA(0.055, 0.218, 0.753, 0.000);-9999,00;1;0,00;RGBA(0.968, 1.000, 0.000, 0.000);Rejected_ClogRisk
14:41:41;591;RGBA(0.055, 0.218, 0.753, 0.000);-9999,00;1;0,00;RGBA(0.968, 1.000, 0.000, 0.000);Rejected_ClogRisk
14:41:41;592;RGBA(0.055, 0.218, 0.753, 0.000);-9999,00;1;0,00;RGBA(0.968, 1.000, 0.000, 0.000);Rejected_ClogRisk
14:41:41;593;RGBA(0.055, 0.218, 0.753, 0.000);-9999,00;1;0,00;RGBA(0.968, 1.000, 0.000, 0.000);Rejected_ClogRisk
14:41:41;594;RGBA(0.055, 0.218, 0.753, 0.000);-9999,00;1;0,00;RGBA(0.968, 1.000, 0.000, 0.000);Rejected_ClogRisk
14:41:41;595;RGBA(0.055, 0.218, 0.753, 0.000);-9999,00;1;0,00;RGBA(0.968, 1.000, 0.000, 0.000);Rejected_ClogRisk
14:41:41;596;RGBA(0.055, 0.218, 0.753, 0.000);-9999,00;1;0,00;RGBA(0.968, 1.000, 0.000, 0.000);Rejected_ClogRisk
14:41:41;597;RGBA(0.055, 0.218, 0.753, 0.000);-9999,00;1;0,00;RGBA(0.968, 1.000, 0.000, 0.000);Rejected_ClogRisk
14:41:41;598;RGBA(0.055, 0.218, 0.753, 0.000);-9999,00;1;0,00;RGBA(0.968, 1.000, 0.000, 0.000);Rejected_ClogRisk
14:41:41;599;RGBA(0.055, 0.218, 0.753, 0.000);-9999,00;1;0,00;RGBA(0.968, 1.000, 0.000, 0.000);Rejected_ClogRisk
14:41:41;600;RGBA(0.055, 0.218, 0.753, 0.000);-9999,00;1;0,00;RGBA(0.968, 1.000, 0.000, 0.000);Rejected_ClogRisk
14:41:41;601;RGBA(0.055, 0.218, 0.753, 0.000);-9999,00;1;0,00;RGBA(0.968, 1.000, 0.000, 0.000);Rejected_ClogRisk
14:41:41;602;RGBA(0.055, 0.218, 0.753, 0.000);-9999,00;1;0,00;RGBA(0.968, 1.000, 0.000, 0.000);Rejected_ClogRisk
14:41:41;603;RGBA(0.055, 0.218, 0.753, 0.000);-9999,00;1;0,00;RGBA(0.968, 1.000, 0.000, 0.000);Rejected_ClogRisk
14:41:41;604;RGBA(0.055, 0.218, 0.753, 0.000);-9999,00;1;0,00;RGBA(0.968, 1.000, 0.000, 0.000);Rejected_ClogRisk
14:41:41;605;RGBA(0.055, 0.218, 0.753, 0.000);-9999,00;1;0,00;RGBA(0.968, 1.000, 0.000, 0.000);Rejected_ClogRisk
14:41:41;606;RGBA(0.055, 0.218, 0.753, 0.000);-9999,00;1;0,00;RGBA(0.968, 1.000, 0.000, 0.000);Rejected_ClogRisk
14:41:41;607;RGBA(0.055, 0.218, 0.753, 0.000);-9999,00;1;0,00;RGBA(0.968, 1.000, 0.000, 0.000);Rejected_ClogRisk
14:41:41;608;RGBA(0.055, 0.218, 0.753, 0.000);-9999,00;1;0,00;RGBA(0.968, 1.000, 0.000, 0.000);Rejected_ClogRisk
14:41:41;609;RGBA(0.055, 0.218, 0.753, 0.000);-9999,00;1;0,00;RGBA(0.968, 1.000, 0.000, 0.000);Rejected_ClogRisk
14:41:41;610;RGBA(0.055, 0.218, 0.753, 0.000);-9999,00;1;0,00;RGBA(0.968, 1.000, 0.000, 0.000);Rejected_ClogRisk
14:41:41;611;RGBA(0.055, 0.218, 0.753, 0.000);-9999,00;1;0,00;RGBA(0.968, 1.000, 0.000, 0.000);Rejected_ClogRisk
14:41:41;612;RGBA(0.055, 0.218, 0.753, 0.000);-9999,00;1;0,00;RGBA(0.968, 1.000, 0.000, 0.000);Rejected_ClogRisk
14:41:41;613;RGBA(0.055, 0.218, 0.753, 0.000);-9999,00;1;0,00;RGBA(0.968, 1.000, 0.000, 0.000);Rejected_ClogRisk
14:41:41;614;RGBA(0.055, 0.218, 0.753, 0.000);-9999,00;1;0,00;RGBA(0.968, 1.000, 0.000, 0.000);Rejected_ClogRisk
14:41:41;615;RGBA(0.055, 0.218, 0.753, 0.000);-9999,00;1;0,00;RGBA(0.968, 1.000, 0.000, 0.000);Rejected_ClogRisk
14:41:41;616;RGBA(0.055, 0.218, 0.753, 0.000);-9999,00;1;0,00;RGBA(0.968, 1.000, 0.000, 0.000);Rejected_ClogRisk
14:41:41;617;RGBA(0.055, 0.218, 0.753, 0.000);-9999,00;1;0,00;RGBA(0.968, 1.000, 0.000, 0.000);Rejected_ClogRisk
14:41:41;618;RGBA(0.055, 0.218, 0.753, 0.000);-9999,00;1;0,00;RGBA(0.968, 1.000, 0.000, 0.000);Rejected_ClogRisk
14:41:41;619;RGBA(0.055, 0.218, 0.753, 0.000);-9999,00;1;0,00;RGBA(0.968, 1.000, 0.000, 0.000);Rejected_ClogRisk
14:41:41;620;RGBA(0.055, 0.218, 0.753, 0.000);-9999,00;1;0,00;RGBA(0.968, 1.000, 0.000, 0.000);Rejected_ClogRisk
14:41:41;621;RGBA(0.055, 0.218, 0.753, 0.000);-9999,00;1;0,00;RGBA(0.968, 1.000, 0.000, 0.000);Rejected_ClogRisk
14:41:41;622;RGBA(0.055, 0.218, 0.753, 0.000);-9999,00;1;0,00;RGBA(0.968, 1.000, 0.000, 0.000);Rejected_ClogRisk
14:41:41;623;RGBA(0.055, 0.218, 0.753, 0.000);-9999,00;1;0,00;RGBA(0.968, 1.000, 0.000, 0.000);Rejected_ClogRisk
14:41:41;624;RGBA(0.055, 0.218, 0.753, 0.000);-9999,00;1;0,00;RGBA(0.968, 1.000, 0.000, 0.000);Rejected_ClogRisk
14:41:41;625;RGBA(0.055, 0.218, 0.753, 0.000);-9999,00;1;0,00;RGBA(0.968, 1.000, 0.000, 0.000);Rejected_ClogRisk
14:41:41;626;RGBA(0.055, 0.218, 0.753, 0.000);-9999,00;1;0,00;RGBA(0.968, 1.000, 0.000, 0.000);Rejected_ClogRisk
14:41:41;627;RGBA(0.055, 0.218, 0.753, 0.000);-9999,00;1;0,00;RGBA(0.968, 1.000, 0.000, 0.000);Rejected_ClogRisk
14:41:41;628;RGBA(0.055, 0.218, 0.753, 0.000);-9999,00;1;0,00;RGBA(0.968, 1.000, 0.000, 0.000);Rejected_ClogRisk
14:41:41;629;RGBA(0.055, 0.218, 0.753, 0.000);-9999,00;1;0,00;RGBA(0.968, 1.000, 0.000, 0.000);Rejected_ClogRisk
14:41:41;630;RGBA(0.055, 0.218, 0.753, 0.000);-9999,00;1;0,00;RGBA(0.968, 1.000, 0.000, 0.000);Rejected_ClogRisk
14:41:41;631;RGBA(0.055, 0.218, 0.753, 0.000);-9999,00;1;0,00;RGBA(0.968, 1.000, 0.000, 0.000);Rejected_ClogRisk
14:41:41;632;RGBA(0.055, 0.218, 0.753, 0.000);-9999,00;1;0,00;RGBA(0.968, 1.000, 0.000, 0.000);Rejected_ClogRisk
14:41:41;633;RGBA(0.055, 0.218, 0.753, 0.000);-9999,00;1;0,00;RGBA(0.968, 1.000, 0.000, 0.000);Rejected_ClogRisk
14:41:41;634;RGBA(0.055, 0.218, 0.753, 0.000);-9999,00;1;0,00;RGBA(0.968, 1.000, 0.000, 0.000);Rejected_ClogRisk
14:41:41;635;RGBA(0.055, 0.218, 0.753, 0.000);-9999,00;1;0,00;RGBA(0.968, 1.000, 0.000, 0.000);Rejected_ClogRisk
14:41:41;636;RGBA(0.055, 0.218, 0.753, 0.000);-9999,00;1;0,00;RGBA(0.968, 1.000, 0.000, 0.000);Rejected_ClogRisk
14:41:41;637;RGBA(0.055, 0.218, 0.753, 0.000);-9999,00;1;0,00;RGBA(0.968, 1.000, 0.000, 0.000);Rejected_ClogRisk
14:41:41;638;RGBA(0.055, 0.218, 0.753, 0.000);-9999,00;1;0,00;RGBA(0.968, 1.000, 0.000, 0.000);Rejected_ClogRisk
14:41:41;639;RGBA(0.055, 0.218, 0.753, 0.000);-9999,00;1;0,00;RGBA(0.968, 1.000, 0.000, 0.000);Rejected_ClogRisk
14:41:41;640;RGBA(0.055, 0.218, 0.753, 0.000);-9999,00;1;0,00;RGBA(0.968, 1.000, 0.000, 0.000);Rejected_ClogRisk
14:41:41;641;RGBA(0.055, 0.218, 0.753, 0.000);-9999,00;1;0,00;RGBA(0.968, 1.000, 0.000, 0.000);Rejected_ClogRisk
14:41:41;642;RGBA(0.055, 0.218, 0.753, 0.000);-9999,00;1;0,00;RGBA(0.968, 1.000, 0.000, 0.000);Rejected_ClogRisk
14:41:41;643;RGBA(0.055, 0.218, 0.753, 0.000);-9999,00;1;0,00;RGBA(0.968, 1.000, 0.000, 0.000);Rejected_ClogRisk
14:41:41;644;RGBA(0.055, 0.218, 0.753, 0.000);-9999,00;1;0,00;RGBA(0.968, 1.000, 0.000, 0.000);Rejected_ClogRisk
14:41:41;645;RGBA(0.055, 0.218, 0.753, 0.000);-9999,00;1;0,00;RGBA(0.968, 1.000, 0.000, 0.000);Rejected_ClogRisk
14:41:41;646;RGBA(0.055, 0.218, 0.753, 0.000);-9999,00;1;0,00;RGBA(0.968, 1.000, 0.000, 0.000);Rejected_ClogRisk
14:41:41;647;RGBA(0.055, 0.218, 0.753, 0.000);-9999,00;1;0,00;RGBA(0.968, 1.000, 0.000, 0.000);Rejected_ClogRisk
14:41:41;648;RGBA(0.055, 0.218, 0.753, 0.000);-9999,00;1;0,00;RGBA(0.968, 1.000, 0.000, 0.000);Rejected_ClogRisk
14:41:41;649;RGBA(0.055, 0.218, 0.753, 0.000);-9999,00;1;0,00;RGBA(0.968, 1.000, 0.000, 0.000);Rejected_ClogRisk
14:41:41;650;RGBA(0.055, 0.218, 0.753, 0.000);-9999,00;1;0,00;RGBA(0.968, 1.000, 0.000, 0.000);Rejected_ClogRisk
14:41:41;651;RGBA(0.055, 0.218, 0.753, 0.000);-9999,00;1;0,00;RGBA(0.968, 1.000, 0.000, 0.000);Rejected_ClogRisk
14:41:41;652;RGBA(0.055, 0.218, 0.753, 0.000);-9999,00;1;0,00;RGBA(0.968, 1.000, 0.000, 0.000);Rejected_ClogRisk
14:41:41;653;RGBA(0.055, 0.218, 0.753, 0.000);-9999,00;1;0,00;RGBA(0.968, 1.000, 0.000, 0.000);Rejected_ClogRisk
14:41:41;654;RGBA(0.055, 0.218, 0.753, 0.000);-9999,00;1;0,00;RGBA(0.968, 1.000, 0.000, 0.000);Rejected_ClogRisk
14:41:41;655;RGBA(0.055, 0.218, 0.753, 0.000);-9999,00;1;0,00;RGBA(0.968, 1.000, 0.000, 0.000);Rejected_ClogRisk
14:41:41;656;RGBA(0.055, 0.218, 0.753, 0.000);-9999,00;1;0,00;RGBA(0.968, 1.000, 0.000, 0.000);Rejected_ClogRisk
14:41:41;657;RGBA(0.055, 0.218, 0.753, 0.000);-9999,00;1;0,00;RGBA(0.968, 1.000, 0.000, 0.000);Rejected_ClogRisk
14:41:41;658;RGBA(0.055, 0.218, 0.753, 0.000);-9999,00;1;0,00;RGBA(0.968, 1.000, 0.000, 0.000);Rejected_ClogRisk
14:41:41;659;RGBA(0.055, 0.218, 0.753, 0.000);-9999,00;1;0,00;RGBA(0.968, 1.000, 0.000, 0.000);Rejected_ClogRisk
14:41:41;660;RGBA(0.055, 0.218, 0.753, 0.000);-9999,00;1;0,00;RGBA(0.968, 1.000, 0.000, 0.000);Rejected_ClogRisk
14:41:41;661;RGBA(0.055, 0.218, 0.753, 0.000);-9999,00;1;0,00;RGBA(0.968, 1.000, 0.000, 0.000);Rejected_ClogRisk
14:41:41;662;RGBA(0.055, 0.218, 0.753, 0.000);-9999,00;1;0,00;RGBA(0.968, 1.000, 0.000, 0.000);Rejected_ClogRisk
14:41:41;663;RGBA(0.055, 0.218, 0.753, 0.000);-9999,00;1;0,00;RGBA(0.968, 1.000, 0.000, 0.000);Rejected_ClogRisk
14:41:41;664;RGBA(0.055, 0.218, 0.753, 0.000);-9999,00;1;0,00;RGBA(0.968, 1.000, 0.000, 0.000);Rejected_ClogRisk
14:41:41;665;RGBA(0.055, 0.218, 0.753, 0.000);-9999,00;1;0,00;RGBA(0.968, 1.000, 0.000, 0.000);Rejected_ClogRisk
14:41:41;666;RGBA(0.055, 0.218, 0.753, 0.000);-9999,00;1;0,00;RGBA(0.968, 1.000, 0.000, 0.000);Rejected_ClogRisk
14:41:41;667;RGBA(0.055, 0.218, 0.753, 0.000);-9999,00;1;0,00;RGBA(0.968, 1.000, 0.000, 0.000);Rejected_ClogRisk
14:41:41;668;RGBA(0.055, 0.218, 0.753, 0.000);-9999,00;1;0,00;RGBA(0.968, 1.000, 0.000, 0.000);Rejected_ClogRisk
14:41:41;669;RGBA(0.055, 0.218, 0.753, 0.000);-9999,00;1;0,00;RGBA(0.968, 1.000, 0.000, 0.000);Rejected_ClogRisk
14:41:41;670;RGBA(0.055, 0.218, 0.753, 0.000);-9999,00;1;0,00;RGBA(0.968, 1.000, 0.000, 0.000);Rejected_ClogRisk
14:41:41;671;RGBA(0.055, 0.218, 0.753, 0.000);-9999,00;1;0,00;RGBA(0.968, 1.000, 0.000, 0.000);Rejected_ClogRisk
14:41:41;672;RGBA(0.055, 0.218, 0.753, 0.000);-9999,00;1;0,00;RGBA(0.968, 1.000, 0.000, 0.000);Rejected_ClogRisk
14:41:41;673;RGBA(0.055, 0.218, 0.753, 0.000);-9999,00;1;0,00;RGBA(0.968, 1.000, 0.000, 0.000);Rejected_ClogRisk
14:41:41;674;RGBA(0.055, 0.218, 0.753, 0.000);-9999,00;1;0,00;RGBA(0.968, 1.000, 0.000, 0.000);Rejected_ClogRisk
14:41:41;675;RGBA(0.055, 0.218, 0.753, 0.000);-9999,00;1;0,00;RGBA(0.968, 1.000, 0.000, 0.000);Rejected_ClogRisk
14:41:41;676;RGBA(0.055, 0.218, 0.753, 0.000);-9999,00;1;0,00;RGBA(0.968, 1.000, 0.000, 0.000);Rejected_ClogRisk
14:41:41;677;RGBA(0.055, 0.218, 0.753, 0.000);-9999,00;1;0,00;RGBA(0.968, 1.000, 0.000, 0.000);Rejected_ClogRisk
14:41:41;678;RGBA(0.055, 0.218, 0.753, 0.000);-9999,00;1;0,00;RGBA(0.968, 1.000, 0.000, 0.000);Rejected_ClogRisk
14:41:41;679;RGBA(0.055, 0.218, 0.753, 0.000);-9999,00;1;0,00;RGBA(0.968, 1.000, 0.000, 0.000);Rejected_ClogRisk
14:41:41;680;RGBA(0.055, 0.218, 0.753, 0.000);-9999,00;1;0,00;RGBA(0.968, 1.000, 0.000, 0.000);Rejected_ClogRisk
14:41:41;681;RGBA(0.055, 0.218, 0.753, 0.000);-9999,00;1;0,00;RGBA(0.968, 1.000, 0.000, 0.000);Rejected_ClogRisk
14:41:41;682;RGBA(0.055, 0.218, 0.753, 0.000);-9999,00;1;0,00;RGBA(0.968, 1.000, 0.000, 0.000);Rejected_ClogRisk
14:41:41;683;RGBA(0.055, 0.218, 0.753, 0.000);-9999,00;1;0,00;RGBA(0.968, 1.000, 0.000, 0.000);Rejected_ClogRisk
14:41:41;684;RGBA(0.055, 0.218, 0.753, 0.000);-9999,00;1;0,00;RGBA(0.968, 1.000, 0.000, 0.000);Rejected_ClogRisk
14:41:41;685;RGBA(0.055, 0.218, 0.753, 0.000);-9999,00;1;0,00;RGBA(0.968, 1.000, 0.000, 0.000);Rejected_ClogRisk
14:41:41;686;RGBA(0.055, 0.218, 0.753, 0.000);-9999,00;1;0,00;RGBA(0.968, 1.000, 0.000, 0.000);Rejected_ClogRisk
14:41:41;687;RGBA(0.055, 0.218, 0.753, 0.000);-9999,00;1;0,00;RGBA(0.968, 1.000, 0.000, 0.000);Rejected_ClogRisk
14:41:41;688;RGBA(0.055, 0.218, 0.753, 0.000);-9999,00;1;0,00;RGBA(0.968, 1.000, 0.000, 0.000);Rejected_ClogRisk
14:41:41;689;RGBA(0.055, 0.218, 0.753, 0.000);-9999,00;1;0,00;RGBA(0.968, 1.000, 0.000, 0.000);Rejected_ClogRisk
14:41:41;690;RGBA(0.055, 0.218, 0.753, 0.000);-9999,00;1;0,00;RGBA(0.968, 1.000, 0.000, 0.000);Rejected_ClogRisk
14:41:41;691;RGBA(0.055, 0.218, 0.753, 0.000);-9999,00;1;0,00;RGBA(0.968, 1.000, 0.000, 0.000);Rejected_ClogRisk
14:41:41;692;RGBA(0.055, 0.218, 0.753, 0.000);-9999,00;1;0,00;RGBA(0.968, 1.000, 0.000, 0.000);Rejected_ClogRisk
14:41:41;693;RGBA(0.055, 0.218, 0.753, 0.000);-9999,00;1;0,00;RGBA(0.968, 1.000, 0.000, 0.000);Rejected_ClogRisk
14:41:41;694;RGBA(0.055, 0.218, 0.753, 0.000);-9999,00;1;0,00;RGBA(0.968, 1.000, 0.000, 0.000);Rejected_ClogRisk
14:41:41;695;RGBA(0.055, 0.218, 0.753, 0.000);-9999,00;1;0,00;RGBA(0.968, 1.000, 0.000, 0.000);Rejected_ClogRisk
14:41:41;696;RGBA(0.055, 0.218, 0.753, 0.000);-9999,00;1;0,00;RGBA(0.968, 1.000, 0.000, 0.000);Rejected_ClogRisk
14:41:41;697;RGBA(0.055, 0.218, 0.753, 0.000);-9999,00;1;0,00;RGBA(0.968, 1.000, 0.000, 0.000);Rejected_ClogRisk
14:41:41;698;RGBA(0.055, 0.218, 0.753, 0.000);-9999,00;1;0,00;RGBA(0.968, 1.000, 0.000, 0.000);Rejected_ClogRisk
14:41:41;699;RGBA(0.055, 0.218, 0.753, 0.000);-9999,00;1;0,00;RGBA(0.968, 1.000, 0.000, 0.000);Rejected_ClogRisk
14:41:41;700;RGBA(0.055, 0.218, 0.753, 0.000);-9999,00;1;0,00;RGBA(0.968, 1.000, 0.000, 0.000);Rejected_ClogRisk
14:41:41;701;RGBA(0.055, 0.218, 0.753, 0.000);-9999,00;1;0,00;RGBA(0.968, 1.000, 0.000, 0.000);Rejected_ClogRisk
14:41:41;702;RGBA(0.055, 0.218, 0.753, 0.000);-9999,00;1;0,00;RGBA(0.968, 1.000, 0.000, 0.000);Rejected_ClogRisk
14:41:41;703;RGBA(0.055, 0.218, 0.753, 0.000);-9999,00;1;0,00;RGBA(0.968, 1.000, 0.000, 0.000);Rejected_ClogRisk
14:41:41;704;RGBA(0.055, 0.218, 0.753, 0.000);-9999,00;1;0,00;RGBA(0.968, 1.000, 0.000, 0.000);Rejected_ClogRisk
14:41:41;705;RGBA(0.055, 0.218, 0.753, 0.000);-9999,00;1;0,00;RGBA(0.968, 1.000, 0.000, 0.000);Rejected_ClogRisk
14:41:41;706;RGBA(0.055, 0.218, 0.753, 0.000);-9999,00;1;0,00;RGBA(0.968, 1.000, 0.000, 0.000);Rejected_ClogRisk
14:41:41;707;RGBA(0.055, 0.218, 0.753, 0.000);-9999,00;1;0,00;RGBA(0.968, 1.000, 0.000, 0.000);Rejected_ClogRisk
14:41:41;708;RGBA(0.055, 0.218, 0.753, 0.000);-9999,00;1;0,00;RGBA(0.968, 1.000, 0.000, 0.000);Rejected_ClogRisk
14:41:41;709;RGBA(0.055, 0.218, 0.753, 0.000);-9999,00;1;0,00;RGBA(0.968, 1.000, 0.000, 0.000);Rejected_ClogRisk
14:41:41;710;RGBA(0.055, 0.218, 0.753, 0.000);-9999,00;1;0,00;RGBA(0.968, 1.000, 0.000, 0.000);Rejected_ClogRisk
14:41:41;711;RGBA(0.055, 0.218, 0.753, 0.000);-9999,00;1;0,00;RGBA(0.968, 1.000, 0.000, 0.000);Rejected_ClogRisk
14:41:41;712;RGBA(0.055, 0.218, 0.753, 0.000);-9999,00;1;0,00;RGBA(0.968, 1.000, 0.000, 0.000);Rejected_ClogRisk
14:41:41;713;RGBA(0.055, 0.218, 0.753, 0.000);-9999,00;1;0,00;RGBA(0.968, 1.000, 0.000, 0.000);Rejected_ClogRisk
14:41:41;714;RGBA(0.055, 0.218, 0.753, 0.000);-9999,00;1;0,00;RGBA(0.968, 1.000, 0.000, 0.000);Rejected_ClogRisk
14:41:41;715;RGBA(0.055, 0.218, 0.753, 0.000);-9999,00;1;0,00;RGBA(0.968, 1.000, 0.000, 0.000);Rejected_ClogRisk
14:41:41;716;RGBA(0.055, 0.218, 0.753, 0.000);-9999,00;1;0,00;RGBA(0.968, 1.000, 0.000, 0.000);Rejected_ClogRisk
14:41:41;717;RGBA(0.055, 0.218, 0.753, 0.000);-9999,00;1;0,00;RGBA(0.968, 1.000, 0.000, 0.000);Rejected_ClogRisk
14:41:41;718;RGBA(0.055, 0.218, 0.753, 0.000);-9999,00;1;0,00;RGBA(0.968, 1.000, 0.000, 0.000);Rejected_ClogRisk
14:41:41;719;RGBA(0.055, 0.218, 0.753, 0.000);-9999,00;1;0,00;RGBA(0.968, 1.000, 0.000, 0.000);Rejected_ClogRisk
14:41:41;720;RGBA(0.055, 0.218, 0.753, 0.000);-9999,00;1;0,00;RGBA(0.968, 1.000, 0.000, 0.000);Rejected_ClogRisk
14:41:41;721;RGBA(0.055, 0.218, 0.753, 0.000);-9999,00;1;0,00;RGBA(0.968, 1.000, 0.000, 0.000);Rejected_ClogRisk
14:41:41;722;RGBA(0.055, 0.218, 0.753, 0.000);-9999,00;1;0,00;RGBA(0.968, 1.000, 0.000, 0.000);Rejected_ClogRisk
14:41:41;723;RGBA(0.055, 0.218, 0.753, 0.000);-9999,00;1;0,00;RGBA(0.968, 1.000, 0.000, 0.000);Rejected_ClogRisk
14:41:41;724;RGBA(0.055, 0.218, 0.753, 0.000);-9999,00;1;0,00;RGBA(0.968, 1.000, 0.000, 0.000);Rejected_ClogRisk
14:41:41;725;RGBA(0.055, 0.218, 0.753, 0.000);-9999,00;1;0,00;RGBA(0.968, 1.000, 0.000, 0.000);Rejected_ClogRisk
14:41:41;726;RGBA(0.055, 0.218, 0.753, 0.000);-9999,00;1;0,00;RGBA(0.968, 1.000, 0.000, 0.000);Rejected_ClogRisk
14:41:41;727;RGBA(0.055, 0.218, 0.753, 0.000);-9999,00;1;0,00;RGBA(0.968, 1.000, 0.000, 0.000);Rejected_ClogRisk
14:41:41;728;RGBA(0.055, 0.218, 0.753, 0.000);-9999,00;1;0,00;RGBA(0.968, 1.000, 0.000, 0.000);Rejected_ClogRisk
14:41:41;729;RGBA(0.055, 0.218, 0.753, 0.000);-9999,00;1;0,00;RGBA(0.968, 1.000, 0.000, 0.000);Rejected_ClogRisk
14:41:41;730;RGBA(0.055, 0.218, 0.753, 0.000);-9999,00;1;0,00;RGBA(0.968, 1.000, 0.000, 0.000);Rejected_ClogRisk
14:41:41;731;RGBA(0.055, 0.218, 0.753, 0.000);-9999,00;1;0,00;RGBA(0.968, 1.000, 0.000, 0.000);Rejected_ClogRisk
14:41:42;732;RGBA(0.055, 0.218, 0.753, 0.000);-9999,00;1;0,00;RGBA(0.968, 1.000, 0.000, 0.000);Rejected_ClogRisk
14:41:42;733;RGBA(0.055, 0.218, 0.753, 0.000);-9999,00;1;0,00;RGBA(0.968, 1.000, 0.000, 0.000);Rejected_ClogRisk
14:41:42;734;RGBA(0.055, 0.218, 0.753, 0.000);-9999,00;1;0,00;RGBA(0.968, 1.000, 0.000, 0.000);Rejected_ClogRisk
14:41:42;735;RGBA(0.055, 0.218, 0.753, 0.000);-9999,00;1;0,00;RGBA(0.968, 1.000, 0.000, 0.000);Rejected_ClogRisk
14:41:42;736;RGBA(0.055, 0.218, 0.753, 0.000);-9999,00;1;0,00;RGBA(0.968, 1.000, 0.000, 0.000);Rejected_ClogRisk
14:41:42;737;RGBA(0.055, 0.218, 0.753, 0.000);-9999,00;1;0,00;RGBA(0.968, 1.000, 0.000, 0.000);Rejected_ClogRisk
14:41:42;738;RGBA(0.055, 0.218, 0.753, 0.000);-9999,00;1;0,00;RGBA(0.968, 1.000, 0.000, 0.000);Rejected_ClogRisk
14:41:42;739;RGBA(0.055, 0.218, 0.753, 0.000);-9999,00;1;0,00;RGBA(0.968, 1.000, 0.000, 0.000);Rejected_ClogRisk
14:41:42;740;RGBA(0.055, 0.218, 0.753, 0.000);-9999,00;1;0,00;RGBA(0.968, 1.000, 0.000, 0.000);Rejected_ClogRisk
14:41:42;741;RGBA(0.055, 0.218, 0.753, 0.000);-9999,00;1;0,00;RGBA(0.968, 1.000, 0.000, 0.000);Rejected_ClogRisk
14:41:42;742;RGBA(0.055, 0.218, 0.753, 0.000);-9999,00;1;0,00;RGBA(0.968, 1.000, 0.000, 0.000);Rejected_ClogRisk
14:41:42;743;RGBA(0.055, 0.218, 0.753, 0.000);-9999,00;1;0,00;RGBA(0.968, 1.000, 0.000, 0.000);Rejected_ClogRisk
14:41:42;744;RGBA(0.055, 0.218, 0.753, 0.000);-9999,00;1;0,00;RGBA(0.968, 1.000, 0.000, 0.000);Rejected_ClogRisk
14:41:42;745;RGBA(0.055, 0.218, 0.753, 0.000);-9999,00;1;0,00;RGBA(0.968, 1.000, 0.000, 0.000);Rejected_ClogRisk
14:41:42;746;RGBA(0.055, 0.218, 0.753, 0.000);-9999,00;1;0,00;RGBA(0.968, 1.000, 0.000, 0.000);Rejected_ClogRisk
14:41:42;747;RGBA(0.055, 0.218, 0.753, 0.000);-9999,00;1;0,00;RGBA(0.968, 1.000, 0.000, 0.000);Rejected_ClogRisk
14:41:42;748;RGBA(0.055, 0.218, 0.753, 0.000);-9999,00;1;0,00;RGBA(0.968, 1.000, 0.000, 0.000);Rejected_ClogRisk
14:41:42;749;RGBA(0.055, 0.218, 0.753, 0.000);-9999,00;1;0,00;RGBA(0.968, 1.000, 0.000, 0.000);Rejected_ClogRisk
14:41:42;750;RGBA(0.055, 0.218, 0.753, 0.000);-9999,00;1;0,00;RGBA(0.968, 1.000, 0.000, 0.000);Rejected_ClogRisk
14:41:42;751;RGBA(0.055, 0.218, 0.753, 0.000);-9999,00;1;0,00;RGBA(0.968, 1.000, 0.000, 0.000);Rejected_ClogRisk
14:41:42;752;RGBA(0.055, 0.218, 0.753, 0.000);-9999,00;1;0,00;RGBA(0.968, 1.000, 0.000, 0.000);Rejected_ClogRisk
14:41:42;753;RGBA(0.055, 0.218, 0.753, 0.000);-9999,00;1;0,00;RGBA(0.968, 1.000, 0.000, 0.000);Rejected_ClogRisk
14:41:42;754;RGBA(0.055, 0.218, 0.753, 0.000);-9999,00;1;0,00;RGBA(0.968, 1.000, 0.000, 0.000);Rejected_ClogRisk
14:41:42;755;RGBA(0.055, 0.218, 0.753, 0.000);-9999,00;1;0,00;RGBA(0.968, 1.000, 0.000, 0.000);Rejected_ClogRisk
14:41:42;756;RGBA(0.055, 0.218, 0.753, 0.000);-9999,00;1;0,00;RGBA(0.968, 1.000, 0.000, 0.000);Rejected_ClogRisk
14:41:42;757;RGBA(0.055, 0.218, 0.753, 0.000);-9999,00;1;0,00;RGBA(0.968, 1.000, 0.000, 0.000);Rejected_ClogRisk
14:41:42;758;RGBA(0.055, 0.218, 0.753, 0.000);-9999,00;1;0,00;RGBA(0.968, 1.000, 0.000, 0.000);Rejected_ClogRisk
14:41:42;759;RGBA(0.055, 0.218, 0.753, 0.000);-9999,00;1;0,00;RGBA(0.968, 1.000, 0.000, 0.000);Rejected_ClogRisk
14:41:42;760;RGBA(0.055, 0.218, 0.753, 0.000);-9999,00;1;0,00;RGBA(0.968, 1.000, 0.000, 0.000);Rejected_ClogRisk
14:41:42;761;RGBA(0.055, 0.218, 0.753, 0.000);-9999,00;1;0,00;RGBA(0.968, 1.000, 0.000, 0.000);Rejected_ClogRisk
14:41:42;762;RGBA(0.055, 0.218, 0.753, 0.000);-9999,00;1;0,00;RGBA(0.968, 1.000, 0.000, 0.000);Rejected_ClogRisk
14:41:42;763;RGBA(0.055, 0.218, 0.753, 0.000);-9999,00;1;0,00;RGBA(0.968, 1.000, 0.000, 0.000);Rejected_ClogRisk
14:41:42;764;RGBA(0.055, 0.218, 0.753, 0.000);-9999,00;1;0,00;RGBA(0.968, 1.000, 0.000, 0.000);Rejected_ClogRisk
14:41:42;765;RGBA(0.055, 0.218, 0.753, 0.000);-9999,00;1;0,00;RGBA(0.968, 1.000, 0.000, 0.000);Rejected_ClogRisk
14:41:42;766;RGBA(0.055, 0.218, 0.753, 0.000);-9999,00;1;0,00;RGBA(0.968, 1.000, 0.000, 0.000);Rejected_ClogRisk
14:41:42;767;RGBA(0.055, 0.218, 0.753, 0.000);-9999,00;1;0,00;RGBA(0.968, 1.000, 0.000, 0.000);Rejected_ClogRisk
14:41:42;768;RGBA(0.055, 0.218, 0.753, 0.000);-9999,00;1;0,00;RGBA(0.968, 1.000, 0.000, 0.000);Rejected_ClogRisk
14:41:42;769;RGBA(0.055, 0.218, 0.753, 0.000);-9999,00;1;0,00;RGBA(0.968, 1.000, 0.000, 0.000);Rejected_ClogRisk
14:41:42;770;RGBA(0.055, 0.218, 0.753, 0.000);-9999,00;1;0,00;RGBA(0.968, 1.000, 0.000, 0.000);Rejected_ClogRisk
14:41:42;771;RGBA(0.055, 0.218, 0.753, 0.000);-9999,00;1;0,00;RGBA(0.968, 1.000, 0.000, 0.000);Rejected_ClogRisk
14:41:42;772;RGBA(0.055, 0.218, 0.753, 0.000);-9999,00;1;0,00;RGBA(0.968, 1.000, 0.000, 0.000);Rejected_ClogRisk
14:41:42;773;RGBA(0.055, 0.218, 0.753, 0.000);-9999,00;1;0,00;RGBA(0.968, 1.000, 0.000, 0.000);Rejected_ClogRisk
14:41:42;774;RGBA(0.055, 0.218, 0.753, 0.000);-9999,00;1;0,00;RGBA(0.968, 1.000, 0.000, 0.000);Rejected_ClogRisk
14:41:42;775;RGBA(0.055, 0.218, 0.753, 0.000);-9999,00;1;0,00;RGBA(0.968, 1.000, 0.000, 0.000);Rejected_ClogRisk
14:41:42;776;RGBA(0.055, 0.218, 0.753, 0.000);-9999,00;1;0,00;RGBA(0.968, 1.000, 0.000, 0.000);Rejected_ClogRisk
14:41:42;777;RGBA(0.055, 0.218, 0.753, 0.000);-9999,00;1;0,00;RGBA(0.968, 1.000, 0.000, 0.000);Rejected_ClogRisk
14:41:42;778;RGBA(0.055, 0.218, 0.753, 0.000);-9999,00;1;0,00;RGBA(0.968, 1.000, 0.000, 0.000);Rejected_ClogRisk
14:41:42;779;RGBA(0.055, 0.218, 0.753, 0.000);-9999,00;1;0,00;RGBA(0.968, 1.000, 0.000, 0.000);Rejected_ClogRisk
14:41:42;780;RGBA(0.055, 0.218, 0.753, 0.000);-9999,00;1;0,00;RGBA(0.968, 1.000, 0.000, 0.000);Rejected_ClogRisk
14:41:42;781;RGBA(0.055, 0.218, 0.753, 0.000);-9999,00;1;0,00;RGBA(0.968, 1.000, 0.000, 0.000);Rejected_ClogRisk
14:41:42;782;RGBA(0.055, 0.218, 0.753, 0.000);-9999,00;1;0,00;RGBA(0.968, 1.000, 0.000, 0.000);Rejected_ClogRisk
14:41:42;783;RGBA(0.055, 0.218, 0.753, 0.000);-9999,00;1;0,00;RGBA(0.968, 1.000, 0.000, 0.000);Rejected_ClogRisk
14:41:42;784;RGBA(0.055, 0.218, 0.753, 0.000);-9999,00;1;0,00;RGBA(0.968, 1.000, 0.000, 0.000);Rejected_ClogRisk
14:41:42;785;RGBA(0.055, 0.218, 0.753, 0.000);-9999,00;1;0,00;RGBA(0.968, 1.000, 0.000, 0.000);Rejected_ClogRisk
14:41:42;786;RGBA(0.055, 0.218, 0.753, 0.000);-9999,00;1;0,00;RGBA(0.968, 1.000, 0.000, 0.000);Rejected_ClogRisk
14:41:42;787;RGBA(0.055, 0.218, 0.753, 0.000);-9999,00;1;0,00;RGBA(0.968, 1.000, 0.000, 0.000);Rejected_ClogRisk
14:41:42;788;RGBA(0.055, 0.218, 0.753, 0.000);-9999,00;1;0,00;RGBA(0.968, 1.000, 0.000, 0.000);Rejected_ClogRisk
14:41:42;789;RGBA(0.055, 0.218, 0.753, 0.000);-9999,00;1;0,00;RGBA(0.968, 1.000, 0.000, 0.000);Rejected_ClogRisk
14:41:42;790;RGBA(0.055, 0.218, 0.753, 0.000);-9999,00;1;0,00;RGBA(0.968, 1.000, 0.000, 0.000);Rejected_ClogRisk
14:41:42;791;RGBA(0.055, 0.218, 0.753, 0.000);-9999,00;1;0,00;RGBA(0.968, 1.000, 0.000, 0.000);Rejected_ClogRisk
14:41:42;792;RGBA(0.055, 0.218, 0.753, 0.000);-9999,00;1;0,00;RGBA(0.968, 1.000, 0.000, 0.000);Rejected_ClogRisk
14:41:42;793;RGBA(0.055, 0.218, 0.753, 0.000);-9999,00;1;0,00;RGBA(0.968, 1.000, 0.000, 0.000);Rejected_ClogRisk
14:41:42;794;RGBA(0.055, 0.218, 0.753, 0.000);-9999,00;1;0,00;RGBA(0.968, 1.000, 0.000, 0.000);Rejected_ClogRisk
14:41:42;795;RGBA(0.055, 0.218, 0.753, 0.000);-9999,00;1;0,00;RGBA(0.968, 1.000, 0.000, 0.000);Rejected_ClogRisk
14:41:42;796;RGBA(0.055, 0.218, 0.753, 0.000);-9999,00;1;0,00;RGBA(0.968, 1.000, 0.000, 0.000);Rejected_ClogRisk
14:41:42;797;RGBA(0.055, 0.218, 0.753, 0.000);-9999,00;1;0,00;RGBA(0.968, 1.000, 0.000, 0.000);Rejected_ClogRisk
14:41:42;798;RGBA(0.055, 0.218, 0.753, 0.000);-9999,00;1;0,00;RGBA(0.968, 1.000, 0.000, 0.000);Rejected_ClogRisk
14:41:42;799;RGBA(0.055, 0.218, 0.753, 0.000);-9999,00;1;0,00;RGBA(0.968, 1.000, 0.000, 0.000);Rejected_ClogRisk
14:41:42;800;RGBA(0.055, 0.218, 0.753, 0.000);-9999,00;1;0,00;RGBA(0.968, 1.000, 0.000, 0.000);Rejected_ClogRisk
14:41:42;801;RGBA(0.055, 0.218, 0.753, 0.000);-9999,00;1;0,00;RGBA(0.968, 1.000, 0.000, 0.000);Rejected_ClogRisk
14:41:42;802;RGBA(0.055, 0.218, 0.753, 0.000);-9999,00;1;0,00;RGBA(0.968, 1.000, 0.000, 0.000);Rejected_ClogRisk
14:41:42;803;RGBA(0.055, 0.218, 0.753, 0.000);-9999,00;1;0,00;RGBA(0.968, 1.000, 0.000, 0.000);Rejected_ClogRisk
14:41:42;804;RGBA(0.055, 0.218, 0.753, 0.000);-9999,00;1;0,00;RGBA(0.968, 1.000, 0.000, 0.000);Rejected_ClogRisk
14:41:42;805;RGBA(0.055, 0.218, 0.753, 0.000);-9999,00;1;0,00;RGBA(0.968, 1.000, 0.000, 0.000);Rejected_ClogRisk
14:41:42;806;RGBA(0.055, 0.218, 0.753, 0.000);-9999,00;1;0,00;RGBA(0.968, 1.000, 0.000, 0.000);Rejected_ClogRisk
14:41:42;807;RGBA(0.055, 0.218, 0.753, 0.000);-9999,00;1;0,00;RGBA(0.968, 1.000, 0.000, 0.000);Rejected_ClogRisk
14:41:42;808;RGBA(0.055, 0.218, 0.753, 0.000);-9999,00;1;0,00;RGBA(0.968, 1.000, 0.000, 0.000);Rejected_ClogRisk
14:41:42;809;RGBA(0.055, 0.218, 0.753, 0.000);-9999,00;1;0,00;RGBA(0.968, 1.000, 0.000, 0.000);Rejected_ClogRisk
14:41:42;810;RGBA(0.055, 0.218, 0.753, 0.000);-9999,00;1;0,00;RGBA(0.968, 1.000, 0.000, 0.000);Rejected_ClogRisk
14:41:42;811;RGBA(0.055, 0.218, 0.753, 0.000);-9999,00;1;0,00;RGBA(0.968, 1.000, 0.000, 0.000);Rejected_ClogRisk
14:41:42;812;RGBA(0.055, 0.218, 0.753, 0.000);-9999,00;1;0,00;RGBA(0.968, 1.000, 0.000, 0.000);Rejected_ClogRisk
14:41:42;813;RGBA(0.055, 0.218, 0.753, 0.000);-9999,00;1;0,00;RGBA(0.968, 1.000, 0.000, 0.000);Rejected_ClogRisk
14:41:42;814;RGBA(0.055, 0.218, 0.753, 0.000);-9999,00;1;0,00;RGBA(0.968, 1.000, 0.000, 0.000);Rejected_ClogRisk
14:41:42;815;RGBA(0.055, 0.218, 0.753, 0.000);-9999,00;1;0,00;RGBA(0.968, 1.000, 0.000, 0.000);Rejected_ClogRisk
14:41:42;816;RGBA(0.055, 0.218, 0.753, 0.000);-9999,00;1;0,00;RGBA(0.968, 1.000, 0.000, 0.000);Rejected_ClogRisk
14:41:42;817;RGBA(0.055, 0.218, 0.753, 0.000);-9999,00;1;0,00;RGBA(0.968, 1.000, 0.000, 0.000);Rejected_ClogRisk
14:41:42;818;RGBA(0.055, 0.218, 0.753, 0.000);-9999,00;1;0,00;RGBA(0.968, 1.000, 0.000, 0.000);Rejected_ClogRisk
14:41:42;819;RGBA(0.055, 0.218, 0.753, 0.000);-9999,00;1;0,00;RGBA(0.968, 1.000, 0.000, 0.000);Rejected_ClogRisk
14:41:42;820;RGBA(0.055, 0.218, 0.753, 0.000);-9999,00;1;0,00;RGBA(0.968, 1.000, 0.000, 0.000);Rejected_ClogRisk
14:41:42;821;RGBA(0.055, 0.218, 0.753, 0.000);-9999,00;1;0,00;RGBA(0.968, 1.000, 0.000, 0.000);Rejected_ClogRisk
14:41:42;822;RGBA(0.055, 0.218, 0.753, 0.000);-9999,00;1;0,00;RGBA(0.968, 1.000, 0.000, 0.000);Rejected_ClogRisk
14:41:42;823;RGBA(0.055, 0.218, 0.753, 0.000);-9999,00;1;0,00;RGBA(0.968, 1.000, 0.000, 0.000);Rejected_ClogRisk
14:41:42;824;RGBA(0.055, 0.218, 0.753, 0.000);-9999,00;1;0,00;RGBA(0.968, 1.000, 0.000, 0.000);Rejected_ClogRisk
14:41:42;825;RGBA(0.055, 0.218, 0.753, 0.000);-9999,00;1;0,00;RGBA(0.968, 1.000, 0.000, 0.000);Rejected_ClogRisk
14:41:42;826;RGBA(0.055, 0.218, 0.753, 0.000);-9999,00;1;0,00;RGBA(0.968, 1.000, 0.000, 0.000);Rejected_ClogRisk
14:41:42;827;RGBA(0.055, 0.218, 0.753, 0.000);-9999,00;1;0,00;RGBA(0.968, 1.000, 0.000, 0.000);Rejected_ClogRisk
14:41:42;828;RGBA(0.055, 0.218, 0.753, 0.000);-9999,00;1;0,00;RGBA(0.968, 1.000, 0.000, 0.000);Rejected_ClogRisk
14:41:42;829;RGBA(0.055, 0.218, 0.753, 0.000);-9999,00;1;0,00;RGBA(0.968, 1.000, 0.000, 0.000);Rejected_ClogRisk
14:41:42;830;RGBA(0.055, 0.218, 0.753, 0.000);-9999,00;1;0,00;RGBA(0.968, 1.000, 0.000, 0.000);Rejected_ClogRisk
14:41:42;831;RGBA(0.055, 0.218, 0.753, 0.000);-9999,00;1;0,00;RGBA(0.968, 1.000, 0.000, 0.000);Rejected_ClogRisk
14:41:42;832;RGBA(0.055, 0.218, 0.753, 0.000);-9999,00;1;0,00;RGBA(0.968, 1.000, 0.000, 0.000);Rejected_ClogRisk
14:41:42;833;RGBA(0.055, 0.218, 0.753, 0.000);-9999,00;1;0,00;RGBA(0.968, 1.000, 0.000, 0.000);Rejected_ClogRisk
14:41:42;834;RGBA(0.055, 0.218, 0.753, 0.000);-9999,00;1;0,00;RGBA(0.968, 1.000, 0.000, 0.000);Rejected_ClogRisk
14:41:42;835;RGBA(0.055, 0.218, 0.753, 0.000);-9999,00;1;0,00;RGBA(0.968, 1.000, 0.000, 0.000);Rejected_ClogRisk
14:41:42;836;RGBA(0.055, 0.218, 0.753, 0.000);-9999,00;1;0,00;RGBA(0.968, 1.000, 0.000, 0.000);Rejected_ClogRisk
14:41:42;837;RGBA(0.055, 0.218, 0.753, 0.000);-9999,00;1;0,00;RGBA(0.968, 1.000, 0.000, 0.000);Rejected_ClogRisk
14:41:42;838;RGBA(0.055, 0.218, 0.753, 0.000);-9999,00;1;0,00;RGBA(0.968, 1.000, 0.000, 0.000);Rejected_ClogRisk
14:41:42;839;RGBA(0.055, 0.218, 0.753, 0.000);-9999,00;1;0,00;RGBA(0.968, 1.000, 0.000, 0.000);Rejected_ClogRisk
14:41:42;840;RGBA(0.055, 0.218, 0.753, 0.000);-9999,00;1;0,00;RGBA(0.968, 1.000, 0.000, 0.000);Rejected_ClogRisk
14:41:42;841;RGBA(0.055, 0.218, 0.753, 0.000);-9999,00;1;0,00;RGBA(0.968, 1.000, 0.000, 0.000);Rejected_ClogRisk
14:41:42;842;RGBA(0.055, 0.218, 0.753, 0.000);-9999,00;1;0,00;RGBA(0.968, 1.000, 0.000, 0.000);Rejected_ClogRisk
14:41:42;843;RGBA(0.055, 0.218, 0.753, 0.000);-9999,00;1;0,00;RGBA(0.968, 1.000, 0.000, 0.000);Rejected_ClogRisk
14:41:42;844;RGBA(0.055, 0.218, 0.753, 0.000);-9999,00;1;0,00;RGBA(0.968, 1.000, 0.000, 0.000);Rejected_ClogRisk
14:41:42;845;RGBA(0.055, 0.218, 0.753, 0.000);-9999,00;1;0,00;RGBA(0.968, 1.000, 0.000, 0.000);Rejected_ClogRisk
14:41:42;846;RGBA(0.055, 0.218, 0.753, 0.000);-9999,00;1;0,00;RGBA(0.968, 1.000, 0.000, 0.000);Rejected_ClogRisk
14:41:42;847;RGBA(0.055, 0.218, 0.753, 0.000);-9999,00;1;0,00;RGBA(0.968, 1.000, 0.000, 0.000);Rejected_ClogRisk
14:41:42;848;RGBA(0.055, 0.218, 0.753, 0.000);-9999,00;1;0,00;RGBA(0.968, 1.000, 0.000, 0.000);Rejected_ClogRisk
14:41:42;849;RGBA(0.055, 0.218, 0.753, 0.000);-9999,00;1;0,00;RGBA(0.968, 1.000, 0.000, 0.000);Rejected_ClogRisk
14:41:42;850;RGBA(0.055, 0.218, 0.753, 0.000);-9999,00;1;0,00;RGBA(0.968, 1.000, 0.000, 0.000);Rejected_ClogRisk
14:41:42;851;RGBA(0.055, 0.218, 0.753, 0.000);-9999,00;1;0,00;RGBA(0.968, 1.000, 0.000, 0.000);Rejected_ClogRisk
14:41:42;852;RGBA(0.055, 0.218, 0.753, 0.000);-9999,00;1;0,00;RGBA(0.968, 1.000, 0.000, 0.000);Rejected_ClogRisk
14:41:42;853;RGBA(0.055, 0.218, 0.753, 0.000);-9999,00;1;0,00;RGBA(0.968, 1.000, 0.000, 0.000);Rejected_ClogRisk
14:41:42;854;RGBA(0.055, 0.218, 0.753, 0.000);-9999,00;1;0,00;RGBA(0.968, 1.000, 0.000, 0.000);Rejected_ClogRisk
14:41:42;855;RGBA(0.055, 0.218, 0.753, 0.000);-9999,00;1;0,00;RGBA(0.968, 1.000, 0.000, 0.000);Rejected_ClogRisk
14:41:42;856;RGBA(0.055, 0.218, 0.753, 0.000);-9999,00;1;0,00;RGBA(0.968, 1.000, 0.000, 0.000);Rejected_ClogRisk
14:41:42;857;RGBA(0.055, 0.218, 0.753, 0.000);-9999,00;1;0,00;RGBA(0.968, 1.000, 0.000, 0.000);Rejected_ClogRisk
14:41:42;858;RGBA(0.055, 0.218, 0.753, 0.000);-9999,00;1;0,00;RGBA(0.968, 1.000, 0.000, 0.000);Rejected_ClogRisk
14:41:42;859;RGBA(0.055, 0.218, 0.753, 0.000);-9999,00;1;0,00;RGBA(0.968, 1.000, 0.000, 0.000);Rejected_ClogRisk
14:41:42;860;RGBA(0.055, 0.218, 0.753, 0.000);-9999,00;1;0,00;RGBA(0.968, 1.000, 0.000, 0.000);Rejected_ClogRisk
14:41:42;861;RGBA(0.055, 0.218, 0.753, 0.000);-9999,00;1;0,00;RGBA(0.968, 1.000, 0.000, 0.000);Rejected_ClogRisk
14:41:42;862;RGBA(0.055, 0.218, 0.753, 0.000);-9999,00;1;0,00;RGBA(0.968, 1.000, 0.000, 0.000);Rejected_ClogRisk
14:41:42;863;RGBA(0.055, 0.218, 0.753, 0.000);-9999,00;1;0,00;RGBA(0.968, 1.000, 0.000, 0.000);Rejected_ClogRisk
14:41:42;864;RGBA(0.055, 0.218, 0.753, 0.000);-9999,00;1;0,00;RGBA(0.968, 1.000, 0.000, 0.000);Rejected_ClogRisk
14:41:42;865;RGBA(0.055, 0.218, 0.753, 0.000);-9999,00;1;0,00;RGBA(0.968, 1.000, 0.000, 0.000);Rejected_ClogRisk
14:41:42;866;RGBA(0.055, 0.218, 0.753, 0.000);-9999,00;1;0,00;RGBA(0.968, 1.000, 0.000, 0.000);Rejected_ClogRisk
14:41:42;867;RGBA(0.055, 0.218, 0.753, 0.000);-9999,00;1;0,00;RGBA(0.968, 1.000, 0.000, 0.000);Rejected_ClogRisk
14:41:42;868;RGBA(0.055, 0.218, 0.753, 0.000);-9999,00;1;0,00;RGBA(0.968, 1.000, 0.000, 0.000);Rejected_ClogRisk
14:41:42;869;RGBA(0.055, 0.218, 0.753, 0.000);-9999,00;1;0,00;RGBA(0.968, 1.000, 0.000, 0.000);Rejected_ClogRisk
14:41:42;870;RGBA(0.055, 0.218, 0.753, 0.000);-9999,00;1;0,00;RGBA(0.968, 1.000, 0.000, 0.000);Rejected_ClogRisk
14:41:42;871;RGBA(0.055, 0.218, 0.753, 0.000);-9999,00;1;0,00;RGBA(0.968, 1.000, 0.000, 0.000);Rejected_ClogRisk
14:41:42;872;RGBA(0.055, 0.218, 0.753, 0.000);-9999,00;1;0,00;RGBA(0.968, 1.000, 0.000, 0.000);Rejected_ClogRisk
14:41:42;873;RGBA(0.055, 0.218, 0.753, 0.000);-9999,00;1;0,00;RGBA(0.968, 1.000, 0.000, 0.000);Rejected_ClogRisk
14:41:42;874;RGBA(0.055, 0.218, 0.753, 0.000);-9999,00;1;0,00;RGBA(0.968, 1.000, 0.000, 0.000);Rejected_ClogRisk
14:41:42;875;RGBA(0.055, 0.218, 0.753, 0.000);-9999,00;1;0,00;RGBA(0.968, 1.000, 0.000, 0.000);Rejected_ClogRisk
14:41:42;876;RGBA(0.055, 0.218, 0.753, 0.000);-9999,00;1;0,00;RGBA(0.968, 1.000, 0.000, 0.000);Rejected_ClogRisk
14:41:42;877;RGBA(0.055, 0.218, 0.753, 0.000);-9999,00;1;0,00;RGBA(0.968, 1.000, 0.000, 0.000);Rejected_ClogRisk
14:41:42;878;RGBA(0.055, 0.218, 0.753, 0.000);-9999,00;1;0,00;RGBA(0.968, 1.000, 0.000, 0.000);Rejected_ClogRisk
14:41:42;879;RGBA(0.055, 0.218, 0.753, 0.000);-9999,00;1;0,00;RGBA(0.968, 1.000, 0.000, 0.000);Rejected_ClogRisk
14:41:42;880;RGBA(0.055, 0.218, 0.753, 0.000);-9999,00;1;0,00;RGBA(0.968, 1.000, 0.000, 0.000);Rejected_ClogRisk
14:41:42;881;RGBA(0.055, 0.218, 0.753, 0.000);-9999,00;1;0,00;RGBA(0.968, 1.000, 0.000, 0.000);Rejected_ClogRisk
14:41:42;882;RGBA(0.055, 0.218, 0.753, 0.000);-9999,00;1;0,00;RGBA(0.968, 1.000, 0.000, 0.000);Rejected_ClogRisk
14:41:42;883;RGBA(0.055, 0.218, 0.753, 0.000);-9999,00;1;0,00;RGBA(0.968, 1.000, 0.000, 0.000);Rejected_ClogRisk
14:41:42;884;RGBA(0.055, 0.218, 0.753, 0.000);-9999,00;1;0,00;RGBA(0.968, 1.000, 0.000, 0.000);Rejected_ClogRisk
14:41:42;885;RGBA(0.055, 0.218, 0.753, 0.000);-9999,00;1;0,00;RGBA(0.968, 1.000, 0.000, 0.000);Rejected_ClogRisk
14:41:42;886;RGBA(0.055, 0.218, 0.753, 0.000);-9999,00;1;0,00;RGBA(0.968, 1.000, 0.000, 0.000);Rejected_ClogRisk
14:41:42;887;RGBA(0.055, 0.218, 0.753, 0.000);-9999,00;1;0,00;RGBA(0.968, 1.000, 0.000, 0.000);Rejected_ClogRisk
14:41:42;888;RGBA(0.055, 0.218, 0.753, 0.000);-9999,00;1;0,00;RGBA(0.968, 1.000, 0.000, 0.000);Rejected_ClogRisk
14:41:42;889;RGBA(0.055, 0.218, 0.753, 0.000);-9999,00;1;0,00;RGBA(0.968, 1.000, 0.000, 0.000);Rejected_ClogRisk
14:41:42;890;RGBA(0.055, 0.218, 0.753, 0.000);-9999,00;1;0,00;RGBA(0.968, 1.000, 0.000, 0.000);Rejected_ClogRisk
14:41:42;891;RGBA(0.055, 0.218, 0.753, 0.000);-9999,00;1;0,00;RGBA(0.968, 1.000, 0.000, 0.000);Rejected_ClogRisk
14:41:42;892;RGBA(0.055, 0.218, 0.753, 0.000);-9999,00;1;0,00;RGBA(0.968, 1.000, 0.000, 0.000);Rejected_ClogRisk
14:41:42;893;RGBA(0.055, 0.218, 0.753, 0.000);-9999,00;1;0,00;RGBA(0.968, 1.000, 0.000, 0.000);Rejected_ClogRisk
14:41:42;894;RGBA(0.055, 0.218, 0.753, 0.000);-9999,00;1;0,00;RGBA(0.968, 1.000, 0.000, 0.000);Rejected_ClogRisk
14:41:42;895;RGBA(0.055, 0.218, 0.753, 0.000);-9999,00;1;0,00;RGBA(0.968, 1.000, 0.000, 0.000);Rejected_ClogRisk
14:41:42;896;RGBA(0.055, 0.218, 0.753, 0.000);-9999,00;1;0,00;RGBA(0.968, 1.000, 0.000, 0.000);Rejected_ClogRisk
14:41:42;897;RGBA(0.055, 0.218, 0.753, 0.000);-9999,00;1;0,00;RGBA(0.968, 1.000, 0.000, 0.000);Rejected_ClogRisk
14:41:42;898;RGBA(0.055, 0.218, 0.753, 0.000);-9999,00;1;0,00;RGBA(0.968, 1.000, 0.000, 0.000);Rejected_ClogRisk
14:41:42;899;RGBA(0.055, 0.218, 0.753, 0.000);-9999,00;1;0,00;RGBA(0.968, 1.000, 0.000, 0.000);Rejected_ClogRisk
14:41:42;900;RGBA(0.055, 0.218, 0.753, 0.000);-9999,00;1;0,00;RGBA(0.968, 1.000, 0.000, 0.000);Rejected_ClogRisk
14:41:42;901;RGBA(0.055, 0.218, 0.753, 0.000);-9999,00;1;0,00;RGBA(0.968, 1.000, 0.000, 0.000);Rejected_ClogRisk
14:41:42;902;RGBA(0.055, 0.218, 0.753, 0.000);-9999,00;1;0,00;RGBA(0.968, 1.000, 0.000, 0.000);Rejected_ClogRisk
14:41:42;903;RGBA(0.055, 0.218, 0.753, 0.000);-9999,00;1;0,00;RGBA(0.968, 1.000, 0.000, 0.000);Rejected_ClogRisk
14:41:42;904;RGBA(0.055, 0.218, 0.753, 0.000);-9999,00;1;0,00;RGBA(0.968, 1.000, 0.000, 0.000);Rejected_ClogRisk
14:41:42;905;RGBA(0.055, 0.218, 0.753, 0.000);-9999,00;1;0,00;RGBA(0.968, 1.000, 0.000, 0.000);Rejected_ClogRisk
14:41:42;906;RGBA(0.055, 0.218, 0.753, 0.000);-9999,00;1;0,00;RGBA(0.968, 1.000, 0.000, 0.000);Rejected_ClogRisk
14:41:42;907;RGBA(0.055, 0.218, 0.753, 0.000);-9999,00;1;0,00;RGBA(0.968, 1.000, 0.000, 0.000);Rejected_ClogRisk
14:41:42;908;RGBA(0.055, 0.218, 0.753, 0.000);-9999,00;1;0,00;RGBA(0.968, 1.000, 0.000, 0.000);Rejected_ClogRisk
14:41:42;909;RGBA(0.055, 0.218, 0.753, 0.000);-9999,00;1;0,00;RGBA(0.968, 1.000, 0.000, 0.000);Rejected_ClogRisk
14:41:42;910;RGBA(0.055, 0.218, 0.753, 0.000);-9999,00;1;0,00;RGBA(0.968, 1.000, 0.000, 0.000);Rejected_ClogRisk
14:41:42;911;RGBA(0.055, 0.218, 0.753, 0.000);-9999,00;1;0,00;RGBA(0.968, 1.000, 0.000, 0.000);Rejected_ClogRisk
14:41:42;912;RGBA(0.055, 0.218, 0.753, 0.000);-9999,00;1;0,00;RGBA(0.968, 1.000, 0.000, 0.000);Rejected_ClogRisk
14:41:42;913;RGBA(0.055, 0.218, 0.753, 0.000);-9999,00;1;0,00;RGBA(0.968, 1.000, 0.000, 0.000);Rejected_ClogRisk
14:41:42;914;RGBA(0.055, 0.218, 0.753, 0.000);-9999,00;1;0,00;RGBA(0.968, 1.000, 0.000, 0.000);Rejected_ClogRisk
14:41:42;915;RGBA(0.055, 0.218, 0.753, 0.000);-9999,00;1;0,00;RGBA(0.968, 1.000, 0.000, 0.000);Rejected_ClogRisk
14:41:42;916;RGBA(0.055, 0.218, 0.753, 0.000);-9999,00;1;0,00;RGBA(0.968, 1.000, 0.000, 0.000);Rejected_ClogRisk
14:41:42;917;RGBA(0.055, 0.218, 0.753, 0.000);-9999,00;1;0,00;RGBA(0.968, 1.000, 0.000, 0.000);Rejected_ClogRisk
14:41:42;918;RGBA(0.055, 0.218, 0.753, 0.000);-9999,00;1;0,00;RGBA(0.968, 1.000, 0.000, 0.000);Rejected_ClogRisk
14:41:42;919;RGBA(0.055, 0.218, 0.753, 0.000);-9999,00;1;0,00;RGBA(0.968, 1.000, 0.000, 0.000);Rejected_ClogRisk
14:41:42;920;RGBA(0.055, 0.218, 0.753, 0.000);-9999,00;1;0,00;RGBA(0.968, 1.000, 0.000, 0.000);Rejected_ClogRisk
14:41:42;921;RGBA(0.055, 0.218, 0.753, 0.000);-9999,00;1;0,00;RGBA(0.968, 1.000, 0.000, 0.000);Rejected_ClogRisk
14:41:42;922;RGBA(0.055, 0.218, 0.753, 0.000);-9999,00;1;0,00;RGBA(0.968, 1.000, 0.000, 0.000);Rejected_ClogRisk
14:41:42;923;RGBA(0.055, 0.218, 0.753, 0.000);-9999,00;1;0,00;RGBA(0.968, 1.000, 0.000, 0.000);Rejected_ClogRisk
14:41:42;924;RGBA(0.055, 0.218, 0.753, 0.000);-9999,00;1;0,00;RGBA(0.968, 1.000, 0.000, 0.000);Rejected_ClogRisk
14:41:42;925;RGBA(0.055, 0.218, 0.753, 0.000);-9999,00;1;0,00;RGBA(0.968, 1.000, 0.000, 0.000);Rejected_ClogRisk
14:41:42;926;RGBA(0.055, 0.218, 0.753, 0.000);-9999,00;1;0,00;RGBA(0.968, 1.000, 0.000, 0.000);Rejected_ClogRisk
14:41:42;927;RGBA(0.055, 0.218, 0.753, 0.000);-9999,00;1;0,00;RGBA(0.968, 1.000, 0.000, 0.000);Rejected_ClogRisk
14:41:42;928;RGBA(0.055, 0.218, 0.753, 0.000);-9999,00;1;0,00;RGBA(0.968, 1.000, 0.000, 0.000);Rejected_ClogRisk
14:41:42;929;RGBA(0.055, 0.218, 0.753, 0.000);-9999,00;1;0,00;RGBA(0.968, 1.000, 0.000, 0.000);Rejected_ClogRisk
14:41:42;930;RGBA(0.055, 0.218, 0.753, 0.000);-9999,00;1;0,00;RGBA(0.968, 1.000, 0.000, 0.000);Rejected_ClogRisk
14:41:42;931;RGBA(0.055, 0.218, 0.753, 0.000);-9999,00;1;0,00;RGBA(0.968, 1.000, 0.000, 0.000);Rejected_ClogRisk
14:41:42;932;RGBA(0.055, 0.218, 0.753, 0.000);-9999,00;1;0,00;RGBA(0.968, 1.000, 0.000, 0.000);Rejected_ClogRisk
14:41:42;933;RGBA(0.055, 0.218, 0.753, 0.000);-9999,00;1;0,00;RGBA(0.968, 1.000, 0.000, 0.000);Rejected_ClogRisk
14:41:42;934;RGBA(0.055, 0.218, 0.753, 0.000);-9999,00;1;0,00;RGBA(0.968, 1.000, 0.000, 0.000);Rejected_ClogRisk
14:41:42;935;RGBA(0.055, 0.218, 0.753, 0.000);-9999,00;1;0,00;RGBA(0.968, 1.000, 0.000, 0.000);Rejected_ClogRisk
14:41:42;936;RGBA(0.055, 0.218, 0.753, 0.000);-9999,00;1;0,00;RGBA(0.968, 1.000, 0.000, 0.000);Rejected_ClogRisk
14:41:42;937;RGBA(0.055, 0.218, 0.753, 0.000);-9999,00;1;0,00;RGBA(0.968, 1.000, 0.000, 0.000);Rejected_ClogRisk
14:41:42;938;RGBA(0.055, 0.218, 0.753, 0.000);-9999,00;1;0,00;RGBA(0.968, 1.000, 0.000, 0.000);Rejected_ClogRisk
14:41:42;939;RGBA(0.055, 0.218, 0.753, 0.000);-9999,00;1;0,00;RGBA(0.968, 1.000, 0.000, 0.000);Rejected_ClogRisk
14:41:42;940;RGBA(0.055, 0.218, 0.753, 0.000);-9999,00;1;0,00;RGBA(0.968, 1.000, 0.000, 0.000);Rejected_ClogRisk
14:41:42;941;RGBA(0.055, 0.218, 0.753, 0.000);-9999,00;1;0,00;RGBA(0.968, 1.000, 0.000, 0.000);Rejected_ClogRisk
14:41:42;942;RGBA(0.055, 0.218, 0.753, 0.000);-9999,00;1;0,00;RGBA(0.968, 1.000, 0.000, 0.000);Rejected_ClogRisk
14:41:42;943;RGBA(0.055, 0.218, 0.753, 0.000);-9999,00;1;0,00;RGBA(0.968, 1.000, 0.000, 0.000);Rejected_ClogRisk
14:41:42;944;RGBA(0.055, 0.218, 0.753, 0.000);-9999,00;1;0,00;RGBA(0.968, 1.000, 0.000, 0.000);Rejected_ClogRisk
14:41:42;945;RGBA(0.055, 0.218, 0.753, 0.000);-9999,00;1;0,00;RGBA(0.968, 1.000, 0.000, 0.000);Rejected_ClogRisk
14:41:42;946;RGBA(0.055, 0.218, 0.753, 0.000);-9999,00;1;0,00;RGBA(0.968, 1.000, 0.000, 0.000);Rejected_ClogRisk
14:41:42;947;RGBA(0.055, 0.218, 0.753, 0.000);-9999,00;1;0,00;RGBA(0.968, 1.000, 0.000, 0.000);Rejected_ClogRisk
14:41:42;948;RGBA(0.055, 0.218, 0.753, 0.000);-9999,00;1;0,00;RGBA(0.968, 1.000, 0.000, 0.000);Rejected_ClogRisk
14:41:42;949;RGBA(0.055, 0.218, 0.753, 0.000);-9999,00;1;0,00;RGBA(0.968, 1.000, 0.000, 0.000);Rejected_ClogRisk
14:41:42;950;RGBA(0.055, 0.218, 0.753, 0.000);-9999,00;1;0,00;RGBA(0.968, 1.000, 0.000, 0.000);Rejected_ClogRisk
14:41:42;951;RGBA(0.055, 0.218, 0.753, 0.000);-9999,00;1;0,00;RGBA(0.968, 1.000, 0.000, 0.000);Rejected_ClogRisk
14:41:42;952;RGBA(0.055, 0.218, 0.753, 0.000);-9999,00;1;0,00;RGBA(0.968, 1.000, 0.000, 0.000);Rejected_ClogRisk
14:41:42;953;RGBA(0.055, 0.218, 0.753, 0.000);-9999,00;1;0,00;RGBA(0.968, 1.000, 0.000, 0.000);Rejected_ClogRisk
14:41:42;954;RGBA(0.055, 0.218, 0.753, 0.000);-9999,00;1;0,00;RGBA(0.968, 1.000, 0.000, 0.000);Rejected_ClogRisk
14:41:42;955;RGBA(0.055, 0.218, 0.753, 0.000);-9999,00;1;0,00;RGBA(0.968, 1.000, 0.000, 0.000);Rejected_ClogRisk
14:41:42;956;RGBA(0.055, 0.218, 0.753, 0.000);-9999,00;1;0,00;RGBA(0.968, 1.000, 0.000, 0.000);Rejected_ClogRisk
14:41:42;957;RGBA(0.055, 0.218, 0.753, 0.000);-9999,00;1;0,00;RGBA(0.968, 1.000, 0.000, 0.000);Rejected_ClogRisk
14:41:42;958;RGBA(0.055, 0.218, 0.753, 0.000);-9999,00;1;0,00;RGBA(0.968, 1.000, 0.000, 0.000);Rejected_ClogRisk
14:41:42;959;RGBA(0.055, 0.218, 0.753, 0.000);-9999,00;1;0,00;RGBA(0.968, 1.000, 0.000, 0.000);Rejected_ClogRisk
14:41:42;960;RGBA(0.055, 0.218, 0.753, 0.000);-9999,00;1;0,00;RGBA(0.968, 1.000, 0.000, 0.000);Rejected_ClogRisk
14:41:42;961;RGBA(0.055, 0.218, 0.753, 0.000);-9999,00;1;0,00;RGBA(0.968, 1.000, 0.000, 0.000);Rejected_ClogRisk
14:41:42;962;RGBA(0.055, 0.218, 0.753, 0.000);-9999,00;1;0,00;RGBA(0.968, 1.000, 0.000, 0.000);Rejected_ClogRisk
14:41:42;963;RGBA(0.055, 0.218, 0.753, 0.000);-9999,00;1;0,00;RGBA(0.968, 1.000, 0.000, 0.000);Rejected_ClogRisk
14:41:42;964;RGBA(0.055, 0.218, 0.753, 0.000);-9999,00;1;0,00;RGBA(0.968, 1.000, 0.000, 0.000);Rejected_ClogRisk
14:41:42;965;RGBA(0.055, 0.218, 0.753, 0.000);-9999,00;1;0,00;RGBA(0.968, 1.000, 0.000, 0.000);Rejected_ClogRisk
14:41:42;966;RGBA(0.055, 0.218, 0.753, 0.000);-9999,00;1;0,00;RGBA(0.968, 1.000, 0.000, 0.000);Rejected_ClogRisk
14:41:42;967;RGBA(0.055, 0.218, 0.753, 0.000);-9999,00;1;0,00;RGBA(0.968, 1.000, 0.000, 0.000);Rejected_ClogRisk
14:41:42;968;RGBA(0.055, 0.218, 0.753, 0.000);-9999,00;1;0,00;RGBA(0.968, 1.000, 0.000, 0.000);Rejected_ClogRisk
14:41:42;969;RGBA(0.055, 0.218, 0.753, 0.000);-9999,00;1;0,00;RGBA(0.968, 1.000, 0.000, 0.000);Rejected_ClogRisk
14:41:42;970;RGBA(0.055, 0.218, 0.753, 0.000);-9999,00;1;0,00;RGBA(0.968, 1.000, 0.000, 0.000);Rejected_ClogRisk
14:41:42;971;RGBA(0.055, 0.218, 0.753, 0.000);-9999,00;1;0,00;RGBA(0.968, 1.000, 0.000, 0.000);Rejected_ClogRisk
14:41:42;972;RGBA(0.055, 0.218, 0.753, 0.000);-9999,00;1;0,00;RGBA(0.968, 1.000, 0.000, 0.000);Rejected_ClogRisk
14:41:42;973;RGBA(0.055, 0.218, 0.753, 0.000);-9999,00;1;0,00;RGBA(0.968, 1.000, 0.000, 0.000);Rejected_ClogRisk
14:41:42;974;RGBA(0.055, 0.218, 0.753, 0.000);-9999,00;1;0,00;RGBA(0.968, 1.000, 0.000, 0.000);Rejected_ClogRisk
14:41:42;975;RGBA(0.055, 0.218, 0.753, 0.000);-9999,00;1;0,00;RGBA(0.968, 1.000, 0.000, 0.000);Rejected_ClogRisk
14:41:42;976;RGBA(0.055, 0.218, 0.753, 0.000);-9999,00;1;0,00;RGBA(0.968, 1.000, 0.000, 0.000);Rejected_ClogRisk
14:41:42;977;RGBA(0.055, 0.218, 0.753, 0.000);-9999,00;1;0,00;RGBA(0.968, 1.000, 0.000, 0.000);Rejected_ClogRisk
14:41:42;978;RGBA(0.055, 0.218, 0.753, 0.000);-9999,00;1;0,00;RGBA(0.968, 1.000, 0.000, 0.000);Rejected_ClogRisk
14:41:42;979;RGBA(0.055, 0.218, 0.753, 0.000);-9999,00;1;0,00;RGBA(0.968, 1.000, 0.000, 0.000);Rejected_ClogRisk
14:41:42;980;RGBA(0.055, 0.218, 0.753, 0.000);-9999,00;1;0,00;RGBA(0.968, 1.000, 0.000, 0.000);Rejected_ClogRisk
14:41:42;981;RGBA(0.055, 0.218, 0.753, 0.000);-9999,00;1;0,00;RGBA(0.968, 1.000, 0.000, 0.000);Rejected_ClogRisk
14:41:42;982;RGBA(0.055, 0.218, 0.753, 0.000);-9999,00;1;0,00;RGBA(0.968, 1.000, 0.000, 0.000);Rejected_ClogRisk
14:41:42;983;RGBA(0.055, 0.218, 0.753, 0.000);-9999,00;1;0,00;RGBA(0.968, 1.000, 0.000, 0.000);Rejected_ClogRisk
14:41:42;984;RGBA(0.055, 0.218, 0.753, 0.000);-9999,00;1;0,00;RGBA(0.968, 1.000, 0.000, 0.000);Rejected_ClogRisk
14:41:42;985;RGBA(0.055, 0.218, 0.753, 0.000);-9999,00;1;0,00;RGBA(0.968, 1.000, 0.000, 0.000);Rejected_ClogRisk
14:41:42;986;RGBA(0.055, 0.218, 0.753, 0.000);-9999,00;1;0,00;RGBA(0.968, 1.000, 0.000, 0.000);Rejected_ClogRisk
14:41:42;987;RGBA(0.055, 0.218, 0.753, 0.000);-9999,00;1;0,00;RGBA(0.968, 1.000, 0.000, 0.000);Rejected_ClogRisk
14:41:42;988;RGBA(0.055, 0.218, 0.753, 0.000);-9999,00;1;0,00;RGBA(0.968, 1.000, 0.000, 0.000);Rejected_ClogRisk
14:41:42;989;RGBA(0.055, 0.218, 0.753, 0.000);-9999,00;1;0,00;RGBA(0.968, 1.000, 0.000, 0.000);Rejected_ClogRisk
14:41:42;990;RGBA(0.055, 0.218, 0.753, 0.000);-9999,00;1;0,00;RGBA(0.968, 1.000, 0.000, 0.000);Rejected_ClogRisk
14:41:42;991;RGBA(0.055, 0.218, 0.753, 0.000);-9999,00;1;0,00;RGBA(0.968, 1.000, 0.000, 0.000);Rejected_ClogRisk
14:41:42;992;RGBA(0.055, 0.218, 0.753, 0.000);-9999,00;1;0,00;RGBA(0.968, 1.000, 0.000, 0.000);Rejected_ClogRisk
14:41:42;993;RGBA(0.055, 0.218, 0.753, 0.000);-9999,00;1;0,00;RGBA(0.968, 1.000, 0.000, 0.000);Rejected_ClogRisk
14:41:42;994;RGBA(0.055, 0.218, 0.753, 0.000);-9999,00;1;0,00;RGBA(0.968, 1.000, 0.000, 0.000);Rejected_ClogRisk
14:41:42;995;RGBA(0.055, 0.218, 0.753, 0.000);-9999,00;1;0,00;RGBA(0.968, 1.000, 0.000, 0.000);Rejected_ClogRisk
14:41:42;996;RGBA(0.055, 0.218, 0.753, 0.000);-9999,00;1;0,00;RGBA(0.968, 1.000, 0.000, 0.000);Rejected_ClogRisk
14:41:42;997;RGBA(0.055, 0.218, 0.753, 0.000);-9999,00;1;0,00;RGBA(0.968, 1.000, 0.000, 0.000);Rejected_ClogRisk
14:41:42;998;RGBA(0.055, 0.218, 0.753, 0.000);-9999,00;1;0,00;RGBA(0.968, 1.000, 0.000, 0.000);Rejected_ClogRisk
14:41:42;999;RGBA(0.055, 0.218, 0.753, 0.000);-9999,00;1;0,00;RGBA(0.968, 1.000, 0.000, 0.000);Rejected_ClogRisk
14:41:42;1000;RGBA(0.055, 0.218, 0.753, 0.000);-9999,00;1;0,00;RGBA(0.968, 1.000, 0.000, 0.000);Rejected_ClogRisk
14:41:42;1001;RGBA(0.055, 0.218, 0.753, 0.000);-9999,00;1;0,00;RGBA(0.968, 1.000, 0.000, 0.000);Rejected_ClogRisk
14:41:42;1002;RGBA(0.055, 0.218, 0.753, 0.000);-9999,00;1;0,00;RGBA(0.968, 1.000, 0.000, 0.000);Rejected_ClogRisk
14:41:42;1003;RGBA(0.055, 0.218, 0.753, 0.000);-9999,00;1;0,00;RGBA(0.968, 1.000, 0.000, 0.000);Rejected_ClogRisk
14:41:42;1004;RGBA(0.055, 0.218, 0.753, 0.000);-9999,00;1;0,00;RGBA(0.968, 1.000, 0.000, 0.000);Rejected_ClogRisk
14:41:42;1005;RGBA(0.055, 0.218, 0.753, 0.000);-9999,00;1;0,00;RGBA(0.968, 1.000, 0.000, 0.000);Rejected_ClogRisk
14:41:42;1006;RGBA(0.055, 0.218, 0.753, 0.000);-9999,00;1;0,00;RGBA(0.968, 1.000, 0.000, 0.000);Rejected_ClogRisk
14:41:42;1007;RGBA(0.055, 0.218, 0.753, 0.000);-9999,00;1;0,00;RGBA(0.968, 1.000, 0.000, 0.000);Rejected_ClogRisk
14:41:42;1008;RGBA(0.055, 0.218, 0.753, 0.000);-9999,00;1;0,00;RGBA(0.968, 1.000, 0.000, 0.000);Rejected_ClogRisk
14:41:42;1009;RGBA(0.055, 0.218, 0.753, 0.000);-9999,00;1;0,00;RGBA(0.968, 1.000, 0.000, 0.000);Rejected_ClogRisk
14:41:42;1010;RGBA(0.055, 0.218, 0.753, 0.000);-9999,00;1;0,00;RGBA(0.968, 1.000, 0.000, 0.000);Rejected_ClogRisk
14:41:42;1011;RGBA(0.055, 0.218, 0.753, 0.000);-9999,00;1;0,00;RGBA(0.968, 1.000, 0.000, 0.000);Rejected_ClogRisk
14:41:42;1012;RGBA(0.055, 0.218, 0.753, 0.000);-9999,00;1;0,00;RGBA(0.968, 1.000, 0.000, 0.000);Rejected_ClogRisk
14:41:42;1013;RGBA(0.055, 0.218, 0.753, 0.000);-9999,00;1;0,00;RGBA(0.968, 1.000, 0.000, 0.000);Rejected_ClogRisk
14:41:42;1014;RGBA(0.055, 0.218, 0.753, 0.000);-9999,00;1;0,00;RGBA(0.968, 1.000, 0.000, 0.000);Rejected_ClogRisk
14:41:42;1015;RGBA(0.055, 0.218, 0.753, 0.000);-9999,00;1;0,00;RGBA(0.968, 1.000, 0.000, 0.000);Rejected_ClogRisk
14:41:42;1016;RGBA(0.055, 0.218, 0.753, 0.000);-9999,00;1;0,00;RGBA(0.968, 1.000, 0.000, 0.000);Rejected_ClogRisk
14:41:42;1017;RGBA(0.055, 0.218, 0.753, 0.000);-9999,00;1;0,00;RGBA(0.968, 1.000, 0.000, 0.000);Rejected_ClogRisk
14:41:42;1018;RGBA(0.055, 0.218, 0.753, 0.000);-9999,00;1;0,00;RGBA(0.968, 1.000, 0.000, 0.000);Rejected_ClogRisk
14:41:42;1019;RGBA(0.055, 0.218, 0.753, 0.000);-9999,00;1;0,00;RGBA(0.968, 1.000, 0.000, 0.000);Rejected_ClogRisk
14:41:42;1020;RGBA(0.055, 0.218, 0.753, 0.000);-9999,00;1;0,00;RGBA(0.968, 1.000, 0.000, 0.000);Rejected_ClogRisk
14:41:42;1021;RGBA(0.055, 0.218, 0.753, 0.000);-9999,00;1;0,00;RGBA(0.968, 1.000, 0.000, 0.000);Rejected_ClogRisk
14:41:42;1022;RGBA(0.055, 0.218, 0.753, 0.000);-9999,00;1;0,00;RGBA(0.968, 1.000, 0.000, 0.000);Rejected_ClogRisk
14:41:42;1023;RGBA(0.055, 0.218, 0.753, 0.000);-9999,00;1;0,00;RGBA(0.968, 1.000, 0.000, 0.000);Rejected_ClogRisk
14:41:42;1024;RGBA(0.055, 0.218, 0.753, 0.000);-9999,00;1;0,00;RGBA(0.968, 1.000, 0.000, 0.000);Rejected_ClogRisk
14:41:42;1025;RGBA(0.055, 0.218, 0.753, 0.000);-9999,00;1;0,00;RGBA(0.968, 1.000, 0.000, 0.000);Rejected_ClogRisk
14:41:42;1026;RGBA(0.055, 0.218, 0.753, 0.000);-9999,00;1;0,00;RGBA(0.968, 1.000, 0.000, 0.000);Rejected_ClogRisk
14:41:42;1027;RGBA(0.055, 0.218, 0.753, 0.000);-9999,00;1;0,00;RGBA(0.968, 1.000, 0.000, 0.000);Rejected_ClogRisk
14:41:42;1028;RGBA(0.055, 0.218, 0.753, 0.000);-9999,00;1;0,00;RGBA(0.968, 1.000, 0.000, 0.000);Rejected_ClogRisk
14:41:42;1029;RGBA(0.055, 0.218, 0.753, 0.000);-9999,00;1;0,00;RGBA(0.968, 1.000, 0.000, 0.000);Rejected_ClogRisk
14:41:42;1030;RGBA(0.055, 0.218, 0.753, 0.000);-9999,00;1;0,00;RGBA(0.968, 1.000, 0.000, 0.000);Rejected_ClogRisk
14:41:42;1031;RGBA(0.055, 0.218, 0.753, 0.000);-9999,00;1;0,00;RGBA(0.968, 1.000, 0.000, 0.000);Rejected_ClogRisk
14:41:42;1032;RGBA(0.055, 0.218, 0.753, 0.000);-9999,00;1;0,00;RGBA(0.968, 1.000, 0.000, 0.000);Rejected_ClogRisk
14:41:42;1033;RGBA(0.055, 0.218, 0.753, 0.000);-9999,00;1;0,00;RGBA(0.968, 1.000, 0.000, 0.000);Rejected_ClogRisk
14:41:42;1034;RGBA(0.055, 0.218, 0.753, 0.000);-9999,00;1;0,00;RGBA(0.968, 1.000, 0.000, 0.000);Rejected_ClogRisk
14:41:42;1035;RGBA(0.055, 0.218, 0.753, 0.000);-9999,00;1;0,00;RGBA(0.968, 1.000, 0.000, 0.000);Rejected_ClogRisk
14:41:42;1036;RGBA(0.055, 0.218, 0.753, 0.000);-9999,00;1;0,00;RGBA(0.968, 1.000, 0.000, 0.000);Rejected_ClogRisk
14:41:42;1037;RGBA(0.055, 0.218, 0.753, 0.000);-9999,00;1;0,00;RGBA(0.968, 1.000, 0.000, 0.000);Rejected_ClogRisk
14:41:42;1038;RGBA(0.055, 0.218, 0.753, 0.000);-9999,00;1;0,00;RGBA(0.968, 1.000, 0.000, 0.000);Rejected_ClogRisk
14:41:42;1039;RGBA(0.055, 0.218, 0.753, 0.000);-9999,00;1;0,00;RGBA(0.968, 1.000, 0.000, 0.000);Rejected_ClogRisk
14:41:42;1040;RGBA(0.055, 0.218, 0.753, 0.000);-9999,00;1;0,00;RGBA(0.968, 1.000, 0.000, 0.000);Rejected_ClogRisk
14:41:42;1041;RGBA(0.055, 0.218, 0.753, 0.000);-9999,00;1;0,00;RGBA(0.968, 1.000, 0.000, 0.000);Rejected_ClogRisk
14:41:42;1042;RGBA(0.055, 0.218, 0.753, 0.000);-9999,00;1;0,00;RGBA(0.968, 1.000, 0.000, 0.000);Rejected_ClogRisk
14:41:42;1043;RGBA(0.055, 0.218, 0.753, 0.000);-9999,00;1;0,00;RGBA(0.968, 1.000, 0.000, 0.000);Rejected_ClogRisk
14:41:42;1044;RGBA(0.055, 0.218, 0.753, 0.000);-9999,00;1;0,00;RGBA(0.968, 1.000, 0.000, 0.000);Rejected_ClogRisk
14:41:42;1045;RGBA(0.055, 0.218, 0.753, 0.000);-9999,00;1;0,00;RGBA(0.968, 1.000, 0.000, 0.000);Rejected_ClogRisk
14:41:43;1046;RGBA(0.055, 0.218, 0.753, 0.000);-9999,00;1;0,00;RGBA(0.968, 1.000, 0.000, 0.000);Rejected_ClogRisk
14:41:43;1047;RGBA(0.055, 0.218, 0.753, 0.000);-9999,00;1;0,00;RGBA(0.968, 1.000, 0.000, 0.000);Rejected_ClogRisk
14:41:43;1048;RGBA(0.055, 0.218, 0.753, 0.000);-9999,00;1;0,00;RGBA(0.968, 1.000, 0.000, 0.000);Rejected_ClogRisk
14:41:43;1049;RGBA(0.055, 0.218, 0.753, 0.000);-9999,00;1;0,00;RGBA(0.968, 1.000, 0.000, 0.000);Rejected_ClogRisk
14:41:43;1050;RGBA(0.055, 0.218, 0.753, 0.000);-9999,00;1;0,00;RGBA(0.968, 1.000, 0.000, 0.000);Rejected_ClogRisk
14:41:43;1051;RGBA(0.055, 0.218, 0.753, 0.000);-9999,00;1;0,00;RGBA(0.968, 1.000, 0.000, 0.000);Rejected_ClogRisk
14:41:43;1052;RGBA(0.055, 0.218, 0.753, 0.000);-9999,00;1;0,00;RGBA(0.968, 1.000, 0.000, 0.000);Rejected_ClogRisk
14:41:43;1053;RGBA(0.055, 0.218, 0.753, 0.000);-9999,00;1;0,00;RGBA(0.968, 1.000, 0.000, 0.000);Rejected_ClogRisk
14:41:43;1054;RGBA(0.055, 0.218, 0.753, 0.000);-9999,00;1;0,00;RGBA(0.968, 1.000, 0.000, 0.000);Rejected_ClogRisk
14:41:43;1055;RGBA(0.055, 0.218, 0.753, 0.000);-9999,00;1;0,00;RGBA(0.968, 1.000, 0.000, 0.000);Rejected_ClogRisk
14:41:43;1056;RGBA(0.055, 0.218, 0.753, 0.000);-9999,00;1;0,00;RGBA(0.968, 1.000, 0.000, 0.000);Rejected_ClogRisk
14:41:43;1057;RGBA(0.055, 0.218, 0.753, 0.000);-9999,00;1;0,00;RGBA(0.968, 1.000, 0.000, 0.000);Rejected_ClogRisk
14:41:43;1058;RGBA(0.055, 0.218, 0.753, 0.000);-9999,00;1;0,00;RGBA(0.968, 1.000, 0.000, 0.000);Rejected_ClogRisk
14:41:43;1059;RGBA(0.055, 0.218, 0.753, 0.000);-9999,00;1;0,00;RGBA(0.968, 1.000, 0.000, 0.000);Rejected_ClogRisk
14:41:43;1060;RGBA(0.055, 0.218, 0.753, 0.000);-9999,00;1;0,00;RGBA(0.968, 1.000, 0.000, 0.000);Rejected_ClogRisk
14:41:43;1061;RGBA(0.055, 0.218, 0.753, 0.000);-9999,00;1;0,00;RGBA(0.968, 1.000, 0.000, 0.000);Rejected_ClogRisk
14:41:43;1062;RGBA(0.055, 0.218, 0.753, 0.000);-9999,00;1;0,00;RGBA(0.968, 1.000, 0.000, 0.000);Rejected_ClogRisk
14:41:43;1063;RGBA(0.055, 0.218, 0.753, 0.000);-9999,00;1;0,00;RGBA(0.968, 1.000, 0.000, 0.000);Rejected_ClogRisk
14:41:43;1064;RGBA(0.055, 0.218, 0.753, 0.000);-9999,00;1;0,00;RGBA(0.968, 1.000, 0.000, 0.000);Rejected_ClogRisk
14:41:43;1065;RGBA(0.055, 0.218, 0.753, 0.000);-9999,00;1;0,00;RGBA(0.968, 1.000, 0.000, 0.000);Rejected_ClogRisk
14:41:43;1066;RGBA(0.055, 0.218, 0.753, 0.000);-9999,00;1;0,00;RGBA(0.968, 1.000, 0.000, 0.000);Rejected_ClogRisk
14:41:43;1067;RGBA(0.055, 0.218, 0.753, 0.000);-9999,00;1;0,00;RGBA(0.968, 1.000, 0.000, 0.000);Rejected_ClogRisk
14:41:43;1068;RGBA(0.055, 0.218, 0.753, 0.000);-9999,00;1;0,00;RGBA(0.968, 1.000, 0.000, 0.000);Rejected_ClogRisk
14:41:43;1069;RGBA(0.055, 0.218, 0.753, 0.000);-9999,00;1;0,00;RGBA(0.968, 1.000, 0.000, 0.000);Rejected_ClogRisk
14:41:43;1070;RGBA(0.055, 0.218, 0.753, 0.000);-9999,00;1;0,00;RGBA(0.968, 1.000, 0.000, 0.000);Rejected_ClogRisk
14:41:43;1071;RGBA(0.055, 0.218, 0.753, 0.000);-9999,00;1;0,00;RGBA(0.968, 1.000, 0.000, 0.000);Rejected_ClogRisk
14:41:43;1072;RGBA(0.055, 0.218, 0.753, 0.000);-9999,00;1;0,00;RGBA(0.968, 1.000, 0.000, 0.000);Rejected_ClogRisk
14:41:43;1073;RGBA(0.055, 0.218, 0.753, 0.000);-9999,00;1;0,00;RGBA(0.968, 1.000, 0.000, 0.000);Rejected_ClogRisk
14:41:43;1074;RGBA(0.055, 0.218, 0.753, 0.000);-9999,00;1;0,00;RGBA(0.968, 1.000, 0.000, 0.000);Rejected_ClogRisk
14:41:43;1075;RGBA(0.055, 0.218, 0.753, 0.000);-9999,00;1;0,00;RGBA(0.968, 1.000, 0.000, 0.000);Rejected_ClogRisk
14:41:43;1076;RGBA(0.055, 0.218, 0.753, 0.000);-9999,00;1;0,00;RGBA(0.968, 1.000, 0.000, 0.000);Rejected_ClogRisk
14:41:43;1077;RGBA(0.055, 0.218, 0.753, 0.000);-9999,00;1;0,00;RGBA(0.968, 1.000, 0.000, 0.000);Rejected_ClogRisk
14:41:43;1078;RGBA(0.055, 0.218, 0.753, 0.000);-9999,00;1;0,00;RGBA(0.968, 1.000, 0.000, 0.000);Rejected_ClogRisk
14:41:43;1079;RGBA(0.055, 0.218, 0.753, 0.000);-9999,00;1;0,00;RGBA(0.968, 1.000, 0.000, 0.000);Rejected_ClogRisk
14:41:43;1080;RGBA(0.055, 0.218, 0.753, 0.000);-9999,00;1;0,00;RGBA(0.968, 1.000, 0.000, 0.000);Rejected_ClogRisk
14:41:43;1081;RGBA(0.055, 0.218, 0.753, 0.000);-9999,00;1;0,00;RGBA(0.968, 1.000, 0.000, 0.000);Rejected_ClogRisk
14:41:43;1082;RGBA(0.055, 0.218, 0.753, 0.000);-9999,00;1;0,00;RGBA(0.968, 1.000, 0.000, 0.000);Rejected_ClogRisk
14:41:43;1083;RGBA(0.055, 0.218, 0.753, 0.000);-9999,00;1;0,00;RGBA(0.968, 1.000, 0.000, 0.000);Rejected_ClogRisk
14:41:43;1084;RGBA(0.055, 0.218, 0.753, 0.000);-9999,00;1;0,00;RGBA(0.968, 1.000, 0.000, 0.000);Rejected_ClogRisk
14:41:43;1085;RGBA(0.055, 0.218, 0.753, 0.000);-9999,00;1;0,00;RGBA(0.968, 1.000, 0.000, 0.000);Rejected_ClogRisk
14:41:43;1086;RGBA(0.055, 0.218, 0.753, 0.000);-9999,00;1;0,00;RGBA(0.968, 1.000, 0.000, 0.000);Rejected_ClogRisk
14:41:43;1087;RGBA(0.055, 0.218, 0.753, 0.000);-9999,00;1;0,00;RGBA(0.968, 1.000, 0.000, 0.000);Rejected_ClogRisk
14:41:43;1088;RGBA(0.055, 0.218, 0.753, 0.000);-9999,00;1;0,00;RGBA(0.968, 1.000, 0.000, 0.000);Rejected_ClogRisk
14:41:43;1089;RGBA(0.055, 0.218, 0.753, 0.000);-9999,00;1;0,00;RGBA(0.968, 1.000, 0.000, 0.000);Rejected_ClogRisk
14:41:43;1090;RGBA(0.055, 0.218, 0.753, 0.000);-9999,00;1;0,00;RGBA(0.968, 1.000, 0.000, 0.000);Rejected_ClogRisk
14:41:43;1091;RGBA(0.055, 0.218, 0.753, 0.000);-9999,00;1;0,00;RGBA(0.968, 1.000, 0.000, 0.000);Rejected_ClogRisk
14:41:43;1092;RGBA(0.055, 0.218, 0.753, 0.000);-9999,00;1;0,00;RGBA(0.968, 1.000, 0.000, 0.000);Rejected_ClogRisk
14:41:43;1093;RGBA(0.055, 0.218, 0.753, 0.000);-9999,00;1;0,00;RGBA(0.968, 1.000, 0.000, 0.000);Rejected_ClogRisk
14:41:43;1094;RGBA(0.055, 0.218, 0.753, 0.000);-9999,00;1;0,00;RGBA(0.968, 1.000, 0.000, 0.000);Rejected_ClogRisk
14:41:43;1095;RGBA(0.055, 0.218, 0.753, 0.000);-9999,00;1;0,00;RGBA(0.968, 1.000, 0.000, 0.000);Rejected_ClogRisk
14:41:43;1096;RGBA(0.055, 0.218, 0.753, 0.000);-9999,00;1;0,00;RGBA(0.968, 1.000, 0.000, 0.000);Rejected_ClogRisk
14:41:43;1097;RGBA(0.055, 0.218, 0.753, 0.000);-9999,00;1;0,00;RGBA(0.968, 1.000, 0.000, 0.000);Rejected_ClogRisk
14:41:43;1098;RGBA(0.055, 0.218, 0.753, 0.000);-9999,00;1;0,00;RGBA(0.968, 1.000, 0.000, 0.000);Rejected_ClogRisk
14:41:43;1099;RGBA(0.055, 0.218, 0.753, 0.000);-9999,00;1;0,00;RGBA(0.968, 1.000, 0.000, 0.000);Rejected_ClogRisk
14:41:43;1100;RGBA(0.055, 0.218, 0.753, 0.000);-9999,00;1;0,00;RGBA(0.968, 1.000, 0.000, 0.000);Rejected_ClogRisk
14:41:43;1101;RGBA(0.055, 0.218, 0.753, 0.000);-9999,00;1;0,00;RGBA(0.968, 1.000, 0.000, 0.000);Rejected_ClogRisk
14:41:43;1102;RGBA(0.055, 0.218, 0.753, 0.000);-9999,00;1;0,00;RGBA(0.968, 1.000, 0.000, 0.000);Rejected_ClogRisk
14:41:43;1103;RGBA(0.055, 0.218, 0.753, 0.000);-9999,00;1;0,00;RGBA(0.968, 1.000, 0.000, 0.000);Rejected_ClogRisk
14:41:43;1104;RGBA(0.055, 0.218, 0.753, 0.000);-9999,00;1;0,00;RGBA(0.968, 1.000, 0.000, 0.000);Rejected_ClogRisk
14:41:43;1105;RGBA(0.055, 0.218, 0.753, 0.000);-9999,00;1;0,00;RGBA(0.968, 1.000, 0.000, 0.000);Rejected_ClogRisk
14:41:43;1106;RGBA(0.055, 0.218, 0.753, 0.000);-9999,00;1;0,00;RGBA(0.968, 1.000, 0.000, 0.000);Rejected_ClogRisk
14:41:43;1107;RGBA(0.055, 0.218, 0.753, 0.000);-9999,00;1;0,00;RGBA(0.968, 1.000, 0.000, 0.000);Rejected_ClogRisk
14:41:43;1108;RGBA(0.055, 0.218, 0.753, 0.000);-9999,00;1;0,00;RGBA(0.968, 1.000, 0.000, 0.000);Rejected_ClogRisk
14:41:43;1109;RGBA(0.055, 0.218, 0.753, 0.000);-9999,00;1;0,00;RGBA(0.968, 1.000, 0.000, 0.000);Rejected_ClogRisk
14:41:43;1110;RGBA(0.055, 0.218, 0.753, 0.000);-9999,00;1;0,00;RGBA(0.968, 1.000, 0.000, 0.000);Rejected_ClogRisk
14:41:43;1111;RGBA(0.055, 0.218, 0.753, 0.000);-9999,00;1;0,00;RGBA(0.968, 1.000, 0.000, 0.000);Rejected_ClogRisk
14:41:43;1112;RGBA(0.055, 0.218, 0.753, 0.000);-9999,00;1;0,00;RGBA(0.968, 1.000, 0.000, 0.000);Rejected_ClogRisk
14:41:43;1113;RGBA(0.055, 0.218, 0.753, 0.000);-9999,00;1;0,00;RGBA(0.968, 1.000, 0.000, 0.000);Rejected_ClogRisk
14:41:43;1114;RGBA(0.055, 0.218, 0.753, 0.000);-9999,00;1;0,00;RGBA(0.968, 1.000, 0.000, 0.000);Rejected_ClogRisk
14:41:43;1115;RGBA(0.055, 0.218, 0.753, 0.000);-9999,00;1;0,00;RGBA(0.968, 1.000, 0.000, 0.000);Rejected_ClogRisk
14:41:43;1116;RGBA(0.055, 0.218, 0.753, 0.000);-9999,00;1;0,00;RGBA(0.968, 1.000, 0.000, 0.000);Rejected_ClogRisk
14:41:43;1117;RGBA(0.055, 0.218, 0.753, 0.000);-9999,00;1;0,00;RGBA(0.968, 1.000, 0.000, 0.000);Rejected_ClogRisk
14:41:43;1118;RGBA(0.055, 0.218, 0.753, 0.000);-9999,00;1;0,00;RGBA(0.968, 1.000, 0.000, 0.000);Rejected_ClogRisk
14:41:43;1119;RGBA(0.055, 0.218, 0.753, 0.000);-9999,00;1;0,00;RGBA(0.968, 1.000, 0.000, 0.000);Rejected_ClogRisk
14:41:43;1120;RGBA(0.055, 0.218, 0.753, 0.000);-9999,00;1;0,00;RGBA(0.968, 1.000, 0.000, 0.000);Rejected_ClogRisk
14:41:43;1121;RGBA(0.055, 0.218, 0.753, 0.000);-9999,00;1;0,00;RGBA(0.968, 1.000, 0.000, 0.000);Rejected_ClogRisk
14:41:43;1122;RGBA(0.055, 0.218, 0.753, 0.000);-9999,00;1;0,00;RGBA(0.968, 1.000, 0.000, 0.000);Rejected_ClogRisk
14:41:43;1123;RGBA(0.055, 0.218, 0.753, 0.000);-9999,00;1;0,00;RGBA(0.968, 1.000, 0.000, 0.000);Rejected_ClogRisk
14:41:43;1124;RGBA(0.055, 0.218, 0.753, 0.000);-9999,00;1;0,00;RGBA(0.968, 1.000, 0.000, 0.000);Rejected_ClogRisk
14:41:43;1125;RGBA(0.055, 0.218, 0.753, 0.000);-9999,00;1;0,00;RGBA(0.968, 1.000, 0.000, 0.000);Rejected_ClogRisk
