Timestamp;MoveID;SelectedColor;Score;FreeSlots;UnblockValue;TargetBus;Status
14:48:20;1;RGBA(0.055, 0.218, 0.753, 0.000);20000,00;5;5000,00;RGBA(0.055, 0.218, 0.753, 0.000);Executed
14:48:21;2;RGBA(0.055, 0.218, 0.753, 0.000);20000,00;5;5000,00;RGBA(0.055, 0.218, 0.753, 0.000);Executed
14:48:22;3;RGBA(0.055, 0.218, 0.753, 0.000);20000,00;5;5000,00;RGBA(0.055, 0.218, 0.753, 0.000);Executed
14:48:23;4;RGBA(0.753, 0.055, 0.736, 0.000);20050,00;5;0,00;RGBA(0.753, 0.055, 0.736, 0.000);Executed
14:48:23;5;RGBA(0.753, 0.055, 0.736, 0.000);20050,00;5;0,00;RGBA(0.753, 0.055, 0.736, 0.000);Executed
14:48:23;6;RGBA(0.753, 0.055, 0.736, 0.000);20050,00;5;0,00;RGBA(0.753, 0.055, 0.736, 0.000);Executed
14:48:24;7;RGBA(0.755, 0.055, 0.055, 0.000);20000,00;5;15000,00;RGBA(0.755, 0.055, 0.055, 0.000);Executed
14:48:25;8;RGBA(0.755, 0.055, 0.055, 0.000);20050,00;5;15000,00;RGBA(0.755, 0.055, 0.055, 0.000);Executed
14:48:25;9;RGBA(0.755, 0.055, 0.055, 0.000);20100,00;5;0,00;RGBA(0.755, 0.055, 0.055, 0.000);Executed
14:48:26;10;RGBA(0.055, 0.218, 0.753, 0.000);20100,00;5;0,00;RGBA(0.055, 0.218, 0.753, 0.000);Executed
14:48:26;11;RGBA(0.055, 0.218, 0.753, 0.000);20050,00;5;0,00;RGBA(0.055, 0.218, 0.753, 0.000);Executed
14:48:27;12;RGBA(0.055, 0.218, 0.753, 0.000);20000,00;5;0,00;RGBA(0.055, 0.218, 0.753, 0.000);Executed
14:48:28;13;RGBA(0.753, 0.055, 0.736, 0.000);20000,00;5;5000,00;RGBA(0.753, 0.055, 0.736, 0.000);Executed
14:48:28;14;RGBA(0.085, 0.753, 0.055, 0.000);18050,00;5;15000,00;RGBA(0.753, 0.055, 0.736, 0.000);Executed
14:48:28;15;RGBA(0.753, 0.055, 0.736, 0.000);20100,00;4;0,00;RGBA(0.753, 0.055, 0.736, 0.000);Executed
14:48:29;16;RGBA(0.753, 0.055, 0.736, 0.000);20050,00;4;5000,00;RGBA(0.753, 0.055, 0.736, 0.000);Executed
14:48:30;17;RGBA(0.085, 0.753, 0.055, 0.000);20100,00;5;0,00;RGBA(0.085, 0.753, 0.055, 0.000);Executed
14:48:30;18;RGBA(0.085, 0.753, 0.055, 0.000);20000,00;5;0,00;RGBA(0.085, 0.753, 0.055, 0.000);Executed
14:48:31;19;RGBA(0.755, 0.055, 0.055, 0.000);20000,00;5;15000,00;RGBA(0.755, 0.055, 0.055, 0.000);Executed
14:48:31;20;RGBA(0.755, 0.055, 0.055, 0.000);20050,00;5;15000,00;RGBA(0.755, 0.055, 0.055, 0.000);Executed
14:48:32;21;RGBA(0.755, 0.055, 0.055, 0.000);20100,00;5;0,00;RGBA(0.755, 0.055, 0.055, 0.000);Executed
14:48:33;22;RGBA(0.753, 0.055, 0.736, 0.000);20000,00;5;5000,00;RGBA(0.753, 0.055, 0.736, 0.000);Executed
14:48:33;23;RGBA(0.753, 0.055, 0.736, 0.000);20000,00;5;15000,00;RGBA(0.753, 0.055, 0.736, 0.000);Executed
14:48:33;24;RGBA(0.753, 0.055, 0.736, 0.000);20050,00;5;5000,00;RGBA(0.753, 0.055, 0.736, 0.000);Executed
14:48:34;25;RGBA(0.968, 1.000, 0.000, 0.000);20100,00;5;0,00;RGBA(0.968, 1.000, 0.000, 0.000);Executed
14:48:35;26;RGBA(0.968, 1.000, 0.000, 0.000);20100,00;5;0,00;RGBA(0.968, 1.000, 0.000, 0.000);Executed
14:48:35;27;RGBA(0.968, 1.000, 0.000, 0.000);20050,00;5;0,00;RGBA(0.968, 1.000, 0.000, 0.000);Executed
14:48:36;28;RGBA(0.085, 0.753, 0.055, 0.000);20000,00;5;0,00;RGBA(0.085, 0.753, 0.055, 0.000);Executed
14:48:36;29;RGBA(0.753, 0.055, 0.736, 0.000);15000,00;5;15000,00;RGBA(0.085, 0.753, 0.055, 0.000);Executed
14:48:37;30;RGBA(0.085, 0.753, 0.055, 0.000);20050,00;4;15000,00;RGBA(0.085, 0.753, 0.055, 0.000);Executed
14:48:37;31;RGBA(0.085, 0.753, 0.055, 0.000);20100,00;4;0,00;RGBA(0.085, 0.753, 0.055, 0.000);Executed
14:48:38;32;RGBA(0.969, 0.619, 0.143, 0.000);20100,00;4;0,00;RGBA(0.969, 0.619, 0.143, 0.000);Executed
14:48:38;33;RGBA(0.969, 0.619, 0.143, 0.000);20050,00;4;0,00;RGBA(0.969, 0.619, 0.143, 0.000);Executed
14:48:39;34;RGBA(0.969, 0.619, 0.143, 0.000);20000,00;4;0,00;RGBA(0.969, 0.619, 0.143, 0.000);Executed
14:48:40;35;RGBA(0.753, 0.055, 0.736, 0.000);20150,00;5;0,00;RGBA(0.753, 0.055, 0.736, 0.000);Executed
14:48:40;36;RGBA(0.753, 0.055, 0.736, 0.000);20000,00;5;5000,00;RGBA(0.753, 0.055, 0.736, 0.000);Executed
14:48:41;37;RGBA(0.968, 1.000, 0.000, 0.000);20150,00;5;0,00;RGBA(0.968, 1.000, 0.000, 0.000);Executed
14:48:41;38;RGBA(0.968, 1.000, 0.000, 0.000);20050,00;5;0,00;RGBA(0.968, 1.000, 0.000, 0.000);Executed
14:48:41;39;RGBA(0.968, 1.000, 0.000, 0.000);20050,00;5;0,00;RGBA(0.968, 1.000, 0.000, 0.000);Executed
14:48:43;40;RGBA(0.755, 0.055, 0.055, 0.000);20100,00;5;15000,00;RGBA(0.755, 0.055, 0.055, 0.000);Executed
14:48:43;41;RGBA(0.755, 0.055, 0.055, 0.000);20000,00;5;5000,00;RGBA(0.755, 0.055, 0.055, 0.000);Executed
14:48:43;42;RGBA(0.058, 0.799, 0.659, 0.000);15150,00;5;15000,00;RGBA(0.755, 0.055, 0.055, 0.000);Executed
14:48:43;43;RGBA(0.755, 0.055, 0.055, 0.000);20200,00;4;0,00;RGBA(0.755, 0.055, 0.055, 0.000);Executed
14:48:45;44;RGBA(0.968, 1.000, 0.000, 0.000);20150,00;4;5000,00;RGBA(0.968, 1.000, 0.000, 0.000);Executed
14:48:45;45;RGBA(0.968, 1.000, 0.000, 0.000);20100,00;4;5000,00;RGBA(0.968, 1.000, 0.000, 0.000);Executed
14:48:45;46;RGBA(0.968, 1.000, 0.000, 0.000);20050,00;4;15000,00;RGBA(0.968, 1.000, 0.000, 0.000);Executed
14:48:46;47;RGBA(0.969, 0.619, 0.143, 0.000);20250,00;4;0,00;RGBA(0.969, 0.619, 0.143, 0.000);Executed
14:48:47;48;RGBA(0.969, 0.619, 0.143, 0.000);20200,00;4;0,00;RGBA(0.969, 0.619, 0.143, 0.000);Executed
14:48:47;49;RGBA(0.969, 0.619, 0.143, 0.000);20200,00;4;0,00;RGBA(0.969, 0.619, 0.143, 0.000);Executed
14:48:47;50;RGBA(0.969, 0.619, 0.143, 0.000);20150,00;4;5000,00;RGBA(0.969, 0.619, 0.143, 0.000);Executed
14:48:48;51;RGBA(0.000, 0.000, 0.000, 0.000);20250,00;4;0,00;RGBA(0.000, 0.000, 0.000, 0.000);Executed
14:48:49;52;RGBA(0.000, 0.000, 0.000, 0.000);20150,00;4;5000,00;RGBA(0.000, 0.000, 0.000, 0.000);Executed
14:48:49;53;RGBA(0.000, 0.000, 0.000, 0.000);20150,00;4;5000,00;RGBA(0.000, 0.000, 0.000, 0.000);Executed
14:48:49;54;RGBA(0.000, 0.000, 0.000, 0.000);20050,00;4;15000,00;RGBA(0.000, 0.000, 0.000, 0.000);Executed
14:48:50;55;RGBA(0.755, 0.055, 0.055, 0.000);20200,00;4;0,00;RGBA(0.755, 0.055, 0.055, 0.000);Executed
14:48:51;56;RGBA(0.755, 0.055, 0.055, 0.000);20100,00;4;5000,00;RGBA(0.755, 0.055, 0.055, 0.000);Executed
14:48:51;57;RGBA(0.755, 0.055, 0.055, 0.000);20100,00;4;5000,00;RGBA(0.755, 0.055, 0.055, 0.000);Executed
14:48:51;58;RGBA(0.055, 0.218, 0.753, 0.000);18250,00;4;15000,00;RGBA(0.755, 0.055, 0.055, 0.000);Executed
14:48:51;59;RGBA(0.755, 0.055, 0.055, 0.000);20300,00;4;0,00;RGBA(0.755, 0.055, 0.055, 0.000);Executed
14:48:52;60;RGBA(0.755, 0.055, 0.055, 0.000);20300,00;3;0,00;RGBA(0.755, 0.055, 0.055, 0.000);Executed
14:48:52;61;RGBA(0.055, 0.218, 0.753, 0.000);3250,00;3;0,00;RGBA(0.755, 0.055, 0.055, 0.000);Executed
14:48:53;62;RGBA(0.055, 0.218, 0.753, 0.000);20250,00;4;0,00;RGBA(0.055, 0.218, 0.753, 0.000);Executed
14:48:53;63;RGBA(0.055, 0.218, 0.753, 0.000);20200,00;4;0,00;RGBA(0.055, 0.218, 0.753, 0.000);Executed
14:48:54;64;RGBA(0.055, 0.218, 0.753, 0.000);20200,00;4;0,00;RGBA(0.055, 0.218, 0.753, 0.000);Executed
14:48:55;65;RGBA(0.968, 1.000, 0.000, 0.000);20250,00;4;0,00;RGBA(0.968, 1.000, 0.000, 0.000);Executed
14:48:55;66;RGBA(0.968, 1.000, 0.000, 0.000);20150,00;4;5000,00;RGBA(0.968, 1.000, 0.000, 0.000);Executed
14:48:55;67;RGBA(0.968, 1.000, 0.000, 0.000);20150,00;4;5000,00;RGBA(0.968, 1.000, 0.000, 0.000);Executed
14:48:56;68;RGBA(0.862, 0.583, 0.749, 0.000);18200,00;4;15000,00;RGBA(0.968, 1.000, 0.000, 0.000);Executed
14:48:56;69;RGBA(0.862, 0.583, 0.749, 0.000);18200,00;4;15000,00;RGBA(0.968, 1.000, 0.000, 0.000);Executed
14:48:56;70;RGBA(0.969, 0.619, 0.143, 0.000);15250,00;4;15000,00;RGBA(0.968, 1.000, 0.000, 0.000);Executed
14:48:57;71;RGBA(0.969, 0.619, 0.143, 0.000);15250,00;3;15000,00;RGBA(0.968, 1.000, 0.000, 0.000);Executed
14:48:57;72;RGBA(0.968, 1.000, 0.000, 0.000);20300,00;3;0,00;RGBA(0.968, 1.000, 0.000, 0.000);Executed
14:48:57;73;RGBA(0.968, 1.000, 0.000, 0.000);20300,00;2;0,00;RGBA(0.968, 1.000, 0.000, 0.000);Executed
14:48:58;74;RGBA(0.969, 0.619, 0.143, 0.000);5200,00;2;5000,00;RGBA(0.968, 1.000, 0.000, 0.000);Executed
14:48:59;75;RGBA(0.862, 0.583, 0.749, 0.000);20250,00;3;0,00;RGBA(0.862, 0.583, 0.749, 0.000);Executed
14:48:59;76;RGBA(0.862, 0.583, 0.749, 0.000);20200,00;3;0,00;RGBA(0.862, 0.583, 0.749, 0.000);Executed
14:48:59;77;RGBA(0.862, 0.583, 0.749, 0.000);20200,00;3;0,00;RGBA(0.862, 0.583, 0.749, 0.000);Executed
14:49:00;78;RGBA(0.055, 0.218, 0.753, 0.000);5100,00;3;5000,00;RGBA(0.862, 0.583, 0.749, 0.000);Executed
14:49:01;79;RGBA(0.969, 0.619, 0.143, 0.000);20200,00;4;5000,00;RGBA(0.969, 0.619, 0.143, 0.000);Executed
14:49:01;80;RGBA(0.969, 0.619, 0.143, 0.000);20100,00;4;0,00;RGBA(0.969, 0.619, 0.143, 0.000);Executed
14:49:01;81;RGBA(0.969, 0.619, 0.143, 0.000);20100,00;4;0,00;RGBA(0.969, 0.619, 0.143, 0.000);Executed
14:49:02;82;RGBA(0.058, 0.799, 0.659, 0.000);20300,00;5;0,00;RGBA(0.058, 0.799, 0.659, 0.000);Executed
14:49:03;83;RGBA(0.055, 0.218, 0.753, 0.000);18100,00;5;15000,00;RGBA(0.058, 0.799, 0.659, 0.000);Executed
14:49:03;84;RGBA(0.055, 0.218, 0.753, 0.000);18100,00;5;15000,00;RGBA(0.058, 0.799, 0.659, 0.000);Executed
14:49:03;85;RGBA(0.000, 0.000, 0.000, 0.000);15300,00;4;15000,00;RGBA(0.058, 0.799, 0.659, 0.000);Executed
14:49:03;86;RGBA(0.058, 0.799, 0.659, 0.000);20350,00;4;0,00;RGBA(0.058, 0.799, 0.659, 0.000);Executed
14:49:04;87;RGBA(0.058, 0.799, 0.659, 0.000);20350,00;3;0,00;RGBA(0.058, 0.799, 0.659, 0.000);Executed
14:49:04;88;RGBA(0.055, 0.218, 0.753, 0.000);3150,00;3;0,00;RGBA(0.058, 0.799, 0.659, 0.000);Executed
14:49:05;89;RGBA(0.055, 0.218, 0.753, 0.000);20150,00;4;0,00;RGBA(0.055, 0.218, 0.753, 0.000);Executed
14:49:05;90;RGBA(0.055, 0.218, 0.753, 0.000);20050,00;4;5000,00;RGBA(0.055, 0.218, 0.753, 0.000);Executed
14:49:06;91;RGBA(0.000, 0.000, 0.000, 0.000);20350,00;5;0,00;RGBA(0.000, 0.000, 0.000, 0.000);Executed
14:49:07;92;RGBA(0.000, 0.000, 0.000, 0.000);20150,00;5;5000,00;RGBA(0.000, 0.000, 0.000, 0.000);Executed
14:49:07;93;RGBA(0.000, 0.000, 0.000, 0.000);20150,00;5;5000,00;RGBA(0.000, 0.000, 0.000, 0.000);Executed
14:49:08;94;RGBA(1.000, 1.000, 1.000, 0.000);20350,00;5;0,00;RGBA(1.000, 1.000, 1.000, 0.000);Executed
14:49:08;95;RGBA(1.000, 1.000, 1.000, 0.000);20300,00;5;0,00;RGBA(1.000, 1.000, 1.000, 0.000);Executed
14:49:09;96;RGBA(1.000, 1.000, 1.000, 0.000);20300,00;5;0,00;RGBA(1.000, 1.000, 1.000, 0.000);Executed
14:49:09;97;RGBA(1.000, 1.000, 1.000, 0.000);20000,00;5;0,00;RGBA(1.000, 1.000, 1.000, 0.000);Executed
14:49:09;98;RGBA(1.000, 1.000, 1.000, 0.000);20000,00;5;0,00;RGBA(1.000, 1.000, 1.000, 0.000);Executed
14:49:10;99;RGBA(0.055, 0.218, 0.753, 0.000);20000,00;7;15000,00;RGBA(0.055, 0.218, 0.753, 0.000);Executed
14:49:11;100;RGBA(0.055, 0.218, 0.753, 0.000);20000,00;7;15000,00;RGBA(0.055, 0.218, 0.753, 0.000);Executed
14:49:12;101;RGBA(0.755, 0.055, 0.055, 0.000);15000,00;7;15000,00;RGBA(0.968, 1.000, 0.000, 0.000);Executed
14:49:12;102;RGBA(0.058, 0.799, 0.659, 0.000);15000,00;6;15000,00;RGBA(0.968, 1.000, 0.000, 0.000);Executed
14:49:12;103;RGBA(0.968, 1.000, 0.000, 0.000);20050,00;5;15000,00;RGBA(0.968, 1.000, 0.000, 0.000);Executed
14:49:13;104;RGBA(0.969, 0.619, 0.143, 0.000);15100,00;5;15000,00;RGBA(0.968, 1.000, 0.000, 0.000);Executed
14:49:13;105;RGBA(0.755, 0.055, 0.055, 0.000);15000,00;4;15000,00;RGBA(0.968, 1.000, 0.000, 0.000);Executed
14:49:13;106;RGBA(0.968, 1.000, 0.000, 0.000);20050,00;3;0,00;RGBA(0.968, 1.000, 0.000, 0.000);Executed
14:49:14;107;RGBA(1.000, 1.000, 1.000, 0.000);20050,00;3;15000,00;RGBA(1.000, 1.000, 1.000, 0.000);Executed
14:49:15;108;RGBA(1.000, 1.000, 1.000, 0.000);20000,00;3;15000,00;RGBA(1.000, 1.000, 1.000, 0.000);Executed
14:49:15;109;RGBA(1.000, 1.000, 1.000, 0.000);20000,00;3;0,00;RGBA(1.000, 1.000, 1.000, 0.000);Executed
14:49:16;110;RGBA(0.753, 0.055, 0.736, 0.000);20000,00;3;15000,00;RGBA(0.753, 0.055, 0.736, 0.000);Executed
14:49:16;111;RGBA(0.753, 0.055, 0.736, 0.000);20000,00;3;5000,00;RGBA(0.753, 0.055, 0.736, 0.000);Executed
14:49:16;112;RGBA(0.755, 0.055, 0.055, 0.000);18100,00;3;15000,00;RGBA(0.753, 0.055, 0.736, 0.000);Executed
14:49:17;113;RGBA(0.753, 0.055, 0.736, 0.000);20100,00;2;0,00;RGBA(0.753, 0.055, 0.736, 0.000);Executed
14:49:18;114;RGBA(0.755, 0.055, 0.055, 0.000);20050,00;5;5000,00;RGBA(0.755, 0.055, 0.055, 0.000);Executed
14:49:19;115;RGBA(0.058, 0.799, 0.659, 0.000);20100,00;6;5000,00;RGBA(0.058, 0.799, 0.659, 0.000);Executed
14:49:19;116;RGBA(0.058, 0.799, 0.659, 0.000);20100,00;6;5000,00;RGBA(0.058, 0.799, 0.659, 0.000);Executed
14:49:20;117;RGBA(0.862, 0.583, 0.749, 0.000);20100,00;6;0,00;RGBA(0.862, 0.583, 0.749, 0.000);Executed
14:49:21;118;RGBA(0.969, 0.619, 0.143, 0.000);15050,00;6;15000,00;RGBA(0.862, 0.583, 0.749, 0.000);Executed
14:49:21;119;RGBA(0.000, 0.000, 0.000, 0.000);8050,00;5;5000,00;RGBA(0.862, 0.583, 0.749, 0.000);Executed
14:49:21;120;RGBA(0.000, 0.000, 0.000, 0.000);18050,00;4;15000,00;RGBA(0.862, 0.583, 0.749, 0.000);Executed
14:49:21;121;RGBA(0.000, 0.000, 0.000, 0.000);18000,00;3;15000,00;RGBA(0.862, 0.583, 0.749, 0.000);Executed
14:49:22;122;RGBA(1.000, 1.000, 1.000, 0.000);15100,00;2;15000,00;RGBA(0.862, 0.583, 0.749, 0.000);Executed
14:49:22;123;RGBA(0.969, 0.619, 0.143, 0.000);-500000,00;1;0,00;RGBA(0.862, 0.583, 0.749, 0.000);Rejected_BelowThreshold
14:49:22;124;RGBA(0.969, 0.619, 0.143, 0.000);-500000,00;1;0,00;RGBA(0.862, 0.583, 0.749, 0.000);Rejected_BelowThreshold
14:49:22;125;RGBA(0.969, 0.619, 0.143, 0.000);-500000,00;1;0,00;RGBA(0.862, 0.583, 0.749, 0.000);Rejected_BelowThreshold
14:49:22;126;RGBA(0.969, 0.619, 0.143, 0.000);-500000,00;1;0,00;RGBA(0.862, 0.583, 0.749, 0.000);Rejected_BelowThreshold
14:49:22;127;RGBA(0.969, 0.619, 0.143, 0.000);-500000,00;1;0,00;RGBA(0.862, 0.583, 0.749, 0.000);Rejected_BelowThreshold
14:49:22;128;RGBA(0.969, 0.619, 0.143, 0.000);-500000,00;1;0,00;RGBA(0.862, 0.583, 0.749, 0.000);Rejected_BelowThreshold
14:49:22;129;RGBA(0.969, 0.619, 0.143, 0.000);-500000,00;1;0,00;RGBA(0.862, 0.583, 0.749, 0.000);Rejected_BelowThreshold
14:49:22;130;RGBA(0.969, 0.619, 0.143, 0.000);-500000,00;1;0,00;RGBA(0.862, 0.583, 0.749, 0.000);Rejected_BelowThreshold
14:49:22;131;RGBA(0.969, 0.619, 0.143, 0.000);-500000,00;1;0,00;RGBA(0.862, 0.583, 0.749, 0.000);Rejected_BelowThreshold
14:49:22;132;RGBA(0.969, 0.619, 0.143, 0.000);-500000,00;1;0,00;RGBA(0.862, 0.583, 0.749, 0.000);Rejected_BelowThreshold
14:49:22;133;RGBA(0.969, 0.619, 0.143, 0.000);-500000,00;1;0,00;RGBA(0.862, 0.583, 0.749, 0.000);Rejected_BelowThreshold
14:49:22;134;RGBA(0.969, 0.619, 0.143, 0.000);-500000,00;1;0,00;RGBA(0.862, 0.583, 0.749, 0.000);Rejected_BelowThreshold
14:49:22;135;RGBA(0.969, 0.619, 0.143, 0.000);-500000,00;1;0,00;RGBA(0.862, 0.583, 0.749, 0.000);Rejected_BelowThreshold
14:49:22;136;RGBA(0.969, 0.619, 0.143, 0.000);-500000,00;1;0,00;RGBA(0.862, 0.583, 0.749, 0.000);Rejected_BelowThreshold
14:49:22;137;RGBA(0.969, 0.619, 0.143, 0.000);-500000,00;1;0,00;RGBA(0.862, 0.583, 0.749, 0.000);Rejected_BelowThreshold
14:49:22;138;RGBA(0.969, 0.619, 0.143, 0.000);-500000,00;1;0,00;RGBA(0.862, 0.583, 0.749, 0.000);Rejected_BelowThreshold
14:49:22;139;RGBA(0.969, 0.619, 0.143, 0.000);-500000,00;1;0,00;RGBA(0.862, 0.583, 0.749, 0.000);Rejected_BelowThreshold
14:49:22;140;RGBA(0.969, 0.619, 0.143, 0.000);-500000,00;1;0,00;RGBA(0.862, 0.583, 0.749, 0.000);Rejected_BelowThreshold
14:49:22;141;RGBA(0.969, 0.619, 0.143, 0.000);-500000,00;1;0,00;RGBA(0.862, 0.583, 0.749, 0.000);Rejected_BelowThreshold
14:49:22;142;RGBA(0.969, 0.619, 0.143, 0.000);-500000,00;1;0,00;RGBA(0.862, 0.583, 0.749, 0.000);Rejected_BelowThreshold
14:49:22;143;RGBA(0.969, 0.619, 0.143, 0.000);-500000,00;1;0,00;RGBA(0.862, 0.583, 0.749, 0.000);Rejected_BelowThreshold
14:49:22;144;RGBA(0.969, 0.619, 0.143, 0.000);-500000,00;1;0,00;RGBA(0.862, 0.583, 0.749, 0.000);Rejected_BelowThreshold
14:49:22;145;RGBA(0.969, 0.619, 0.143, 0.000);-500000,00;1;0,00;RGBA(0.862, 0.583, 0.749, 0.000);Rejected_BelowThreshold
14:49:22;146;RGBA(0.969, 0.619, 0.143, 0.000);-500000,00;1;0,00;RGBA(0.862, 0.583, 0.749, 0.000);Rejected_BelowThreshold
14:49:22;147;RGBA(0.969, 0.619, 0.143, 0.000);-500000,00;1;0,00;RGBA(0.862, 0.583, 0.749, 0.000);Rejected_BelowThreshold
14:49:22;148;RGBA(0.969, 0.619, 0.143, 0.000);-500000,00;1;0,00;RGBA(0.862, 0.583, 0.749, 0.000);Rejected_BelowThreshold
14:49:22;149;RGBA(0.969, 0.619, 0.143, 0.000);-500000,00;1;0,00;RGBA(0.862, 0.583, 0.749, 0.000);Rejected_BelowThreshold
14:49:22;150;RGBA(0.969, 0.619, 0.143, 0.000);-500000,00;1;0,00;RGBA(0.862, 0.583, 0.749, 0.000);Rejected_BelowThreshold
14:49:22;151;RGBA(0.969, 0.619, 0.143, 0.000);-500000,00;1;0,00;RGBA(0.862, 0.583, 0.749, 0.000);Rejected_BelowThreshold
14:49:22;152;RGBA(0.969, 0.619, 0.143, 0.000);-500000,00;1;0,00;RGBA(0.862, 0.583, 0.749, 0.000);Rejected_BelowThreshold
14:49:22;153;RGBA(0.969, 0.619, 0.143, 0.000);-500000,00;1;0,00;RGBA(0.862, 0.583, 0.749, 0.000);Rejected_BelowThreshold
14:49:22;154;RGBA(0.969, 0.619, 0.143, 0.000);-500000,00;1;0,00;RGBA(0.862, 0.583, 0.749, 0.000);Rejected_BelowThreshold
14:49:22;155;RGBA(0.969, 0.619, 0.143, 0.000);-500000,00;1;0,00;RGBA(0.862, 0.583, 0.749, 0.000);Rejected_BelowThreshold
14:49:22;156;RGBA(0.969, 0.619, 0.143, 0.000);-500000,00;1;0,00;RGBA(0.862, 0.583, 0.749, 0.000);Rejected_BelowThreshold
14:49:22;157;RGBA(0.969, 0.619, 0.143, 0.000);-500000,00;1;0,00;RGBA(0.862, 0.583, 0.749, 0.000);Rejected_BelowThreshold
14:49:22;158;RGBA(0.969, 0.619, 0.143, 0.000);-500000,00;1;0,00;RGBA(0.862, 0.583, 0.749, 0.000);Rejected_BelowThreshold
14:49:22;159;RGBA(0.969, 0.619, 0.143, 0.000);-500000,00;1;0,00;RGBA(0.862, 0.583, 0.749, 0.000);Rejected_BelowThreshold
14:49:22;160;RGBA(0.969, 0.619, 0.143, 0.000);-500000,00;1;0,00;RGBA(0.862, 0.583, 0.749, 0.000);Rejected_BelowThreshold
14:49:22;161;RGBA(0.969, 0.619, 0.143, 0.000);-500000,00;1;0,00;RGBA(0.862, 0.583, 0.749, 0.000);Rejected_BelowThreshold
14:49:22;162;RGBA(0.969, 0.619, 0.143, 0.000);-500000,00;1;0,00;RGBA(0.862, 0.583, 0.749, 0.000);Rejected_BelowThreshold
14:49:22;163;RGBA(0.969, 0.619, 0.143, 0.000);-500000,00;1;0,00;RGBA(0.862, 0.583, 0.749, 0.000);Rejected_BelowThreshold
14:49:22;164;RGBA(0.969, 0.619, 0.143, 0.000);-500000,00;1;0,00;RGBA(0.862, 0.583, 0.749, 0.000);Rejected_BelowThreshold
14:49:22;165;RGBA(0.969, 0.619, 0.143, 0.000);-500000,00;1;0,00;RGBA(0.862, 0.583, 0.749, 0.000);Rejected_BelowThreshold
14:49:22;166;RGBA(0.969, 0.619, 0.143, 0.000);-500000,00;1;0,00;RGBA(0.862, 0.583, 0.749, 0.000);Rejected_BelowThreshold
14:49:22;167;RGBA(0.969, 0.619, 0.143, 0.000);-500000,00;1;0,00;RGBA(0.862, 0.583, 0.749, 0.000);Rejected_BelowThreshold
14:49:22;168;RGBA(0.969, 0.619, 0.143, 0.000);-500000,00;1;0,00;RGBA(0.862, 0.583, 0.749, 0.000);Rejected_BelowThreshold
14:49:22;169;RGBA(0.969, 0.619, 0.143, 0.000);-500000,00;1;0,00;RGBA(0.862, 0.583, 0.749, 0.000);Rejected_BelowThreshold
14:49:22;170;RGBA(0.969, 0.619, 0.143, 0.000);-500000,00;1;0,00;RGBA(0.862, 0.583, 0.749, 0.000);Rejected_BelowThreshold
14:49:22;171;RGBA(0.969, 0.619, 0.143, 0.000);-500000,00;1;0,00;RGBA(0.862, 0.583, 0.749, 0.000);Rejected_BelowThreshold
14:49:22;172;RGBA(0.969, 0.619, 0.143, 0.000);-500000,00;1;0,00;RGBA(0.862, 0.583, 0.749, 0.000);Rejected_BelowThreshold
14:49:22;173;RGBA(0.969, 0.619, 0.143, 0.000);-500000,00;1;0,00;RGBA(0.862, 0.583, 0.749, 0.000);Rejected_BelowThreshold
14:49:22;174;RGBA(0.969, 0.619, 0.143, 0.000);-500000,00;1;0,00;RGBA(0.862, 0.583, 0.749, 0.000);Rejected_BelowThreshold
14:49:22;175;RGBA(0.969, 0.619, 0.143, 0.000);-500000,00;1;0,00;RGBA(0.862, 0.583, 0.749, 0.000);Rejected_BelowThreshold
14:49:22;176;RGBA(0.969, 0.619, 0.143, 0.000);-500000,00;1;0,00;RGBA(0.862, 0.583, 0.749, 0.000);Rejected_BelowThreshold
14:49:22;177;RGBA(0.969, 0.619, 0.143, 0.000);-500000,00;1;0,00;RGBA(0.862, 0.583, 0.749, 0.000);Rejected_BelowThreshold
14:49:22;178;RGBA(0.969, 0.619, 0.143, 0.000);-500000,00;1;0,00;RGBA(0.862, 0.583, 0.749, 0.000);Rejected_BelowThreshold
14:49:22;179;RGBA(0.969, 0.619, 0.143, 0.000);-500000,00;1;0,00;RGBA(0.862, 0.583, 0.749, 0.000);Rejected_BelowThreshold
14:49:22;180;RGBA(0.969, 0.619, 0.143, 0.000);-500000,00;1;0,00;RGBA(0.862, 0.583, 0.749, 0.000);Rejected_BelowThreshold
14:49:22;181;RGBA(0.969, 0.619, 0.143, 0.000);-500000,00;1;0,00;RGBA(0.862, 0.583, 0.749, 0.000);Rejected_BelowThreshold
14:49:22;182;RGBA(0.969, 0.619, 0.143, 0.000);-500000,00;1;0,00;RGBA(0.862, 0.583, 0.749, 0.000);Rejected_BelowThreshold
14:49:22;183;RGBA(0.969, 0.619, 0.143, 0.000);-500000,00;1;0,00;RGBA(0.862, 0.583, 0.749, 0.000);Rejected_BelowThreshold
14:49:22;184;RGBA(0.969, 0.619, 0.143, 0.000);-500000,00;1;0,00;RGBA(0.862, 0.583, 0.749, 0.000);Rejected_BelowThreshold
14:49:22;185;RGBA(0.969, 0.619, 0.143, 0.000);-500000,00;1;0,00;RGBA(0.862, 0.583, 0.749, 0.000);Rejected_BelowThreshold
14:49:22;186;RGBA(0.969, 0.619, 0.143, 0.000);-500000,00;1;0,00;RGBA(0.862, 0.583, 0.749, 0.000);Rejected_BelowThreshold
14:49:22;187;RGBA(0.969, 0.619, 0.143, 0.000);-500000,00;1;0,00;RGBA(0.862, 0.583, 0.749, 0.000);Rejected_BelowThreshold
14:49:22;188;RGBA(0.969, 0.619, 0.143, 0.000);-500000,00;1;0,00;RGBA(0.862, 0.583, 0.749, 0.000);Rejected_BelowThreshold
14:49:22;189;RGBA(0.969, 0.619, 0.143, 0.000);-500000,00;1;0,00;RGBA(0.862, 0.583, 0.749, 0.000);Rejected_BelowThreshold
14:49:22;190;RGBA(0.969, 0.619, 0.143, 0.000);-500000,00;1;0,00;RGBA(0.862, 0.583, 0.749, 0.000);Rejected_BelowThreshold
14:49:22;191;RGBA(0.969, 0.619, 0.143, 0.000);-500000,00;1;0,00;RGBA(0.862, 0.583, 0.749, 0.000);Rejected_BelowThreshold
14:49:22;192;RGBA(0.969, 0.619, 0.143, 0.000);-500000,00;1;0,00;RGBA(0.862, 0.583, 0.749, 0.000);Rejected_BelowThreshold
14:49:22;193;RGBA(0.969, 0.619, 0.143, 0.000);-500000,00;1;0,00;RGBA(0.862, 0.583, 0.749, 0.000);Rejected_BelowThreshold
14:49:22;194;RGBA(0.969, 0.619, 0.143, 0.000);-500000,00;1;0,00;RGBA(0.862, 0.583, 0.749, 0.000);Rejected_BelowThreshold
14:49:22;195;RGBA(0.969, 0.619, 0.143, 0.000);-500000,00;1;0,00;RGBA(0.862, 0.583, 0.749, 0.000);Rejected_BelowThreshold
14:49:22;196;RGBA(0.969, 0.619, 0.143, 0.000);-500000,00;1;0,00;RGBA(0.862, 0.583, 0.749, 0.000);Rejected_BelowThreshold
14:49:22;197;RGBA(0.969, 0.619, 0.143, 0.000);-500000,00;1;0,00;RGBA(0.862, 0.583, 0.749, 0.000);Rejected_BelowThreshold
14:49:22;198;RGBA(0.969, 0.619, 0.143, 0.000);-500000,00;1;0,00;RGBA(0.862, 0.583, 0.749, 0.000);Rejected_BelowThreshold
14:49:22;199;RGBA(0.969, 0.619, 0.143, 0.000);-500000,00;1;0,00;RGBA(0.862, 0.583, 0.749, 0.000);Rejected_BelowThreshold
14:49:22;200;RGBA(0.969, 0.619, 0.143, 0.000);-500000,00;1;0,00;RGBA(0.862, 0.583, 0.749, 0.000);Rejected_BelowThreshold
14:49:22;201;RGBA(0.969, 0.619, 0.143, 0.000);-500000,00;1;0,00;RGBA(0.862, 0.583, 0.749, 0.000);Rejected_BelowThreshold
14:49:22;202;RGBA(0.969, 0.619, 0.143, 0.000);-500000,00;1;0,00;RGBA(0.862, 0.583, 0.749, 0.000);Rejected_BelowThreshold
14:49:22;203;RGBA(0.969, 0.619, 0.143, 0.000);-500000,00;1;0,00;RGBA(0.862, 0.583, 0.749, 0.000);Rejected_BelowThreshold
14:49:22;204;RGBA(0.969, 0.619, 0.143, 0.000);-500000,00;1;0,00;RGBA(0.862, 0.583, 0.749, 0.000);Rejected_BelowThreshold
14:49:22;205;RGBA(0.969, 0.619, 0.143, 0.000);-500000,00;1;0,00;RGBA(0.862, 0.583, 0.749, 0.000);Rejected_BelowThreshold
14:49:22;206;RGBA(0.969, 0.619, 0.143, 0.000);-500000,00;1;0,00;RGBA(0.862, 0.583, 0.749, 0.000);Rejected_BelowThreshold
14:49:22;207;RGBA(0.969, 0.619, 0.143, 0.000);-500000,00;1;0,00;RGBA(0.862, 0.583, 0.749, 0.000);Rejected_BelowThreshold
14:49:22;208;RGBA(0.969, 0.619, 0.143, 0.000);-500000,00;1;0,00;RGBA(0.862, 0.583, 0.749, 0.000);Rejected_BelowThreshold
14:49:22;209;RGBA(0.969, 0.619, 0.143, 0.000);-500000,00;1;0,00;RGBA(0.862, 0.583, 0.749, 0.000);Rejected_BelowThreshold
14:49:22;210;RGBA(0.969, 0.619, 0.143, 0.000);-500000,00;1;0,00;RGBA(0.862, 0.583, 0.749, 0.000);Rejected_BelowThreshold
14:49:22;211;RGBA(0.969, 0.619, 0.143, 0.000);-500000,00;1;0,00;RGBA(0.862, 0.583, 0.749, 0.000);Rejected_BelowThreshold
14:49:22;212;RGBA(0.969, 0.619, 0.143, 0.000);-500000,00;1;0,00;RGBA(0.862, 0.583, 0.749, 0.000);Rejected_BelowThreshold
14:49:22;213;RGBA(0.969, 0.619, 0.143, 0.000);-500000,00;1;0,00;RGBA(0.862, 0.583, 0.749, 0.000);Rejected_BelowThreshold
14:49:22;214;RGBA(0.969, 0.619, 0.143, 0.000);-500000,00;1;0,00;RGBA(0.862, 0.583, 0.749, 0.000);Rejected_BelowThreshold
14:49:22;215;RGBA(0.969, 0.619, 0.143, 0.000);-500000,00;1;0,00;RGBA(0.862, 0.583, 0.749, 0.000);Rejected_BelowThreshold
14:49:22;216;RGBA(0.969, 0.619, 0.143, 0.000);-500000,00;1;0,00;RGBA(0.862, 0.583, 0.749, 0.000);Rejected_BelowThreshold
14:49:22;217;RGBA(0.969, 0.619, 0.143, 0.000);-500000,00;1;0,00;RGBA(0.862, 0.583, 0.749, 0.000);Rejected_BelowThreshold
14:49:22;218;RGBA(0.969, 0.619, 0.143, 0.000);-500000,00;1;0,00;RGBA(0.862, 0.583, 0.749, 0.000);Rejected_BelowThreshold
14:49:22;219;RGBA(0.969, 0.619, 0.143, 0.000);-500000,00;1;0,00;RGBA(0.862, 0.583, 0.749, 0.000);Rejected_BelowThreshold
14:49:22;220;RGBA(0.969, 0.619, 0.143, 0.000);-500000,00;1;0,00;RGBA(0.862, 0.583, 0.749, 0.000);Rejected_BelowThreshold
14:49:22;221;RGBA(0.969, 0.619, 0.143, 0.000);-500000,00;1;0,00;RGBA(0.862, 0.583, 0.749, 0.000);Rejected_BelowThreshold
14:49:22;222;RGBA(0.969, 0.619, 0.143, 0.000);-500000,00;1;0,00;RGBA(0.862, 0.583, 0.749, 0.000);Rejected_BelowThreshold
14:49:22;223;RGBA(0.969, 0.619, 0.143, 0.000);-500000,00;1;0,00;RGBA(0.862, 0.583, 0.749, 0.000);Rejected_BelowThreshold
14:49:22;224;RGBA(0.969, 0.619, 0.143, 0.000);-500000,00;1;0,00;RGBA(0.862, 0.583, 0.749, 0.000);Rejected_BelowThreshold
14:49:22;225;RGBA(0.969, 0.619, 0.143, 0.000);-500000,00;1;0,00;RGBA(0.862, 0.583, 0.749, 0.000);Rejected_BelowThreshold
14:49:22;226;RGBA(0.969, 0.619, 0.143, 0.000);-500000,00;1;0,00;RGBA(0.862, 0.583, 0.749, 0.000);Rejected_BelowThreshold
14:49:22;227;RGBA(0.969, 0.619, 0.143, 0.000);-500000,00;1;0,00;RGBA(0.862, 0.583, 0.749, 0.000);Rejected_BelowThreshold
14:49:22;228;RGBA(0.969, 0.619, 0.143, 0.000);-500000,00;1;0,00;RGBA(0.862, 0.583, 0.749, 0.000);Rejected_BelowThreshold
14:49:22;229;RGBA(0.969, 0.619, 0.143, 0.000);-500000,00;1;0,00;RGBA(0.862, 0.583, 0.749, 0.000);Rejected_BelowThreshold
14:49:22;230;RGBA(0.969, 0.619, 0.143, 0.000);-500000,00;1;0,00;RGBA(0.862, 0.583, 0.749, 0.000);Rejected_BelowThreshold
14:49:22;231;RGBA(0.969, 0.619, 0.143, 0.000);-500000,00;1;0,00;RGBA(0.862, 0.583, 0.749, 0.000);Rejected_BelowThreshold
14:49:22;232;RGBA(0.969, 0.619, 0.143, 0.000);-500000,00;1;0,00;RGBA(0.862, 0.583, 0.749, 0.000);Rejected_BelowThreshold
14:49:22;233;RGBA(0.969, 0.619, 0.143, 0.000);-500000,00;1;0,00;RGBA(0.862, 0.583, 0.749, 0.000);Rejected_BelowThreshold
14:49:22;234;RGBA(0.969, 0.619, 0.143, 0.000);-500000,00;1;0,00;RGBA(0.862, 0.583, 0.749, 0.000);Rejected_BelowThreshold
14:49:22;235;RGBA(0.969, 0.619, 0.143, 0.000);-500000,00;1;0,00;RGBA(0.862, 0.583, 0.749, 0.000);Rejected_BelowThreshold
14:49:22;236;RGBA(0.969, 0.619, 0.143, 0.000);-500000,00;1;0,00;RGBA(0.862, 0.583, 0.749, 0.000);Rejected_BelowThreshold
14:49:22;237;RGBA(0.969, 0.619, 0.143, 0.000);-500000,00;1;0,00;RGBA(0.862, 0.583, 0.749, 0.000);Rejected_BelowThreshold
14:49:22;238;RGBA(0.969, 0.619, 0.143, 0.000);-500000,00;1;0,00;RGBA(0.862, 0.583, 0.749, 0.000);Rejected_BelowThreshold
14:49:22;239;RGBA(0.969, 0.619, 0.143, 0.000);-500000,00;1;0,00;RGBA(0.862, 0.583, 0.749, 0.000);Rejected_BelowThreshold
14:49:22;240;RGBA(0.969, 0.619, 0.143, 0.000);-500000,00;1;0,00;RGBA(0.862, 0.583, 0.749, 0.000);Rejected_BelowThreshold
14:49:22;241;RGBA(0.969, 0.619, 0.143, 0.000);-500000,00;1;0,00;RGBA(0.862, 0.583, 0.749, 0.000);Rejected_BelowThreshold
14:49:22;242;RGBA(0.969, 0.619, 0.143, 0.000);-500000,00;1;0,00;RGBA(0.862, 0.583, 0.749, 0.000);Rejected_BelowThreshold
14:49:22;243;RGBA(0.969, 0.619, 0.143, 0.000);-500000,00;1;0,00;RGBA(0.862, 0.583, 0.749, 0.000);Rejected_BelowThreshold
14:49:22;244;RGBA(0.969, 0.619, 0.143, 0.000);-500000,00;1;0,00;RGBA(0.862, 0.583, 0.749, 0.000);Rejected_BelowThreshold
14:49:22;245;RGBA(0.969, 0.619, 0.143, 0.000);-500000,00;1;0,00;RGBA(0.862, 0.583, 0.749, 0.000);Rejected_BelowThreshold
14:49:22;246;RGBA(0.969, 0.619, 0.143, 0.000);-500000,00;1;0,00;RGBA(0.862, 0.583, 0.749, 0.000);Rejected_BelowThreshold
14:49:22;247;RGBA(0.969, 0.619, 0.143, 0.000);-500000,00;1;0,00;RGBA(0.862, 0.583, 0.749, 0.000);Rejected_BelowThreshold
14:49:22;248;RGBA(0.969, 0.619, 0.143, 0.000);-500000,00;1;0,00;RGBA(0.862, 0.583, 0.749, 0.000);Rejected_BelowThreshold
14:49:22;249;RGBA(0.969, 0.619, 0.143, 0.000);-500000,00;1;0,00;RGBA(0.862, 0.583, 0.749, 0.000);Rejected_BelowThreshold
14:49:22;250;RGBA(0.969, 0.619, 0.143, 0.000);-500000,00;1;0,00;RGBA(0.862, 0.583, 0.749, 0.000);Rejected_BelowThreshold
14:49:22;251;RGBA(0.969, 0.619, 0.143, 0.000);-500000,00;1;0,00;RGBA(0.862, 0.583, 0.749, 0.000);Rejected_BelowThreshold
14:49:22;252;RGBA(0.969, 0.619, 0.143, 0.000);-500000,00;1;0,00;RGBA(0.862, 0.583, 0.749, 0.000);Rejected_BelowThreshold
14:49:22;253;RGBA(0.969, 0.619, 0.143, 0.000);-500000,00;1;0,00;RGBA(0.862, 0.583, 0.749, 0.000);Rejected_BelowThreshold
14:49:22;254;RGBA(0.969, 0.619, 0.143, 0.000);-500000,00;1;0,00;RGBA(0.862, 0.583, 0.749, 0.000);Rejected_BelowThreshold
14:49:22;255;RGBA(0.969, 0.619, 0.143, 0.000);-500000,00;1;0,00;RGBA(0.862, 0.583, 0.749, 0.000);Rejected_BelowThreshold
14:49:22;256;RGBA(0.969, 0.619, 0.143, 0.000);-500000,00;1;0,00;RGBA(0.862, 0.583, 0.749, 0.000);Rejected_BelowThreshold
14:49:22;257;RGBA(0.969, 0.619, 0.143, 0.000);-500000,00;1;0,00;RGBA(0.862, 0.583, 0.749, 0.000);Rejected_BelowThreshold
14:49:22;258;RGBA(0.969, 0.619, 0.143, 0.000);-500000,00;1;0,00;RGBA(0.862, 0.583, 0.749, 0.000);Rejected_BelowThreshold
14:49:22;259;RGBA(0.969, 0.619, 0.143, 0.000);-500000,00;1;0,00;RGBA(0.862, 0.583, 0.749, 0.000);Rejected_BelowThreshold
14:49:22;260;RGBA(0.969, 0.619, 0.143, 0.000);-500000,00;1;0,00;RGBA(0.862, 0.583, 0.749, 0.000);Rejected_BelowThreshold
14:49:22;261;RGBA(0.969, 0.619, 0.143, 0.000);-500000,00;1;0,00;RGBA(0.862, 0.583, 0.749, 0.000);Rejected_BelowThreshold
14:49:22;262;RGBA(0.969, 0.619, 0.143, 0.000);-500000,00;1;0,00;RGBA(0.862, 0.583, 0.749, 0.000);Rejected_BelowThreshold
14:49:22;263;RGBA(0.969, 0.619, 0.143, 0.000);-500000,00;1;0,00;RGBA(0.862, 0.583, 0.749, 0.000);Rejected_BelowThreshold
14:49:22;264;RGBA(0.969, 0.619, 0.143, 0.000);-500000,00;1;0,00;RGBA(0.862, 0.583, 0.749, 0.000);Rejected_BelowThreshold
14:49:22;265;RGBA(0.969, 0.619, 0.143, 0.000);-500000,00;1;0,00;RGBA(0.862, 0.583, 0.749, 0.000);Rejected_BelowThreshold
14:49:22;266;RGBA(0.969, 0.619, 0.143, 0.000);-500000,00;1;0,00;RGBA(0.862, 0.583, 0.749, 0.000);Rejected_BelowThreshold
14:49:22;267;RGBA(0.969, 0.619, 0.143, 0.000);-500000,00;1;0,00;RGBA(0.862, 0.583, 0.749, 0.000);Rejected_BelowThreshold
14:49:22;268;RGBA(0.969, 0.619, 0.143, 0.000);-500000,00;1;0,00;RGBA(0.862, 0.583, 0.749, 0.000);Rejected_BelowThreshold
14:49:22;269;RGBA(0.969, 0.619, 0.143, 0.000);-500000,00;1;0,00;RGBA(0.862, 0.583, 0.749, 0.000);Rejected_BelowThreshold
14:49:22;270;RGBA(0.969, 0.619, 0.143, 0.000);-500000,00;1;0,00;RGBA(0.862, 0.583, 0.749, 0.000);Rejected_BelowThreshold
14:49:22;271;RGBA(0.969, 0.619, 0.143, 0.000);-500000,00;1;0,00;RGBA(0.862, 0.583, 0.749, 0.000);Rejected_BelowThreshold
14:49:22;272;RGBA(0.969, 0.619, 0.143, 0.000);-500000,00;1;0,00;RGBA(0.862, 0.583, 0.749, 0.000);Rejected_BelowThreshold
14:49:22;273;RGBA(0.969, 0.619, 0.143, 0.000);-500000,00;1;0,00;RGBA(0.862, 0.583, 0.749, 0.000);Rejected_BelowThreshold
14:49:22;274;RGBA(0.969, 0.619, 0.143, 0.000);-500000,00;1;0,00;RGBA(0.862, 0.583, 0.749, 0.000);Rejected_BelowThreshold
14:49:22;275;RGBA(0.969, 0.619, 0.143, 0.000);-500000,00;1;0,00;RGBA(0.862, 0.583, 0.749, 0.000);Rejected_BelowThreshold
14:49:23;276;RGBA(0.969, 0.619, 0.143, 0.000);-500000,00;1;0,00;RGBA(0.862, 0.583, 0.749, 0.000);Rejected_BelowThreshold
14:49:23;277;RGBA(0.969, 0.619, 0.143, 0.000);-500000,00;1;0,00;RGBA(0.862, 0.583, 0.749, 0.000);Rejected_BelowThreshold
14:49:23;278;RGBA(0.969, 0.619, 0.143, 0.000);-500000,00;1;0,00;RGBA(0.862, 0.583, 0.749, 0.000);Rejected_BelowThreshold
14:49:23;279;RGBA(0.969, 0.619, 0.143, 0.000);-500000,00;1;0,00;RGBA(0.862, 0.583, 0.749, 0.000);Rejected_BelowThreshold
14:49:23;280;RGBA(0.969, 0.619, 0.143, 0.000);-500000,00;1;0,00;RGBA(0.862, 0.583, 0.749, 0.000);Rejected_BelowThreshold
14:49:23;281;RGBA(0.969, 0.619, 0.143, 0.000);-500000,00;1;0,00;RGBA(0.862, 0.583, 0.749, 0.000);Rejected_BelowThreshold
14:49:23;282;RGBA(0.969, 0.619, 0.143, 0.000);-500000,00;1;0,00;RGBA(0.862, 0.583, 0.749, 0.000);Rejected_BelowThreshold
14:49:23;283;RGBA(0.969, 0.619, 0.143, 0.000);-500000,00;1;0,00;RGBA(0.862, 0.583, 0.749, 0.000);Rejected_BelowThreshold
14:49:23;284;RGBA(0.969, 0.619, 0.143, 0.000);-500000,00;1;0,00;RGBA(0.862, 0.583, 0.749, 0.000);Rejected_BelowThreshold
14:49:23;285;RGBA(0.969, 0.619, 0.143, 0.000);-500000,00;1;0,00;RGBA(0.862, 0.583, 0.749, 0.000);Rejected_BelowThreshold
14:49:23;286;RGBA(0.969, 0.619, 0.143, 0.000);-500000,00;1;0,00;RGBA(0.862, 0.583, 0.749, 0.000);Rejected_BelowThreshold
14:49:23;287;RGBA(0.969, 0.619, 0.143, 0.000);-500000,00;1;0,00;RGBA(0.862, 0.583, 0.749, 0.000);Rejected_BelowThreshold
14:49:23;288;RGBA(0.969, 0.619, 0.143, 0.000);-500000,00;1;0,00;RGBA(0.862, 0.583, 0.749, 0.000);Rejected_BelowThreshold
14:49:23;289;RGBA(0.969, 0.619, 0.143, 0.000);-500000,00;1;0,00;RGBA(0.862, 0.583, 0.749, 0.000);Rejected_BelowThreshold
14:49:23;290;RGBA(0.969, 0.619, 0.143, 0.000);-500000,00;1;0,00;RGBA(0.862, 0.583, 0.749, 0.000);Rejected_BelowThreshold
14:49:23;291;RGBA(0.969, 0.619, 0.143, 0.000);-500000,00;1;0,00;RGBA(0.862, 0.583, 0.749, 0.000);Rejected_BelowThreshold
14:49:23;292;RGBA(0.969, 0.619, 0.143, 0.000);-500000,00;1;0,00;RGBA(0.862, 0.583, 0.749, 0.000);Rejected_BelowThreshold
14:49:23;293;RGBA(0.969, 0.619, 0.143, 0.000);-500000,00;1;0,00;RGBA(0.862, 0.583, 0.749, 0.000);Rejected_BelowThreshold
14:49:23;294;RGBA(0.969, 0.619, 0.143, 0.000);-500000,00;1;0,00;RGBA(0.862, 0.583, 0.749, 0.000);Rejected_BelowThreshold
14:49:23;295;RGBA(0.969, 0.619, 0.143, 0.000);-500000,00;1;0,00;RGBA(0.862, 0.583, 0.749, 0.000);Rejected_BelowThreshold
14:49:23;296;RGBA(0.969, 0.619, 0.143, 0.000);-500000,00;1;0,00;RGBA(0.862, 0.583, 0.749, 0.000);Rejected_BelowThreshold
14:49:23;297;RGBA(0.969, 0.619, 0.143, 0.000);-500000,00;1;0,00;RGBA(0.862, 0.583, 0.749, 0.000);Rejected_BelowThreshold
14:49:23;298;RGBA(0.969, 0.619, 0.143, 0.000);-500000,00;1;0,00;RGBA(0.862, 0.583, 0.749, 0.000);Rejected_BelowThreshold
14:49:23;299;RGBA(0.969, 0.619, 0.143, 0.000);-500000,00;1;0,00;RGBA(0.862, 0.583, 0.749, 0.000);Rejected_BelowThreshold
14:49:23;300;RGBA(0.969, 0.619, 0.143, 0.000);-500000,00;1;0,00;RGBA(0.862, 0.583, 0.749, 0.000);Rejected_BelowThreshold
14:49:23;301;RGBA(0.969, 0.619, 0.143, 0.000);-500000,00;1;0,00;RGBA(0.862, 0.583, 0.749, 0.000);Rejected_BelowThreshold
14:49:23;302;RGBA(0.969, 0.619, 0.143, 0.000);-500000,00;1;0,00;RGBA(0.862, 0.583, 0.749, 0.000);Rejected_BelowThreshold
14:49:23;303;RGBA(0.969, 0.619, 0.143, 0.000);-500000,00;1;0,00;RGBA(0.862, 0.583, 0.749, 0.000);Rejected_BelowThreshold
14:49:23;304;RGBA(0.969, 0.619, 0.143, 0.000);-500000,00;1;0,00;RGBA(0.862, 0.583, 0.749, 0.000);Rejected_BelowThreshold
14:49:23;305;RGBA(0.969, 0.619, 0.143, 0.000);-500000,00;1;0,00;RGBA(0.862, 0.583, 0.749, 0.000);Rejected_BelowThreshold
14:49:23;306;RGBA(0.969, 0.619, 0.143, 0.000);-500000,00;1;0,00;RGBA(0.862, 0.583, 0.749, 0.000);Rejected_BelowThreshold
14:49:23;307;RGBA(0.969, 0.619, 0.143, 0.000);-500000,00;1;0,00;RGBA(0.862, 0.583, 0.749, 0.000);Rejected_BelowThreshold
14:49:23;308;RGBA(0.969, 0.619, 0.143, 0.000);-500000,00;1;0,00;RGBA(0.862, 0.583, 0.749, 0.000);Rejected_BelowThreshold
14:49:23;309;RGBA(0.969, 0.619, 0.143, 0.000);-500000,00;1;0,00;RGBA(0.862, 0.583, 0.749, 0.000);Rejected_BelowThreshold
14:49:23;310;RGBA(0.969, 0.619, 0.143, 0.000);-500000,00;1;0,00;RGBA(0.862, 0.583, 0.749, 0.000);Rejected_BelowThreshold
14:49:23;311;RGBA(0.969, 0.619, 0.143, 0.000);-500000,00;1;0,00;RGBA(0.862, 0.583, 0.749, 0.000);Rejected_BelowThreshold
14:49:23;312;RGBA(0.969, 0.619, 0.143, 0.000);-500000,00;1;0,00;RGBA(0.862, 0.583, 0.749, 0.000);Rejected_BelowThreshold
14:49:23;313;RGBA(0.969, 0.619, 0.143, 0.000);-500000,00;1;0,00;RGBA(0.862, 0.583, 0.749, 0.000);Rejected_BelowThreshold
14:49:23;314;RGBA(0.969, 0.619, 0.143, 0.000);-500000,00;1;0,00;RGBA(0.862, 0.583, 0.749, 0.000);Rejected_BelowThreshold
14:49:23;315;RGBA(0.969, 0.619, 0.143, 0.000);-500000,00;1;0,00;RGBA(0.862, 0.583, 0.749, 0.000);Rejected_BelowThreshold
14:49:23;316;RGBA(0.969, 0.619, 0.143, 0.000);-500000,00;1;0,00;RGBA(0.862, 0.583, 0.749, 0.000);Rejected_BelowThreshold
14:49:23;317;RGBA(0.969, 0.619, 0.143, 0.000);-500000,00;1;0,00;RGBA(0.862, 0.583, 0.749, 0.000);Rejected_BelowThreshold
14:49:23;318;RGBA(0.969, 0.619, 0.143, 0.000);-500000,00;1;0,00;RGBA(0.862, 0.583, 0.749, 0.000);Rejected_BelowThreshold
14:49:23;319;RGBA(0.969, 0.619, 0.143, 0.000);-500000,00;1;0,00;RGBA(0.862, 0.583, 0.749, 0.000);Rejected_BelowThreshold
14:49:23;320;RGBA(0.969, 0.619, 0.143, 0.000);-500000,00;1;0,00;RGBA(0.862, 0.583, 0.749, 0.000);Rejected_BelowThreshold
14:49:23;321;RGBA(0.969, 0.619, 0.143, 0.000);-500000,00;1;0,00;RGBA(0.862, 0.583, 0.749, 0.000);Rejected_BelowThreshold
14:49:23;322;RGBA(0.969, 0.619, 0.143, 0.000);-500000,00;1;0,00;RGBA(0.862, 0.583, 0.749, 0.000);Rejected_BelowThreshold
14:49:23;323;RGBA(0.969, 0.619, 0.143, 0.000);-500000,00;1;0,00;RGBA(0.862, 0.583, 0.749, 0.000);Rejected_BelowThreshold
14:49:23;324;RGBA(0.969, 0.619, 0.143, 0.000);-500000,00;1;0,00;RGBA(0.862, 0.583, 0.749, 0.000);Rejected_BelowThreshold
14:49:23;325;RGBA(0.969, 0.619, 0.143, 0.000);-500000,00;1;0,00;RGBA(0.862, 0.583, 0.749, 0.000);Rejected_BelowThreshold
14:49:23;326;RGBA(0.969, 0.619, 0.143, 0.000);-500000,00;1;0,00;RGBA(0.862, 0.583, 0.749, 0.000);Rejected_BelowThreshold
14:49:23;327;RGBA(0.969, 0.619, 0.143, 0.000);-500000,00;1;0,00;RGBA(0.862, 0.583, 0.749, 0.000);Rejected_BelowThreshold
14:49:23;328;RGBA(0.969, 0.619, 0.143, 0.000);-500000,00;1;0,00;RGBA(0.862, 0.583, 0.749, 0.000);Rejected_BelowThreshold
14:49:23;329;RGBA(0.969, 0.619, 0.143, 0.000);-500000,00;1;0,00;RGBA(0.862, 0.583, 0.749, 0.000);Rejected_BelowThreshold
14:49:23;330;RGBA(0.969, 0.619, 0.143, 0.000);-500000,00;1;0,00;RGBA(0.862, 0.583, 0.749, 0.000);Rejected_BelowThreshold
14:49:23;331;RGBA(0.969, 0.619, 0.143, 0.000);-500000,00;1;0,00;RGBA(0.862, 0.583, 0.749, 0.000);Rejected_BelowThreshold
14:49:23;332;RGBA(0.969, 0.619, 0.143, 0.000);-500000,00;1;0,00;RGBA(0.862, 0.583, 0.749, 0.000);Rejected_BelowThreshold
14:49:23;333;RGBA(0.969, 0.619, 0.143, 0.000);-500000,00;1;0,00;RGBA(0.862, 0.583, 0.749, 0.000);Rejected_BelowThreshold
14:49:23;334;RGBA(0.969, 0.619, 0.143, 0.000);-500000,00;1;0,00;RGBA(0.862, 0.583, 0.749, 0.000);Rejected_BelowThreshold
14:49:23;335;RGBA(0.969, 0.619, 0.143, 0.000);-500000,00;1;0,00;RGBA(0.862, 0.583, 0.749, 0.000);Rejected_BelowThreshold
14:49:23;336;RGBA(0.969, 0.619, 0.143, 0.000);-500000,00;1;0,00;RGBA(0.862, 0.583, 0.749, 0.000);Rejected_BelowThreshold
14:49:23;337;RGBA(0.969, 0.619, 0.143, 0.000);-500000,00;1;0,00;RGBA(0.862, 0.583, 0.749, 0.000);Rejected_BelowThreshold
14:49:23;338;RGBA(0.969, 0.619, 0.143, 0.000);-500000,00;1;0,00;RGBA(0.862, 0.583, 0.749, 0.000);Rejected_BelowThreshold
14:49:23;339;RGBA(0.969, 0.619, 0.143, 0.000);-500000,00;1;0,00;RGBA(0.862, 0.583, 0.749, 0.000);Rejected_BelowThreshold
14:49:23;340;RGBA(0.969, 0.619, 0.143, 0.000);-500000,00;1;0,00;RGBA(0.862, 0.583, 0.749, 0.000);Rejected_BelowThreshold
14:49:23;341;RGBA(0.969, 0.619, 0.143, 0.000);-500000,00;1;0,00;RGBA(0.862, 0.583, 0.749, 0.000);Rejected_BelowThreshold
14:49:23;342;RGBA(0.969, 0.619, 0.143, 0.000);-500000,00;1;0,00;RGBA(0.862, 0.583, 0.749, 0.000);Rejected_BelowThreshold
14:49:23;343;RGBA(0.969, 0.619, 0.143, 0.000);-500000,00;1;0,00;RGBA(0.862, 0.583, 0.749, 0.000);Rejected_BelowThreshold
14:49:23;344;RGBA(0.969, 0.619, 0.143, 0.000);-500000,00;1;0,00;RGBA(0.862, 0.583, 0.749, 0.000);Rejected_BelowThreshold
14:49:23;345;RGBA(0.969, 0.619, 0.143, 0.000);-500000,00;1;0,00;RGBA(0.862, 0.583, 0.749, 0.000);Rejected_BelowThreshold
14:49:23;346;RGBA(0.969, 0.619, 0.143, 0.000);-500000,00;1;0,00;RGBA(0.862, 0.583, 0.749, 0.000);Rejected_BelowThreshold
14:49:23;347;RGBA(0.969, 0.619, 0.143, 0.000);-500000,00;1;0,00;RGBA(0.862, 0.583, 0.749, 0.000);Rejected_BelowThreshold
14:49:23;348;RGBA(0.969, 0.619, 0.143, 0.000);-500000,00;1;0,00;RGBA(0.862, 0.583, 0.749, 0.000);Rejected_BelowThreshold
14:49:23;349;RGBA(0.969, 0.619, 0.143, 0.000);-500000,00;1;0,00;RGBA(0.862, 0.583, 0.749, 0.000);Rejected_BelowThreshold
14:49:23;350;RGBA(0.969, 0.619, 0.143, 0.000);-500000,00;1;0,00;RGBA(0.862, 0.583, 0.749, 0.000);Rejected_BelowThreshold
14:49:23;351;RGBA(0.969, 0.619, 0.143, 0.000);-500000,00;1;0,00;RGBA(0.862, 0.583, 0.749, 0.000);Rejected_BelowThreshold
14:49:23;352;RGBA(0.969, 0.619, 0.143, 0.000);-500000,00;1;0,00;RGBA(0.862, 0.583, 0.749, 0.000);Rejected_BelowThreshold
14:49:23;353;RGBA(0.969, 0.619, 0.143, 0.000);-500000,00;1;0,00;RGBA(0.862, 0.583, 0.749, 0.000);Rejected_BelowThreshold
14:49:23;354;RGBA(0.969, 0.619, 0.143, 0.000);-500000,00;1;0,00;RGBA(0.862, 0.583, 0.749, 0.000);Rejected_BelowThreshold
14:49:23;355;RGBA(0.969, 0.619, 0.143, 0.000);-500000,00;1;0,00;RGBA(0.862, 0.583, 0.749, 0.000);Rejected_BelowThreshold
14:49:23;356;RGBA(0.969, 0.619, 0.143, 0.000);-500000,00;1;0,00;RGBA(0.862, 0.583, 0.749, 0.000);Rejected_BelowThreshold
14:49:23;357;RGBA(0.969, 0.619, 0.143, 0.000);-500000,00;1;0,00;RGBA(0.862, 0.583, 0.749, 0.000);Rejected_BelowThreshold
14:49:23;358;RGBA(0.969, 0.619, 0.143, 0.000);-500000,00;1;0,00;RGBA(0.862, 0.583, 0.749, 0.000);Rejected_BelowThreshold
14:49:23;359;RGBA(0.969, 0.619, 0.143, 0.000);-500000,00;1;0,00;RGBA(0.862, 0.583, 0.749, 0.000);Rejected_BelowThreshold
14:49:23;360;RGBA(0.969, 0.619, 0.143, 0.000);-500000,00;1;0,00;RGBA(0.862, 0.583, 0.749, 0.000);Rejected_BelowThreshold
14:49:23;361;RGBA(0.969, 0.619, 0.143, 0.000);-500000,00;1;0,00;RGBA(0.862, 0.583, 0.749, 0.000);Rejected_BelowThreshold
14:49:23;362;RGBA(0.969, 0.619, 0.143, 0.000);-500000,00;1;0,00;RGBA(0.862, 0.583, 0.749, 0.000);Rejected_BelowThreshold
14:49:23;363;RGBA(0.969, 0.619, 0.143, 0.000);-500000,00;1;0,00;RGBA(0.862, 0.583, 0.749, 0.000);Rejected_BelowThreshold
14:49:23;364;RGBA(0.969, 0.619, 0.143, 0.000);-500000,00;1;0,00;RGBA(0.862, 0.583, 0.749, 0.000);Rejected_BelowThreshold
14:49:23;365;RGBA(0.969, 0.619, 0.143, 0.000);-500000,00;1;0,00;RGBA(0.862, 0.583, 0.749, 0.000);Rejected_BelowThreshold
14:49:23;366;RGBA(0.969, 0.619, 0.143, 0.000);-500000,00;1;0,00;RGBA(0.862, 0.583, 0.749, 0.000);Rejected_BelowThreshold
14:49:23;367;RGBA(0.969, 0.619, 0.143, 0.000);-500000,00;1;0,00;RGBA(0.862, 0.583, 0.749, 0.000);Rejected_BelowThreshold
14:49:23;368;RGBA(0.969, 0.619, 0.143, 0.000);-500000,00;1;0,00;RGBA(0.862, 0.583, 0.749, 0.000);Rejected_BelowThreshold
14:49:23;369;RGBA(0.969, 0.619, 0.143, 0.000);-500000,00;1;0,00;RGBA(0.862, 0.583, 0.749, 0.000);Rejected_BelowThreshold
14:49:23;370;RGBA(0.969, 0.619, 0.143, 0.000);-500000,00;1;0,00;RGBA(0.862, 0.583, 0.749, 0.000);Rejected_BelowThreshold
14:49:23;371;RGBA(0.969, 0.619, 0.143, 0.000);-500000,00;1;0,00;RGBA(0.862, 0.583, 0.749, 0.000);Rejected_BelowThreshold
14:49:23;372;RGBA(0.969, 0.619, 0.143, 0.000);-500000,00;1;0,00;RGBA(0.862, 0.583, 0.749, 0.000);Rejected_BelowThreshold
14:49:23;373;RGBA(0.969, 0.619, 0.143, 0.000);-500000,00;1;0,00;RGBA(0.862, 0.583, 0.749, 0.000);Rejected_BelowThreshold
14:49:23;374;RGBA(0.969, 0.619, 0.143, 0.000);-500000,00;1;0,00;RGBA(0.862, 0.583, 0.749, 0.000);Rejected_BelowThreshold
14:49:23;375;RGBA(0.969, 0.619, 0.143, 0.000);-500000,00;1;0,00;RGBA(0.862, 0.583, 0.749, 0.000);Rejected_BelowThreshold
14:49:23;376;RGBA(0.969, 0.619, 0.143, 0.000);-500000,00;1;0,00;RGBA(0.862, 0.583, 0.749, 0.000);Rejected_BelowThreshold
14:49:23;377;RGBA(0.969, 0.619, 0.143, 0.000);-500000,00;1;0,00;RGBA(0.862, 0.583, 0.749, 0.000);Rejected_BelowThreshold
14:49:23;378;RGBA(0.969, 0.619, 0.143, 0.000);-500000,00;1;0,00;RGBA(0.862, 0.583, 0.749, 0.000);Rejected_BelowThreshold
14:49:23;379;RGBA(0.969, 0.619, 0.143, 0.000);-500000,00;1;0,00;RGBA(0.862, 0.583, 0.749, 0.000);Rejected_BelowThreshold
14:49:23;380;RGBA(0.969, 0.619, 0.143, 0.000);-500000,00;1;0,00;RGBA(0.862, 0.583, 0.749, 0.000);Rejected_BelowThreshold
14:49:23;381;RGBA(0.969, 0.619, 0.143, 0.000);-500000,00;1;0,00;RGBA(0.862, 0.583, 0.749, 0.000);Rejected_BelowThreshold
14:49:23;382;RGBA(0.969, 0.619, 0.143, 0.000);-500000,00;1;0,00;RGBA(0.862, 0.583, 0.749, 0.000);Rejected_BelowThreshold
14:49:23;383;RGBA(0.969, 0.619, 0.143, 0.000);-500000,00;1;0,00;RGBA(0.862, 0.583, 0.749, 0.000);Rejected_BelowThreshold
14:49:23;384;RGBA(0.969, 0.619, 0.143, 0.000);-500000,00;1;0,00;RGBA(0.862, 0.583, 0.749, 0.000);Rejected_BelowThreshold
14:49:23;385;RGBA(0.969, 0.619, 0.143, 0.000);-500000,00;1;0,00;RGBA(0.862, 0.583, 0.749, 0.000);Rejected_BelowThreshold
14:49:23;386;RGBA(0.969, 0.619, 0.143, 0.000);-500000,00;1;0,00;RGBA(0.862, 0.583, 0.749, 0.000);Rejected_BelowThreshold
14:49:23;387;RGBA(0.969, 0.619, 0.143, 0.000);-500000,00;1;0,00;RGBA(0.862, 0.583, 0.749, 0.000);Rejected_BelowThreshold
14:49:23;388;RGBA(0.969, 0.619, 0.143, 0.000);-500000,00;1;0,00;RGBA(0.862, 0.583, 0.749, 0.000);Rejected_BelowThreshold
14:49:23;389;RGBA(0.969, 0.619, 0.143, 0.000);-500000,00;1;0,00;RGBA(0.862, 0.583, 0.749, 0.000);Rejected_BelowThreshold
14:49:23;390;RGBA(0.969, 0.619, 0.143, 0.000);-500000,00;1;0,00;RGBA(0.862, 0.583, 0.749, 0.000);Rejected_BelowThreshold
14:49:23;391;RGBA(0.969, 0.619, 0.143, 0.000);-500000,00;1;0,00;RGBA(0.862, 0.583, 0.749, 0.000);Rejected_BelowThreshold
14:49:23;392;RGBA(0.969, 0.619, 0.143, 0.000);-500000,00;1;0,00;RGBA(0.862, 0.583, 0.749, 0.000);Rejected_BelowThreshold
14:49:23;393;RGBA(0.969, 0.619, 0.143, 0.000);-500000,00;1;0,00;RGBA(0.862, 0.583, 0.749, 0.000);Rejected_BelowThreshold
14:49:23;394;RGBA(0.969, 0.619, 0.143, 0.000);-500000,00;1;0,00;RGBA(0.862, 0.583, 0.749, 0.000);Rejected_BelowThreshold
14:49:23;395;RGBA(0.969, 0.619, 0.143, 0.000);-500000,00;1;0,00;RGBA(0.862, 0.583, 0.749, 0.000);Rejected_BelowThreshold
14:49:23;396;RGBA(0.969, 0.619, 0.143, 0.000);-500000,00;1;0,00;RGBA(0.862, 0.583, 0.749, 0.000);Rejected_BelowThreshold
14:49:23;397;RGBA(0.969, 0.619, 0.143, 0.000);-500000,00;1;0,00;RGBA(0.862, 0.583, 0.749, 0.000);Rejected_BelowThreshold
14:49:23;398;RGBA(0.969, 0.619, 0.143, 0.000);-500000,00;1;0,00;RGBA(0.862, 0.583, 0.749, 0.000);Rejected_BelowThreshold
14:49:23;399;RGBA(0.969, 0.619, 0.143, 0.000);-500000,00;1;0,00;RGBA(0.862, 0.583, 0.749, 0.000);Rejected_BelowThreshold
14:49:23;400;RGBA(0.969, 0.619, 0.143, 0.000);-500000,00;1;0,00;RGBA(0.862, 0.583, 0.749, 0.000);Rejected_BelowThreshold
14:49:23;401;RGBA(0.969, 0.619, 0.143, 0.000);-500000,00;1;0,00;RGBA(0.862, 0.583, 0.749, 0.000);Rejected_BelowThreshold
14:49:23;402;RGBA(0.969, 0.619, 0.143, 0.000);-500000,00;1;0,00;RGBA(0.862, 0.583, 0.749, 0.000);Rejected_BelowThreshold
14:49:23;403;RGBA(0.969, 0.619, 0.143, 0.000);-500000,00;1;0,00;RGBA(0.862, 0.583, 0.749, 0.000);Rejected_BelowThreshold
14:49:23;404;RGBA(0.969, 0.619, 0.143, 0.000);-500000,00;1;0,00;RGBA(0.862, 0.583, 0.749, 0.000);Rejected_BelowThreshold
14:49:23;405;RGBA(0.969, 0.619, 0.143, 0.000);-500000,00;1;0,00;RGBA(0.862, 0.583, 0.749, 0.000);Rejected_BelowThreshold
14:49:23;406;RGBA(0.969, 0.619, 0.143, 0.000);-500000,00;1;0,00;RGBA(0.862, 0.583, 0.749, 0.000);Rejected_BelowThreshold
14:49:23;407;RGBA(0.969, 0.619, 0.143, 0.000);-500000,00;1;0,00;RGBA(0.862, 0.583, 0.749, 0.000);Rejected_BelowThreshold
14:49:23;408;RGBA(0.969, 0.619, 0.143, 0.000);-500000,00;1;0,00;RGBA(0.862, 0.583, 0.749, 0.000);Rejected_BelowThreshold
14:49:23;409;RGBA(0.969, 0.619, 0.143, 0.000);-500000,00;1;0,00;RGBA(0.862, 0.583, 0.749, 0.000);Rejected_BelowThreshold
14:49:23;410;RGBA(0.969, 0.619, 0.143, 0.000);-500000,00;1;0,00;RGBA(0.862, 0.583, 0.749, 0.000);Rejected_BelowThreshold
14:49:23;411;RGBA(0.969, 0.619, 0.143, 0.000);-500000,00;1;0,00;RGBA(0.862, 0.583, 0.749, 0.000);Rejected_BelowThreshold
14:49:23;412;RGBA(0.969, 0.619, 0.143, 0.000);-500000,00;1;0,00;RGBA(0.862, 0.583, 0.749, 0.000);Rejected_BelowThreshold
14:49:23;413;RGBA(0.969, 0.619, 0.143, 0.000);-500000,00;1;0,00;RGBA(0.862, 0.583, 0.749, 0.000);Rejected_BelowThreshold
14:49:23;414;RGBA(0.969, 0.619, 0.143, 0.000);-500000,00;1;0,00;RGBA(0.862, 0.583, 0.749, 0.000);Rejected_BelowThreshold
14:49:23;415;RGBA(0.969, 0.619, 0.143, 0.000);-500000,00;1;0,00;RGBA(0.862, 0.583, 0.749, 0.000);Rejected_BelowThreshold
14:49:23;416;RGBA(0.969, 0.619, 0.143, 0.000);-500000,00;1;0,00;RGBA(0.862, 0.583, 0.749, 0.000);Rejected_BelowThreshold
14:49:23;417;RGBA(0.969, 0.619, 0.143, 0.000);-500000,00;1;0,00;RGBA(0.862, 0.583, 0.749, 0.000);Rejected_BelowThreshold
14:49:23;418;RGBA(0.969, 0.619, 0.143, 0.000);-500000,00;1;0,00;RGBA(0.862, 0.583, 0.749, 0.000);Rejected_BelowThreshold
14:49:23;419;RGBA(0.969, 0.619, 0.143, 0.000);-500000,00;1;0,00;RGBA(0.862, 0.583, 0.749, 0.000);Rejected_BelowThreshold
14:49:23;420;RGBA(0.969, 0.619, 0.143, 0.000);-500000,00;1;0,00;RGBA(0.862, 0.583, 0.749, 0.000);Rejected_BelowThreshold
14:49:23;421;RGBA(0.969, 0.619, 0.143, 0.000);-500000,00;1;0,00;RGBA(0.862, 0.583, 0.749, 0.000);Rejected_BelowThreshold
14:49:23;422;RGBA(0.969, 0.619, 0.143, 0.000);-500000,00;1;0,00;RGBA(0.862, 0.583, 0.749, 0.000);Rejected_BelowThreshold
14:49:23;423;RGBA(0.969, 0.619, 0.143, 0.000);-500000,00;1;0,00;RGBA(0.862, 0.583, 0.749, 0.000);Rejected_BelowThreshold
14:49:23;424;RGBA(0.969, 0.619, 0.143, 0.000);-500000,00;1;0,00;RGBA(0.862, 0.583, 0.749, 0.000);Rejected_BelowThreshold
14:49:23;425;RGBA(0.969, 0.619, 0.143, 0.000);-500000,00;1;0,00;RGBA(0.862, 0.583, 0.749, 0.000);Rejected_BelowThreshold
14:49:23;426;RGBA(0.969, 0.619, 0.143, 0.000);-500000,00;1;0,00;RGBA(0.862, 0.583, 0.749, 0.000);Rejected_BelowThreshold
14:49:23;427;RGBA(0.969, 0.619, 0.143, 0.000);-500000,00;1;0,00;RGBA(0.862, 0.583, 0.749, 0.000);Rejected_BelowThreshold
14:49:23;428;RGBA(0.969, 0.619, 0.143, 0.000);-500000,00;1;0,00;RGBA(0.862, 0.583, 0.749, 0.000);Rejected_BelowThreshold
14:49:23;429;RGBA(0.969, 0.619, 0.143, 0.000);-500000,00;1;0,00;RGBA(0.862, 0.583, 0.749, 0.000);Rejected_BelowThreshold
14:49:23;430;RGBA(0.969, 0.619, 0.143, 0.000);-500000,00;1;0,00;RGBA(0.862, 0.583, 0.749, 0.000);Rejected_BelowThreshold
14:49:23;431;RGBA(0.969, 0.619, 0.143, 0.000);-500000,00;1;0,00;RGBA(0.862, 0.583, 0.749, 0.000);Rejected_BelowThreshold
14:49:23;432;RGBA(0.969, 0.619, 0.143, 0.000);-500000,00;1;0,00;RGBA(0.862, 0.583, 0.749, 0.000);Rejected_BelowThreshold
14:49:23;433;RGBA(0.969, 0.619, 0.143, 0.000);-500000,00;1;0,00;RGBA(0.862, 0.583, 0.749, 0.000);Rejected_BelowThreshold
14:49:23;434;RGBA(0.969, 0.619, 0.143, 0.000);-500000,00;1;0,00;RGBA(0.862, 0.583, 0.749, 0.000);Rejected_BelowThreshold
14:49:23;435;RGBA(0.969, 0.619, 0.143, 0.000);-500000,00;1;0,00;RGBA(0.862, 0.583, 0.749, 0.000);Rejected_BelowThreshold
14:49:23;436;RGBA(0.969, 0.619, 0.143, 0.000);-500000,00;1;0,00;RGBA(0.862, 0.583, 0.749, 0.000);Rejected_BelowThreshold
14:49:23;437;RGBA(0.969, 0.619, 0.143, 0.000);-500000,00;1;0,00;RGBA(0.862, 0.583, 0.749, 0.000);Rejected_BelowThreshold
14:49:23;438;RGBA(0.969, 0.619, 0.143, 0.000);-500000,00;1;0,00;RGBA(0.862, 0.583, 0.749, 0.000);Rejected_BelowThreshold
14:49:23;439;RGBA(0.969, 0.619, 0.143, 0.000);-500000,00;1;0,00;RGBA(0.862, 0.583, 0.749, 0.000);Rejected_BelowThreshold
14:49:23;440;RGBA(0.969, 0.619, 0.143, 0.000);-500000,00;1;0,00;RGBA(0.862, 0.583, 0.749, 0.000);Rejected_BelowThreshold
14:49:23;441;RGBA(0.969, 0.619, 0.143, 0.000);-500000,00;1;0,00;RGBA(0.862, 0.583, 0.749, 0.000);Rejected_BelowThreshold
14:49:23;442;RGBA(0.969, 0.619, 0.143, 0.000);-500000,00;1;0,00;RGBA(0.862, 0.583, 0.749, 0.000);Rejected_BelowThreshold
14:49:23;443;RGBA(0.969, 0.619, 0.143, 0.000);-500000,00;1;0,00;RGBA(0.862, 0.583, 0.749, 0.000);Rejected_BelowThreshold
14:49:23;444;RGBA(0.969, 0.619, 0.143, 0.000);-500000,00;1;0,00;RGBA(0.862, 0.583, 0.749, 0.000);Rejected_BelowThreshold
14:49:23;445;RGBA(0.969, 0.619, 0.143, 0.000);-500000,00;1;0,00;RGBA(0.862, 0.583, 0.749, 0.000);Rejected_BelowThreshold
14:49:23;446;RGBA(0.969, 0.619, 0.143, 0.000);-500000,00;1;0,00;RGBA(0.862, 0.583, 0.749, 0.000);Rejected_BelowThreshold
14:49:23;447;RGBA(0.969, 0.619, 0.143, 0.000);-500000,00;1;0,00;RGBA(0.862, 0.583, 0.749, 0.000);Rejected_BelowThreshold
14:49:23;448;RGBA(0.969, 0.619, 0.143, 0.000);-500000,00;1;0,00;RGBA(0.862, 0.583, 0.749, 0.000);Rejected_BelowThreshold
14:49:23;449;RGBA(0.969, 0.619, 0.143, 0.000);-500000,00;1;0,00;RGBA(0.862, 0.583, 0.749, 0.000);Rejected_BelowThreshold
14:49:23;450;RGBA(0.969, 0.619, 0.143, 0.000);-500000,00;1;0,00;RGBA(0.862, 0.583, 0.749, 0.000);Rejected_BelowThreshold
14:49:23;451;RGBA(0.969, 0.619, 0.143, 0.000);-500000,00;1;0,00;RGBA(0.862, 0.583, 0.749, 0.000);Rejected_BelowThreshold
14:49:23;452;RGBA(0.969, 0.619, 0.143, 0.000);-500000,00;1;0,00;RGBA(0.862, 0.583, 0.749, 0.000);Rejected_BelowThreshold
14:49:23;453;RGBA(0.969, 0.619, 0.143, 0.000);-500000,00;1;0,00;RGBA(0.862, 0.583, 0.749, 0.000);Rejected_BelowThreshold
14:49:23;454;RGBA(0.969, 0.619, 0.143, 0.000);-500000,00;1;0,00;RGBA(0.862, 0.583, 0.749, 0.000);Rejected_BelowThreshold
14:49:23;455;RGBA(0.969, 0.619, 0.143, 0.000);-500000,00;1;0,00;RGBA(0.862, 0.583, 0.749, 0.000);Rejected_BelowThreshold
14:49:23;456;RGBA(0.969, 0.619, 0.143, 0.000);-500000,00;1;0,00;RGBA(0.862, 0.583, 0.749, 0.000);Rejected_BelowThreshold
14:49:23;457;RGBA(0.969, 0.619, 0.143, 0.000);-500000,00;1;0,00;RGBA(0.862, 0.583, 0.749, 0.000);Rejected_BelowThreshold
14:49:23;458;RGBA(0.969, 0.619, 0.143, 0.000);-500000,00;1;0,00;RGBA(0.862, 0.583, 0.749, 0.000);Rejected_BelowThreshold
14:49:23;459;RGBA(0.969, 0.619, 0.143, 0.000);-500000,00;1;0,00;RGBA(0.862, 0.583, 0.749, 0.000);Rejected_BelowThreshold
14:49:23;460;RGBA(0.969, 0.619, 0.143, 0.000);-500000,00;1;0,00;RGBA(0.862, 0.583, 0.749, 0.000);Rejected_BelowThreshold
14:49:23;461;RGBA(0.969, 0.619, 0.143, 0.000);-500000,00;1;0,00;RGBA(0.862, 0.583, 0.749, 0.000);Rejected_BelowThreshold
14:49:23;462;RGBA(0.969, 0.619, 0.143, 0.000);-500000,00;1;0,00;RGBA(0.862, 0.583, 0.749, 0.000);Rejected_BelowThreshold
14:49:23;463;RGBA(0.969, 0.619, 0.143, 0.000);-500000,00;1;0,00;RGBA(0.862, 0.583, 0.749, 0.000);Rejected_BelowThreshold
14:49:23;464;RGBA(0.969, 0.619, 0.143, 0.000);-500000,00;1;0,00;RGBA(0.862, 0.583, 0.749, 0.000);Rejected_BelowThreshold
14:49:23;465;RGBA(0.969, 0.619, 0.143, 0.000);-500000,00;1;0,00;RGBA(0.862, 0.583, 0.749, 0.000);Rejected_BelowThreshold
14:49:23;466;RGBA(0.969, 0.619, 0.143, 0.000);-500000,00;1;0,00;RGBA(0.862, 0.583, 0.749, 0.000);Rejected_BelowThreshold
14:49:23;467;RGBA(0.969, 0.619, 0.143, 0.000);-500000,00;1;0,00;RGBA(0.862, 0.583, 0.749, 0.000);Rejected_BelowThreshold
14:49:23;468;RGBA(0.969, 0.619, 0.143, 0.000);-500000,00;1;0,00;RGBA(0.862, 0.583, 0.749, 0.000);Rejected_BelowThreshold
14:49:23;469;RGBA(0.969, 0.619, 0.143, 0.000);-500000,00;1;0,00;RGBA(0.862, 0.583, 0.749, 0.000);Rejected_BelowThreshold
14:49:23;470;RGBA(0.969, 0.619, 0.143, 0.000);-500000,00;1;0,00;RGBA(0.862, 0.583, 0.749, 0.000);Rejected_BelowThreshold
14:49:23;471;RGBA(0.969, 0.619, 0.143, 0.000);-500000,00;1;0,00;RGBA(0.862, 0.583, 0.749, 0.000);Rejected_BelowThreshold
14:49:23;472;RGBA(0.969, 0.619, 0.143, 0.000);-500000,00;1;0,00;RGBA(0.862, 0.583, 0.749, 0.000);Rejected_BelowThreshold
14:49:23;473;RGBA(0.969, 0.619, 0.143, 0.000);-500000,00;1;0,00;RGBA(0.862, 0.583, 0.749, 0.000);Rejected_BelowThreshold
14:49:23;474;RGBA(0.969, 0.619, 0.143, 0.000);-500000,00;1;0,00;RGBA(0.862, 0.583, 0.749, 0.000);Rejected_BelowThreshold
14:49:23;475;RGBA(0.969, 0.619, 0.143, 0.000);-500000,00;1;0,00;RGBA(0.862, 0.583, 0.749, 0.000);Rejected_BelowThreshold
14:49:23;476;RGBA(0.969, 0.619, 0.143, 0.000);-500000,00;1;0,00;RGBA(0.862, 0.583, 0.749, 0.000);Rejected_BelowThreshold
14:49:23;477;RGBA(0.969, 0.619, 0.143, 0.000);-500000,00;1;0,00;RGBA(0.862, 0.583, 0.749, 0.000);Rejected_BelowThreshold
14:49:23;478;RGBA(0.969, 0.619, 0.143, 0.000);-500000,00;1;0,00;RGBA(0.862, 0.583, 0.749, 0.000);Rejected_BelowThreshold
14:49:23;479;RGBA(0.969, 0.619, 0.143, 0.000);-500000,00;1;0,00;RGBA(0.862, 0.583, 0.749, 0.000);Rejected_BelowThreshold
14:49:23;480;RGBA(0.969, 0.619, 0.143, 0.000);-500000,00;1;0,00;RGBA(0.862, 0.583, 0.749, 0.000);Rejected_BelowThreshold
14:49:23;481;RGBA(0.969, 0.619, 0.143, 0.000);-500000,00;1;0,00;RGBA(0.862, 0.583, 0.749, 0.000);Rejected_BelowThreshold
14:49:23;482;RGBA(0.969, 0.619, 0.143, 0.000);-500000,00;1;0,00;RGBA(0.862, 0.583, 0.749, 0.000);Rejected_BelowThreshold
14:49:23;483;RGBA(0.969, 0.619, 0.143, 0.000);-500000,00;1;0,00;RGBA(0.862, 0.583, 0.749, 0.000);Rejected_BelowThreshold
14:49:23;484;RGBA(0.969, 0.619, 0.143, 0.000);-500000,00;1;0,00;RGBA(0.862, 0.583, 0.749, 0.000);Rejected_BelowThreshold
14:49:23;485;RGBA(0.969, 0.619, 0.143, 0.000);-500000,00;1;0,00;RGBA(0.862, 0.583, 0.749, 0.000);Rejected_BelowThreshold
14:49:23;486;RGBA(0.969, 0.619, 0.143, 0.000);-500000,00;1;0,00;RGBA(0.862, 0.583, 0.749, 0.000);Rejected_BelowThreshold
14:49:23;487;RGBA(0.969, 0.619, 0.143, 0.000);-500000,00;1;0,00;RGBA(0.862, 0.583, 0.749, 0.000);Rejected_BelowThreshold
14:49:23;488;RGBA(0.969, 0.619, 0.143, 0.000);-500000,00;1;0,00;RGBA(0.862, 0.583, 0.749, 0.000);Rejected_BelowThreshold
14:49:23;489;RGBA(0.969, 0.619, 0.143, 0.000);-500000,00;1;0,00;RGBA(0.862, 0.583, 0.749, 0.000);Rejected_BelowThreshold
14:49:23;490;RGBA(0.969, 0.619, 0.143, 0.000);-500000,00;1;0,00;RGBA(0.862, 0.583, 0.749, 0.000);Rejected_BelowThreshold
14:49:23;491;RGBA(0.969, 0.619, 0.143, 0.000);-500000,00;1;0,00;RGBA(0.862, 0.583, 0.749, 0.000);Rejected_BelowThreshold
14:49:23;492;RGBA(0.969, 0.619, 0.143, 0.000);-500000,00;1;0,00;RGBA(0.862, 0.583, 0.749, 0.000);Rejected_BelowThreshold
14:49:23;493;RGBA(0.969, 0.619, 0.143, 0.000);-500000,00;1;0,00;RGBA(0.862, 0.583, 0.749, 0.000);Rejected_BelowThreshold
14:49:23;494;RGBA(0.969, 0.619, 0.143, 0.000);-500000,00;1;0,00;RGBA(0.862, 0.583, 0.749, 0.000);Rejected_BelowThreshold
14:49:23;495;RGBA(0.969, 0.619, 0.143, 0.000);-500000,00;1;0,00;RGBA(0.862, 0.583, 0.749, 0.000);Rejected_BelowThreshold
14:49:23;496;RGBA(0.969, 0.619, 0.143, 0.000);-500000,00;1;0,00;RGBA(0.862, 0.583, 0.749, 0.000);Rejected_BelowThreshold
14:49:23;497;RGBA(0.969, 0.619, 0.143, 0.000);-500000,00;1;0,00;RGBA(0.862, 0.583, 0.749, 0.000);Rejected_BelowThreshold
14:49:23;498;RGBA(0.969, 0.619, 0.143, 0.000);-500000,00;1;0,00;RGBA(0.862, 0.583, 0.749, 0.000);Rejected_BelowThreshold
14:49:23;499;RGBA(0.969, 0.619, 0.143, 0.000);-500000,00;1;0,00;RGBA(0.862, 0.583, 0.749, 0.000);Rejected_BelowThreshold
14:49:23;500;RGBA(0.969, 0.619, 0.143, 0.000);-500000,00;1;0,00;RGBA(0.862, 0.583, 0.749, 0.000);Rejected_BelowThreshold
14:49:23;501;RGBA(0.969, 0.619, 0.143, 0.000);-500000,00;1;0,00;RGBA(0.862, 0.583, 0.749, 0.000);Rejected_BelowThreshold
14:49:23;502;RGBA(0.969, 0.619, 0.143, 0.000);-500000,00;1;0,00;RGBA(0.862, 0.583, 0.749, 0.000);Rejected_BelowThreshold
14:49:23;503;RGBA(0.969, 0.619, 0.143, 0.000);-500000,00;1;0,00;RGBA(0.862, 0.583, 0.749, 0.000);Rejected_BelowThreshold
14:49:23;504;RGBA(0.969, 0.619, 0.143, 0.000);-500000,00;1;0,00;RGBA(0.862, 0.583, 0.749, 0.000);Rejected_BelowThreshold
14:49:23;505;RGBA(0.969, 0.619, 0.143, 0.000);-500000,00;1;0,00;RGBA(0.862, 0.583, 0.749, 0.000);Rejected_BelowThreshold
14:49:23;506;RGBA(0.969, 0.619, 0.143, 0.000);-500000,00;1;0,00;RGBA(0.862, 0.583, 0.749, 0.000);Rejected_BelowThreshold
14:49:23;507;RGBA(0.969, 0.619, 0.143, 0.000);-500000,00;1;0,00;RGBA(0.862, 0.583, 0.749, 0.000);Rejected_BelowThreshold
14:49:23;508;RGBA(0.969, 0.619, 0.143, 0.000);-500000,00;1;0,00;RGBA(0.862, 0.583, 0.749, 0.000);Rejected_BelowThreshold
14:49:23;509;RGBA(0.969, 0.619, 0.143, 0.000);-500000,00;1;0,00;RGBA(0.862, 0.583, 0.749, 0.000);Rejected_BelowThreshold
14:49:23;510;RGBA(0.969, 0.619, 0.143, 0.000);-500000,00;1;0,00;RGBA(0.862, 0.583, 0.749, 0.000);Rejected_BelowThreshold
14:49:23;511;RGBA(0.969, 0.619, 0.143, 0.000);-500000,00;1;0,00;RGBA(0.862, 0.583, 0.749, 0.000);Rejected_BelowThreshold
14:49:23;512;RGBA(0.969, 0.619, 0.143, 0.000);-500000,00;1;0,00;RGBA(0.862, 0.583, 0.749, 0.000);Rejected_BelowThreshold
14:49:23;513;RGBA(0.969, 0.619, 0.143, 0.000);-500000,00;1;0,00;RGBA(0.862, 0.583, 0.749, 0.000);Rejected_BelowThreshold
14:49:23;514;RGBA(0.969, 0.619, 0.143, 0.000);-500000,00;1;0,00;RGBA(0.862, 0.583, 0.749, 0.000);Rejected_BelowThreshold
14:49:23;515;RGBA(0.969, 0.619, 0.143, 0.000);-500000,00;1;0,00;RGBA(0.862, 0.583, 0.749, 0.000);Rejected_BelowThreshold
14:49:23;516;RGBA(0.969, 0.619, 0.143, 0.000);-500000,00;1;0,00;RGBA(0.862, 0.583, 0.749, 0.000);Rejected_BelowThreshold
14:49:23;517;RGBA(0.969, 0.619, 0.143, 0.000);-500000,00;1;0,00;RGBA(0.862, 0.583, 0.749, 0.000);Rejected_BelowThreshold
14:49:23;518;RGBA(0.969, 0.619, 0.143, 0.000);-500000,00;1;0,00;RGBA(0.862, 0.583, 0.749, 0.000);Rejected_BelowThreshold
14:49:23;519;RGBA(0.969, 0.619, 0.143, 0.000);-500000,00;1;0,00;RGBA(0.862, 0.583, 0.749, 0.000);Rejected_BelowThreshold
14:49:23;520;RGBA(0.969, 0.619, 0.143, 0.000);-500000,00;1;0,00;RGBA(0.862, 0.583, 0.749, 0.000);Rejected_BelowThreshold
14:49:23;521;RGBA(0.969, 0.619, 0.143, 0.000);-500000,00;1;0,00;RGBA(0.862, 0.583, 0.749, 0.000);Rejected_BelowThreshold
14:49:23;522;RGBA(0.969, 0.619, 0.143, 0.000);-500000,00;1;0,00;RGBA(0.862, 0.583, 0.749, 0.000);Rejected_BelowThreshold
14:49:23;523;RGBA(0.969, 0.619, 0.143, 0.000);-500000,00;1;0,00;RGBA(0.862, 0.583, 0.749, 0.000);Rejected_BelowThreshold
14:49:23;524;RGBA(0.969, 0.619, 0.143, 0.000);-500000,00;1;0,00;RGBA(0.862, 0.583, 0.749, 0.000);Rejected_BelowThreshold
14:49:23;525;RGBA(0.969, 0.619, 0.143, 0.000);-500000,00;1;0,00;RGBA(0.862, 0.583, 0.749, 0.000);Rejected_BelowThreshold
14:49:23;526;RGBA(0.969, 0.619, 0.143, 0.000);-500000,00;1;0,00;RGBA(0.862, 0.583, 0.749, 0.000);Rejected_BelowThreshold
14:49:23;527;RGBA(0.969, 0.619, 0.143, 0.000);-500000,00;1;0,00;RGBA(0.862, 0.583, 0.749, 0.000);Rejected_BelowThreshold
14:49:23;528;RGBA(0.969, 0.619, 0.143, 0.000);-500000,00;1;0,00;RGBA(0.862, 0.583, 0.749, 0.000);Rejected_BelowThreshold
14:49:23;529;RGBA(0.969, 0.619, 0.143, 0.000);-500000,00;1;0,00;RGBA(0.862, 0.583, 0.749, 0.000);Rejected_BelowThreshold
14:49:23;530;RGBA(0.969, 0.619, 0.143, 0.000);-500000,00;1;0,00;RGBA(0.862, 0.583, 0.749, 0.000);Rejected_BelowThreshold
14:49:23;531;RGBA(0.969, 0.619, 0.143, 0.000);-500000,00;1;0,00;RGBA(0.862, 0.583, 0.749, 0.000);Rejected_BelowThreshold
14:49:23;532;RGBA(0.969, 0.619, 0.143, 0.000);-500000,00;1;0,00;RGBA(0.862, 0.583, 0.749, 0.000);Rejected_BelowThreshold
14:49:23;533;RGBA(0.969, 0.619, 0.143, 0.000);-500000,00;1;0,00;RGBA(0.862, 0.583, 0.749, 0.000);Rejected_BelowThreshold
14:49:23;534;RGBA(0.969, 0.619, 0.143, 0.000);-500000,00;1;0,00;RGBA(0.862, 0.583, 0.749, 0.000);Rejected_BelowThreshold
14:49:23;535;RGBA(0.969, 0.619, 0.143, 0.000);-500000,00;1;0,00;RGBA(0.862, 0.583, 0.749, 0.000);Rejected_BelowThreshold
14:49:23;536;RGBA(0.969, 0.619, 0.143, 0.000);-500000,00;1;0,00;RGBA(0.862, 0.583, 0.749, 0.000);Rejected_BelowThreshold
14:49:23;537;RGBA(0.969, 0.619, 0.143, 0.000);-500000,00;1;0,00;RGBA(0.862, 0.583, 0.749, 0.000);Rejected_BelowThreshold
14:49:23;538;RGBA(0.969, 0.619, 0.143, 0.000);-500000,00;1;0,00;RGBA(0.862, 0.583, 0.749, 0.000);Rejected_BelowThreshold
14:49:23;539;RGBA(0.969, 0.619, 0.143, 0.000);-500000,00;1;0,00;RGBA(0.862, 0.583, 0.749, 0.000);Rejected_BelowThreshold
14:49:23;540;RGBA(0.969, 0.619, 0.143, 0.000);-500000,00;1;0,00;RGBA(0.862, 0.583, 0.749, 0.000);Rejected_BelowThreshold
14:49:23;541;RGBA(0.969, 0.619, 0.143, 0.000);-500000,00;1;0,00;RGBA(0.862, 0.583, 0.749, 0.000);Rejected_BelowThreshold
14:49:23;542;RGBA(0.969, 0.619, 0.143, 0.000);-500000,00;1;0,00;RGBA(0.862, 0.583, 0.749, 0.000);Rejected_BelowThreshold
14:49:23;543;RGBA(0.969, 0.619, 0.143, 0.000);-500000,00;1;0,00;RGBA(0.862, 0.583, 0.749, 0.000);Rejected_BelowThreshold
14:49:23;544;RGBA(0.969, 0.619, 0.143, 0.000);-500000,00;1;0,00;RGBA(0.862, 0.583, 0.749, 0.000);Rejected_BelowThreshold
14:49:23;545;RGBA(0.969, 0.619, 0.143, 0.000);-500000,00;1;0,00;RGBA(0.862, 0.583, 0.749, 0.000);Rejected_BelowThreshold
14:49:23;546;RGBA(0.969, 0.619, 0.143, 0.000);-500000,00;1;0,00;RGBA(0.862, 0.583, 0.749, 0.000);Rejected_BelowThreshold
14:49:23;547;RGBA(0.969, 0.619, 0.143, 0.000);-500000,00;1;0,00;RGBA(0.862, 0.583, 0.749, 0.000);Rejected_BelowThreshold
14:49:23;548;RGBA(0.969, 0.619, 0.143, 0.000);-500000,00;1;0,00;RGBA(0.862, 0.583, 0.749, 0.000);Rejected_BelowThreshold
14:49:23;549;RGBA(0.969, 0.619, 0.143, 0.000);-500000,00;1;0,00;RGBA(0.862, 0.583, 0.749, 0.000);Rejected_BelowThreshold
14:49:23;550;RGBA(0.969, 0.619, 0.143, 0.000);-500000,00;1;0,00;RGBA(0.862, 0.583, 0.749, 0.000);Rejected_BelowThreshold
14:49:23;551;RGBA(0.969, 0.619, 0.143, 0.000);-500000,00;1;0,00;RGBA(0.862, 0.583, 0.749, 0.000);Rejected_BelowThreshold
14:49:23;552;RGBA(0.969, 0.619, 0.143, 0.000);-500000,00;1;0,00;RGBA(0.862, 0.583, 0.749, 0.000);Rejected_BelowThreshold
14:49:23;553;RGBA(0.969, 0.619, 0.143, 0.000);-500000,00;1;0,00;RGBA(0.862, 0.583, 0.749, 0.000);Rejected_BelowThreshold
14:49:23;554;RGBA(0.969, 0.619, 0.143, 0.000);-500000,00;1;0,00;RGBA(0.862, 0.583, 0.749, 0.000);Rejected_BelowThreshold
14:49:23;555;RGBA(0.969, 0.619, 0.143, 0.000);-500000,00;1;0,00;RGBA(0.862, 0.583, 0.749, 0.000);Rejected_BelowThreshold
14:49:23;556;RGBA(0.969, 0.619, 0.143, 0.000);-500000,00;1;0,00;RGBA(0.862, 0.583, 0.749, 0.000);Rejected_BelowThreshold
14:49:23;557;RGBA(0.969, 0.619, 0.143, 0.000);-500000,00;1;0,00;RGBA(0.862, 0.583, 0.749, 0.000);Rejected_BelowThreshold
14:49:23;558;RGBA(0.969, 0.619, 0.143, 0.000);-500000,00;1;0,00;RGBA(0.862, 0.583, 0.749, 0.000);Rejected_BelowThreshold
14:49:23;559;RGBA(0.969, 0.619, 0.143, 0.000);-500000,00;1;0,00;RGBA(0.862, 0.583, 0.749, 0.000);Rejected_BelowThreshold
14:49:23;560;RGBA(0.969, 0.619, 0.143, 0.000);-500000,00;1;0,00;RGBA(0.862, 0.583, 0.749, 0.000);Rejected_BelowThreshold
14:49:23;561;RGBA(0.969, 0.619, 0.143, 0.000);-500000,00;1;0,00;RGBA(0.862, 0.583, 0.749, 0.000);Rejected_BelowThreshold
14:49:23;562;RGBA(0.969, 0.619, 0.143, 0.000);-500000,00;1;0,00;RGBA(0.862, 0.583, 0.749, 0.000);Rejected_BelowThreshold
14:49:23;563;RGBA(0.969, 0.619, 0.143, 0.000);-500000,00;1;0,00;RGBA(0.862, 0.583, 0.749, 0.000);Rejected_BelowThreshold
14:49:23;564;RGBA(0.969, 0.619, 0.143, 0.000);-500000,00;1;0,00;RGBA(0.862, 0.583, 0.749, 0.000);Rejected_BelowThreshold
14:49:23;565;RGBA(0.969, 0.619, 0.143, 0.000);-500000,00;1;0,00;RGBA(0.862, 0.583, 0.749, 0.000);Rejected_BelowThreshold
14:49:23;566;RGBA(0.969, 0.619, 0.143, 0.000);-500000,00;1;0,00;RGBA(0.862, 0.583, 0.749, 0.000);Rejected_BelowThreshold
14:49:23;567;RGBA(0.969, 0.619, 0.143, 0.000);-500000,00;1;0,00;RGBA(0.862, 0.583, 0.749, 0.000);Rejected_BelowThreshold
14:49:23;568;RGBA(0.969, 0.619, 0.143, 0.000);-500000,00;1;0,00;RGBA(0.862, 0.583, 0.749, 0.000);Rejected_BelowThreshold
14:49:23;569;RGBA(0.969, 0.619, 0.143, 0.000);-500000,00;1;0,00;RGBA(0.862, 0.583, 0.749, 0.000);Rejected_BelowThreshold
14:49:23;570;RGBA(0.969, 0.619, 0.143, 0.000);-500000,00;1;0,00;RGBA(0.862, 0.583, 0.749, 0.000);Rejected_BelowThreshold
14:49:23;571;RGBA(0.969, 0.619, 0.143, 0.000);-500000,00;1;0,00;RGBA(0.862, 0.583, 0.749, 0.000);Rejected_BelowThreshold
14:49:23;572;RGBA(0.969, 0.619, 0.143, 0.000);-500000,00;1;0,00;RGBA(0.862, 0.583, 0.749, 0.000);Rejected_BelowThreshold
14:49:23;573;RGBA(0.969, 0.619, 0.143, 0.000);-500000,00;1;0,00;RGBA(0.862, 0.583, 0.749, 0.000);Rejected_BelowThreshold
14:49:23;574;RGBA(0.969, 0.619, 0.143, 0.000);-500000,00;1;0,00;RGBA(0.862, 0.583, 0.749, 0.000);Rejected_BelowThreshold
14:49:23;575;RGBA(0.969, 0.619, 0.143, 0.000);-500000,00;1;0,00;RGBA(0.862, 0.583, 0.749, 0.000);Rejected_BelowThreshold
14:49:23;576;RGBA(0.969, 0.619, 0.143, 0.000);-500000,00;1;0,00;RGBA(0.862, 0.583, 0.749, 0.000);Rejected_BelowThreshold
14:49:23;577;RGBA(0.969, 0.619, 0.143, 0.000);-500000,00;1;0,00;RGBA(0.862, 0.583, 0.749, 0.000);Rejected_BelowThreshold
14:49:23;578;RGBA(0.969, 0.619, 0.143, 0.000);-500000,00;1;0,00;RGBA(0.862, 0.583, 0.749, 0.000);Rejected_BelowThreshold
14:49:23;579;RGBA(0.969, 0.619, 0.143, 0.000);-500000,00;1;0,00;RGBA(0.862, 0.583, 0.749, 0.000);Rejected_BelowThreshold
14:49:23;580;RGBA(0.969, 0.619, 0.143, 0.000);-500000,00;1;0,00;RGBA(0.862, 0.583, 0.749, 0.000);Rejected_BelowThreshold
14:49:23;581;RGBA(0.969, 0.619, 0.143, 0.000);-500000,00;1;0,00;RGBA(0.862, 0.583, 0.749, 0.000);Rejected_BelowThreshold
14:49:23;582;RGBA(0.969, 0.619, 0.143, 0.000);-500000,00;1;0,00;RGBA(0.862, 0.583, 0.749, 0.000);Rejected_BelowThreshold
14:49:23;583;RGBA(0.969, 0.619, 0.143, 0.000);-500000,00;1;0,00;RGBA(0.862, 0.583, 0.749, 0.000);Rejected_BelowThreshold
14:49:23;584;RGBA(0.969, 0.619, 0.143, 0.000);-500000,00;1;0,00;RGBA(0.862, 0.583, 0.749, 0.000);Rejected_BelowThreshold
14:49:23;585;RGBA(0.969, 0.619, 0.143, 0.000);-500000,00;1;0,00;RGBA(0.862, 0.583, 0.749, 0.000);Rejected_BelowThreshold
14:49:23;586;RGBA(0.969, 0.619, 0.143, 0.000);-500000,00;1;0,00;RGBA(0.862, 0.583, 0.749, 0.000);Rejected_BelowThreshold
14:49:23;587;RGBA(0.969, 0.619, 0.143, 0.000);-500000,00;1;0,00;RGBA(0.862, 0.583, 0.749, 0.000);Rejected_BelowThreshold
14:49:23;588;RGBA(0.969, 0.619, 0.143, 0.000);-500000,00;1;0,00;RGBA(0.862, 0.583, 0.749, 0.000);Rejected_BelowThreshold
14:49:23;589;RGBA(0.969, 0.619, 0.143, 0.000);-500000,00;1;0,00;RGBA(0.862, 0.583, 0.749, 0.000);Rejected_BelowThreshold
14:49:23;590;RGBA(0.969, 0.619, 0.143, 0.000);-500000,00;1;0,00;RGBA(0.862, 0.583, 0.749, 0.000);Rejected_BelowThreshold
14:49:23;591;RGBA(0.969, 0.619, 0.143, 0.000);-500000,00;1;0,00;RGBA(0.862, 0.583, 0.749, 0.000);Rejected_BelowThreshold
14:49:23;592;RGBA(0.969, 0.619, 0.143, 0.000);-500000,00;1;0,00;RGBA(0.862, 0.583, 0.749, 0.000);Rejected_BelowThreshold
14:49:23;593;RGBA(0.969, 0.619, 0.143, 0.000);-500000,00;1;0,00;RGBA(0.862, 0.583, 0.749, 0.000);Rejected_BelowThreshold
14:49:23;594;RGBA(0.969, 0.619, 0.143, 0.000);-500000,00;1;0,00;RGBA(0.862, 0.583, 0.749, 0.000);Rejected_BelowThreshold
14:49:23;595;RGBA(0.969, 0.619, 0.143, 0.000);-500000,00;1;0,00;RGBA(0.862, 0.583, 0.749, 0.000);Rejected_BelowThreshold
14:49:23;596;RGBA(0.969, 0.619, 0.143, 0.000);-500000,00;1;0,00;RGBA(0.862, 0.583, 0.749, 0.000);Rejected_BelowThreshold
14:49:23;597;RGBA(0.969, 0.619, 0.143, 0.000);-500000,00;1;0,00;RGBA(0.862, 0.583, 0.749, 0.000);Rejected_BelowThreshold
14:49:23;598;RGBA(0.969, 0.619, 0.143, 0.000);-500000,00;1;0,00;RGBA(0.862, 0.583, 0.749, 0.000);Rejected_BelowThreshold
14:49:23;599;RGBA(0.969, 0.619, 0.143, 0.000);-500000,00;1;0,00;RGBA(0.862, 0.583, 0.749, 0.000);Rejected_BelowThreshold
14:49:23;600;RGBA(0.969, 0.619, 0.143, 0.000);-500000,00;1;0,00;RGBA(0.862, 0.583, 0.749, 0.000);Rejected_BelowThreshold
14:49:23;601;RGBA(0.969, 0.619, 0.143, 0.000);-500000,00;1;0,00;RGBA(0.862, 0.583, 0.749, 0.000);Rejected_BelowThreshold
14:49:23;602;RGBA(0.969, 0.619, 0.143, 0.000);-500000,00;1;0,00;RGBA(0.862, 0.583, 0.749, 0.000);Rejected_BelowThreshold
14:49:23;603;RGBA(0.969, 0.619, 0.143, 0.000);-500000,00;1;0,00;RGBA(0.862, 0.583, 0.749, 0.000);Rejected_BelowThreshold
14:49:23;604;RGBA(0.969, 0.619, 0.143, 0.000);-500000,00;1;0,00;RGBA(0.862, 0.583, 0.749, 0.000);Rejected_BelowThreshold
14:49:24;605;RGBA(0.969, 0.619, 0.143, 0.000);-500000,00;1;0,00;RGBA(0.862, 0.583, 0.749, 0.000);Rejected_BelowThreshold
14:49:24;606;RGBA(0.969, 0.619, 0.143, 0.000);-500000,00;1;0,00;RGBA(0.862, 0.583, 0.749, 0.000);Rejected_BelowThreshold
14:49:24;607;RGBA(0.969, 0.619, 0.143, 0.000);-500000,00;1;0,00;RGBA(0.862, 0.583, 0.749, 0.000);Rejected_BelowThreshold
14:49:24;608;RGBA(0.969, 0.619, 0.143, 0.000);-500000,00;1;0,00;RGBA(0.862, 0.583, 0.749, 0.000);Rejected_BelowThreshold
14:49:24;609;RGBA(0.969, 0.619, 0.143, 0.000);-500000,00;1;0,00;RGBA(0.862, 0.583, 0.749, 0.000);Rejected_BelowThreshold
14:49:24;610;RGBA(0.969, 0.619, 0.143, 0.000);-500000,00;1;0,00;RGBA(0.862, 0.583, 0.749, 0.000);Rejected_BelowThreshold
14:49:24;611;RGBA(0.969, 0.619, 0.143, 0.000);-500000,00;1;0,00;RGBA(0.862, 0.583, 0.749, 0.000);Rejected_BelowThreshold
14:49:24;612;RGBA(0.969, 0.619, 0.143, 0.000);-500000,00;1;0,00;RGBA(0.862, 0.583, 0.749, 0.000);Rejected_BelowThreshold
14:49:24;613;RGBA(0.969, 0.619, 0.143, 0.000);-500000,00;1;0,00;RGBA(0.862, 0.583, 0.749, 0.000);Rejected_BelowThreshold
14:49:24;614;RGBA(0.969, 0.619, 0.143, 0.000);-500000,00;1;0,00;RGBA(0.862, 0.583, 0.749, 0.000);Rejected_BelowThreshold
14:49:24;615;RGBA(0.969, 0.619, 0.143, 0.000);-500000,00;1;0,00;RGBA(0.862, 0.583, 0.749, 0.000);Rejected_BelowThreshold
14:49:24;616;RGBA(0.969, 0.619, 0.143, 0.000);-500000,00;1;0,00;RGBA(0.862, 0.583, 0.749, 0.000);Rejected_BelowThreshold
14:49:24;617;RGBA(0.969, 0.619, 0.143, 0.000);-500000,00;1;0,00;RGBA(0.862, 0.583, 0.749, 0.000);Rejected_BelowThreshold
14:49:24;618;RGBA(0.969, 0.619, 0.143, 0.000);-500000,00;1;0,00;RGBA(0.862, 0.583, 0.749, 0.000);Rejected_BelowThreshold
14:49:24;619;RGBA(0.969, 0.619, 0.143, 0.000);-500000,00;1;0,00;RGBA(0.862, 0.583, 0.749, 0.000);Rejected_BelowThreshold
14:49:24;620;RGBA(0.969, 0.619, 0.143, 0.000);-500000,00;1;0,00;RGBA(0.862, 0.583, 0.749, 0.000);Rejected_BelowThreshold
14:49:24;621;RGBA(0.969, 0.619, 0.143, 0.000);-500000,00;1;0,00;RGBA(0.862, 0.583, 0.749, 0.000);Rejected_BelowThreshold
14:49:24;622;RGBA(0.969, 0.619, 0.143, 0.000);-500000,00;1;0,00;RGBA(0.862, 0.583, 0.749, 0.000);Rejected_BelowThreshold
14:49:24;623;RGBA(0.969, 0.619, 0.143, 0.000);-500000,00;1;0,00;RGBA(0.862, 0.583, 0.749, 0.000);Rejected_BelowThreshold
14:49:24;624;RGBA(0.969, 0.619, 0.143, 0.000);-500000,00;1;0,00;RGBA(0.862, 0.583, 0.749, 0.000);Rejected_BelowThreshold
14:49:24;625;RGBA(0.969, 0.619, 0.143, 0.000);-500000,00;1;0,00;RGBA(0.862, 0.583, 0.749, 0.000);Rejected_BelowThreshold
14:49:24;626;RGBA(0.969, 0.619, 0.143, 0.000);-500000,00;1;0,00;RGBA(0.862, 0.583, 0.749, 0.000);Rejected_BelowThreshold
14:49:24;627;RGBA(0.969, 0.619, 0.143, 0.000);-500000,00;1;0,00;RGBA(0.862, 0.583, 0.749, 0.000);Rejected_BelowThreshold
14:49:24;628;RGBA(0.969, 0.619, 0.143, 0.000);-500000,00;1;0,00;RGBA(0.862, 0.583, 0.749, 0.000);Rejected_BelowThreshold
14:49:24;629;RGBA(0.969, 0.619, 0.143, 0.000);-500000,00;1;0,00;RGBA(0.862, 0.583, 0.749, 0.000);Rejected_BelowThreshold
14:49:24;630;RGBA(0.969, 0.619, 0.143, 0.000);-500000,00;1;0,00;RGBA(0.862, 0.583, 0.749, 0.000);Rejected_BelowThreshold
14:49:24;631;RGBA(0.969, 0.619, 0.143, 0.000);-500000,00;1;0,00;RGBA(0.862, 0.583, 0.749, 0.000);Rejected_BelowThreshold
14:49:24;632;RGBA(0.969, 0.619, 0.143, 0.000);-500000,00;1;0,00;RGBA(0.862, 0.583, 0.749, 0.000);Rejected_BelowThreshold
14:49:24;633;RGBA(0.969, 0.619, 0.143, 0.000);-500000,00;1;0,00;RGBA(0.862, 0.583, 0.749, 0.000);Rejected_BelowThreshold
14:49:24;634;RGBA(0.969, 0.619, 0.143, 0.000);-500000,00;1;0,00;RGBA(0.862, 0.583, 0.749, 0.000);Rejected_BelowThreshold
14:49:24;635;RGBA(0.969, 0.619, 0.143, 0.000);-500000,00;1;0,00;RGBA(0.862, 0.583, 0.749, 0.000);Rejected_BelowThreshold
14:49:24;636;RGBA(0.969, 0.619, 0.143, 0.000);-500000,00;1;0,00;RGBA(0.862, 0.583, 0.749, 0.000);Rejected_BelowThreshold
14:49:24;637;RGBA(0.969, 0.619, 0.143, 0.000);-500000,00;1;0,00;RGBA(0.862, 0.583, 0.749, 0.000);Rejected_BelowThreshold
14:49:24;638;RGBA(0.969, 0.619, 0.143, 0.000);-500000,00;1;0,00;RGBA(0.862, 0.583, 0.749, 0.000);Rejected_BelowThreshold
14:49:24;639;RGBA(0.969, 0.619, 0.143, 0.000);-500000,00;1;0,00;RGBA(0.862, 0.583, 0.749, 0.000);Rejected_BelowThreshold
14:49:24;640;RGBA(0.969, 0.619, 0.143, 0.000);-500000,00;1;0,00;RGBA(0.862, 0.583, 0.749, 0.000);Rejected_BelowThreshold
14:49:24;641;RGBA(0.969, 0.619, 0.143, 0.000);-500000,00;1;0,00;RGBA(0.862, 0.583, 0.749, 0.000);Rejected_BelowThreshold
14:49:24;642;RGBA(0.969, 0.619, 0.143, 0.000);-500000,00;1;0,00;RGBA(0.862, 0.583, 0.749, 0.000);Rejected_BelowThreshold
14:49:24;643;RGBA(0.969, 0.619, 0.143, 0.000);-500000,00;1;0,00;RGBA(0.862, 0.583, 0.749, 0.000);Rejected_BelowThreshold
14:49:24;644;RGBA(0.969, 0.619, 0.143, 0.000);-500000,00;1;0,00;RGBA(0.862, 0.583, 0.749, 0.000);Rejected_BelowThreshold
14:49:24;645;RGBA(0.969, 0.619, 0.143, 0.000);-500000,00;1;0,00;RGBA(0.862, 0.583, 0.749, 0.000);Rejected_BelowThreshold
14:49:24;646;RGBA(0.969, 0.619, 0.143, 0.000);-500000,00;1;0,00;RGBA(0.862, 0.583, 0.749, 0.000);Rejected_BelowThreshold
14:49:24;647;RGBA(0.969, 0.619, 0.143, 0.000);-500000,00;1;0,00;RGBA(0.862, 0.583, 0.749, 0.000);Rejected_BelowThreshold
14:49:24;648;RGBA(0.969, 0.619, 0.143, 0.000);-500000,00;1;0,00;RGBA(0.862, 0.583, 0.749, 0.000);Rejected_BelowThreshold
14:49:24;649;RGBA(0.969, 0.619, 0.143, 0.000);-500000,00;1;0,00;RGBA(0.862, 0.583, 0.749, 0.000);Rejected_BelowThreshold
14:49:24;650;RGBA(0.969, 0.619, 0.143, 0.000);-500000,00;1;0,00;RGBA(0.862, 0.583, 0.749, 0.000);Rejected_BelowThreshold
14:49:24;651;RGBA(0.969, 0.619, 0.143, 0.000);-500000,00;1;0,00;RGBA(0.862, 0.583, 0.749, 0.000);Rejected_BelowThreshold
14:49:24;652;RGBA(0.969, 0.619, 0.143, 0.000);-500000,00;1;0,00;RGBA(0.862, 0.583, 0.749, 0.000);Rejected_BelowThreshold
14:49:24;653;RGBA(0.969, 0.619, 0.143, 0.000);-500000,00;1;0,00;RGBA(0.862, 0.583, 0.749, 0.000);Rejected_BelowThreshold
14:49:24;654;RGBA(0.969, 0.619, 0.143, 0.000);-500000,00;1;0,00;RGBA(0.862, 0.583, 0.749, 0.000);Rejected_BelowThreshold
14:49:24;655;RGBA(0.969, 0.619, 0.143, 0.000);-500000,00;1;0,00;RGBA(0.862, 0.583, 0.749, 0.000);Rejected_BelowThreshold
14:49:24;656;RGBA(0.969, 0.619, 0.143, 0.000);-500000,00;1;0,00;RGBA(0.862, 0.583, 0.749, 0.000);Rejected_BelowThreshold
14:49:24;657;RGBA(0.969, 0.619, 0.143, 0.000);-500000,00;1;0,00;RGBA(0.862, 0.583, 0.749, 0.000);Rejected_BelowThreshold
14:49:24;658;RGBA(0.969, 0.619, 0.143, 0.000);-500000,00;1;0,00;RGBA(0.862, 0.583, 0.749, 0.000);Rejected_BelowThreshold
14:49:24;659;RGBA(0.969, 0.619, 0.143, 0.000);-500000,00;1;0,00;RGBA(0.862, 0.583, 0.749, 0.000);Rejected_BelowThreshold
14:49:24;660;RGBA(0.969, 0.619, 0.143, 0.000);-500000,00;1;0,00;RGBA(0.862, 0.583, 0.749, 0.000);Rejected_BelowThreshold
14:49:24;661;RGBA(0.969, 0.619, 0.143, 0.000);-500000,00;1;0,00;RGBA(0.862, 0.583, 0.749, 0.000);Rejected_BelowThreshold
14:49:24;662;RGBA(0.969, 0.619, 0.143, 0.000);-500000,00;1;0,00;RGBA(0.862, 0.583, 0.749, 0.000);Rejected_BelowThreshold
14:49:24;663;RGBA(0.969, 0.619, 0.143, 0.000);-500000,00;1;0,00;RGBA(0.862, 0.583, 0.749, 0.000);Rejected_BelowThreshold
14:49:24;664;RGBA(0.969, 0.619, 0.143, 0.000);-500000,00;1;0,00;RGBA(0.862, 0.583, 0.749, 0.000);Rejected_BelowThreshold
14:49:24;665;RGBA(0.969, 0.619, 0.143, 0.000);-500000,00;1;0,00;RGBA(0.862, 0.583, 0.749, 0.000);Rejected_BelowThreshold
14:49:24;666;RGBA(0.969, 0.619, 0.143, 0.000);-500000,00;1;0,00;RGBA(0.862, 0.583, 0.749, 0.000);Rejected_BelowThreshold
14:49:24;667;RGBA(0.969, 0.619, 0.143, 0.000);-500000,00;1;0,00;RGBA(0.862, 0.583, 0.749, 0.000);Rejected_BelowThreshold
14:49:24;668;RGBA(0.969, 0.619, 0.143, 0.000);-500000,00;1;0,00;RGBA(0.862, 0.583, 0.749, 0.000);Rejected_BelowThreshold
14:49:24;669;RGBA(0.969, 0.619, 0.143, 0.000);-500000,00;1;0,00;RGBA(0.862, 0.583, 0.749, 0.000);Rejected_BelowThreshold
14:49:24;670;RGBA(0.969, 0.619, 0.143, 0.000);-500000,00;1;0,00;RGBA(0.862, 0.583, 0.749, 0.000);Rejected_BelowThreshold
14:49:24;671;RGBA(0.969, 0.619, 0.143, 0.000);-500000,00;1;0,00;RGBA(0.862, 0.583, 0.749, 0.000);Rejected_BelowThreshold
14:49:24;672;RGBA(0.969, 0.619, 0.143, 0.000);-500000,00;1;0,00;RGBA(0.862, 0.583, 0.749, 0.000);Rejected_BelowThreshold
14:49:24;673;RGBA(0.969, 0.619, 0.143, 0.000);-500000,00;1;0,00;RGBA(0.862, 0.583, 0.749, 0.000);Rejected_BelowThreshold
14:49:24;674;RGBA(0.969, 0.619, 0.143, 0.000);-500000,00;1;0,00;RGBA(0.862, 0.583, 0.749, 0.000);Rejected_BelowThreshold
14:49:24;675;RGBA(0.969, 0.619, 0.143, 0.000);-500000,00;1;0,00;RGBA(0.862, 0.583, 0.749, 0.000);Rejected_BelowThreshold
14:49:24;676;RGBA(0.969, 0.619, 0.143, 0.000);-500000,00;1;0,00;RGBA(0.862, 0.583, 0.749, 0.000);Rejected_BelowThreshold
14:49:24;677;RGBA(0.969, 0.619, 0.143, 0.000);-500000,00;1;0,00;RGBA(0.862, 0.583, 0.749, 0.000);Rejected_BelowThreshold
14:49:24;678;RGBA(0.969, 0.619, 0.143, 0.000);-500000,00;1;0,00;RGBA(0.862, 0.583, 0.749, 0.000);Rejected_BelowThreshold
14:49:24;679;RGBA(0.969, 0.619, 0.143, 0.000);-500000,00;1;0,00;RGBA(0.862, 0.583, 0.749, 0.000);Rejected_BelowThreshold
14:49:24;680;RGBA(0.969, 0.619, 0.143, 0.000);-500000,00;1;0,00;RGBA(0.862, 0.583, 0.749, 0.000);Rejected_BelowThreshold
14:49:24;681;RGBA(0.969, 0.619, 0.143, 0.000);-500000,00;1;0,00;RGBA(0.862, 0.583, 0.749, 0.000);Rejected_BelowThreshold
14:49:24;682;RGBA(0.969, 0.619, 0.143, 0.000);-500000,00;1;0,00;RGBA(0.862, 0.583, 0.749, 0.000);Rejected_BelowThreshold
14:49:24;683;RGBA(0.969, 0.619, 0.143, 0.000);-500000,00;1;0,00;RGBA(0.862, 0.583, 0.749, 0.000);Rejected_BelowThreshold
14:49:24;684;RGBA(0.969, 0.619, 0.143, 0.000);-500000,00;1;0,00;RGBA(0.862, 0.583, 0.749, 0.000);Rejected_BelowThreshold
14:49:24;685;RGBA(0.969, 0.619, 0.143, 0.000);-500000,00;1;0,00;RGBA(0.862, 0.583, 0.749, 0.000);Rejected_BelowThreshold
14:49:24;686;RGBA(0.969, 0.619, 0.143, 0.000);-500000,00;1;0,00;RGBA(0.862, 0.583, 0.749, 0.000);Rejected_BelowThreshold
14:49:24;687;RGBA(0.969, 0.619, 0.143, 0.000);-500000,00;1;0,00;RGBA(0.862, 0.583, 0.749, 0.000);Rejected_BelowThreshold
14:49:24;688;RGBA(0.969, 0.619, 0.143, 0.000);-500000,00;1;0,00;RGBA(0.862, 0.583, 0.749, 0.000);Rejected_BelowThreshold
14:49:24;689;RGBA(0.969, 0.619, 0.143, 0.000);-500000,00;1;0,00;RGBA(0.862, 0.583, 0.749, 0.000);Rejected_BelowThreshold
14:49:24;690;RGBA(0.969, 0.619, 0.143, 0.000);-500000,00;1;0,00;RGBA(0.862, 0.583, 0.749, 0.000);Rejected_BelowThreshold
14:49:24;691;RGBA(0.969, 0.619, 0.143, 0.000);-500000,00;1;0,00;RGBA(0.862, 0.583, 0.749, 0.000);Rejected_BelowThreshold
14:49:24;692;RGBA(0.969, 0.619, 0.143, 0.000);-500000,00;1;0,00;RGBA(0.862, 0.583, 0.749, 0.000);Rejected_BelowThreshold
14:49:24;693;RGBA(0.969, 0.619, 0.143, 0.000);-500000,00;1;0,00;RGBA(0.862, 0.583, 0.749, 0.000);Rejected_BelowThreshold
14:49:24;694;RGBA(0.969, 0.619, 0.143, 0.000);-500000,00;1;0,00;RGBA(0.862, 0.583, 0.749, 0.000);Rejected_BelowThreshold
14:49:24;695;RGBA(0.969, 0.619, 0.143, 0.000);-500000,00;1;0,00;RGBA(0.862, 0.583, 0.749, 0.000);Rejected_BelowThreshold
14:49:24;696;RGBA(0.969, 0.619, 0.143, 0.000);-500000,00;1;0,00;RGBA(0.862, 0.583, 0.749, 0.000);Rejected_BelowThreshold
14:49:24;697;RGBA(0.969, 0.619, 0.143, 0.000);-500000,00;1;0,00;RGBA(0.862, 0.583, 0.749, 0.000);Rejected_BelowThreshold
14:49:24;698;RGBA(0.969, 0.619, 0.143, 0.000);-500000,00;1;0,00;RGBA(0.862, 0.583, 0.749, 0.000);Rejected_BelowThreshold
14:49:24;699;RGBA(0.969, 0.619, 0.143, 0.000);-500000,00;1;0,00;RGBA(0.862, 0.583, 0.749, 0.000);Rejected_BelowThreshold
14:49:24;700;RGBA(0.969, 0.619, 0.143, 0.000);-500000,00;1;0,00;RGBA(0.862, 0.583, 0.749, 0.000);Rejected_BelowThreshold
14:49:24;701;RGBA(0.969, 0.619, 0.143, 0.000);-500000,00;1;0,00;RGBA(0.862, 0.583, 0.749, 0.000);Rejected_BelowThreshold
14:49:24;702;RGBA(0.969, 0.619, 0.143, 0.000);-500000,00;1;0,00;RGBA(0.862, 0.583, 0.749, 0.000);Rejected_BelowThreshold
14:49:24;703;RGBA(0.969, 0.619, 0.143, 0.000);-500000,00;1;0,00;RGBA(0.862, 0.583, 0.749, 0.000);Rejected_BelowThreshold
14:49:24;704;RGBA(0.969, 0.619, 0.143, 0.000);-500000,00;1;0,00;RGBA(0.862, 0.583, 0.749, 0.000);Rejected_BelowThreshold
14:49:24;705;RGBA(0.969, 0.619, 0.143, 0.000);-500000,00;1;0,00;RGBA(0.862, 0.583, 0.749, 0.000);Rejected_BelowThreshold
14:49:24;706;RGBA(0.969, 0.619, 0.143, 0.000);-500000,00;1;0,00;RGBA(0.862, 0.583, 0.749, 0.000);Rejected_BelowThreshold
14:49:24;707;RGBA(0.969, 0.619, 0.143, 0.000);-500000,00;1;0,00;RGBA(0.862, 0.583, 0.749, 0.000);Rejected_BelowThreshold
14:49:24;708;RGBA(0.969, 0.619, 0.143, 0.000);-500000,00;1;0,00;RGBA(0.862, 0.583, 0.749, 0.000);Rejected_BelowThreshold
14:49:24;709;RGBA(0.969, 0.619, 0.143, 0.000);-500000,00;1;0,00;RGBA(0.862, 0.583, 0.749, 0.000);Rejected_BelowThreshold
14:49:24;710;RGBA(0.969, 0.619, 0.143, 0.000);-500000,00;1;0,00;RGBA(0.862, 0.583, 0.749, 0.000);Rejected_BelowThreshold
14:49:24;711;RGBA(0.969, 0.619, 0.143, 0.000);-500000,00;1;0,00;RGBA(0.862, 0.583, 0.749, 0.000);Rejected_BelowThreshold
14:49:24;712;RGBA(0.969, 0.619, 0.143, 0.000);-500000,00;1;0,00;RGBA(0.862, 0.583, 0.749, 0.000);Rejected_BelowThreshold
14:49:24;713;RGBA(0.969, 0.619, 0.143, 0.000);-500000,00;1;0,00;RGBA(0.862, 0.583, 0.749, 0.000);Rejected_BelowThreshold
14:49:24;714;RGBA(0.969, 0.619, 0.143, 0.000);-500000,00;1;0,00;RGBA(0.862, 0.583, 0.749, 0.000);Rejected_BelowThreshold
14:49:24;715;RGBA(0.969, 0.619, 0.143, 0.000);-500000,00;1;0,00;RGBA(0.862, 0.583, 0.749, 0.000);Rejected_BelowThreshold
14:49:24;716;RGBA(0.969, 0.619, 0.143, 0.000);-500000,00;1;0,00;RGBA(0.862, 0.583, 0.749, 0.000);Rejected_BelowThreshold
14:49:24;717;RGBA(0.969, 0.619, 0.143, 0.000);-500000,00;1;0,00;RGBA(0.862, 0.583, 0.749, 0.000);Rejected_BelowThreshold
14:49:24;718;RGBA(0.969, 0.619, 0.143, 0.000);-500000,00;1;0,00;RGBA(0.862, 0.583, 0.749, 0.000);Rejected_BelowThreshold
14:49:24;719;RGBA(0.969, 0.619, 0.143, 0.000);-500000,00;1;0,00;RGBA(0.862, 0.583, 0.749, 0.000);Rejected_BelowThreshold
14:49:24;720;RGBA(0.969, 0.619, 0.143, 0.000);-500000,00;1;0,00;RGBA(0.862, 0.583, 0.749, 0.000);Rejected_BelowThreshold
14:49:24;721;RGBA(0.969, 0.619, 0.143, 0.000);-500000,00;1;0,00;RGBA(0.862, 0.583, 0.749, 0.000);Rejected_BelowThreshold
14:49:24;722;RGBA(0.969, 0.619, 0.143, 0.000);-500000,00;1;0,00;RGBA(0.862, 0.583, 0.749, 0.000);Rejected_BelowThreshold
14:49:24;723;RGBA(0.969, 0.619, 0.143, 0.000);-500000,00;1;0,00;RGBA(0.862, 0.583, 0.749, 0.000);Rejected_BelowThreshold
14:49:24;724;RGBA(0.969, 0.619, 0.143, 0.000);-500000,00;1;0,00;RGBA(0.862, 0.583, 0.749, 0.000);Rejected_BelowThreshold
14:49:24;725;RGBA(0.969, 0.619, 0.143, 0.000);-500000,00;1;0,00;RGBA(0.862, 0.583, 0.749, 0.000);Rejected_BelowThreshold
14:49:24;726;RGBA(0.969, 0.619, 0.143, 0.000);-500000,00;1;0,00;RGBA(0.862, 0.583, 0.749, 0.000);Rejected_BelowThreshold
14:49:24;727;RGBA(0.969, 0.619, 0.143, 0.000);-500000,00;1;0,00;RGBA(0.862, 0.583, 0.749, 0.000);Rejected_BelowThreshold
14:49:24;728;RGBA(0.969, 0.619, 0.143, 0.000);-500000,00;1;0,00;RGBA(0.862, 0.583, 0.749, 0.000);Rejected_BelowThreshold
14:49:24;729;RGBA(0.969, 0.619, 0.143, 0.000);-500000,00;1;0,00;RGBA(0.862, 0.583, 0.749, 0.000);Rejected_BelowThreshold
14:49:24;730;RGBA(0.969, 0.619, 0.143, 0.000);-500000,00;1;0,00;RGBA(0.862, 0.583, 0.749, 0.000);Rejected_BelowThreshold
14:49:24;731;RGBA(0.969, 0.619, 0.143, 0.000);-500000,00;1;0,00;RGBA(0.862, 0.583, 0.749, 0.000);Rejected_BelowThreshold
14:49:24;732;RGBA(0.969, 0.619, 0.143, 0.000);-500000,00;1;0,00;RGBA(0.862, 0.583, 0.749, 0.000);Rejected_BelowThreshold
14:49:24;733;RGBA(0.969, 0.619, 0.143, 0.000);-500000,00;1;0,00;RGBA(0.862, 0.583, 0.749, 0.000);Rejected_BelowThreshold
14:49:24;734;RGBA(0.969, 0.619, 0.143, 0.000);-500000,00;1;0,00;RGBA(0.862, 0.583, 0.749, 0.000);Rejected_BelowThreshold
14:49:24;735;RGBA(0.969, 0.619, 0.143, 0.000);-500000,00;1;0,00;RGBA(0.862, 0.583, 0.749, 0.000);Rejected_BelowThreshold
14:49:24;736;RGBA(0.969, 0.619, 0.143, 0.000);-500000,00;1;0,00;RGBA(0.862, 0.583, 0.749, 0.000);Rejected_BelowThreshold
14:49:24;737;RGBA(0.969, 0.619, 0.143, 0.000);-500000,00;1;0,00;RGBA(0.862, 0.583, 0.749, 0.000);Rejected_BelowThreshold
14:49:24;738;RGBA(0.969, 0.619, 0.143, 0.000);-500000,00;1;0,00;RGBA(0.862, 0.583, 0.749, 0.000);Rejected_BelowThreshold
14:49:24;739;RGBA(0.969, 0.619, 0.143, 0.000);-500000,00;1;0,00;RGBA(0.862, 0.583, 0.749, 0.000);Rejected_BelowThreshold
14:49:24;740;RGBA(0.969, 0.619, 0.143, 0.000);-500000,00;1;0,00;RGBA(0.862, 0.583, 0.749, 0.000);Rejected_BelowThreshold
14:49:24;741;RGBA(0.969, 0.619, 0.143, 0.000);-500000,00;1;0,00;RGBA(0.862, 0.583, 0.749, 0.000);Rejected_BelowThreshold
14:49:24;742;RGBA(0.969, 0.619, 0.143, 0.000);-500000,00;1;0,00;RGBA(0.862, 0.583, 0.749, 0.000);Rejected_BelowThreshold
14:49:24;743;RGBA(0.969, 0.619, 0.143, 0.000);-500000,00;1;0,00;RGBA(0.862, 0.583, 0.749, 0.000);Rejected_BelowThreshold
14:49:24;744;RGBA(0.969, 0.619, 0.143, 0.000);-500000,00;1;0,00;RGBA(0.862, 0.583, 0.749, 0.000);Rejected_BelowThreshold
14:49:24;745;RGBA(0.969, 0.619, 0.143, 0.000);-500000,00;1;0,00;RGBA(0.862, 0.583, 0.749, 0.000);Rejected_BelowThreshold
14:49:24;746;RGBA(0.969, 0.619, 0.143, 0.000);-500000,00;1;0,00;RGBA(0.862, 0.583, 0.749, 0.000);Rejected_BelowThreshold
14:49:24;747;RGBA(0.969, 0.619, 0.143, 0.000);-500000,00;1;0,00;RGBA(0.862, 0.583, 0.749, 0.000);Rejected_BelowThreshold
14:49:24;748;RGBA(0.969, 0.619, 0.143, 0.000);-500000,00;1;0,00;RGBA(0.862, 0.583, 0.749, 0.000);Rejected_BelowThreshold
14:49:24;749;RGBA(0.969, 0.619, 0.143, 0.000);-500000,00;1;0,00;RGBA(0.862, 0.583, 0.749, 0.000);Rejected_BelowThreshold
14:49:24;750;RGBA(0.969, 0.619, 0.143, 0.000);-500000,00;1;0,00;RGBA(0.862, 0.583, 0.749, 0.000);Rejected_BelowThreshold
14:49:24;751;RGBA(0.969, 0.619, 0.143, 0.000);-500000,00;1;0,00;RGBA(0.862, 0.583, 0.749, 0.000);Rejected_BelowThreshold
14:49:24;752;RGBA(0.969, 0.619, 0.143, 0.000);-500000,00;1;0,00;RGBA(0.862, 0.583, 0.749, 0.000);Rejected_BelowThreshold
14:49:24;753;RGBA(0.969, 0.619, 0.143, 0.000);-500000,00;1;0,00;RGBA(0.862, 0.583, 0.749, 0.000);Rejected_BelowThreshold
14:49:24;754;RGBA(0.969, 0.619, 0.143, 0.000);-500000,00;1;0,00;RGBA(0.862, 0.583, 0.749, 0.000);Rejected_BelowThreshold
14:49:24;755;RGBA(0.969, 0.619, 0.143, 0.000);-500000,00;1;0,00;RGBA(0.862, 0.583, 0.749, 0.000);Rejected_BelowThreshold
14:49:24;756;RGBA(0.969, 0.619, 0.143, 0.000);-500000,00;1;0,00;RGBA(0.862, 0.583, 0.749, 0.000);Rejected_BelowThreshold
14:49:24;757;RGBA(0.969, 0.619, 0.143, 0.000);-500000,00;1;0,00;RGBA(0.862, 0.583, 0.749, 0.000);Rejected_BelowThreshold
14:49:24;758;RGBA(0.969, 0.619, 0.143, 0.000);-500000,00;1;0,00;RGBA(0.862, 0.583, 0.749, 0.000);Rejected_BelowThreshold
14:49:24;759;RGBA(0.969, 0.619, 0.143, 0.000);-500000,00;1;0,00;RGBA(0.862, 0.583, 0.749, 0.000);Rejected_BelowThreshold
14:49:24;760;RGBA(0.969, 0.619, 0.143, 0.000);-500000,00;1;0,00;RGBA(0.862, 0.583, 0.749, 0.000);Rejected_BelowThreshold
14:49:24;761;RGBA(0.969, 0.619, 0.143, 0.000);-500000,00;1;0,00;RGBA(0.862, 0.583, 0.749, 0.000);Rejected_BelowThreshold
14:49:24;762;RGBA(0.969, 0.619, 0.143, 0.000);-500000,00;1;0,00;RGBA(0.862, 0.583, 0.749, 0.000);Rejected_BelowThreshold
14:49:24;763;RGBA(0.969, 0.619, 0.143, 0.000);-500000,00;1;0,00;RGBA(0.862, 0.583, 0.749, 0.000);Rejected_BelowThreshold
14:49:24;764;RGBA(0.969, 0.619, 0.143, 0.000);-500000,00;1;0,00;RGBA(0.862, 0.583, 0.749, 0.000);Rejected_BelowThreshold
14:49:24;765;RGBA(0.969, 0.619, 0.143, 0.000);-500000,00;1;0,00;RGBA(0.862, 0.583, 0.749, 0.000);Rejected_BelowThreshold
14:49:24;766;RGBA(0.969, 0.619, 0.143, 0.000);-500000,00;1;0,00;RGBA(0.862, 0.583, 0.749, 0.000);Rejected_BelowThreshold
14:49:24;767;RGBA(0.969, 0.619, 0.143, 0.000);-500000,00;1;0,00;RGBA(0.862, 0.583, 0.749, 0.000);Rejected_BelowThreshold
14:49:24;768;RGBA(0.969, 0.619, 0.143, 0.000);-500000,00;1;0,00;RGBA(0.862, 0.583, 0.749, 0.000);Rejected_BelowThreshold
14:49:24;769;RGBA(0.969, 0.619, 0.143, 0.000);-500000,00;1;0,00;RGBA(0.862, 0.583, 0.749, 0.000);Rejected_BelowThreshold
14:49:24;770;RGBA(0.969, 0.619, 0.143, 0.000);-500000,00;1;0,00;RGBA(0.862, 0.583, 0.749, 0.000);Rejected_BelowThreshold
14:49:24;771;RGBA(0.969, 0.619, 0.143, 0.000);-500000,00;1;0,00;RGBA(0.862, 0.583, 0.749, 0.000);Rejected_BelowThreshold
14:49:24;772;RGBA(0.969, 0.619, 0.143, 0.000);-500000,00;1;0,00;RGBA(0.862, 0.583, 0.749, 0.000);Rejected_BelowThreshold
14:49:24;773;RGBA(0.969, 0.619, 0.143, 0.000);-500000,00;1;0,00;RGBA(0.862, 0.583, 0.749, 0.000);Rejected_BelowThreshold
14:49:24;774;RGBA(0.969, 0.619, 0.143, 0.000);-500000,00;1;0,00;RGBA(0.862, 0.583, 0.749, 0.000);Rejected_BelowThreshold
14:49:24;775;RGBA(0.969, 0.619, 0.143, 0.000);-500000,00;1;0,00;RGBA(0.862, 0.583, 0.749, 0.000);Rejected_BelowThreshold
14:49:24;776;RGBA(0.969, 0.619, 0.143, 0.000);-500000,00;1;0,00;RGBA(0.862, 0.583, 0.749, 0.000);Rejected_BelowThreshold
14:49:24;777;RGBA(0.969, 0.619, 0.143, 0.000);-500000,00;1;0,00;RGBA(0.862, 0.583, 0.749, 0.000);Rejected_BelowThreshold
14:49:24;778;RGBA(0.969, 0.619, 0.143, 0.000);-500000,00;1;0,00;RGBA(0.862, 0.583, 0.749, 0.000);Rejected_BelowThreshold
14:49:24;779;RGBA(0.969, 0.619, 0.143, 0.000);-500000,00;1;0,00;RGBA(0.862, 0.583, 0.749, 0.000);Rejected_BelowThreshold
14:49:24;780;RGBA(0.969, 0.619, 0.143, 0.000);-500000,00;1;0,00;RGBA(0.862, 0.583, 0.749, 0.000);Rejected_BelowThreshold
14:49:24;781;RGBA(0.969, 0.619, 0.143, 0.000);-500000,00;1;0,00;RGBA(0.862, 0.583, 0.749, 0.000);Rejected_BelowThreshold
14:49:24;782;RGBA(0.969, 0.619, 0.143, 0.000);-500000,00;1;0,00;RGBA(0.862, 0.583, 0.749, 0.000);Rejected_BelowThreshold
14:49:24;783;RGBA(0.969, 0.619, 0.143, 0.000);-500000,00;1;0,00;RGBA(0.862, 0.583, 0.749, 0.000);Rejected_BelowThreshold
14:49:24;784;RGBA(0.969, 0.619, 0.143, 0.000);-500000,00;1;0,00;RGBA(0.862, 0.583, 0.749, 0.000);Rejected_BelowThreshold
14:49:24;785;RGBA(0.969, 0.619, 0.143, 0.000);-500000,00;1;0,00;RGBA(0.862, 0.583, 0.749, 0.000);Rejected_BelowThreshold
14:49:24;786;RGBA(0.969, 0.619, 0.143, 0.000);-500000,00;1;0,00;RGBA(0.862, 0.583, 0.749, 0.000);Rejected_BelowThreshold
14:49:24;787;RGBA(0.969, 0.619, 0.143, 0.000);-500000,00;1;0,00;RGBA(0.862, 0.583, 0.749, 0.000);Rejected_BelowThreshold
14:49:24;788;RGBA(0.969, 0.619, 0.143, 0.000);-500000,00;1;0,00;RGBA(0.862, 0.583, 0.749, 0.000);Rejected_BelowThreshold
14:49:24;789;RGBA(0.969, 0.619, 0.143, 0.000);-500000,00;1;0,00;RGBA(0.862, 0.583, 0.749, 0.000);Rejected_BelowThreshold
14:49:24;790;RGBA(0.969, 0.619, 0.143, 0.000);-500000,00;1;0,00;RGBA(0.862, 0.583, 0.749, 0.000);Rejected_BelowThreshold
14:49:24;791;RGBA(0.969, 0.619, 0.143, 0.000);-500000,00;1;0,00;RGBA(0.862, 0.583, 0.749, 0.000);Rejected_BelowThreshold
14:49:24;792;RGBA(0.969, 0.619, 0.143, 0.000);-500000,00;1;0,00;RGBA(0.862, 0.583, 0.749, 0.000);Rejected_BelowThreshold
14:49:24;793;RGBA(0.969, 0.619, 0.143, 0.000);-500000,00;1;0,00;RGBA(0.862, 0.583, 0.749, 0.000);Rejected_BelowThreshold
14:49:24;794;RGBA(0.969, 0.619, 0.143, 0.000);-500000,00;1;0,00;RGBA(0.862, 0.583, 0.749, 0.000);Rejected_BelowThreshold
14:49:24;795;RGBA(0.969, 0.619, 0.143, 0.000);-500000,00;1;0,00;RGBA(0.862, 0.583, 0.749, 0.000);Rejected_BelowThreshold
14:49:24;796;RGBA(0.969, 0.619, 0.143, 0.000);-500000,00;1;0,00;RGBA(0.862, 0.583, 0.749, 0.000);Rejected_BelowThreshold
14:49:24;797;RGBA(0.969, 0.619, 0.143, 0.000);-500000,00;1;0,00;RGBA(0.862, 0.583, 0.749, 0.000);Rejected_BelowThreshold
14:49:24;798;RGBA(0.969, 0.619, 0.143, 0.000);-500000,00;1;0,00;RGBA(0.862, 0.583, 0.749, 0.000);Rejected_BelowThreshold
14:49:24;799;RGBA(0.969, 0.619, 0.143, 0.000);-500000,00;1;0,00;RGBA(0.862, 0.583, 0.749, 0.000);Rejected_BelowThreshold
14:49:24;800;RGBA(0.969, 0.619, 0.143, 0.000);-500000,00;1;0,00;RGBA(0.862, 0.583, 0.749, 0.000);Rejected_BelowThreshold
14:49:24;801;RGBA(0.969, 0.619, 0.143, 0.000);-500000,00;1;0,00;RGBA(0.862, 0.583, 0.749, 0.000);Rejected_BelowThreshold
14:49:24;802;RGBA(0.969, 0.619, 0.143, 0.000);-500000,00;1;0,00;RGBA(0.862, 0.583, 0.749, 0.000);Rejected_BelowThreshold
14:49:24;803;RGBA(0.969, 0.619, 0.143, 0.000);-500000,00;1;0,00;RGBA(0.862, 0.583, 0.749, 0.000);Rejected_BelowThreshold
14:49:24;804;RGBA(0.969, 0.619, 0.143, 0.000);-500000,00;1;0,00;RGBA(0.862, 0.583, 0.749, 0.000);Rejected_BelowThreshold
14:49:24;805;RGBA(0.969, 0.619, 0.143, 0.000);-500000,00;1;0,00;RGBA(0.862, 0.583, 0.749, 0.000);Rejected_BelowThreshold
14:49:24;806;RGBA(0.969, 0.619, 0.143, 0.000);-500000,00;1;0,00;RGBA(0.862, 0.583, 0.749, 0.000);Rejected_BelowThreshold
14:49:24;807;RGBA(0.969, 0.619, 0.143, 0.000);-500000,00;1;0,00;RGBA(0.862, 0.583, 0.749, 0.000);Rejected_BelowThreshold
14:49:24;808;RGBA(0.969, 0.619, 0.143, 0.000);-500000,00;1;0,00;RGBA(0.862, 0.583, 0.749, 0.000);Rejected_BelowThreshold
14:49:24;809;RGBA(0.969, 0.619, 0.143, 0.000);-500000,00;1;0,00;RGBA(0.862, 0.583, 0.749, 0.000);Rejected_BelowThreshold
14:49:24;810;RGBA(0.969, 0.619, 0.143, 0.000);-500000,00;1;0,00;RGBA(0.862, 0.583, 0.749, 0.000);Rejected_BelowThreshold
14:49:24;811;RGBA(0.969, 0.619, 0.143, 0.000);-500000,00;1;0,00;RGBA(0.862, 0.583, 0.749, 0.000);Rejected_BelowThreshold
14:49:24;812;RGBA(0.969, 0.619, 0.143, 0.000);-500000,00;1;0,00;RGBA(0.862, 0.583, 0.749, 0.000);Rejected_BelowThreshold
14:49:24;813;RGBA(0.969, 0.619, 0.143, 0.000);-500000,00;1;0,00;RGBA(0.862, 0.583, 0.749, 0.000);Rejected_BelowThreshold
14:49:24;814;RGBA(0.969, 0.619, 0.143, 0.000);-500000,00;1;0,00;RGBA(0.862, 0.583, 0.749, 0.000);Rejected_BelowThreshold
14:49:24;815;RGBA(0.969, 0.619, 0.143, 0.000);-500000,00;1;0,00;RGBA(0.862, 0.583, 0.749, 0.000);Rejected_BelowThreshold
14:49:24;816;RGBA(0.969, 0.619, 0.143, 0.000);-500000,00;1;0,00;RGBA(0.862, 0.583, 0.749, 0.000);Rejected_BelowThreshold
14:49:24;817;RGBA(0.969, 0.619, 0.143, 0.000);-500000,00;1;0,00;RGBA(0.862, 0.583, 0.749, 0.000);Rejected_BelowThreshold
14:49:24;818;RGBA(0.969, 0.619, 0.143, 0.000);-500000,00;1;0,00;RGBA(0.862, 0.583, 0.749, 0.000);Rejected_BelowThreshold
14:49:24;819;RGBA(0.969, 0.619, 0.143, 0.000);-500000,00;1;0,00;RGBA(0.862, 0.583, 0.749, 0.000);Rejected_BelowThreshold
14:49:24;820;RGBA(0.969, 0.619, 0.143, 0.000);-500000,00;1;0,00;RGBA(0.862, 0.583, 0.749, 0.000);Rejected_BelowThreshold
14:49:24;821;RGBA(0.969, 0.619, 0.143, 0.000);-500000,00;1;0,00;RGBA(0.862, 0.583, 0.749, 0.000);Rejected_BelowThreshold
14:49:24;822;RGBA(0.969, 0.619, 0.143, 0.000);-500000,00;1;0,00;RGBA(0.862, 0.583, 0.749, 0.000);Rejected_BelowThreshold
14:49:24;823;RGBA(0.969, 0.619, 0.143, 0.000);-500000,00;1;0,00;RGBA(0.862, 0.583, 0.749, 0.000);Rejected_BelowThreshold
14:49:24;824;RGBA(0.969, 0.619, 0.143, 0.000);-500000,00;1;0,00;RGBA(0.862, 0.583, 0.749, 0.000);Rejected_BelowThreshold
14:49:24;825;RGBA(0.969, 0.619, 0.143, 0.000);-500000,00;1;0,00;RGBA(0.862, 0.583, 0.749, 0.000);Rejected_BelowThreshold
14:49:24;826;RGBA(0.969, 0.619, 0.143, 0.000);-500000,00;1;0,00;RGBA(0.862, 0.583, 0.749, 0.000);Rejected_BelowThreshold
14:49:24;827;RGBA(0.969, 0.619, 0.143, 0.000);-500000,00;1;0,00;RGBA(0.862, 0.583, 0.749, 0.000);Rejected_BelowThreshold
14:49:24;828;RGBA(0.969, 0.619, 0.143, 0.000);-500000,00;1;0,00;RGBA(0.862, 0.583, 0.749, 0.000);Rejected_BelowThreshold
14:49:24;829;RGBA(0.969, 0.619, 0.143, 0.000);-500000,00;1;0,00;RGBA(0.862, 0.583, 0.749, 0.000);Rejected_BelowThreshold
14:49:24;830;RGBA(0.969, 0.619, 0.143, 0.000);-500000,00;1;0,00;RGBA(0.862, 0.583, 0.749, 0.000);Rejected_BelowThreshold
14:49:24;831;RGBA(0.969, 0.619, 0.143, 0.000);-500000,00;1;0,00;RGBA(0.862, 0.583, 0.749, 0.000);Rejected_BelowThreshold
14:49:24;832;RGBA(0.969, 0.619, 0.143, 0.000);-500000,00;1;0,00;RGBA(0.862, 0.583, 0.749, 0.000);Rejected_BelowThreshold
14:49:24;833;RGBA(0.969, 0.619, 0.143, 0.000);-500000,00;1;0,00;RGBA(0.862, 0.583, 0.749, 0.000);Rejected_BelowThreshold
14:49:24;834;RGBA(0.969, 0.619, 0.143, 0.000);-500000,00;1;0,00;RGBA(0.862, 0.583, 0.749, 0.000);Rejected_BelowThreshold
14:49:24;835;RGBA(0.969, 0.619, 0.143, 0.000);-500000,00;1;0,00;RGBA(0.862, 0.583, 0.749, 0.000);Rejected_BelowThreshold
14:49:24;836;RGBA(0.969, 0.619, 0.143, 0.000);-500000,00;1;0,00;RGBA(0.862, 0.583, 0.749, 0.000);Rejected_BelowThreshold
14:49:24;837;RGBA(0.969, 0.619, 0.143, 0.000);-500000,00;1;0,00;RGBA(0.862, 0.583, 0.749, 0.000);Rejected_BelowThreshold
14:49:24;838;RGBA(0.969, 0.619, 0.143, 0.000);-500000,00;1;0,00;RGBA(0.862, 0.583, 0.749, 0.000);Rejected_BelowThreshold
14:49:24;839;RGBA(0.969, 0.619, 0.143, 0.000);-500000,00;1;0,00;RGBA(0.862, 0.583, 0.749, 0.000);Rejected_BelowThreshold
14:49:24;840;RGBA(0.969, 0.619, 0.143, 0.000);-500000,00;1;0,00;RGBA(0.862, 0.583, 0.749, 0.000);Rejected_BelowThreshold
14:49:24;841;RGBA(0.969, 0.619, 0.143, 0.000);-500000,00;1;0,00;RGBA(0.862, 0.583, 0.749, 0.000);Rejected_BelowThreshold
14:49:24;842;RGBA(0.969, 0.619, 0.143, 0.000);-500000,00;1;0,00;RGBA(0.862, 0.583, 0.749, 0.000);Rejected_BelowThreshold
14:49:24;843;RGBA(0.969, 0.619, 0.143, 0.000);-500000,00;1;0,00;RGBA(0.862, 0.583, 0.749, 0.000);Rejected_BelowThreshold
14:49:24;844;RGBA(0.969, 0.619, 0.143, 0.000);-500000,00;1;0,00;RGBA(0.862, 0.583, 0.749, 0.000);Rejected_BelowThreshold
14:49:24;845;RGBA(0.969, 0.619, 0.143, 0.000);-500000,00;1;0,00;RGBA(0.862, 0.583, 0.749, 0.000);Rejected_BelowThreshold
14:49:24;846;RGBA(0.969, 0.619, 0.143, 0.000);-500000,00;1;0,00;RGBA(0.862, 0.583, 0.749, 0.000);Rejected_BelowThreshold
14:49:24;847;RGBA(0.969, 0.619, 0.143, 0.000);-500000,00;1;0,00;RGBA(0.862, 0.583, 0.749, 0.000);Rejected_BelowThreshold
14:49:24;848;RGBA(0.969, 0.619, 0.143, 0.000);-500000,00;1;0,00;RGBA(0.862, 0.583, 0.749, 0.000);Rejected_BelowThreshold
14:49:24;849;RGBA(0.969, 0.619, 0.143, 0.000);-500000,00;1;0,00;RGBA(0.862, 0.583, 0.749, 0.000);Rejected_BelowThreshold
14:49:24;850;RGBA(0.969, 0.619, 0.143, 0.000);-500000,00;1;0,00;RGBA(0.862, 0.583, 0.749, 0.000);Rejected_BelowThreshold
14:49:24;851;RGBA(0.969, 0.619, 0.143, 0.000);-500000,00;1;0,00;RGBA(0.862, 0.583, 0.749, 0.000);Rejected_BelowThreshold
14:49:24;852;RGBA(0.969, 0.619, 0.143, 0.000);-500000,00;1;0,00;RGBA(0.862, 0.583, 0.749, 0.000);Rejected_BelowThreshold
14:49:24;853;RGBA(0.969, 0.619, 0.143, 0.000);-500000,00;1;0,00;RGBA(0.862, 0.583, 0.749, 0.000);Rejected_BelowThreshold
14:49:24;854;RGBA(0.969, 0.619, 0.143, 0.000);-500000,00;1;0,00;RGBA(0.862, 0.583, 0.749, 0.000);Rejected_BelowThreshold
14:49:24;855;RGBA(0.969, 0.619, 0.143, 0.000);-500000,00;1;0,00;RGBA(0.862, 0.583, 0.749, 0.000);Rejected_BelowThreshold
14:49:24;856;RGBA(0.969, 0.619, 0.143, 0.000);-500000,00;1;0,00;RGBA(0.862, 0.583, 0.749, 0.000);Rejected_BelowThreshold
14:49:24;857;RGBA(0.969, 0.619, 0.143, 0.000);-500000,00;1;0,00;RGBA(0.862, 0.583, 0.749, 0.000);Rejected_BelowThreshold
14:49:24;858;RGBA(0.969, 0.619, 0.143, 0.000);-500000,00;1;0,00;RGBA(0.862, 0.583, 0.749, 0.000);Rejected_BelowThreshold
14:49:24;859;RGBA(0.969, 0.619, 0.143, 0.000);-500000,00;1;0,00;RGBA(0.862, 0.583, 0.749, 0.000);Rejected_BelowThreshold
14:49:24;860;RGBA(0.969, 0.619, 0.143, 0.000);-500000,00;1;0,00;RGBA(0.862, 0.583, 0.749, 0.000);Rejected_BelowThreshold
14:49:24;861;RGBA(0.969, 0.619, 0.143, 0.000);-500000,00;1;0,00;RGBA(0.862, 0.583, 0.749, 0.000);Rejected_BelowThreshold
14:49:24;862;RGBA(0.969, 0.619, 0.143, 0.000);-500000,00;1;0,00;RGBA(0.862, 0.583, 0.749, 0.000);Rejected_BelowThreshold
14:49:24;863;RGBA(0.969, 0.619, 0.143, 0.000);-500000,00;1;0,00;RGBA(0.862, 0.583, 0.749, 0.000);Rejected_BelowThreshold
14:49:24;864;RGBA(0.969, 0.619, 0.143, 0.000);-500000,00;1;0,00;RGBA(0.862, 0.583, 0.749, 0.000);Rejected_BelowThreshold
14:49:24;865;RGBA(0.969, 0.619, 0.143, 0.000);-500000,00;1;0,00;RGBA(0.862, 0.583, 0.749, 0.000);Rejected_BelowThreshold
14:49:24;866;RGBA(0.969, 0.619, 0.143, 0.000);-500000,00;1;0,00;RGBA(0.862, 0.583, 0.749, 0.000);Rejected_BelowThreshold
14:49:24;867;RGBA(0.969, 0.619, 0.143, 0.000);-500000,00;1;0,00;RGBA(0.862, 0.583, 0.749, 0.000);Rejected_BelowThreshold
14:49:24;868;RGBA(0.969, 0.619, 0.143, 0.000);-500000,00;1;0,00;RGBA(0.862, 0.583, 0.749, 0.000);Rejected_BelowThreshold
14:49:24;869;RGBA(0.969, 0.619, 0.143, 0.000);-500000,00;1;0,00;RGBA(0.862, 0.583, 0.749, 0.000);Rejected_BelowThreshold
14:49:24;870;RGBA(0.969, 0.619, 0.143, 0.000);-500000,00;1;0,00;RGBA(0.862, 0.583, 0.749, 0.000);Rejected_BelowThreshold
14:49:24;871;RGBA(0.969, 0.619, 0.143, 0.000);-500000,00;1;0,00;RGBA(0.862, 0.583, 0.749, 0.000);Rejected_BelowThreshold
14:49:24;872;RGBA(0.969, 0.619, 0.143, 0.000);-500000,00;1;0,00;RGBA(0.862, 0.583, 0.749, 0.000);Rejected_BelowThreshold
14:49:24;873;RGBA(0.969, 0.619, 0.143, 0.000);-500000,00;1;0,00;RGBA(0.862, 0.583, 0.749, 0.000);Rejected_BelowThreshold
14:49:24;874;RGBA(0.969, 0.619, 0.143, 0.000);-500000,00;1;0,00;RGBA(0.862, 0.583, 0.749, 0.000);Rejected_BelowThreshold
14:49:24;875;RGBA(0.969, 0.619, 0.143, 0.000);-500000,00;1;0,00;RGBA(0.862, 0.583, 0.749, 0.000);Rejected_BelowThreshold
14:49:24;876;RGBA(0.969, 0.619, 0.143, 0.000);-500000,00;1;0,00;RGBA(0.862, 0.583, 0.749, 0.000);Rejected_BelowThreshold
14:49:24;877;RGBA(0.969, 0.619, 0.143, 0.000);-500000,00;1;0,00;RGBA(0.862, 0.583, 0.749, 0.000);Rejected_BelowThreshold
14:49:24;878;RGBA(0.969, 0.619, 0.143, 0.000);-500000,00;1;0,00;RGBA(0.862, 0.583, 0.749, 0.000);Rejected_BelowThreshold
14:49:24;879;RGBA(0.969, 0.619, 0.143, 0.000);-500000,00;1;0,00;RGBA(0.862, 0.583, 0.749, 0.000);Rejected_BelowThreshold
14:49:24;880;RGBA(0.969, 0.619, 0.143, 0.000);-500000,00;1;0,00;RGBA(0.862, 0.583, 0.749, 0.000);Rejected_BelowThreshold
14:49:24;881;RGBA(0.969, 0.619, 0.143, 0.000);-500000,00;1;0,00;RGBA(0.862, 0.583, 0.749, 0.000);Rejected_BelowThreshold
14:49:24;882;RGBA(0.969, 0.619, 0.143, 0.000);-500000,00;1;0,00;RGBA(0.862, 0.583, 0.749, 0.000);Rejected_BelowThreshold
14:49:24;883;RGBA(0.969, 0.619, 0.143, 0.000);-500000,00;1;0,00;RGBA(0.862, 0.583, 0.749, 0.000);Rejected_BelowThreshold
14:49:24;884;RGBA(0.969, 0.619, 0.143, 0.000);-500000,00;1;0,00;RGBA(0.862, 0.583, 0.749, 0.000);Rejected_BelowThreshold
14:49:24;885;RGBA(0.969, 0.619, 0.143, 0.000);-500000,00;1;0,00;RGBA(0.862, 0.583, 0.749, 0.000);Rejected_BelowThreshold
14:49:24;886;RGBA(0.969, 0.619, 0.143, 0.000);-500000,00;1;0,00;RGBA(0.862, 0.583, 0.749, 0.000);Rejected_BelowThreshold
14:49:24;887;RGBA(0.969, 0.619, 0.143, 0.000);-500000,00;1;0,00;RGBA(0.862, 0.583, 0.749, 0.000);Rejected_BelowThreshold
14:49:24;888;RGBA(0.969, 0.619, 0.143, 0.000);-500000,00;1;0,00;RGBA(0.862, 0.583, 0.749, 0.000);Rejected_BelowThreshold
14:49:24;889;RGBA(0.969, 0.619, 0.143, 0.000);-500000,00;1;0,00;RGBA(0.862, 0.583, 0.749, 0.000);Rejected_BelowThreshold
14:49:24;890;RGBA(0.969, 0.619, 0.143, 0.000);-500000,00;1;0,00;RGBA(0.862, 0.583, 0.749, 0.000);Rejected_BelowThreshold
14:49:24;891;RGBA(0.969, 0.619, 0.143, 0.000);-500000,00;1;0,00;RGBA(0.862, 0.583, 0.749, 0.000);Rejected_BelowThreshold
14:49:24;892;RGBA(0.969, 0.619, 0.143, 0.000);-500000,00;1;0,00;RGBA(0.862, 0.583, 0.749, 0.000);Rejected_BelowThreshold
14:49:24;893;RGBA(0.969, 0.619, 0.143, 0.000);-500000,00;1;0,00;RGBA(0.862, 0.583, 0.749, 0.000);Rejected_BelowThreshold
14:49:24;894;RGBA(0.969, 0.619, 0.143, 0.000);-500000,00;1;0,00;RGBA(0.862, 0.583, 0.749, 0.000);Rejected_BelowThreshold
14:49:24;895;RGBA(0.969, 0.619, 0.143, 0.000);-500000,00;1;0,00;RGBA(0.862, 0.583, 0.749, 0.000);Rejected_BelowThreshold
14:49:24;896;RGBA(0.969, 0.619, 0.143, 0.000);-500000,00;1;0,00;RGBA(0.862, 0.583, 0.749, 0.000);Rejected_BelowThreshold
14:49:24;897;RGBA(0.969, 0.619, 0.143, 0.000);-500000,00;1;0,00;RGBA(0.862, 0.583, 0.749, 0.000);Rejected_BelowThreshold
14:49:24;898;RGBA(0.969, 0.619, 0.143, 0.000);-500000,00;1;0,00;RGBA(0.862, 0.583, 0.749, 0.000);Rejected_BelowThreshold
14:49:24;899;RGBA(0.969, 0.619, 0.143, 0.000);-500000,00;1;0,00;RGBA(0.862, 0.583, 0.749, 0.000);Rejected_BelowThreshold
14:49:24;900;RGBA(0.969, 0.619, 0.143, 0.000);-500000,00;1;0,00;RGBA(0.862, 0.583, 0.749, 0.000);Rejected_BelowThreshold
14:49:24;901;RGBA(0.969, 0.619, 0.143, 0.000);-500000,00;1;0,00;RGBA(0.862, 0.583, 0.749, 0.000);Rejected_BelowThreshold
14:49:24;902;RGBA(0.969, 0.619, 0.143, 0.000);-500000,00;1;0,00;RGBA(0.862, 0.583, 0.749, 0.000);Rejected_BelowThreshold
14:49:24;903;RGBA(0.969, 0.619, 0.143, 0.000);-500000,00;1;0,00;RGBA(0.862, 0.583, 0.749, 0.000);Rejected_BelowThreshold
14:49:24;904;RGBA(0.969, 0.619, 0.143, 0.000);-500000,00;1;0,00;RGBA(0.862, 0.583, 0.749, 0.000);Rejected_BelowThreshold
14:49:24;905;RGBA(0.969, 0.619, 0.143, 0.000);-500000,00;1;0,00;RGBA(0.862, 0.583, 0.749, 0.000);Rejected_BelowThreshold
14:49:24;906;RGBA(0.969, 0.619, 0.143, 0.000);-500000,00;1;0,00;RGBA(0.862, 0.583, 0.749, 0.000);Rejected_BelowThreshold
14:49:24;907;RGBA(0.969, 0.619, 0.143, 0.000);-500000,00;1;0,00;RGBA(0.862, 0.583, 0.749, 0.000);Rejected_BelowThreshold
14:49:24;908;RGBA(0.969, 0.619, 0.143, 0.000);-500000,00;1;0,00;RGBA(0.862, 0.583, 0.749, 0.000);Rejected_BelowThreshold
14:49:24;909;RGBA(0.969, 0.619, 0.143, 0.000);-500000,00;1;0,00;RGBA(0.862, 0.583, 0.749, 0.000);Rejected_BelowThreshold
14:49:24;910;RGBA(0.969, 0.619, 0.143, 0.000);-500000,00;1;0,00;RGBA(0.862, 0.583, 0.749, 0.000);Rejected_BelowThreshold
14:49:24;911;RGBA(0.969, 0.619, 0.143, 0.000);-500000,00;1;0,00;RGBA(0.862, 0.583, 0.749, 0.000);Rejected_BelowThreshold
14:49:24;912;RGBA(0.969, 0.619, 0.143, 0.000);-500000,00;1;0,00;RGBA(0.862, 0.583, 0.749, 0.000);Rejected_BelowThreshold
14:49:24;913;RGBA(0.969, 0.619, 0.143, 0.000);-500000,00;1;0,00;RGBA(0.862, 0.583, 0.749, 0.000);Rejected_BelowThreshold
14:49:24;914;RGBA(0.969, 0.619, 0.143, 0.000);-500000,00;1;0,00;RGBA(0.862, 0.583, 0.749, 0.000);Rejected_BelowThreshold
14:49:24;915;RGBA(0.969, 0.619, 0.143, 0.000);-500000,00;1;0,00;RGBA(0.862, 0.583, 0.749, 0.000);Rejected_BelowThreshold
14:49:24;916;RGBA(0.969, 0.619, 0.143, 0.000);-500000,00;1;0,00;RGBA(0.862, 0.583, 0.749, 0.000);Rejected_BelowThreshold
14:49:24;917;RGBA(0.969, 0.619, 0.143, 0.000);-500000,00;1;0,00;RGBA(0.862, 0.583, 0.749, 0.000);Rejected_BelowThreshold
14:49:24;918;RGBA(0.969, 0.619, 0.143, 0.000);-500000,00;1;0,00;RGBA(0.862, 0.583, 0.749, 0.000);Rejected_BelowThreshold
14:49:24;919;RGBA(0.969, 0.619, 0.143, 0.000);-500000,00;1;0,00;RGBA(0.862, 0.583, 0.749, 0.000);Rejected_BelowThreshold
14:49:24;920;RGBA(0.969, 0.619, 0.143, 0.000);-500000,00;1;0,00;RGBA(0.862, 0.583, 0.749, 0.000);Rejected_BelowThreshold
14:49:25;921;RGBA(0.969, 0.619, 0.143, 0.000);-500000,00;1;0,00;RGBA(0.862, 0.583, 0.749, 0.000);Rejected_BelowThreshold
14:49:25;922;RGBA(0.969, 0.619, 0.143, 0.000);-500000,00;1;0,00;RGBA(0.862, 0.583, 0.749, 0.000);Rejected_BelowThreshold
14:49:25;923;RGBA(0.969, 0.619, 0.143, 0.000);-500000,00;1;0,00;RGBA(0.862, 0.583, 0.749, 0.000);Rejected_BelowThreshold
14:49:25;924;RGBA(0.969, 0.619, 0.143, 0.000);-500000,00;1;0,00;RGBA(0.862, 0.583, 0.749, 0.000);Rejected_BelowThreshold
14:49:25;925;RGBA(0.969, 0.619, 0.143, 0.000);-500000,00;1;0,00;RGBA(0.862, 0.583, 0.749, 0.000);Rejected_BelowThreshold
14:49:25;926;RGBA(0.969, 0.619, 0.143, 0.000);-500000,00;1;0,00;RGBA(0.862, 0.583, 0.749, 0.000);Rejected_BelowThreshold
14:49:25;927;RGBA(0.969, 0.619, 0.143, 0.000);-500000,00;1;0,00;RGBA(0.862, 0.583, 0.749, 0.000);Rejected_BelowThreshold
14:49:25;928;RGBA(0.969, 0.619, 0.143, 0.000);-500000,00;1;0,00;RGBA(0.862, 0.583, 0.749, 0.000);Rejected_BelowThreshold
14:49:25;929;RGBA(0.969, 0.619, 0.143, 0.000);-500000,00;1;0,00;RGBA(0.862, 0.583, 0.749, 0.000);Rejected_BelowThreshold
14:49:25;930;RGBA(0.969, 0.619, 0.143, 0.000);-500000,00;1;0,00;RGBA(0.862, 0.583, 0.749, 0.000);Rejected_BelowThreshold
14:49:25;931;RGBA(0.969, 0.619, 0.143, 0.000);-500000,00;1;0,00;RGBA(0.862, 0.583, 0.749, 0.000);Rejected_BelowThreshold
14:49:25;932;RGBA(0.969, 0.619, 0.143, 0.000);-500000,00;1;0,00;RGBA(0.862, 0.583, 0.749, 0.000);Rejected_BelowThreshold
14:49:25;933;RGBA(0.969, 0.619, 0.143, 0.000);-500000,00;1;0,00;RGBA(0.862, 0.583, 0.749, 0.000);Rejected_BelowThreshold
14:49:25;934;RGBA(0.969, 0.619, 0.143, 0.000);-500000,00;1;0,00;RGBA(0.862, 0.583, 0.749, 0.000);Rejected_BelowThreshold
14:49:25;935;RGBA(0.969, 0.619, 0.143, 0.000);-500000,00;1;0,00;RGBA(0.862, 0.583, 0.749, 0.000);Rejected_BelowThreshold
14:49:25;936;RGBA(0.969, 0.619, 0.143, 0.000);-500000,00;1;0,00;RGBA(0.862, 0.583, 0.749, 0.000);Rejected_BelowThreshold
14:49:25;937;RGBA(0.969, 0.619, 0.143, 0.000);-500000,00;1;0,00;RGBA(0.862, 0.583, 0.749, 0.000);Rejected_BelowThreshold
14:49:25;938;RGBA(0.969, 0.619, 0.143, 0.000);-500000,00;1;0,00;RGBA(0.862, 0.583, 0.749, 0.000);Rejected_BelowThreshold
14:49:25;939;RGBA(0.969, 0.619, 0.143, 0.000);-500000,00;1;0,00;RGBA(0.862, 0.583, 0.749, 0.000);Rejected_BelowThreshold
14:49:25;940;RGBA(0.969, 0.619, 0.143, 0.000);-500000,00;1;0,00;RGBA(0.862, 0.583, 0.749, 0.000);Rejected_BelowThreshold
14:49:25;941;RGBA(0.969, 0.619, 0.143, 0.000);-500000,00;1;0,00;RGBA(0.862, 0.583, 0.749, 0.000);Rejected_BelowThreshold
14:49:25;942;RGBA(0.969, 0.619, 0.143, 0.000);-500000,00;1;0,00;RGBA(0.862, 0.583, 0.749, 0.000);Rejected_BelowThreshold
14:49:25;943;RGBA(0.969, 0.619, 0.143, 0.000);-500000,00;1;0,00;RGBA(0.862, 0.583, 0.749, 0.000);Rejected_BelowThreshold
